
> ai-visual-learning-platform@ dev D:\Eronmonsele\Documents\SoundMinds\product-app
> turbo dev --parallel


   • Packages in scope: @avlp/api, @avlp/auth, @avlp/config, @avlp/database, @avlp/design-system, @avlp/evals, @avlp/jobs, @avlp/observability, @avlp/pipeline-worker, @avlp/provider-adapters, @avlp/renderer, @avlp/scene-library, @avlp/schemas, @avlp/storage, @avlp/test-fixtures, @avlp/web
   • Running dev in 16 packages
   • Remote caching disabled

@avlp/renderer:dev: cache bypass, force executing c20b6da98dcfe213
@avlp/api:dev: cache bypass, force executing 5ff2a6dc1f5726f2
@avlp/pipeline-worker:dev: cache bypass, force executing 1e54d2c8de108c81
@avlp/web:dev: cache bypass, force executing ab2ae01d4f12cec7
@avlp/renderer:dev: 
@avlp/renderer:dev: > @avlp/renderer@0.0.0 dev D:\Eronmonsele\Documents\SoundMinds\product-app\apps\renderer
@avlp/renderer:dev: > tsx watch --env-file=../../.env src/main.ts
@avlp/renderer:dev: 
@avlp/api:dev: 
@avlp/api:dev: > @avlp/api@0.0.0 dev D:\Eronmonsele\Documents\SoundMinds\product-app\apps\api
@avlp/api:dev: > tsx watch --env-file=../../.env src/main.ts
@avlp/api:dev: 
@avlp/web:dev: 
@avlp/pipeline-worker:dev: 
@avlp/web:dev: > @avlp/web@0.0.0 dev D:\Eronmonsele\Documents\SoundMinds\product-app\apps\web
@avlp/web:dev: > next dev
@avlp/web:dev: 
@avlp/pipeline-worker:dev: > @avlp/pipeline-worker@0.0.0 dev D:\Eronmonsele\Documents\SoundMinds\product-app\apps\pipeline-worker
@avlp/pipeline-worker:dev: > tsx watch --env-file=../../.env src/main.ts
@avlp/pipeline-worker:dev: 
@avlp/web:dev:    ▲ Next.js 15.5.23
@avlp/web:dev:    - Local:        http://localhost:3000
@avlp/web:dev:    - Network:      http://192.168.0.193:3000
@avlp/web:dev: 
@avlp/web:dev:  ✓ Starting...
@avlp/web:dev:  ✓ Ready in 80.9s
@avlp/web:dev:  ○ Compiling / ...
@avlp/pipeline-worker:dev: {"timestamp":"2026-10-02T07:16:01.257Z","level":"info","event":"worker.started","fields":{"status":"ok","service":"pipeline-worker"}}
@avlp/renderer:dev: {"timestamp":"2026-10-02T07:16:42.446Z","level":"info","event":"worker.started","fields":{"service":"renderer"}}
@avlp/web:dev:  ✓ Compiled / in 95.4s (10486 modules)
@avlp/web:dev:  GET / 200 in 9039ms
@avlp/api:dev: {"level":30,"time":1790925462962,"pid":24956,"hostname":"DESKTOP-HQ6B2T1","msg":"Server listening at http://127.0.0.1:3001"}
@avlp/api:dev: {"level":30,"time":1790925462963,"pid":24956,"hostname":"DESKTOP-HQ6B2T1","msg":"Server listening at http://192.168.0.193:3001"}
@avlp/api:dev: {"level":30,"time":1790925462963,"pid":24956,"hostname":"DESKTOP-HQ6B2T1","msg":"Server listening at http://172.27.144.1:3001"}
@avlp/api:dev: {"level":30,"time":1790925462963,"pid":24956,"hostname":"DESKTOP-HQ6B2T1","msg":"Server listening at http://172.30.0.1:3001"}
@avlp/api:dev: {"level":30,"time":1790925489325,"pid":24956,"hostname":"DESKTOP-HQ6B2T1","reqId":"req-1","req":{"method":"GET","url":"[REDACTED]","host":"localhost:3001","remoteAddress":"127.0.0.1","remotePort":57914},"msg":"incoming request"}
@avlp/api:dev: {"timestamp":"2026-10-02T07:18:09.328Z","level":"info","event":"api.request_received","fields":{"correlationId":"01a0fb7a-44ae-7a50-8f31-422f29ccba5a","method":"GET","route":"/health","service":"api"}}
@avlp/api:dev: {"level":30,"time":1790925489358,"pid":24956,"hostname":"DESKTOP-HQ6B2T1","reqId":"req-1","res":{"statusCode":200},"responseTime":32.70879999996396,"msg":"request completed"}
@avlp/web:dev:  GET / 200 in 85ms
@avlp/web:dev:  ○ Compiling /sign-in ...
@avlp/web:dev:  ✓ Compiled /sign-in in 7.8s (10530 modules)
@avlp/web:dev:  GET /sign-in 200 in 8925ms
@avlp/api:dev: {"level":30,"time":1790925632441,"pid":24956,"hostname":"DESKTOP-HQ6B2T1","reqId":"req-2","req":{"method":"OPTIONS","url":"[REDACTED]","host":"localhost:3001","remoteAddress":"127.0.0.1","remotePort":56360},"msg":"incoming request"}
@avlp/api:dev: {"level":30,"time":1790925632443,"pid":24956,"hostname":"DESKTOP-HQ6B2T1","reqId":"req-2","res":{"statusCode":204},"responseTime":1.1480000000447035,"msg":"request completed"}
@avlp/api:dev: {"level":30,"time":1790925632445,"pid":24956,"hostname":"DESKTOP-HQ6B2T1","reqId":"req-3","req":{"method":"POST","url":"[REDACTED]","host":"localhost:3001","remoteAddress":"127.0.0.1","remotePort":61849},"msg":"incoming request"}
@avlp/api:dev: {"timestamp":"2026-10-02T07:20:32.447Z","level":"info","event":"api.request_received","fields":{"correlationId":"01a0fb7c-73be-7f9f-aff5-df74bd79a4ee","method":"POST","route":"/auth/login","service":"api"}}
@avlp/api:dev: {"level":30,"time":1790925632986,"pid":24956,"hostname":"DESKTOP-HQ6B2T1","reqId":"req-3","res":{"statusCode":201},"responseTime":540.3895000000484,"msg":"request completed"}
@avlp/web:dev:  ○ Compiling /middleware ...
@avlp/web:dev:  ✓ Compiled /middleware in 1848ms (158 modules)
@avlp/web:dev:  ○ Compiling /workspace ...
@avlp/web:dev:  ✓ Compiled /workspace in 9.9s (10850 modules)
@avlp/api:dev: {"level":30,"time":1790925645939,"pid":24956,"hostname":"DESKTOP-HQ6B2T1","reqId":"req-4","req":{"method":"GET","url":"[REDACTED]","host":"localhost:3001","remoteAddress":"127.0.0.1","remotePort":64995},"msg":"incoming request"}
@avlp/api:dev: {"timestamp":"2026-10-02T07:20:45.940Z","level":"info","event":"api.request_received","fields":{"correlationId":"01a0fb7c-a874-7b35-9e6f-317e30bfbc91","method":"GET","route":"/projects","service":"api"}}
@avlp/api:dev: {"level":30,"time":1790925646014,"pid":24956,"hostname":"DESKTOP-HQ6B2T1","reqId":"req-4","res":{"statusCode":200},"responseTime":74.67859999998473,"msg":"request completed"}
@avlp/api:dev: {"level":30,"time":1790925646039,"pid":24956,"hostname":"DESKTOP-HQ6B2T1","reqId":"req-5","req":{"method":"GET","url":"[REDACTED]","host":"localhost:3001","remoteAddress":"127.0.0.1","remotePort":53562},"msg":"incoming request"}
@avlp/api:dev: {"timestamp":"2026-10-02T07:20:46.040Z","level":"info","event":"api.request_received","fields":{"correlationId":"01a0fb7c-a8d7-7e23-9bce-b7030e74db50","method":"GET","route":"/projects/:projectId/one-shot/eligibility","service":"api"}}
@avlp/api:dev: {"level":30,"time":1790925646049,"pid":24956,"hostname":"DESKTOP-HQ6B2T1","reqId":"req-5","res":{"statusCode":200},"responseTime":9.535800000070594,"msg":"request completed"}
@avlp/web:dev:  GET /workspace 200 in 11332ms
@avlp/web:dev:  ○ Compiling /workspace/[projectId]/storyboard ...
@avlp/web:dev:  ✓ Compiled /workspace/[projectId]/storyboard in 14.4s (14094 modules)
@avlp/api:dev: {"level":30,"time":1790925693082,"pid":24956,"hostname":"DESKTOP-HQ6B2T1","reqId":"req-6","req":{"method":"GET","url":"[REDACTED]","host":"localhost:3001","remoteAddress":"127.0.0.1","remotePort":64995},"msg":"incoming request"}
@avlp/api:dev: {"timestamp":"2026-10-02T07:21:33.083Z","level":"info","event":"api.request_received","fields":{"correlationId":"01a0fb7d-609b-71bf-88fd-2b08220b1897","method":"GET","route":"/projects/:projectId","service":"api"}}
@avlp/api:dev: {"level":30,"time":1790925693141,"pid":24956,"hostname":"DESKTOP-HQ6B2T1","reqId":"req-6","res":{"statusCode":200},"responseTime":58.50089999998454,"msg":"request completed"}
@avlp/web:dev:  GET /workspace/01a0f833-3115-7134-a74f-b8d10cf6bac8/storyboard 200 in 41218ms
@avlp/api:dev: {"level":30,"time":1790925693448,"pid":24956,"hostname":"DESKTOP-HQ6B2T1","reqId":"req-7","req":{"method":"GET","url":"[REDACTED]","host":"localhost:3001","remoteAddress":"127.0.0.1","remotePort":61849},"msg":"incoming request"}
@avlp/api:dev: {"timestamp":"2026-10-02T07:21:33.449Z","level":"info","event":"api.request_received","fields":{"correlationId":"01a0fb7d-6209-7860-97bf-33754fc6299b","method":"GET","route":"/projects/:projectId/one-shot","service":"api"}}
@avlp/api:dev: {"level":30,"time":1790925693452,"pid":24956,"hostname":"DESKTOP-HQ6B2T1","reqId":"req-8","req":{"method":"GET","url":"[REDACTED]","host":"localhost:3001","remoteAddress":"127.0.0.1","remotePort":56888},"msg":"incoming request"}
@avlp/api:dev: {"timestamp":"2026-10-02T07:21:33.453Z","level":"info","event":"api.request_received","fields":{"correlationId":"01a0fb7d-620d-703c-a6d3-18f450256845","method":"GET","route":"/projects/:projectId/one-shot","service":"api"}}
@avlp/api:dev: {"level":30,"time":1790925693603,"pid":24956,"hostname":"DESKTOP-HQ6B2T1","reqId":"req-8","res":{"statusCode":200},"responseTime":150.29220000002533,"msg":"request completed"}
@avlp/api:dev: {"level":30,"time":1790925693606,"pid":24956,"hostname":"DESKTOP-HQ6B2T1","reqId":"req-7","res":{"statusCode":200},"responseTime":157.27210000006016,"msg":"request completed"}
@avlp/api:dev: {"level":30,"time":1790925693764,"pid":24956,"hostname":"DESKTOP-HQ6B2T1","reqId":"req-9","req":{"method":"GET","url":"[REDACTED]","host":"localhost:3001","remoteAddress":"127.0.0.1","remotePort":61849},"msg":"incoming request"}
@avlp/api:dev: {"timestamp":"2026-10-02T07:21:33.765Z","level":"info","event":"api.request_received","fields":{"correlationId":"01a0fb7d-6344-7241-8929-dc4161f23585","method":"GET","route":"/projects/:projectId/one-shot","service":"api"}}
@avlp/api:dev: {"level":30,"time":1790925693767,"pid":24956,"hostname":"DESKTOP-HQ6B2T1","reqId":"req-a","req":{"method":"GET","url":"[REDACTED]","host":"localhost:3001","remoteAddress":"127.0.0.1","remotePort":56888},"msg":"incoming request"}
@avlp/api:dev: {"timestamp":"2026-10-02T07:21:33.768Z","level":"info","event":"api.request_received","fields":{"correlationId":"01a0fb7d-6348-7d3a-b0e1-f62c92c20f7e","method":"GET","route":"/projects/:projectId/teacher-assets","service":"api"}}
@avlp/api:dev: {"level":30,"time":1790925693772,"pid":24956,"hostname":"DESKTOP-HQ6B2T1","reqId":"req-b","req":{"method":"GET","url":"[REDACTED]","host":"localhost:3001","remoteAddress":"127.0.0.1","remotePort":49883},"msg":"incoming request"}
@avlp/api:dev: {"timestamp":"2026-10-02T07:21:33.772Z","level":"info","event":"api.request_received","fields":{"correlationId":"01a0fb7d-634c-74a0-b61d-1877ccc5cc2e","method":"GET","route":"/projects/:projectId/validation","service":"api"}}
@avlp/api:dev: {"timestamp":"2026-10-02T07:21:33.775Z","level":"info","event":"api.request_received","fields":{"correlationId":"01a0fb7d-634f-78ca-a817-cbd190dba0f2","method":"GET","route":"/projects/:projectId/storyboard","service":"api"}}
@avlp/api:dev: {"level":30,"time":1790925693774,"pid":24956,"hostname":"DESKTOP-HQ6B2T1","reqId":"req-c","req":{"method":"GET","url":"[REDACTED]","host":"localhost:3001","remoteAddress":"127.0.0.1","remotePort":52610},"msg":"incoming request"}
@avlp/api:dev: {"timestamp":"2026-10-02T07:21:33.779Z","level":"info","event":"api.request_received","fields":{"correlationId":"01a0fb7d-6353-7c27-b671-2f2e983c7833","method":"GET","route":"/projects/:projectId/versions","service":"api"}}
@avlp/api:dev: {"timestamp":"2026-10-02T07:21:33.780Z","level":"info","event":"api.request_received","fields":{"correlationId":"01a0fb7d-6354-7ac2-9be7-822c5709ca3b","method":"GET","route":"/projects/:projectId/one-shot","service":"api"}}
@avlp/api:dev: {"level":30,"time":1790925693779,"pid":24956,"hostname":"DESKTOP-HQ6B2T1","reqId":"req-d","req":{"method":"GET","url":"[REDACTED]","host":"localhost:3001","remoteAddress":"127.0.0.1","remotePort":59362},"msg":"incoming request"}
@avlp/api:dev: {"level":30,"time":1790925693780,"pid":24956,"hostname":"DESKTOP-HQ6B2T1","reqId":"req-e","req":{"method":"GET","url":"[REDACTED]","host":"localhost:3001","remoteAddress":"127.0.0.1","remotePort":53081},"msg":"incoming request"}
@avlp/api:dev: {"level":30,"time":1790925693811,"pid":24956,"hostname":"DESKTOP-HQ6B2T1","reqId":"req-9","res":{"statusCode":200},"responseTime":47.41630000004079,"msg":"request completed"}
@avlp/api:dev: {"level":30,"time":1790925693813,"pid":24956,"hostname":"DESKTOP-HQ6B2T1","reqId":"req-f","req":{"method":"GET","url":"[REDACTED]","host":"localhost:3001","remoteAddress":"127.0.0.1","remotePort":61849},"msg":"incoming request"}
@avlp/api:dev: {"timestamp":"2026-10-02T07:21:33.814Z","level":"info","event":"api.request_received","fields":{"correlationId":"01a0fb7d-6376-7055-bd14-e05b7847b8a0","method":"GET","route":"/projects/:projectId/teacher-assets","service":"api"}}
@avlp/api:dev: {"level":30,"time":1790925693850,"pid":24956,"hostname":"DESKTOP-HQ6B2T1","reqId":"req-f","res":{"statusCode":200},"responseTime":36.04920000000857,"msg":"request completed"}
@avlp/api:dev: {"level":30,"time":1790925693851,"pid":24956,"hostname":"DESKTOP-HQ6B2T1","reqId":"req-a","res":{"statusCode":200},"responseTime":83.24950000003446,"msg":"request completed"}
@avlp/api:dev: {"timestamp":"2026-10-02T07:21:33.853Z","level":"info","event":"api.request_received","fields":{"correlationId":"01a0fb7d-639d-7036-98ff-027f7c809ab8","method":"GET","route":"/projects/:projectId/validation","service":"api"}}
@avlp/api:dev: {"timestamp":"2026-10-02T07:21:33.854Z","level":"info","event":"api.request_received","fields":{"correlationId":"01a0fb7d-639e-705b-a696-f0b6ba0a929d","method":"GET","route":"/projects/:projectId/storyboard","service":"api"}}
@avlp/api:dev: {"level":30,"time":1790925693853,"pid":24956,"hostname":"DESKTOP-HQ6B2T1","reqId":"req-g","req":{"method":"GET","url":"[REDACTED]","host":"localhost:3001","remoteAddress":"127.0.0.1","remotePort":61849},"msg":"incoming request"}
@avlp/api:dev: {"level":30,"time":1790925693854,"pid":24956,"hostname":"DESKTOP-HQ6B2T1","reqId":"req-h","req":{"method":"GET","url":"[REDACTED]","host":"localhost:3001","remoteAddress":"127.0.0.1","remotePort":56888},"msg":"incoming request"}
@avlp/api:dev: {"level":30,"time":1790925694025,"pid":24956,"hostname":"DESKTOP-HQ6B2T1","reqId":"req-e","res":{"statusCode":200},"responseTime":245.11730000004172,"msg":"request completed"}
@avlp/api:dev: {"level":30,"time":1790925694026,"pid":24956,"hostname":"DESKTOP-HQ6B2T1","reqId":"req-i","req":{"method":"GET","url":"[REDACTED]","host":"localhost:3001","remoteAddress":"127.0.0.1","remotePort":53081},"msg":"incoming request"}
@avlp/api:dev: {"timestamp":"2026-10-02T07:21:34.027Z","level":"info","event":"api.request_received","fields":{"correlationId":"01a0fb7d-644a-75e2-8491-9e47e913b022","method":"GET","route":"/projects/:projectId/versions","service":"api"}}
@avlp/api:dev: {"level":30,"time":1790925694186,"pid":24956,"hostname":"DESKTOP-HQ6B2T1","reqId":"req-d","res":{"statusCode":200},"responseTime":407.3864000000758,"msg":"request completed"}
@avlp/api:dev: {"level":30,"time":1790925694301,"pid":24956,"hostname":"DESKTOP-HQ6B2T1","reqId":"req-i","res":{"statusCode":200},"responseTime":274.8073999999324,"msg":"request completed"}
@avlp/api:dev: {"level":30,"time":1790925694715,"pid":24956,"hostname":"DESKTOP-HQ6B2T1","reqId":"req-c","res":{"statusCode":200},"responseTime":941.1029000000563,"msg":"request completed"}
@avlp/api:dev: {"level":30,"time":1790925694745,"pid":24956,"hostname":"DESKTOP-HQ6B2T1","reqId":"req-j","req":{"method":"GET","url":"[REDACTED]","host":"localhost:3001","remoteAddress":"127.0.0.1","remotePort":52610},"msg":"incoming request"}
@avlp/api:dev: {"timestamp":"2026-10-02T07:21:34.746Z","level":"info","event":"api.request_received","fields":{"correlationId":"01a0fb7d-671a-780a-b26a-8c54137c2733","method":"GET","route":"/projects/:projectId/storyboard/scenes","service":"api"}}
@avlp/api:dev: {"level":30,"time":1790925694760,"pid":24956,"hostname":"DESKTOP-HQ6B2T1","reqId":"req-h","res":{"statusCode":200},"responseTime":905.4795999999624,"msg":"request completed"}
@avlp/api:dev: {"level":30,"time":1790925694864,"pid":24956,"hostname":"DESKTOP-HQ6B2T1","reqId":"req-b","res":{"statusCode":200},"responseTime":1091.6158000000287,"msg":"request completed"}
@avlp/api:dev: {"level":30,"time":1790925694865,"pid":24956,"hostname":"DESKTOP-HQ6B2T1","reqId":"req-g","res":{"statusCode":200},"responseTime":1012.390199999907,"msg":"request completed"}
@avlp/api:dev: {"level":30,"time":1790925694910,"pid":24956,"hostname":"DESKTOP-HQ6B2T1","reqId":"req-j","res":{"statusCode":200},"responseTime":164.52939999999944,"msg":"request completed"}
@avlp/api:dev: {"level":30,"time":1790925694959,"pid":24956,"hostname":"DESKTOP-HQ6B2T1","reqId":"req-k","req":{"method":"GET","url":"[REDACTED]","host":"localhost:3001","remoteAddress":"127.0.0.1","remotePort":52610},"msg":"incoming request"}
@avlp/api:dev: {"timestamp":"2026-10-02T07:21:34.960Z","level":"info","event":"api.request_received","fields":{"correlationId":"01a0fb7d-67ef-7de8-b907-2b0b6f0b98ff","method":"GET","route":"/projects/:projectId/storyboard/scenes/:sceneId","service":"api"}}
@avlp/api:dev: {"level":30,"time":1790925695060,"pid":24956,"hostname":"DESKTOP-HQ6B2T1","reqId":"req-k","res":{"statusCode":200},"responseTime":100.6757000000216,"msg":"request completed"}
@avlp/api:dev: {"level":30,"time":1790925695167,"pid":24956,"hostname":"DESKTOP-HQ6B2T1","reqId":"req-l","req":{"method":"GET","url":"[REDACTED]","host":"localhost:3001","remoteAddress":"127.0.0.1","remotePort":52610},"msg":"incoming request"}
@avlp/api:dev: {"timestamp":"2026-10-02T07:21:35.167Z","level":"info","event":"api.request_received","fields":{"correlationId":"01a0fb7d-68bf-74b6-a10b-f3a41d598dd7","method":"GET","route":"/projects/:projectId/teacher-assets","service":"api"}}
@avlp/api:dev: {"level":30,"time":1790925695169,"pid":24956,"hostname":"DESKTOP-HQ6B2T1","reqId":"req-m","req":{"method":"GET","url":"[REDACTED]","host":"localhost:3001","remoteAddress":"127.0.0.1","remotePort":61849},"msg":"incoming request"}
@avlp/api:dev: {"timestamp":"2026-10-02T07:21:35.171Z","level":"info","event":"api.request_received","fields":{"correlationId":"01a0fb7d-68c2-76cb-84ca-6629eaa88865","method":"GET","route":"/projects/:projectId/creative-design","service":"api"}}
@avlp/api:dev: {"timestamp":"2026-10-02T07:21:35.172Z","level":"info","event":"api.request_received","fields":{"correlationId":"01a0fb7d-68c4-753b-a5af-0511f11187d4","method":"GET","route":"/projects/:projectId/creative-design/presets","service":"api"}}
@avlp/api:dev: {"level":30,"time":1790925695172,"pid":24956,"hostname":"DESKTOP-HQ6B2T1","reqId":"req-n","req":{"method":"GET","url":"[REDACTED]","host":"localhost:3001","remoteAddress":"127.0.0.1","remotePort":49883},"msg":"incoming request"}
@avlp/api:dev: {"timestamp":"2026-10-02T07:21:35.176Z","level":"info","event":"api.request_received","fields":{"correlationId":"01a0fb7d-68c7-7acb-a2cb-5075c92902e1","method":"GET","route":"/projects/:projectId/preview-manifest","service":"api"}}
@avlp/api:dev: {"timestamp":"2026-10-02T07:21:35.178Z","level":"info","event":"api.request_received","fields":{"correlationId":"01a0fb7d-68ca-7245-98a3-9c04eeb9c646","method":"GET","route":"/projects/:projectId/teacher-assets","service":"api"}}
@avlp/api:dev: {"level":30,"time":1790925695175,"pid":24956,"hostname":"DESKTOP-HQ6B2T1","reqId":"req-o","req":{"method":"GET","url":"[REDACTED]","host":"localhost:3001","remoteAddress":"127.0.0.1","remotePort":56888},"msg":"incoming request"}
@avlp/api:dev: {"level":30,"time":1790925695178,"pid":24956,"hostname":"DESKTOP-HQ6B2T1","reqId":"req-p","req":{"method":"GET","url":"[REDACTED]","host":"localhost:3001","remoteAddress":"127.0.0.1","remotePort":53081},"msg":"incoming request"}
@avlp/api:dev: {"timestamp":"2026-10-02T07:21:35.180Z","level":"info","event":"api.request_received","fields":{"correlationId":"01a0fb7d-68cc-7b48-aa58-34873475f44f","method":"GET","route":"/projects/:projectId/creative-design","service":"api"}}
@avlp/api:dev: {"level":30,"time":1790925695180,"pid":24956,"hostname":"DESKTOP-HQ6B2T1","reqId":"req-q","req":{"method":"GET","url":"[REDACTED]","host":"localhost:3001","remoteAddress":"127.0.0.1","remotePort":59362},"msg":"incoming request"}
@avlp/api:dev: {"level":30,"time":1790925695208,"pid":24956,"hostname":"DESKTOP-HQ6B2T1","reqId":"req-l","res":{"statusCode":200},"responseTime":41.207400000072084,"msg":"request completed"}
@avlp/api:dev: {"level":30,"time":1790925695210,"pid":24956,"hostname":"DESKTOP-HQ6B2T1","reqId":"req-r","req":{"method":"GET","url":"[REDACTED]","host":"localhost:3001","remoteAddress":"127.0.0.1","remotePort":52610},"msg":"incoming request"}
@avlp/api:dev: {"timestamp":"2026-10-02T07:21:35.211Z","level":"info","event":"api.request_received","fields":{"correlationId":"01a0fb7d-68ea-74f4-a475-becf5c7b88b1","method":"GET","route":"/projects/:projectId/creative-design/presets","service":"api"}}
@avlp/api:dev: {"level":30,"time":1790925695215,"pid":24956,"hostname":"DESKTOP-HQ6B2T1","reqId":"req-n","res":{"statusCode":200},"responseTime":42.9765999999363,"msg":"request completed"}
@avlp/api:dev: {"level":30,"time":1790925695216,"pid":24956,"hostname":"DESKTOP-HQ6B2T1","reqId":"req-p","res":{"statusCode":200},"responseTime":38.0099999998929,"msg":"request completed"}
@avlp/api:dev: {"level":30,"time":1790925695233,"pid":24956,"hostname":"DESKTOP-HQ6B2T1","reqId":"req-r","res":{"statusCode":200},"responseTime":22.83830000006128,"msg":"request completed"}
@avlp/api:dev: {"level":30,"time":1790925695294,"pid":24956,"hostname":"DESKTOP-HQ6B2T1","reqId":"req-m","res":{"statusCode":200},"responseTime":123.88260000001173,"msg":"request completed"}
@avlp/api:dev: {"level":30,"time":1790925695297,"pid":24956,"hostname":"DESKTOP-HQ6B2T1","reqId":"req-q","res":{"statusCode":200},"responseTime":117.02620000008028,"msg":"request completed"}
@avlp/api:dev: {"level":30,"time":1790925695372,"pid":24956,"hostname":"DESKTOP-HQ6B2T1","reqId":"req-o","res":{"statusCode":200},"responseTime":197.420199999935,"msg":"request completed"}
@avlp/api:dev: {"level":30,"time":1790925788214,"pid":24956,"hostname":"DESKTOP-HQ6B2T1","reqId":"req-s","req":{"method":"GET","url":"[REDACTED]","host":"localhost:3001","remoteAddress":"127.0.0.1","remotePort":50691},"msg":"incoming request"}
@avlp/api:dev: {"timestamp":"2026-10-02T07:23:08.215Z","level":"info","event":"api.request_received","fields":{"correlationId":"01a0fb7e-d436-7026-bb37-c243d54d3fbc","method":"GET","route":"/projects/:projectId/teacher-assets","service":"api"}}
@avlp/api:dev: {"level":30,"time":1790925788230,"pid":24956,"hostname":"DESKTOP-HQ6B2T1","reqId":"req-t","req":{"method":"GET","url":"[REDACTED]","host":"localhost:3001","remoteAddress":"127.0.0.1","remotePort":63857},"msg":"incoming request"}
@avlp/api:dev: {"timestamp":"2026-10-02T07:23:08.231Z","level":"info","event":"api.request_received","fields":{"correlationId":"01a0fb7e-d446-79b8-9e11-d07bd7bf3f22","method":"GET","route":"/projects/:projectId/creative-design","service":"api"}}
@avlp/api:dev: {"level":30,"time":1790925788234,"pid":24956,"hostname":"DESKTOP-HQ6B2T1","reqId":"req-u","req":{"method":"GET","url":"[REDACTED]","host":"localhost:3001","remoteAddress":"127.0.0.1","remotePort":51374},"msg":"incoming request"}
@avlp/api:dev: {"timestamp":"2026-10-02T07:23:08.235Z","level":"info","event":"api.request_received","fields":{"correlationId":"01a0fb7e-d44b-7a05-a25e-7f4b0fd759dd","method":"GET","route":"/projects/:projectId/creative-design/presets","service":"api"}}
@avlp/api:dev: {"timestamp":"2026-10-02T07:23:08.238Z","level":"info","event":"api.request_received","fields":{"correlationId":"01a0fb7e-d44d-7644-a97b-540d9eb417b8","method":"GET","route":"/projects/:projectId/storyboard/scenes/:sceneId","service":"api"}}
@avlp/api:dev: {"level":30,"time":1790925788237,"pid":24956,"hostname":"DESKTOP-HQ6B2T1","reqId":"req-v","req":{"method":"GET","url":"[REDACTED]","host":"localhost:3001","remoteAddress":"127.0.0.1","remotePort":62871},"msg":"incoming request"}
@avlp/api:dev: {"level":30,"time":1790925788243,"pid":24956,"hostname":"DESKTOP-HQ6B2T1","reqId":"req-w","req":{"method":"GET","url":"[REDACTED]","host":"localhost:3001","remoteAddress":"127.0.0.1","remotePort":64047},"msg":"incoming request"}
@avlp/api:dev: {"timestamp":"2026-10-02T07:23:08.244Z","level":"info","event":"api.request_received","fields":{"correlationId":"01a0fb7e-d453-7350-a229-5a187919108e","method":"GET","route":"/projects/:projectId/teacher-assets","service":"api"}}
@avlp/api:dev: {"timestamp":"2026-10-02T07:23:08.249Z","level":"info","event":"api.request_received","fields":{"correlationId":"01a0fb7e-d458-73cd-b9b3-a08db7a69d5d","method":"GET","route":"/projects/:projectId/creative-design","service":"api"}}
@avlp/api:dev: {"level":30,"time":1790925788248,"pid":24956,"hostname":"DESKTOP-HQ6B2T1","reqId":"req-x","req":{"method":"GET","url":"[REDACTED]","host":"localhost:3001","remoteAddress":"127.0.0.1","remotePort":50260},"msg":"incoming request"}
@avlp/api:dev: {"level":30,"time":1790925788510,"pid":24956,"hostname":"DESKTOP-HQ6B2T1","reqId":"req-s","res":{"statusCode":200},"responseTime":295.56870000006165,"msg":"request completed"}
@avlp/api:dev: {"level":30,"time":1790925788511,"pid":24956,"hostname":"DESKTOP-HQ6B2T1","reqId":"req-y","req":{"method":"GET","url":"[REDACTED]","host":"localhost:3001","remoteAddress":"127.0.0.1","remotePort":50691},"msg":"incoming request"}
@avlp/api:dev: {"timestamp":"2026-10-02T07:23:08.512Z","level":"info","event":"api.request_received","fields":{"correlationId":"01a0fb7e-d55f-7c1b-8a56-78ba7020a036","method":"GET","route":"/projects/:projectId/creative-design/presets","service":"api"}}
@avlp/api:dev: {"level":30,"time":1790925788518,"pid":24956,"hostname":"DESKTOP-HQ6B2T1","reqId":"req-u","res":{"statusCode":200},"responseTime":282.8196000000462,"msg":"request completed"}
@avlp/api:dev: {"level":30,"time":1790925788528,"pid":24956,"hostname":"DESKTOP-HQ6B2T1","reqId":"req-w","res":{"statusCode":200},"responseTime":284.8145999999251,"msg":"request completed"}
@avlp/api:dev: {"level":30,"time":1790925788543,"pid":24956,"hostname":"DESKTOP-HQ6B2T1","reqId":"req-y","res":{"statusCode":200},"responseTime":31.753400000045076,"msg":"request completed"}
@avlp/api:dev: {"level":30,"time":1790925788661,"pid":24956,"hostname":"DESKTOP-HQ6B2T1","reqId":"req-t","res":{"statusCode":200},"responseTime":430.58600000001024,"msg":"request completed"}
@avlp/api:dev: {"level":30,"time":1790925788691,"pid":24956,"hostname":"DESKTOP-HQ6B2T1","reqId":"req-x","res":{"statusCode":200},"responseTime":442.4183999999659,"msg":"request completed"}
@avlp/api:dev: {"level":30,"time":1790925788758,"pid":24956,"hostname":"DESKTOP-HQ6B2T1","reqId":"req-v","res":{"statusCode":200},"responseTime":520.920599999954,"msg":"request completed"}
@avlp/api:dev: {"level":30,"time":1790925788781,"pid":24956,"hostname":"DESKTOP-HQ6B2T1","reqId":"req-z","req":{"method":"GET","url":"[REDACTED]","host":"localhost:3001","remoteAddress":"127.0.0.1","remotePort":62871},"msg":"incoming request"}
@avlp/api:dev: {"timestamp":"2026-10-02T07:23:08.782Z","level":"info","event":"api.request_received","fields":{"correlationId":"01a0fb7e-d66e-75b9-ab53-d2893e4ccc53","method":"GET","route":"/projects/:projectId/teacher-assets","service":"api"}}
@avlp/api:dev: {"level":30,"time":1790925788784,"pid":24956,"hostname":"DESKTOP-HQ6B2T1","reqId":"req-10","req":{"method":"GET","url":"[REDACTED]","host":"localhost:3001","remoteAddress":"127.0.0.1","remotePort":50260},"msg":"incoming request"}
@avlp/api:dev: {"timestamp":"2026-10-02T07:23:08.784Z","level":"info","event":"api.request_received","fields":{"correlationId":"01a0fb7e-d670-7c0b-95ca-d60903c311cd","method":"GET","route":"/projects/:projectId/creative-design","service":"api"}}
@avlp/api:dev: {"timestamp":"2026-10-02T07:23:08.788Z","level":"info","event":"api.request_received","fields":{"correlationId":"01a0fb7e-d672-7e4b-ada0-bbbf97c3a391","method":"GET","route":"/projects/:projectId/creative-design/presets","service":"api"}}
@avlp/api:dev: {"level":30,"time":1790925788786,"pid":24956,"hostname":"DESKTOP-HQ6B2T1","reqId":"req-11","req":{"method":"GET","url":"[REDACTED]","host":"localhost:3001","remoteAddress":"127.0.0.1","remotePort":63857},"msg":"incoming request"}
@avlp/api:dev: {"timestamp":"2026-10-02T07:23:08.790Z","level":"info","event":"api.request_received","fields":{"correlationId":"01a0fb7e-d676-71ae-9e97-a3bf3dbf77a9","method":"GET","route":"/projects/:projectId/preview-manifest","service":"api"}}
@avlp/api:dev: {"timestamp":"2026-10-02T07:23:08.792Z","level":"info","event":"api.request_received","fields":{"correlationId":"01a0fb7e-d678-7247-8b2a-01bc03629145","method":"GET","route":"/projects/:projectId/teacher-assets","service":"api"}}
@avlp/api:dev: {"timestamp":"2026-10-02T07:23:08.795Z","level":"info","event":"api.request_received","fields":{"correlationId":"01a0fb7e-d67b-7c39-8d32-de018ab27732","method":"GET","route":"/projects/:projectId/creative-design","service":"api"}}
@avlp/api:dev: {"level":30,"time":1790925788790,"pid":24956,"hostname":"DESKTOP-HQ6B2T1","reqId":"req-12","req":{"method":"GET","url":"[REDACTED]","host":"localhost:3001","remoteAddress":"127.0.0.1","remotePort":50691},"msg":"incoming request"}
@avlp/api:dev: {"level":30,"time":1790925788792,"pid":24956,"hostname":"DESKTOP-HQ6B2T1","reqId":"req-13","req":{"method":"GET","url":"[REDACTED]","host":"localhost:3001","remoteAddress":"127.0.0.1","remotePort":64047},"msg":"incoming request"}
@avlp/api:dev: {"level":30,"time":1790925788794,"pid":24956,"hostname":"DESKTOP-HQ6B2T1","reqId":"req-14","req":{"method":"GET","url":"[REDACTED]","host":"localhost:3001","remoteAddress":"127.0.0.1","remotePort":51374},"msg":"incoming request"}
@avlp/api:dev: {"level":30,"time":1790925788815,"pid":24956,"hostname":"DESKTOP-HQ6B2T1","reqId":"req-13","res":{"statusCode":200},"responseTime":23.357399999978952,"msg":"request completed"}
@avlp/api:dev: {"level":30,"time":1790925788817,"pid":24956,"hostname":"DESKTOP-HQ6B2T1","reqId":"req-11","res":{"statusCode":200},"responseTime":31.197099999990314,"msg":"request completed"}
@avlp/api:dev: {"timestamp":"2026-10-02T07:23:08.818Z","level":"info","event":"api.request_received","fields":{"correlationId":"01a0fb7e-d692-707a-91ee-543bd1a11b6b","method":"GET","route":"/projects/:projectId/creative-design/presets","service":"api"}}
@avlp/api:dev: {"level":30,"time":1790925788818,"pid":24956,"hostname":"DESKTOP-HQ6B2T1","reqId":"req-15","req":{"method":"GET","url":"[REDACTED]","host":"localhost:3001","remoteAddress":"127.0.0.1","remotePort":64047},"msg":"incoming request"}
@avlp/api:dev: {"level":30,"time":1790925788820,"pid":24956,"hostname":"DESKTOP-HQ6B2T1","reqId":"req-z","res":{"statusCode":200},"responseTime":38.270600000047125,"msg":"request completed"}
@avlp/api:dev: {"level":30,"time":1790925788853,"pid":24956,"hostname":"DESKTOP-HQ6B2T1","reqId":"req-15","res":{"statusCode":200},"responseTime":34.58729999989737,"msg":"request completed"}
@avlp/api:dev: {"level":30,"time":1790925788861,"pid":24956,"hostname":"DESKTOP-HQ6B2T1","reqId":"req-10","res":{"statusCode":200},"responseTime":77.27610000001732,"msg":"request completed"}
@avlp/api:dev: {"level":30,"time":1790925788931,"pid":24956,"hostname":"DESKTOP-HQ6B2T1","reqId":"req-14","res":{"statusCode":200},"responseTime":136.0759000000544,"msg":"request completed"}
@avlp/api:dev: {"level":30,"time":1790925788982,"pid":24956,"hostname":"DESKTOP-HQ6B2T1","reqId":"req-12","res":{"statusCode":200},"responseTime":192.358899999992,"msg":"request completed"}
@avlp/pipeline-worker:dev: 8:57:42 AM [tsx] change in ./src\scene-regeneration-job.ts Restarting...
@avlp/pipeline-worker:dev: 8:57:53 AM [tsx] change in ./src\storyboard-job.ts Restarting...
@avlp/pipeline-worker:dev: {"timestamp":"2026-10-02T07:58:55.208Z","level":"info","event":"worker.started","fields":{"status":"ok","service":"pipeline-worker"}}
@avlp/pipeline-worker:dev: 9:02:30 AM [tsx] change in ./src\scene-regeneration-job.ts Restarting...
@avlp/pipeline-worker:dev: 9:02:31 AM [tsx] change in ./src\storyboard-job.ts Restarting...
@avlp/api:dev: 9:02:47 AM [tsx] change in ./src\storyboard.ts Restarting...
@avlp/api:dev: 9:02:48 AM [tsx] change in ./src\storyboard.ts Restarting...
@avlp/api:dev: 9:02:49 AM [tsx] change in ./src\storyboard.ts Restarting...
@avlp/pipeline-worker:dev: {"timestamp":"2026-10-02T08:04:12.221Z","level":"info","event":"worker.started","fields":{"status":"ok","service":"pipeline-worker"}}
@avlp/api:dev: 9:04:37 AM [tsx] change in ./..\..\packages\design-system\dist\creative-style-packs.js Restarting...
@avlp/pipeline-worker:dev: 9:04:37 AM [tsx] change in ./..\..\packages\design-system\dist\creative-style-packs.js Restarting...
@avlp/renderer:dev: 9:04:37 AM [tsx] change in ./..\..\packages\design-system\dist\creative-style-packs.js Restarting...
@avlp/renderer:dev: 9:04:37 AM [tsx] change in ./..\..\packages\design-system\dist\video-preview-composition.js Process hasn't exited. Killing process...
@avlp/pipeline-worker:dev: 9:04:37 AM [tsx] change in ./..\..\packages\design-system\dist\index.js Restarting...
@avlp/api:dev: 9:04:37 AM [tsx] change in ./..\..\packages\design-system\dist\index.js Restarting...
@avlp/pipeline-worker:dev: 9:04:38 AM [tsx] change in ./..\..\packages\design-system\dist\style-proof-tokens.js Restarting...
@avlp/renderer:dev: 9:04:38 AM [tsx] change in ./..\..\packages\design-system\dist\style-proof-tokens.js Process hasn't exited. Killing process...
@avlp/api:dev: 9:04:38 AM [tsx] change in ./..\..\packages\design-system\dist\style-proof-tokens.js Restarting...
@avlp/renderer:dev: 9:04:57 AM [tsx] change in ./..\..\packages\scene-library\dist\graph-layout.js Restarting...
@avlp/pipeline-worker:dev: 9:04:57 AM [tsx] change in ./..\..\packages\scene-library\dist\graph-layout.js Restarting...
@avlp/api:dev: 9:04:57 AM [tsx] change in ./..\..\packages\scene-library\dist\graph-layout.js Restarting...
@avlp/renderer:dev: 9:04:57 AM [tsx] change in ./..\..\packages\scene-library\dist\graph-timing.js Restarting...
@avlp/pipeline-worker:dev: 9:04:57 AM [tsx] change in ./..\..\packages\scene-library\dist\graph-timing.js Restarting...
@avlp/api:dev: 9:04:57 AM [tsx] change in ./..\..\packages\scene-library\dist\graph-timing.js Restarting...
@avlp/renderer:dev: 9:04:57 AM [tsx] change in ./..\..\packages\scene-library\dist\cause-effect-scene.js Restarting...
@avlp/pipeline-worker:dev: 9:04:57 AM [tsx] change in ./..\..\packages\scene-library\dist\cause-effect-scene.js Restarting...
@avlp/api:dev: 9:04:57 AM [tsx] change in ./..\..\packages\scene-library\dist\cause-effect-scene.js Restarting...
@avlp/renderer:dev: 9:04:57 AM [tsx] change in ./..\..\packages\scene-library\dist\diagram-layout.js Restarting...
@avlp/api:dev: 9:04:57 AM [tsx] change in ./..\..\packages\scene-library\dist\diagram-layout.js Restarting...
@avlp/pipeline-worker:dev: 9:04:57 AM [tsx] change in ./..\..\packages\scene-library\dist\diagram-layout.js Restarting...
@avlp/api:dev: 9:04:58 AM [tsx] change in ./..\..\packages\scene-library\dist\labelled-diagram-scene.js Restarting...
@avlp/pipeline-worker:dev: 9:04:58 AM [tsx] change in ./..\..\packages\scene-library\dist\labelled-diagram-scene.js Restarting...
@avlp/renderer:dev: 9:04:58 AM [tsx] change in ./..\..\packages\scene-library\dist\labelled-diagram-scene.js Restarting...
@avlp/api:dev: 9:04:58 AM [tsx] change in ./..\..\packages\scene-library\dist\summary-scene.js Restarting...
@avlp/pipeline-worker:dev: 9:04:58 AM [tsx] change in ./..\..\packages\scene-library\dist\summary-scene.js Restarting...
@avlp/renderer:dev: 9:04:58 AM [tsx] change in ./..\..\packages\scene-library\dist\summary-scene.js Restarting...
@avlp/renderer:dev: 9:04:58 AM [tsx] change in ./..\..\packages\scene-library\dist\hook-scene.fixtures.js Restarting...
@avlp/pipeline-worker:dev: 9:04:58 AM [tsx] change in ./..\..\packages\scene-library\dist\hook-scene.fixtures.js Restarting...
@avlp/api:dev: 9:04:58 AM [tsx] change in ./..\..\packages\scene-library\dist\hook-scene.fixtures.js Restarting...
@avlp/renderer:dev: 9:04:58 AM [tsx] change in ./..\..\packages\scene-library\dist\style-proof\fonts.js Restarting...
@avlp/pipeline-worker:dev: 9:04:58 AM [tsx] change in ./..\..\packages\scene-library\dist\style-proof\fonts.js Restarting...
@avlp/api:dev: 9:04:58 AM [tsx] change in ./..\..\packages\scene-library\dist\style-proof\fonts.js Restarting...
@avlp/pipeline-worker:dev: 9:04:59 AM [tsx] change in ./..\..\packages\scene-library\dist\cinema\identity.js Restarting...
@avlp/api:dev: 9:04:59 AM [tsx] change in ./..\..\packages\scene-library\dist\cinema\identity.js Restarting...
@avlp/renderer:dev: 9:04:59 AM [tsx] change in ./..\..\packages\scene-library\dist\cinema\identity.js Restarting...
@avlp/api:dev: 9:04:59 AM [tsx] change in ./..\..\packages\scene-library\dist\cinema\primitives.js Restarting...
@avlp/pipeline-worker:dev: 9:04:59 AM [tsx] change in ./..\..\packages\scene-library\dist\cinema\primitives.js Restarting...
@avlp/renderer:dev: 9:04:59 AM [tsx] change in ./..\..\packages\scene-library\dist\cinema\primitives.js Restarting...
@avlp/renderer:dev: 9:04:59 AM [tsx] change in ./..\..\packages\scene-library\dist\cinema\text-fit.js Restarting...
@avlp/pipeline-worker:dev: 9:04:59 AM [tsx] change in ./..\..\packages\scene-library\dist\cinema\text-fit.js Restarting...
@avlp/api:dev: 9:04:59 AM [tsx] change in ./..\..\packages\scene-library\dist\cinema\text-fit.js Restarting...
@avlp/api:dev: 9:05:00 AM [tsx] change in ./..\..\packages\scene-library\dist\cinema\compositions\hero.js Restarting...
@avlp/renderer:dev: 9:05:00 AM [tsx] change in ./..\..\packages\scene-library\dist\cinema\compositions\hero.js Restarting...
@avlp/pipeline-worker:dev: 9:05:00 AM [tsx] change in ./..\..\packages\scene-library\dist\cinema\compositions\hero.js Restarting...
@avlp/pipeline-worker:dev: 9:05:00 AM [tsx] change in ./..\..\packages\scene-library\dist\cinema\compositions\sequence.js Restarting...
@avlp/api:dev: 9:05:00 AM [tsx] change in ./..\..\packages\scene-library\dist\cinema\compositions\sequence.js Restarting...
@avlp/renderer:dev: 9:05:00 AM [tsx] change in ./..\..\packages\scene-library\dist\cinema\compositions\sequence.js Restarting...
@avlp/api:dev: 9:05:00 AM [tsx] change in ./..\..\packages\scene-library\dist\full-lesson.js Restarting...
@avlp/pipeline-worker:dev: 9:05:00 AM [tsx] change in ./..\..\packages\scene-library\dist\full-lesson.js Restarting...
@avlp/renderer:dev: 9:05:00 AM [tsx] change in ./..\..\packages\scene-library\dist\full-lesson.js Restarting...
@avlp/renderer:dev: 9:05:00 AM [tsx] change in ./..\..\packages\scene-library\dist\demonstration-proof\fonts.js Restarting...
@avlp/pipeline-worker:dev: 9:05:00 AM [tsx] change in ./..\..\packages\scene-library\dist\demonstration-proof\fonts.js Restarting...
@avlp/api:dev: 9:05:00 AM [tsx] change in ./..\..\packages\scene-library\dist\demonstration-proof\fonts.js Restarting...
@avlp/api:dev: 9:05:01 AM [tsx] change in ./..\..\packages\scene-library\dist\demonstration-proof\registry.js Restarting...
@avlp/renderer:dev: 9:05:01 AM [tsx] change in ./..\..\packages\scene-library\dist\demonstration-proof\registry.js Restarting...
@avlp/pipeline-worker:dev: 9:05:01 AM [tsx] change in ./..\..\packages\scene-library\dist\demonstration-proof\registry.js Restarting...
@avlp/pipeline-worker:dev: 9:05:01 AM [tsx] change in ./..\..\packages\scene-library\dist\scene-preview-composition.js Restarting...
@avlp/renderer:dev: 9:05:01 AM [tsx] change in ./..\..\packages\scene-library\dist\scene-preview-composition.js Restarting...
@avlp/api:dev: 9:05:01 AM [tsx] change in ./..\..\packages\scene-library\dist\scene-preview-composition.js Restarting...
@avlp/api:dev: 9:05:02 AM [tsx] change in ./..\..\packages\scene-library\dist\definition-scene.fixtures.js Restarting...
@avlp/renderer:dev: 9:05:02 AM [tsx] change in ./..\..\packages\scene-library\dist\definition-scene.fixtures.js Restarting...
@avlp/pipeline-worker:dev: 9:05:02 AM [tsx] change in ./..\..\packages\scene-library\dist\definition-scene.fixtures.js Restarting...
@avlp/api:dev: 9:05:02 AM [tsx] change in ./..\..\packages\scene-library\dist\scene-preview.js Restarting...
@avlp/pipeline-worker:dev: 9:05:02 AM [tsx] change in ./..\..\packages\scene-library\dist\scene-preview.js Restarting...
@avlp/renderer:dev: 9:05:02 AM [tsx] change in ./..\..\packages\scene-library\dist\scene-preview.js Restarting...
@avlp/pipeline-worker:dev: 9:05:02 AM [tsx] change in ./..\..\packages\scene-library\dist\index.js Restarting...
@avlp/api:dev: 9:05:02 AM [tsx] change in ./..\..\packages\scene-library\dist\index.js Restarting...
@avlp/renderer:dev: 9:05:02 AM [tsx] change in ./..\..\packages\scene-library\dist\index.js Restarting...
@avlp/api:dev: 9:05:03 AM [tsx] change in ./..\..\packages\scene-library\dist\demonstration-proof\plan-builder.js Restarting...
@avlp/renderer:dev: 9:05:03 AM [tsx] change in ./..\..\packages\scene-library\dist\demonstration-proof\plan-builder.js Restarting...
@avlp/api:dev: 9:05:04 AM [tsx] change in ./..\..\packages\scene-library\dist\demonstration-proof\fixtures.js Restarting...
@avlp/renderer:dev: 9:05:04 AM [tsx] change in ./..\..\packages\scene-library\dist\demonstration-proof\fixtures.js Restarting...
@avlp/api:dev: 9:05:05 AM [tsx] change in ./..\..\packages\scene-library\dist\demonstration-proof\pilot-bindings.js Restarting...
@avlp/renderer:dev: 9:05:05 AM [tsx] change in ./..\..\packages\scene-library\dist\demonstration-proof\pilot-bindings.js Restarting...
@avlp/renderer:dev: 9:05:05 AM [tsx] change in ./..\..\packages\scene-library\dist\demonstration-proof\index.js Restarting...
@avlp/api:dev: 9:05:05 AM [tsx] change in ./..\..\packages\scene-library\dist\demonstration-proof\index.js Restarting...
@avlp/web:dev:  ✓ Compiled in 278.9s (14094 modules)
@avlp/web:dev:  ⚠ Fast Refresh had to perform a full reload. Read more: https://nextjs.org/docs/messages/fast-refresh-reload
@avlp/web:dev:  ⨯ [TypeError: fetch failed] {
@avlp/web:dev:   digest: '3227098399',
@avlp/web:dev:   [cause]: [AggregateError: ] { code: 'ECONNREFUSED' }
@avlp/web:dev: }
@avlp/web:dev:  GET /workspace/01a0f833-3115-7134-a74f-b8d10cf6bac8/storyboard 200 in 19903ms
@avlp/renderer:dev: {"timestamp":"2026-10-02T08:10:05.690Z","level":"info","event":"worker.started","fields":{"service":"renderer"}}
@avlp/pipeline-worker:dev: {"timestamp":"2026-10-02T08:10:17.793Z","level":"info","event":"worker.started","fields":{"status":"ok","service":"pipeline-worker"}}
@avlp/api:dev: {"level":30,"time":1790928704458,"pid":6544,"hostname":"DESKTOP-HQ6B2T1","msg":"Server listening at http://127.0.0.1:3001"}
@avlp/api:dev: {"level":30,"time":1790928704458,"pid":6544,"hostname":"DESKTOP-HQ6B2T1","msg":"Server listening at http://192.168.0.193:3001"}
@avlp/api:dev: {"level":30,"time":1790928704458,"pid":6544,"hostname":"DESKTOP-HQ6B2T1","msg":"Server listening at http://172.27.144.1:3001"}
@avlp/api:dev: {"level":30,"time":1790928704458,"pid":6544,"hostname":"DESKTOP-HQ6B2T1","msg":"Server listening at http://172.30.0.1:3001"}
@avlp/api:dev: 9:14:51 AM [tsx] change in ./src\storyboard.ts Restarting...
@avlp/api:dev: {"level":30,"time":1790929000264,"pid":15536,"hostname":"DESKTOP-HQ6B2T1","msg":"Server listening at http://127.0.0.1:3001"}
@avlp/api:dev: {"level":30,"time":1790929000265,"pid":15536,"hostname":"DESKTOP-HQ6B2T1","msg":"Server listening at http://192.168.0.193:3001"}
@avlp/api:dev: {"level":30,"time":1790929000265,"pid":15536,"hostname":"DESKTOP-HQ6B2T1","msg":"Server listening at http://172.27.144.1:3001"}
@avlp/api:dev: {"level":30,"time":1790929000265,"pid":15536,"hostname":"DESKTOP-HQ6B2T1","msg":"Server listening at http://172.30.0.1:3001"}
@avlp/api:dev: {"level":30,"time":1790929443344,"pid":15536,"hostname":"DESKTOP-HQ6B2T1","reqId":"req-1","req":{"method":"GET","url":"[REDACTED]","host":"localhost:3001","remoteAddress":"127.0.0.1","remotePort":56903},"msg":"incoming request"}
@avlp/api:dev: {"timestamp":"2026-10-02T08:24:03.354Z","level":"info","event":"api.request_received","fields":{"correlationId":"01a0fbb6-9a13-76a1-97c9-ae3503ac46d6","method":"GET","route":"/projects/:projectId","service":"api"}}
@avlp/api:dev: {"level":30,"time":1790929445582,"pid":15536,"hostname":"DESKTOP-HQ6B2T1","reqId":"req-1","res":{"statusCode":200},"responseTime":2236.276199999964,"msg":"request completed"}
@avlp/web:dev:  GET /workspace/01a0f833-3115-7134-a74f-b8d10cf6bac8/storyboard 200 in 22526ms
@avlp/api:dev: {"level":30,"time":1790929461261,"pid":15536,"hostname":"DESKTOP-HQ6B2T1","reqId":"req-2","req":{"method":"GET","url":"[REDACTED]","host":"localhost:3001","remoteAddress":"127.0.0.1","remotePort":57840},"msg":"incoming request"}
@avlp/api:dev: {"timestamp":"2026-10-02T08:24:21.262Z","level":"info","event":"api.request_received","fields":{"correlationId":"01a0fbb6-e00e-7b2b-a507-754a9449eb0e","method":"GET","route":"/projects/:projectId/one-shot","service":"api"}}
@avlp/api:dev: {"level":30,"time":1790929461265,"pid":15536,"hostname":"DESKTOP-HQ6B2T1","reqId":"req-3","req":{"method":"GET","url":"[REDACTED]","host":"localhost:3001","remoteAddress":"127.0.0.1","remotePort":58966},"msg":"incoming request"}
@avlp/api:dev: {"timestamp":"2026-10-02T08:24:21.266Z","level":"info","event":"api.request_received","fields":{"correlationId":"01a0fbb6-e011-7c5c-8f1b-30d2c152b10e","method":"GET","route":"/projects/:projectId/teacher-assets","service":"api"}}
@avlp/api:dev: {"timestamp":"2026-10-02T08:24:21.268Z","level":"info","event":"api.request_received","fields":{"correlationId":"01a0fbb6-e014-72be-b63a-43a7c11c9413","method":"GET","route":"/projects/:projectId/validation","service":"api"}}
@avlp/api:dev: {"level":30,"time":1790929461268,"pid":15536,"hostname":"DESKTOP-HQ6B2T1","reqId":"req-4","req":{"method":"GET","url":"[REDACTED]","host":"localhost:3001","remoteAddress":"127.0.0.1","remotePort":56641},"msg":"incoming request"}
@avlp/api:dev: {"timestamp":"2026-10-02T08:24:21.271Z","level":"info","event":"api.request_received","fields":{"correlationId":"01a0fbb6-e017-7c51-970a-03229ad89575","method":"GET","route":"/projects/:projectId/storyboard","service":"api"}}
@avlp/api:dev: {"timestamp":"2026-10-02T08:24:21.273Z","level":"info","event":"api.request_received","fields":{"correlationId":"01a0fbb6-e019-719f-991b-5dc9c71c9940","method":"GET","route":"/projects/:projectId/versions","service":"api"}}
@avlp/api:dev: {"level":30,"time":1790929461271,"pid":15536,"hostname":"DESKTOP-HQ6B2T1","reqId":"req-5","req":{"method":"GET","url":"[REDACTED]","host":"localhost:3001","remoteAddress":"127.0.0.1","remotePort":63058},"msg":"incoming request"}
@avlp/api:dev: {"level":30,"time":1790929461273,"pid":15536,"hostname":"DESKTOP-HQ6B2T1","reqId":"req-6","req":{"method":"GET","url":"[REDACTED]","host":"localhost:3001","remoteAddress":"127.0.0.1","remotePort":65154},"msg":"incoming request"}
@avlp/api:dev: {"level":30,"time":1790929465967,"pid":15536,"hostname":"DESKTOP-HQ6B2T1","reqId":"req-3","res":{"statusCode":200},"responseTime":4702.409800000023,"msg":"request completed"}
@avlp/api:dev: {"level":30,"time":1790929467742,"pid":15536,"hostname":"DESKTOP-HQ6B2T1","reqId":"req-6","res":{"statusCode":200},"responseTime":6469.356500000111,"msg":"request completed"}
@avlp/api:dev: {"level":30,"time":1790929468028,"pid":15536,"hostname":"DESKTOP-HQ6B2T1","reqId":"req-2","res":{"statusCode":200},"responseTime":6766.3111999999965,"msg":"request completed"}
@avlp/api:dev: {"level":30,"time":1790929469550,"pid":15536,"hostname":"DESKTOP-HQ6B2T1","reqId":"req-5","res":{"statusCode":200},"responseTime":8279.408899999922,"msg":"request completed"}
@avlp/api:dev: {"level":30,"time":1790929469620,"pid":15536,"hostname":"DESKTOP-HQ6B2T1","reqId":"req-7","req":{"method":"GET","url":"[REDACTED]","host":"localhost:3001","remoteAddress":"127.0.0.1","remotePort":63058},"msg":"incoming request"}
@avlp/api:dev: {"timestamp":"2026-10-02T08:24:29.621Z","level":"info","event":"api.request_received","fields":{"correlationId":"01a0fbb7-00b5-74d9-a52d-1c17e89b9a2d","method":"GET","route":"/projects/:projectId/storyboard/scenes","service":"api"}}
@avlp/api:dev: {"level":30,"time":1790929469716,"pid":15536,"hostname":"DESKTOP-HQ6B2T1","reqId":"req-7","res":{"statusCode":200},"responseTime":95.51380000007339,"msg":"request completed"}
@avlp/api:dev: {"level":30,"time":1790929469789,"pid":15536,"hostname":"DESKTOP-HQ6B2T1","reqId":"req-8","req":{"method":"GET","url":"[REDACTED]","host":"localhost:3001","remoteAddress":"127.0.0.1","remotePort":63058},"msg":"incoming request"}
@avlp/api:dev: {"timestamp":"2026-10-02T08:24:29.790Z","level":"info","event":"api.request_received","fields":{"correlationId":"01a0fbb7-015d-7b7f-aa0e-d3f3b5972637","method":"GET","route":"/projects/:projectId/storyboard/scenes/:sceneId","service":"api"}}
@avlp/api:dev: {"level":30,"time":1790929470067,"pid":15536,"hostname":"DESKTOP-HQ6B2T1","reqId":"req-8","res":{"statusCode":200},"responseTime":277.9468000000343,"msg":"request completed"}
@avlp/api:dev: {"level":30,"time":1790929470186,"pid":15536,"hostname":"DESKTOP-HQ6B2T1","reqId":"req-9","req":{"method":"GET","url":"[REDACTED]","host":"localhost:3001","remoteAddress":"127.0.0.1","remotePort":63058},"msg":"incoming request"}
@avlp/api:dev: {"timestamp":"2026-10-02T08:24:30.187Z","level":"info","event":"api.request_received","fields":{"correlationId":"01a0fbb7-02ea-7636-9911-84e06cb7c921","method":"GET","route":"/projects/:projectId/teacher-assets","service":"api"}}
@avlp/api:dev: {"level":30,"time":1790929470189,"pid":15536,"hostname":"DESKTOP-HQ6B2T1","reqId":"req-a","req":{"method":"GET","url":"[REDACTED]","host":"localhost:3001","remoteAddress":"127.0.0.1","remotePort":57840},"msg":"incoming request"}
@avlp/api:dev: {"timestamp":"2026-10-02T08:24:30.190Z","level":"info","event":"api.request_received","fields":{"correlationId":"01a0fbb7-02ed-7f64-80e3-43c7b689bbe3","method":"GET","route":"/projects/:projectId/creative-design","service":"api"}}
@avlp/api:dev: {"timestamp":"2026-10-02T08:24:30.192Z","level":"info","event":"api.request_received","fields":{"correlationId":"01a0fbb7-02ef-7050-9b50-fe36881e677d","method":"GET","route":"/projects/:projectId/creative-design/presets","service":"api"}}
@avlp/api:dev: {"level":30,"time":1790929470191,"pid":15536,"hostname":"DESKTOP-HQ6B2T1","reqId":"req-b","req":{"method":"GET","url":"[REDACTED]","host":"localhost:3001","remoteAddress":"127.0.0.1","remotePort":65154},"msg":"incoming request"}
@avlp/api:dev: {"timestamp":"2026-10-02T08:24:30.194Z","level":"info","event":"api.request_received","fields":{"correlationId":"01a0fbb7-02f1-74cd-b825-26aba1e585af","method":"GET","route":"/projects/:projectId/preview-manifest","service":"api"}}
@avlp/api:dev: {"timestamp":"2026-10-02T08:24:30.195Z","level":"info","event":"api.request_received","fields":{"correlationId":"01a0fbb7-02f3-716b-8604-f729f3b020a1","method":"GET","route":"/projects/:projectId/teacher-assets","service":"api"}}
@avlp/api:dev: {"level":30,"time":1790929470193,"pid":15536,"hostname":"DESKTOP-HQ6B2T1","reqId":"req-c","req":{"method":"GET","url":"[REDACTED]","host":"localhost:3001","remoteAddress":"127.0.0.1","remotePort":58966},"msg":"incoming request"}
@avlp/api:dev: {"level":30,"time":1790929470195,"pid":15536,"hostname":"DESKTOP-HQ6B2T1","reqId":"req-d","req":{"method":"GET","url":"[REDACTED]","host":"localhost:3001","remoteAddress":"127.0.0.1","remotePort":50835},"msg":"incoming request"}
@avlp/api:dev: {"level":30,"time":1790929470459,"pid":15536,"hostname":"DESKTOP-HQ6B2T1","reqId":"req-d","res":{"statusCode":200},"responseTime":263.8157999999821,"msg":"request completed"}
@avlp/api:dev: {"level":30,"time":1790929470461,"pid":15536,"hostname":"DESKTOP-HQ6B2T1","reqId":"req-4","res":{"statusCode":200},"responseTime":9192.754199999967,"msg":"request completed"}
@avlp/api:dev: {"timestamp":"2026-10-02T08:24:30.462Z","level":"info","event":"api.request_received","fields":{"correlationId":"01a0fbb7-03fd-7f82-b250-c57a58da2be3","method":"GET","route":"/projects/:projectId/creative-design","service":"api"}}
@avlp/api:dev: {"level":30,"time":1790929470461,"pid":15536,"hostname":"DESKTOP-HQ6B2T1","reqId":"req-e","req":{"method":"GET","url":"[REDACTED]","host":"localhost:3001","remoteAddress":"127.0.0.1","remotePort":50835},"msg":"incoming request"}
@avlp/api:dev: {"timestamp":"2026-10-02T08:24:30.465Z","level":"info","event":"api.request_received","fields":{"correlationId":"01a0fbb7-0400-7def-9bc3-9446bafe7bc1","method":"GET","route":"/projects/:projectId/creative-design/presets","service":"api"}}
@avlp/api:dev: {"level":30,"time":1790929470463,"pid":15536,"hostname":"DESKTOP-HQ6B2T1","reqId":"req-9","res":{"statusCode":200},"responseTime":277.2458999999799,"msg":"request completed"}
@avlp/api:dev: {"level":30,"time":1790929470464,"pid":15536,"hostname":"DESKTOP-HQ6B2T1","reqId":"req-f","req":{"method":"GET","url":"[REDACTED]","host":"localhost:3001","remoteAddress":"127.0.0.1","remotePort":56641},"msg":"incoming request"}
@avlp/api:dev: {"level":30,"time":1790929470468,"pid":15536,"hostname":"DESKTOP-HQ6B2T1","reqId":"req-b","res":{"statusCode":200},"responseTime":276.91740000003483,"msg":"request completed"}
@avlp/api:dev: {"level":30,"time":1790929470610,"pid":15536,"hostname":"DESKTOP-HQ6B2T1","reqId":"req-f","res":{"statusCode":200},"responseTime":146.3858000000473,"msg":"request completed"}
@avlp/api:dev: {"level":30,"time":1790929470653,"pid":15536,"hostname":"DESKTOP-HQ6B2T1","reqId":"req-e","res":{"statusCode":200},"responseTime":191.65850000001956,"msg":"request completed"}
@avlp/api:dev: {"level":30,"time":1790929470656,"pid":15536,"hostname":"DESKTOP-HQ6B2T1","reqId":"req-a","res":{"statusCode":200},"responseTime":466.9601000000257,"msg":"request completed"}
@avlp/api:dev: {"level":30,"time":1790929470737,"pid":15536,"hostname":"DESKTOP-HQ6B2T1","reqId":"req-c","res":{"statusCode":200},"responseTime":543.3606999999611,"msg":"request completed"}
@avlp/api:dev: {"level":30,"time":1790929709221,"pid":15536,"hostname":"DESKTOP-HQ6B2T1","reqId":"req-g","req":{"method":"OPTIONS","url":"[REDACTED]","host":"localhost:3001","remoteAddress":"127.0.0.1","remotePort":49439},"msg":"incoming request"}
@avlp/api:dev: {"level":30,"time":1790929709225,"pid":15536,"hostname":"DESKTOP-HQ6B2T1","reqId":"req-g","res":{"statusCode":204},"responseTime":4.571999999927357,"msg":"request completed"}
@avlp/api:dev: {"level":30,"time":1790929709232,"pid":15536,"hostname":"DESKTOP-HQ6B2T1","reqId":"req-h","req":{"method":"PATCH","url":"[REDACTED]","host":"localhost:3001","remoteAddress":"127.0.0.1","remotePort":54343},"msg":"incoming request"}
@avlp/api:dev: {"timestamp":"2026-10-02T08:28:29.234Z","level":"info","event":"api.request_received","fields":{"correlationId":"01a0fbba-a8b1-79b8-a878-d9d69761924d","method":"PATCH","route":"/projects/:projectId/scenes/:sceneId","service":"api"}}
@avlp/api:dev: {"level":30,"time":1790929710661,"pid":15536,"hostname":"DESKTOP-HQ6B2T1","reqId":"req-h","res":{"statusCode":200},"responseTime":1428.2128999999259,"msg":"request completed"}
@avlp/api:dev: {"level":30,"time":1790929710793,"pid":15536,"hostname":"DESKTOP-HQ6B2T1","reqId":"req-i","req":{"method":"GET","url":"[REDACTED]","host":"localhost:3001","remoteAddress":"127.0.0.1","remotePort":54343},"msg":"incoming request"}
@avlp/api:dev: {"timestamp":"2026-10-02T08:28:30.794Z","level":"info","event":"api.request_received","fields":{"correlationId":"01a0fbba-aec9-7c37-a316-d1739f6705ed","method":"GET","route":"/projects/:projectId/storyboard","service":"api"}}
@avlp/api:dev: {"level":30,"time":1790929710797,"pid":15536,"hostname":"DESKTOP-HQ6B2T1","reqId":"req-j","req":{"method":"OPTIONS","url":"[REDACTED]","host":"localhost:3001","remoteAddress":"127.0.0.1","remotePort":49439},"msg":"incoming request"}
@avlp/api:dev: {"level":30,"time":1790929710798,"pid":15536,"hostname":"DESKTOP-HQ6B2T1","reqId":"req-j","res":{"statusCode":204},"responseTime":0.9172999999718741,"msg":"request completed"}
@avlp/api:dev: {"level":30,"time":1790929710804,"pid":15536,"hostname":"DESKTOP-HQ6B2T1","reqId":"req-k","req":{"method":"GET","url":"[REDACTED]","host":"localhost:3001","remoteAddress":"127.0.0.1","remotePort":49541},"msg":"incoming request"}
@avlp/api:dev: {"timestamp":"2026-10-02T08:28:30.805Z","level":"info","event":"api.request_received","fields":{"correlationId":"01a0fbba-aed4-7c13-88b0-40f40c77647c","method":"GET","route":"/projects/:projectId/validation","service":"api"}}
@avlp/api:dev: {"timestamp":"2026-10-02T08:28:30.807Z","level":"info","event":"api.request_received","fields":{"correlationId":"01a0fbba-aed7-793e-8b88-43e0f5053c8c","method":"POST","route":"/projects/:projectId/validation/run","service":"api"}}
@avlp/api:dev: {"level":30,"time":1790929710806,"pid":15536,"hostname":"DESKTOP-HQ6B2T1","reqId":"req-l","req":{"method":"POST","url":"[REDACTED]","host":"localhost:3001","remoteAddress":"127.0.0.1","remotePort":54792},"msg":"incoming request"}
@avlp/api:dev: {"level":30,"time":1790929710814,"pid":15536,"hostname":"DESKTOP-HQ6B2T1","reqId":"req-m","req":{"method":"GET","url":"[REDACTED]","host":"localhost:3001","remoteAddress":"127.0.0.1","remotePort":58491},"msg":"incoming request"}
@avlp/api:dev: {"timestamp":"2026-10-02T08:28:30.815Z","level":"info","event":"api.request_received","fields":{"correlationId":"01a0fbba-aede-71ff-80b5-2afb6ffd397b","method":"GET","route":"/projects/:projectId/storyboard/scenes/:sceneId","service":"api"}}
@avlp/api:dev: {"level":30,"time":1790929711183,"pid":15536,"hostname":"DESKTOP-HQ6B2T1","reqId":"req-i","res":{"statusCode":200},"responseTime":390.2455000000773,"msg":"request completed"}
@avlp/api:dev: {"level":30,"time":1790929711204,"pid":15536,"hostname":"DESKTOP-HQ6B2T1","reqId":"req-n","req":{"method":"GET","url":"[REDACTED]","host":"localhost:3001","remoteAddress":"127.0.0.1","remotePort":54343},"msg":"incoming request"}
@avlp/api:dev: {"timestamp":"2026-10-02T08:28:31.205Z","level":"info","event":"api.request_received","fields":{"correlationId":"01a0fbba-b064-7e54-ba7f-1d0768eeebf4","method":"GET","route":"/projects/:projectId/storyboard/scenes","service":"api"}}
@avlp/api:dev: {"level":30,"time":1790929711207,"pid":15536,"hostname":"DESKTOP-HQ6B2T1","reqId":"req-o","req":{"method":"GET","url":"[REDACTED]","host":"localhost:3001","remoteAddress":"127.0.0.1","remotePort":56415},"msg":"incoming request"}
@avlp/api:dev: {"timestamp":"2026-10-02T08:28:31.208Z","level":"info","event":"api.request_received","fields":{"correlationId":"01a0fbba-b067-7fb8-b000-485c01137e80","method":"GET","route":"/projects/:projectId/storyboard/scenes/:sceneId","service":"api"}}
@avlp/api:dev: {"level":30,"time":1790929711224,"pid":15536,"hostname":"DESKTOP-HQ6B2T1","reqId":"req-m","res":{"statusCode":200},"responseTime":410.3257000000449,"msg":"request completed"}
@avlp/api:dev: {"level":30,"time":1790929711253,"pid":15536,"hostname":"DESKTOP-HQ6B2T1","reqId":"req-k","res":{"statusCode":200},"responseTime":449.11780000000726,"msg":"request completed"}
@avlp/api:dev: {"level":30,"time":1790929711408,"pid":15536,"hostname":"DESKTOP-HQ6B2T1","reqId":"req-n","res":{"statusCode":200},"responseTime":204.48950000002515,"msg":"request completed"}
@avlp/api:dev: {"level":30,"time":1790929711419,"pid":15536,"hostname":"DESKTOP-HQ6B2T1","reqId":"req-o","res":{"statusCode":200},"responseTime":212.1414999999106,"msg":"request completed"}
@avlp/api:dev: {"level":30,"time":1790929711487,"pid":15536,"hostname":"DESKTOP-HQ6B2T1","reqId":"req-l","res":{"statusCode":200},"responseTime":680.436400000006,"msg":"request completed"}
@avlp/api:dev: {"level":30,"time":1790929780453,"pid":15536,"hostname":"DESKTOP-HQ6B2T1","reqId":"req-p","req":{"method":"OPTIONS","url":"[REDACTED]","host":"localhost:3001","remoteAddress":"127.0.0.1","remotePort":49439},"msg":"incoming request"}
@avlp/api:dev: {"level":30,"time":1790929780454,"pid":15536,"hostname":"DESKTOP-HQ6B2T1","reqId":"req-p","res":{"statusCode":204},"responseTime":0.5724000000627711,"msg":"request completed"}
@avlp/api:dev: {"level":30,"time":1790929780456,"pid":15536,"hostname":"DESKTOP-HQ6B2T1","reqId":"req-q","req":{"method":"POST","url":"[REDACTED]","host":"localhost:3001","remoteAddress":"127.0.0.1","remotePort":54792},"msg":"incoming request"}
@avlp/api:dev: {"timestamp":"2026-10-02T08:29:40.457Z","level":"info","event":"api.request_received","fields":{"correlationId":"01a0fbbb-bee8-7931-b524-a53718a9de70","method":"POST","route":"/projects/:projectId/versions","service":"api"}}
@avlp/api:dev: {"level":30,"time":1790929781559,"pid":15536,"hostname":"DESKTOP-HQ6B2T1","reqId":"req-q","res":{"statusCode":201},"responseTime":1102.8870999999344,"msg":"request completed"}
@avlp/api:dev: {"level":30,"time":1790929781564,"pid":15536,"hostname":"DESKTOP-HQ6B2T1","reqId":"req-r","req":{"method":"GET","url":"[REDACTED]","host":"localhost:3001","remoteAddress":"127.0.0.1","remotePort":54792},"msg":"incoming request"}
@avlp/api:dev: {"timestamp":"2026-10-02T08:29:41.565Z","level":"info","event":"api.request_received","fields":{"correlationId":"01a0fbbb-c33c-72da-a3cd-5b7e8cc24b5a","method":"GET","route":"/projects/:projectId/versions","service":"api"}}
@avlp/api:dev: {"level":30,"time":1790929781583,"pid":15536,"hostname":"DESKTOP-HQ6B2T1","reqId":"req-r","res":{"statusCode":200},"responseTime":18.521200000075623,"msg":"request completed"}
@avlp/api:dev: {"level":30,"time":1790929815726,"pid":15536,"hostname":"DESKTOP-HQ6B2T1","reqId":"req-s","req":{"method":"GET","url":"[REDACTED]","host":"localhost:3001","remoteAddress":"127.0.0.1","remotePort":58995},"msg":"incoming request"}
@avlp/api:dev: {"timestamp":"2026-10-02T08:30:15.726Z","level":"info","event":"api.request_received","fields":{"correlationId":"01a0fbbc-48ae-7c45-9f46-346ee5b13a4a","method":"GET","route":"/projects/:projectId","service":"api"}}
@avlp/api:dev: {"level":30,"time":1790929815798,"pid":15536,"hostname":"DESKTOP-HQ6B2T1","reqId":"req-s","res":{"statusCode":200},"responseTime":72.65040000004228,"msg":"request completed"}
@avlp/web:dev:  GET /workspace/01a0f833-3115-7134-a74f-b8d10cf6bac8/storyboard 200 in 16043ms
@avlp/api:dev: {"level":30,"time":1790929828883,"pid":15536,"hostname":"DESKTOP-HQ6B2T1","reqId":"req-t","req":{"method":"GET","url":"[REDACTED]","host":"localhost:3001","remoteAddress":"127.0.0.1","remotePort":54792},"msg":"incoming request"}
@avlp/api:dev: {"timestamp":"2026-10-02T08:30:28.884Z","level":"info","event":"api.request_received","fields":{"correlationId":"01a0fbbc-7c14-7c83-a766-e44a4b8dea24","method":"GET","route":"/projects/:projectId/one-shot","service":"api"}}
@avlp/api:dev: {"level":30,"time":1790929828886,"pid":15536,"hostname":"DESKTOP-HQ6B2T1","reqId":"req-u","req":{"method":"GET","url":"[REDACTED]","host":"localhost:3001","remoteAddress":"127.0.0.1","remotePort":49575},"msg":"incoming request"}
@avlp/api:dev: {"timestamp":"2026-10-02T08:30:28.886Z","level":"info","event":"api.request_received","fields":{"correlationId":"01a0fbbc-7c16-7002-b79b-a5e67f20f724","method":"GET","route":"/projects/:projectId/teacher-assets","service":"api"}}
@avlp/api:dev: {"level":30,"time":1790929828888,"pid":15536,"hostname":"DESKTOP-HQ6B2T1","reqId":"req-v","req":{"method":"GET","url":"[REDACTED]","host":"localhost:3001","remoteAddress":"127.0.0.1","remotePort":51650},"msg":"incoming request"}
@avlp/api:dev: {"timestamp":"2026-10-02T08:30:28.888Z","level":"info","event":"api.request_received","fields":{"correlationId":"01a0fbbc-7c18-75b5-a57b-322082a0acf5","method":"GET","route":"/projects/:projectId/validation","service":"api"}}
@avlp/api:dev: {"level":30,"time":1790929828901,"pid":15536,"hostname":"DESKTOP-HQ6B2T1","reqId":"req-w","req":{"method":"GET","url":"[REDACTED]","host":"localhost:3001","remoteAddress":"127.0.0.1","remotePort":52444},"msg":"incoming request"}
@avlp/api:dev: {"timestamp":"2026-10-02T08:30:28.902Z","level":"info","event":"api.request_received","fields":{"correlationId":"01a0fbbc-7c25-7df4-bb0a-5988f7bb706a","method":"GET","route":"/projects/:projectId/storyboard","service":"api"}}
@avlp/api:dev: {"timestamp":"2026-10-02T08:30:28.903Z","level":"info","event":"api.request_received","fields":{"correlationId":"01a0fbbc-7c27-7966-b507-813335fb83f3","method":"GET","route":"/projects/:projectId/versions","service":"api"}}
@avlp/api:dev: {"level":30,"time":1790929828902,"pid":15536,"hostname":"DESKTOP-HQ6B2T1","reqId":"req-x","req":{"method":"GET","url":"[REDACTED]","host":"localhost:3001","remoteAddress":"127.0.0.1","remotePort":55927},"msg":"incoming request"}
@avlp/api:dev: {"level":30,"time":1790929828998,"pid":15536,"hostname":"DESKTOP-HQ6B2T1","reqId":"req-t","res":{"statusCode":200},"responseTime":113.95440000004601,"msg":"request completed"}
@avlp/api:dev: {"level":30,"time":1790929829125,"pid":15536,"hostname":"DESKTOP-HQ6B2T1","reqId":"req-u","res":{"statusCode":200},"responseTime":239.51990000007208,"msg":"request completed"}
@avlp/api:dev: {"level":30,"time":1790929829196,"pid":15536,"hostname":"DESKTOP-HQ6B2T1","reqId":"req-x","res":{"statusCode":200},"responseTime":293.2096999998903,"msg":"request completed"}
@avlp/api:dev: {"level":30,"time":1790929829505,"pid":15536,"hostname":"DESKTOP-HQ6B2T1","reqId":"req-w","res":{"statusCode":200},"responseTime":603.9595999999437,"msg":"request completed"}
@avlp/api:dev: {"level":30,"time":1790929829514,"pid":15536,"hostname":"DESKTOP-HQ6B2T1","reqId":"req-v","res":{"statusCode":200},"responseTime":625.9928000000073,"msg":"request completed"}
@avlp/api:dev: {"level":30,"time":1790929829526,"pid":15536,"hostname":"DESKTOP-HQ6B2T1","reqId":"req-y","req":{"method":"GET","url":"[REDACTED]","host":"localhost:3001","remoteAddress":"127.0.0.1","remotePort":51650},"msg":"incoming request"}
@avlp/api:dev: {"timestamp":"2026-10-02T08:30:29.526Z","level":"info","event":"api.request_received","fields":{"correlationId":"01a0fbbc-7e96-779e-9fd0-f2edf42558af","method":"GET","route":"/projects/:projectId/storyboard/scenes","service":"api"}}
@avlp/api:dev: {"level":30,"time":1790929829645,"pid":15536,"hostname":"DESKTOP-HQ6B2T1","reqId":"req-y","res":{"statusCode":200},"responseTime":118.94109999993816,"msg":"request completed"}
@avlp/api:dev: {"level":30,"time":1790929829692,"pid":15536,"hostname":"DESKTOP-HQ6B2T1","reqId":"req-z","req":{"method":"GET","url":"[REDACTED]","host":"localhost:3001","remoteAddress":"127.0.0.1","remotePort":51650},"msg":"incoming request"}
@avlp/api:dev: {"timestamp":"2026-10-02T08:30:29.692Z","level":"info","event":"api.request_received","fields":{"correlationId":"01a0fbbc-7f3c-7ece-98da-9cbee3fd0f64","method":"GET","route":"/projects/:projectId/storyboard/scenes/:sceneId","service":"api"}}
@avlp/api:dev: {"level":30,"time":1790929829783,"pid":15536,"hostname":"DESKTOP-HQ6B2T1","reqId":"req-z","res":{"statusCode":200},"responseTime":91.02169999992475,"msg":"request completed"}
@avlp/api:dev: {"level":30,"time":1790929829817,"pid":15536,"hostname":"DESKTOP-HQ6B2T1","reqId":"req-10","req":{"method":"GET","url":"[REDACTED]","host":"localhost:3001","remoteAddress":"127.0.0.1","remotePort":51650},"msg":"incoming request"}
@avlp/api:dev: {"timestamp":"2026-10-02T08:30:29.817Z","level":"info","event":"api.request_received","fields":{"correlationId":"01a0fbbc-7fb9-73ae-89f4-163fab278221","method":"GET","route":"/projects/:projectId/teacher-assets","service":"api"}}
@avlp/api:dev: {"level":30,"time":1790929829819,"pid":15536,"hostname":"DESKTOP-HQ6B2T1","reqId":"req-11","req":{"method":"GET","url":"[REDACTED]","host":"localhost:3001","remoteAddress":"127.0.0.1","remotePort":52444},"msg":"incoming request"}
@avlp/api:dev: {"timestamp":"2026-10-02T08:30:29.819Z","level":"info","event":"api.request_received","fields":{"correlationId":"01a0fbbc-7fbb-75eb-a446-5389e3e8b207","method":"GET","route":"/projects/:projectId/creative-design","service":"api"}}
@avlp/api:dev: {"timestamp":"2026-10-02T08:30:29.820Z","level":"info","event":"api.request_received","fields":{"correlationId":"01a0fbbc-7fbc-7ba3-b6b2-60a4473aeef6","method":"GET","route":"/projects/:projectId/creative-design/presets","service":"api"}}
@avlp/api:dev: {"level":30,"time":1790929829820,"pid":15536,"hostname":"DESKTOP-HQ6B2T1","reqId":"req-12","req":{"method":"GET","url":"[REDACTED]","host":"localhost:3001","remoteAddress":"127.0.0.1","remotePort":55927},"msg":"incoming request"}
@avlp/api:dev: {"level":30,"time":1790929829834,"pid":15536,"hostname":"DESKTOP-HQ6B2T1","reqId":"req-10","res":{"statusCode":200},"responseTime":17.057700000004843,"msg":"request completed"}
@avlp/api:dev: {"level":30,"time":1790929829839,"pid":15536,"hostname":"DESKTOP-HQ6B2T1","reqId":"req-12","res":{"statusCode":200},"responseTime":18.71460000006482,"msg":"request completed"}
@avlp/api:dev: {"level":30,"time":1790929829857,"pid":15536,"hostname":"DESKTOP-HQ6B2T1","reqId":"req-11","res":{"statusCode":200},"responseTime":38.74090000009164,"msg":"request completed"}
@avlp/api:dev: {"level":30,"time":1790929829866,"pid":15536,"hostname":"DESKTOP-HQ6B2T1","reqId":"req-13","req":{"method":"GET","url":"[REDACTED]","host":"localhost:3001","remoteAddress":"127.0.0.1","remotePort":52444},"msg":"incoming request"}
@avlp/api:dev: {"timestamp":"2026-10-02T08:30:29.866Z","level":"info","event":"api.request_received","fields":{"correlationId":"01a0fbbc-7fea-74f9-a253-b489a89bdba2","method":"GET","route":"/projects/:projectId/preview-manifest","service":"api"}}
@avlp/api:dev: {"level":30,"time":1790929829868,"pid":15536,"hostname":"DESKTOP-HQ6B2T1","reqId":"req-14","req":{"method":"GET","url":"[REDACTED]","host":"localhost:3001","remoteAddress":"127.0.0.1","remotePort":55927},"msg":"incoming request"}
@avlp/api:dev: {"timestamp":"2026-10-02T08:30:29.868Z","level":"info","event":"api.request_received","fields":{"correlationId":"01a0fbbc-7fec-7729-9d49-75e5f7b10441","method":"GET","route":"/projects/:projectId/teacher-assets","service":"api"}}
@avlp/api:dev: {"level":30,"time":1790929829870,"pid":15536,"hostname":"DESKTOP-HQ6B2T1","reqId":"req-15","req":{"method":"GET","url":"[REDACTED]","host":"localhost:3001","remoteAddress":"127.0.0.1","remotePort":51650},"msg":"incoming request"}
@avlp/api:dev: {"timestamp":"2026-10-02T08:30:29.870Z","level":"info","event":"api.request_received","fields":{"correlationId":"01a0fbbc-7fee-7e10-866e-c5bd6fb131c2","method":"GET","route":"/projects/:projectId/creative-design","service":"api"}}
@avlp/api:dev: {"timestamp":"2026-10-02T08:30:29.872Z","level":"info","event":"api.request_received","fields":{"correlationId":"01a0fbbc-7fef-756d-a570-b8e17ef5bde6","method":"GET","route":"/projects/:projectId/creative-design/presets","service":"api"}}
@avlp/api:dev: {"level":30,"time":1790929829871,"pid":15536,"hostname":"DESKTOP-HQ6B2T1","reqId":"req-16","req":{"method":"GET","url":"[REDACTED]","host":"localhost:3001","remoteAddress":"127.0.0.1","remotePort":49575},"msg":"incoming request"}
@avlp/api:dev: {"level":30,"time":1790929829896,"pid":15536,"hostname":"DESKTOP-HQ6B2T1","reqId":"req-16","res":{"statusCode":200},"responseTime":24.150200000032783,"msg":"request completed"}
@avlp/api:dev: {"level":30,"time":1790929829899,"pid":15536,"hostname":"DESKTOP-HQ6B2T1","reqId":"req-14","res":{"statusCode":200},"responseTime":30.80199999990873,"msg":"request completed"}
@avlp/api:dev: {"level":30,"time":1790929829972,"pid":15536,"hostname":"DESKTOP-HQ6B2T1","reqId":"req-15","res":{"statusCode":200},"responseTime":102.60470000002533,"msg":"request completed"}
@avlp/api:dev: {"level":30,"time":1790929830018,"pid":15536,"hostname":"DESKTOP-HQ6B2T1","reqId":"req-13","res":{"statusCode":200},"responseTime":152.1362000000663,"msg":"request completed"}
@avlp/api:dev: {"level":30,"time":1790930153083,"pid":15536,"hostname":"DESKTOP-HQ6B2T1","reqId":"req-17","req":{"method":"GET","url":"[REDACTED]","host":"localhost:3001","remoteAddress":"127.0.0.1","remotePort":53254},"msg":"incoming request"}
@avlp/api:dev: {"timestamp":"2026-10-02T08:35:53.084Z","level":"info","event":"api.request_received","fields":{"correlationId":"01a0fbc1-6e7c-7c14-97db-f936aa995341","method":"GET","route":"/projects/:projectId","service":"api"}}
@avlp/api:dev: {"level":30,"time":1790930153372,"pid":15536,"hostname":"DESKTOP-HQ6B2T1","reqId":"req-17","res":{"statusCode":200},"responseTime":288.60759999998845,"msg":"request completed"}
@avlp/web:dev:  GET /workspace/01a0f833-3115-7134-a74f-b8d10cf6bac8/storyboard 200 in 5184ms
@avlp/api:dev: {"level":30,"time":1790930159625,"pid":15536,"hostname":"DESKTOP-HQ6B2T1","reqId":"req-18","req":{"method":"GET","url":"[REDACTED]","host":"localhost:3001","remoteAddress":"127.0.0.1","remotePort":58180},"msg":"incoming request"}
@avlp/api:dev: {"timestamp":"2026-10-02T08:35:59.627Z","level":"info","event":"api.request_received","fields":{"correlationId":"01a0fbc1-8809-7ff0-8829-90b11d0349a2","method":"GET","route":"/projects/:projectId/one-shot","service":"api"}}
@avlp/api:dev: {"timestamp":"2026-10-02T08:35:59.642Z","level":"info","event":"api.request_received","fields":{"correlationId":"01a0fbc1-8819-7318-8343-a87751bcccde","method":"GET","route":"/projects/:projectId/teacher-assets","service":"api"}}
@avlp/api:dev: {"level":30,"time":1790930159639,"pid":15536,"hostname":"DESKTOP-HQ6B2T1","reqId":"req-19","req":{"method":"GET","url":"[REDACTED]","host":"localhost:3001","remoteAddress":"127.0.0.1","remotePort":64974},"msg":"incoming request"}
@avlp/api:dev: {"timestamp":"2026-10-02T08:35:59.662Z","level":"info","event":"api.request_received","fields":{"correlationId":"01a0fbc1-882d-7dbe-bab2-82ba6092f1dc","method":"GET","route":"/projects/:projectId/validation","service":"api"}}
@avlp/api:dev: {"timestamp":"2026-10-02T08:35:59.663Z","level":"info","event":"api.request_received","fields":{"correlationId":"01a0fbc1-882f-7caf-a4ff-64ea381a5ae4","method":"GET","route":"/projects/:projectId/storyboard","service":"api"}}
@avlp/api:dev: {"timestamp":"2026-10-02T08:35:59.667Z","level":"info","event":"api.request_received","fields":{"correlationId":"01a0fbc1-8831-764c-aa09-c8efc5993db4","method":"GET","route":"/projects/:projectId/versions","service":"api"}}
@avlp/api:dev: {"level":30,"time":1790930159661,"pid":15536,"hostname":"DESKTOP-HQ6B2T1","reqId":"req-1a","req":{"method":"GET","url":"[REDACTED]","host":"localhost:3001","remoteAddress":"127.0.0.1","remotePort":52324},"msg":"incoming request"}
@avlp/api:dev: {"level":30,"time":1790930159663,"pid":15536,"hostname":"DESKTOP-HQ6B2T1","reqId":"req-1b","req":{"method":"GET","url":"[REDACTED]","host":"localhost:3001","remoteAddress":"127.0.0.1","remotePort":57996},"msg":"incoming request"}
@avlp/api:dev: {"level":30,"time":1790930159665,"pid":15536,"hostname":"DESKTOP-HQ6B2T1","reqId":"req-1c","req":{"method":"GET","url":"[REDACTED]","host":"localhost:3001","remoteAddress":"127.0.0.1","remotePort":51866},"msg":"incoming request"}
@avlp/api:dev: {"level":30,"time":1790930159787,"pid":15536,"hostname":"DESKTOP-HQ6B2T1","reqId":"req-18","res":{"statusCode":200},"responseTime":161.79129999992438,"msg":"request completed"}
@avlp/api:dev: {"level":30,"time":1790930159957,"pid":15536,"hostname":"DESKTOP-HQ6B2T1","reqId":"req-19","res":{"statusCode":200},"responseTime":317.9560000000056,"msg":"request completed"}
@avlp/api:dev: {"level":30,"time":1790930160022,"pid":15536,"hostname":"DESKTOP-HQ6B2T1","reqId":"req-1c","res":{"statusCode":200},"responseTime":356.77410000003874,"msg":"request completed"}
@avlp/api:dev: {"level":30,"time":1790930160223,"pid":15536,"hostname":"DESKTOP-HQ6B2T1","reqId":"req-1b","res":{"statusCode":200},"responseTime":560.2941000000574,"msg":"request completed"}
@avlp/api:dev: {"level":30,"time":1790930160249,"pid":15536,"hostname":"DESKTOP-HQ6B2T1","reqId":"req-1d","req":{"method":"GET","url":"[REDACTED]","host":"localhost:3001","remoteAddress":"127.0.0.1","remotePort":57996},"msg":"incoming request"}
@avlp/api:dev: {"timestamp":"2026-10-02T08:36:00.250Z","level":"info","event":"api.request_received","fields":{"correlationId":"01a0fbc1-8a79-7e63-8935-fbffbb393213","method":"GET","route":"/projects/:projectId/storyboard/scenes","service":"api"}}
@avlp/api:dev: {"level":30,"time":1790930160343,"pid":15536,"hostname":"DESKTOP-HQ6B2T1","reqId":"req-1a","res":{"statusCode":200},"responseTime":681.7179999998771,"msg":"request completed"}
@avlp/api:dev: {"level":30,"time":1790930160383,"pid":15536,"hostname":"DESKTOP-HQ6B2T1","reqId":"req-1d","res":{"statusCode":200},"responseTime":133.3980000000447,"msg":"request completed"}
@avlp/api:dev: {"level":30,"time":1790930160430,"pid":15536,"hostname":"DESKTOP-HQ6B2T1","reqId":"req-1e","req":{"method":"GET","url":"[REDACTED]","host":"localhost:3001","remoteAddress":"127.0.0.1","remotePort":57996},"msg":"incoming request"}
@avlp/api:dev: {"timestamp":"2026-10-02T08:36:00.431Z","level":"info","event":"api.request_received","fields":{"correlationId":"01a0fbc1-8b2f-70e2-85a3-b8df5db248e8","method":"GET","route":"/projects/:projectId/storyboard/scenes/:sceneId","service":"api"}}
@avlp/api:dev: {"level":30,"time":1790930161180,"pid":15536,"hostname":"DESKTOP-HQ6B2T1","reqId":"req-1e","res":{"statusCode":200},"responseTime":748.9792000001762,"msg":"request completed"}
@avlp/api:dev: {"level":30,"time":1790930161232,"pid":15536,"hostname":"DESKTOP-HQ6B2T1","reqId":"req-1f","req":{"method":"GET","url":"[REDACTED]","host":"localhost:3001","remoteAddress":"127.0.0.1","remotePort":57996},"msg":"incoming request"}
@avlp/api:dev: {"timestamp":"2026-10-02T08:36:01.232Z","level":"info","event":"api.request_received","fields":{"correlationId":"01a0fbc1-8e50-7f27-b227-2f084265ce45","method":"GET","route":"/projects/:projectId/teacher-assets","service":"api"}}
@avlp/api:dev: {"level":30,"time":1790930161234,"pid":15536,"hostname":"DESKTOP-HQ6B2T1","reqId":"req-1g","req":{"method":"GET","url":"[REDACTED]","host":"localhost:3001","remoteAddress":"127.0.0.1","remotePort":52324},"msg":"incoming request"}
@avlp/api:dev: {"timestamp":"2026-10-02T08:36:01.236Z","level":"info","event":"api.request_received","fields":{"correlationId":"01a0fbc1-8e53-789d-bcad-d6c6fa8c0a34","method":"GET","route":"/projects/:projectId/creative-design","service":"api"}}
@avlp/api:dev: {"timestamp":"2026-10-02T08:36:01.238Z","level":"info","event":"api.request_received","fields":{"correlationId":"01a0fbc1-8e56-7176-a436-d3fa30bdad00","method":"GET","route":"/projects/:projectId/creative-design/presets","service":"api"}}
@avlp/api:dev: {"level":30,"time":1790930161238,"pid":15536,"hostname":"DESKTOP-HQ6B2T1","reqId":"req-1h","req":{"method":"GET","url":"[REDACTED]","host":"localhost:3001","remoteAddress":"127.0.0.1","remotePort":51866},"msg":"incoming request"}
@avlp/api:dev: {"timestamp":"2026-10-02T08:36:01.246Z","level":"info","event":"api.request_received","fields":{"correlationId":"01a0fbc1-8e5e-7d47-bc56-2035a3d049cf","method":"GET","route":"/projects/:projectId/preview-manifest","service":"api"}}
@avlp/api:dev: {"timestamp":"2026-10-02T08:36:01.249Z","level":"info","event":"api.request_received","fields":{"correlationId":"01a0fbc1-8e61-78c6-974b-639258fa7c94","method":"GET","route":"/projects/:projectId/teacher-assets","service":"api"}}
@avlp/api:dev: {"level":30,"time":1790930161246,"pid":15536,"hostname":"DESKTOP-HQ6B2T1","reqId":"req-1i","req":{"method":"GET","url":"[REDACTED]","host":"localhost:3001","remoteAddress":"127.0.0.1","remotePort":64974},"msg":"incoming request"}
@avlp/api:dev: {"level":30,"time":1790930161248,"pid":15536,"hostname":"DESKTOP-HQ6B2T1","reqId":"req-1j","req":{"method":"GET","url":"[REDACTED]","host":"localhost:3001","remoteAddress":"127.0.0.1","remotePort":58180},"msg":"incoming request"}
@avlp/api:dev: {"timestamp":"2026-10-02T08:36:01.251Z","level":"info","event":"api.request_received","fields":{"correlationId":"01a0fbc1-8e63-745a-a09b-ab4896fa87f2","method":"GET","route":"/projects/:projectId/creative-design","service":"api"}}
@avlp/api:dev: {"level":30,"time":1790930161251,"pid":15536,"hostname":"DESKTOP-HQ6B2T1","reqId":"req-1k","req":{"method":"GET","url":"[REDACTED]","host":"localhost:3001","remoteAddress":"127.0.0.1","remotePort":59122},"msg":"incoming request"}
@avlp/api:dev: {"level":30,"time":1790930162417,"pid":15536,"hostname":"DESKTOP-HQ6B2T1","reqId":"req-1h","res":{"statusCode":200},"responseTime":1179.3935000000056,"msg":"request completed"}
@avlp/api:dev: {"level":30,"time":1790930162421,"pid":15536,"hostname":"DESKTOP-HQ6B2T1","reqId":"req-1l","req":{"method":"GET","url":"[REDACTED]","host":"localhost:3001","remoteAddress":"127.0.0.1","remotePort":51866},"msg":"incoming request"}
@avlp/api:dev: {"timestamp":"2026-10-02T08:36:02.422Z","level":"info","event":"api.request_received","fields":{"correlationId":"01a0fbc1-92f6-7a7e-bc39-777d5ea8c23f","method":"GET","route":"/projects/:projectId/creative-design/presets","service":"api"}}
@avlp/api:dev: {"level":30,"time":1790930162511,"pid":15536,"hostname":"DESKTOP-HQ6B2T1","reqId":"req-1j","res":{"statusCode":200},"responseTime":1262.3005000001285,"msg":"request completed"}
@avlp/api:dev: {"level":30,"time":1790930162567,"pid":15536,"hostname":"DESKTOP-HQ6B2T1","reqId":"req-1f","res":{"statusCode":200},"responseTime":1335.0779999999795,"msg":"request completed"}
@avlp/api:dev: {"level":30,"time":1790930162683,"pid":15536,"hostname":"DESKTOP-HQ6B2T1","reqId":"req-1l","res":{"statusCode":200},"responseTime":261.49720000009984,"msg":"request completed"}
@avlp/api:dev: {"level":30,"time":1790930162839,"pid":15536,"hostname":"DESKTOP-HQ6B2T1","reqId":"req-1k","res":{"statusCode":200},"responseTime":1588.4810999999754,"msg":"request completed"}
@avlp/api:dev: {"level":30,"time":1790930162844,"pid":15536,"hostname":"DESKTOP-HQ6B2T1","reqId":"req-1g","res":{"statusCode":200},"responseTime":1608.3781999999192,"msg":"request completed"}
@avlp/api:dev: {"level":30,"time":1790930162958,"pid":15536,"hostname":"DESKTOP-HQ6B2T1","reqId":"req-1i","res":{"statusCode":200},"responseTime":1712.1470999999437,"msg":"request completed"}
@avlp/web:dev:  ○ Compiling /workspace/[projectId]/preview ...
@avlp/web:dev:  ✓ Compiled /workspace/[projectId]/preview in 154.3s (14102 modules)
@avlp/api:dev: {"level":30,"time":1790930407982,"pid":15536,"hostname":"DESKTOP-HQ6B2T1","reqId":"req-1m","req":{"method":"GET","url":"[REDACTED]","host":"localhost:3001","remoteAddress":"127.0.0.1","remotePort":57812},"msg":"incoming request"}
@avlp/api:dev: {"timestamp":"2026-10-02T08:40:07.984Z","level":"info","event":"api.request_received","fields":{"correlationId":"01a0fbc5-522e-79ff-92fe-e6a077700ede","method":"GET","route":"/projects/:projectId","service":"api"}}
@avlp/api:dev: {"level":30,"time":1790930408004,"pid":15536,"hostname":"DESKTOP-HQ6B2T1","reqId":"req-1n","req":{"method":"GET","url":"[REDACTED]","host":"localhost:3001","remoteAddress":"127.0.0.1","remotePort":57813},"msg":"incoming request"}
@avlp/api:dev: {"timestamp":"2026-10-02T08:40:08.005Z","level":"info","event":"api.request_received","fields":{"correlationId":"01a0fbc5-5245-7b87-a897-0b84a965c49c","method":"GET","route":"/projects/:projectId/preview-manifest","service":"api"}}
@avlp/api:dev: {"level":30,"time":1790930408180,"pid":15536,"hostname":"DESKTOP-HQ6B2T1","reqId":"req-1m","res":{"statusCode":200},"responseTime":197.43640000000596,"msg":"request completed"}
@avlp/api:dev: {"level":30,"time":1790930408242,"pid":15536,"hostname":"DESKTOP-HQ6B2T1","reqId":"req-1o","req":{"method":"GET","url":"[REDACTED]","host":"localhost:3001","remoteAddress":"127.0.0.1","remotePort":58683},"msg":"incoming request"}
@avlp/api:dev: {"timestamp":"2026-10-02T08:40:08.243Z","level":"info","event":"api.request_received","fields":{"correlationId":"01a0fbc5-5332-7b9d-802d-4e3715b9494f","method":"GET","route":"/projects/:projectId/one-shot","service":"api"}}
@avlp/api:dev: {"level":30,"time":1790930408287,"pid":15536,"hostname":"DESKTOP-HQ6B2T1","reqId":"req-1p","req":{"method":"GET","url":"[REDACTED]","host":"localhost:3001","remoteAddress":"127.0.0.1","remotePort":53722},"msg":"incoming request"}
@avlp/api:dev: {"timestamp":"2026-10-02T08:40:08.291Z","level":"info","event":"api.request_received","fields":{"correlationId":"01a0fbc5-535f-799d-92c8-e723ccc422ea","method":"GET","route":"/projects/:projectId/one-shot","service":"api"}}
@avlp/api:dev: {"level":30,"time":1790930408327,"pid":15536,"hostname":"DESKTOP-HQ6B2T1","reqId":"req-1o","res":{"statusCode":200},"responseTime":85.18060000007972,"msg":"request completed"}
@avlp/api:dev: {"level":30,"time":1790930408594,"pid":15536,"hostname":"DESKTOP-HQ6B2T1","reqId":"req-1p","res":{"statusCode":200},"responseTime":306.44409999996424,"msg":"request completed"}
@avlp/api:dev: {"level":30,"time":1790930408978,"pid":15536,"hostname":"DESKTOP-HQ6B2T1","reqId":"req-1n","res":{"statusCode":200},"responseTime":973.4738000000361,"msg":"request completed"}
@avlp/web:dev:  GET /workspace/01a0f833-3115-7134-a74f-b8d10cf6bac8/preview 200 in 172498ms
@avlp/api:dev: {"timestamp":"2026-10-02T08:40:10.194Z","level":"info","event":"api.request_received","fields":{"correlationId":"01a0fbc5-5ad2-759b-b729-7b4e8dd0bc04","method":"GET","route":"/projects/:projectId/one-shot","service":"api"}}
@avlp/api:dev: {"level":30,"time":1790930410193,"pid":15536,"hostname":"DESKTOP-HQ6B2T1","reqId":"req-1q","req":{"method":"GET","url":"[REDACTED]","host":"localhost:3001","remoteAddress":"127.0.0.1","remotePort":53722},"msg":"incoming request"}
@avlp/api:dev: {"timestamp":"2026-10-02T08:40:10.202Z","level":"info","event":"api.request_received","fields":{"correlationId":"01a0fbc5-5ad4-770d-a282-9c9d21c5a319","method":"GET","route":"/projects/:projectId/preview-manifest","service":"api"}}
@avlp/api:dev: {"timestamp":"2026-10-02T08:40:10.205Z","level":"info","event":"api.request_received","fields":{"correlationId":"01a0fbc5-5add-7353-bd3a-bb1aa2d97d88","method":"GET","route":"/projects/:projectId/validation","service":"api"}}
@avlp/api:dev: {"level":30,"time":1790930410195,"pid":15536,"hostname":"DESKTOP-HQ6B2T1","reqId":"req-1r","req":{"method":"GET","url":"[REDACTED]","host":"localhost:3001","remoteAddress":"127.0.0.1","remotePort":58683},"msg":"incoming request"}
@avlp/api:dev: {"level":30,"time":1790930410205,"pid":15536,"hostname":"DESKTOP-HQ6B2T1","reqId":"req-1s","req":{"method":"GET","url":"[REDACTED]","host":"localhost:3001","remoteAddress":"127.0.0.1","remotePort":60461},"msg":"incoming request"}
@avlp/api:dev: {"level":30,"time":1790930410225,"pid":15536,"hostname":"DESKTOP-HQ6B2T1","reqId":"req-1t","req":{"method":"GET","url":"[REDACTED]","host":"localhost:3001","remoteAddress":"127.0.0.1","remotePort":64504},"msg":"incoming request"}
@avlp/api:dev: {"timestamp":"2026-10-02T08:40:10.226Z","level":"info","event":"api.request_received","fields":{"correlationId":"01a0fbc5-5af1-7fc7-bc46-d7981a6639c9","method":"GET","route":"/projects/:projectId/one-shot","service":"api"}}
@avlp/api:dev: {"level":30,"time":1790930410232,"pid":15536,"hostname":"DESKTOP-HQ6B2T1","reqId":"req-1u","req":{"method":"GET","url":"[REDACTED]","host":"localhost:3001","remoteAddress":"127.0.0.1","remotePort":54523},"msg":"incoming request"}
@avlp/api:dev: {"timestamp":"2026-10-02T08:40:10.233Z","level":"info","event":"api.request_received","fields":{"correlationId":"01a0fbc5-5af8-7946-9f71-3f8043f8fbfb","method":"GET","route":"/projects/:projectId/preview-manifest","service":"api"}}
@avlp/api:dev: {"timestamp":"2026-10-02T08:40:10.239Z","level":"info","event":"api.request_received","fields":{"correlationId":"01a0fbc5-5afe-7344-b930-144ecf12ad5c","method":"GET","route":"/projects/:projectId/validation","service":"api"}}
@avlp/api:dev: {"level":30,"time":1790930410238,"pid":15536,"hostname":"DESKTOP-HQ6B2T1","reqId":"req-1v","req":{"method":"GET","url":"[REDACTED]","host":"localhost:3001","remoteAddress":"127.0.0.1","remotePort":49372},"msg":"incoming request"}
@avlp/api:dev: {"level":30,"time":1790930410410,"pid":15536,"hostname":"DESKTOP-HQ6B2T1","reqId":"req-1q","res":{"statusCode":200},"responseTime":216.25529999984428,"msg":"request completed"}
@avlp/api:dev: {"level":30,"time":1790930410488,"pid":15536,"hostname":"DESKTOP-HQ6B2T1","reqId":"req-1t","res":{"statusCode":200},"responseTime":262.9021000000648,"msg":"request completed"}
@avlp/api:dev: {"level":30,"time":1790930411208,"pid":15536,"hostname":"DESKTOP-HQ6B2T1","reqId":"req-1u","res":{"statusCode":200},"responseTime":975.6939000000712,"msg":"request completed"}
@avlp/api:dev: {"level":30,"time":1790930411261,"pid":15536,"hostname":"DESKTOP-HQ6B2T1","reqId":"req-1v","res":{"statusCode":200},"responseTime":1022.7270000001881,"msg":"request completed"}
@avlp/api:dev: {"level":30,"time":1790930411403,"pid":15536,"hostname":"DESKTOP-HQ6B2T1","reqId":"req-1s","res":{"statusCode":200},"responseTime":1198.2425000001676,"msg":"request completed"}
@avlp/api:dev: {"level":30,"time":1790930411412,"pid":15536,"hostname":"DESKTOP-HQ6B2T1","reqId":"req-1r","res":{"statusCode":200},"responseTime":1216.8614999998827,"msg":"request completed"}
@avlp/web:dev:  ○ Compiling /workspace/[projectId]/render ...
@avlp/web:dev:  ✓ Compiled /workspace/[projectId]/render in 27.2s (14114 modules)
@avlp/api:dev: {"level":30,"time":1790930767631,"pid":15536,"hostname":"DESKTOP-HQ6B2T1","reqId":"req-1w","req":{"method":"GET","url":"[REDACTED]","host":"localhost:3001","remoteAddress":"127.0.0.1","remotePort":56362},"msg":"incoming request"}
@avlp/api:dev: {"timestamp":"2026-10-02T08:46:07.632Z","level":"info","event":"api.request_received","fields":{"correlationId":"01a0fbca-cf10-78d7-bc5f-8c3d3a48b11a","method":"GET","route":"/projects/:projectId","service":"api"}}
@avlp/api:dev: {"level":30,"time":1790930767634,"pid":15536,"hostname":"DESKTOP-HQ6B2T1","reqId":"req-1x","req":{"method":"GET","url":"[REDACTED]","host":"localhost:3001","remoteAddress":"127.0.0.1","remotePort":56363},"msg":"incoming request"}
@avlp/api:dev: {"timestamp":"2026-10-02T08:46:07.635Z","level":"info","event":"api.request_received","fields":{"correlationId":"01a0fbca-cf12-7873-af5c-d14d7ebc7b6e","method":"GET","route":"/projects/:projectId/renders","service":"api"}}
@avlp/api:dev: {"timestamp":"2026-10-02T08:46:07.637Z","level":"info","event":"api.request_received","fields":{"correlationId":"01a0fbca-cf15-7e52-b72c-ffbfca253f9c","method":"GET","route":"/projects/:projectId/versions","service":"api"}}
@avlp/api:dev: {"timestamp":"2026-10-02T08:46:07.639Z","level":"info","event":"api.request_received","fields":{"correlationId":"01a0fbca-cf17-7b80-8c15-727733892d59","method":"GET","route":"/projects/:projectId/validation","service":"api"}}
@avlp/api:dev: {"level":30,"time":1790930767636,"pid":15536,"hostname":"DESKTOP-HQ6B2T1","reqId":"req-1y","req":{"method":"GET","url":"[REDACTED]","host":"localhost:3001","remoteAddress":"127.0.0.1","remotePort":56364},"msg":"incoming request"}
@avlp/api:dev: {"level":30,"time":1790930767638,"pid":15536,"hostname":"DESKTOP-HQ6B2T1","reqId":"req-1z","req":{"method":"GET","url":"[REDACTED]","host":"localhost:3001","remoteAddress":"127.0.0.1","remotePort":56365},"msg":"incoming request"}
@avlp/api:dev: {"level":30,"time":1790930767683,"pid":15536,"hostname":"DESKTOP-HQ6B2T1","reqId":"req-20","req":{"method":"GET","url":"[REDACTED]","host":"localhost:3001","remoteAddress":"127.0.0.1","remotePort":56096},"msg":"incoming request"}
@avlp/api:dev: {"timestamp":"2026-10-02T08:46:07.685Z","level":"info","event":"api.request_received","fields":{"correlationId":"01a0fbca-cf44-7b3e-9659-eb47a78c011e","method":"GET","route":"/projects/:projectId/one-shot","service":"api"}}
@avlp/api:dev: {"level":30,"time":1790930767693,"pid":15536,"hostname":"DESKTOP-HQ6B2T1","reqId":"req-21","req":{"method":"GET","url":"[REDACTED]","host":"localhost:3001","remoteAddress":"127.0.0.1","remotePort":55257},"msg":"incoming request"}
@avlp/api:dev: {"timestamp":"2026-10-02T08:46:07.694Z","level":"info","event":"api.request_received","fields":{"correlationId":"01a0fbca-cf4e-7299-a786-0d49c99d5fb5","method":"GET","route":"/projects/:projectId/one-shot","service":"api"}}
@avlp/api:dev: {"level":30,"time":1790930768470,"pid":15536,"hostname":"DESKTOP-HQ6B2T1","reqId":"req-1w","res":{"statusCode":200},"responseTime":838.9505000000354,"msg":"request completed"}
@avlp/api:dev: {"level":30,"time":1790930768610,"pid":15536,"hostname":"DESKTOP-HQ6B2T1","reqId":"req-1x","res":{"statusCode":200},"responseTime":975.5442999999505,"msg":"request completed"}
@avlp/api:dev: {"level":30,"time":1790930773622,"pid":15536,"hostname":"DESKTOP-HQ6B2T1","reqId":"req-20","res":{"statusCode":200},"responseTime":5937.758600000059,"msg":"request completed"}
@avlp/api:dev: {"level":30,"time":1790930773976,"pid":15536,"hostname":"DESKTOP-HQ6B2T1","reqId":"req-1y","res":{"statusCode":200},"responseTime":6339.513299999991,"msg":"request completed"}
@avlp/api:dev: {"level":30,"time":1790930773984,"pid":15536,"hostname":"DESKTOP-HQ6B2T1","reqId":"req-21","res":{"statusCode":200},"responseTime":6290.353799999924,"msg":"request completed"}
@avlp/api:dev: {"level":30,"time":1790930775613,"pid":15536,"hostname":"DESKTOP-HQ6B2T1","reqId":"req-1z","res":{"statusCode":200},"responseTime":7973.961700000102,"msg":"request completed"}
@avlp/web:dev:  GET /workspace/01a0f833-3115-7134-a74f-b8d10cf6bac8/render 200 in 55975ms
@avlp/api:dev: {"level":30,"time":1790930775963,"pid":15536,"hostname":"DESKTOP-HQ6B2T1","reqId":"req-22","req":{"method":"GET","url":"[REDACTED]","host":"localhost:3001","remoteAddress":"127.0.0.1","remotePort":55257},"msg":"incoming request"}
@avlp/api:dev: {"timestamp":"2026-10-02T08:46:15.964Z","level":"info","event":"api.request_received","fields":{"correlationId":"01a0fbca-ef9c-7712-a945-7dd8b28ea3b9","method":"GET","route":"/projects/:projectId/one-shot","service":"api"}}
@avlp/api:dev: {"level":30,"time":1790930775966,"pid":15536,"hostname":"DESKTOP-HQ6B2T1","reqId":"req-23","req":{"method":"GET","url":"[REDACTED]","host":"localhost:3001","remoteAddress":"127.0.0.1","remotePort":56096},"msg":"incoming request"}
@avlp/api:dev: {"timestamp":"2026-10-02T08:46:15.967Z","level":"info","event":"api.request_received","fields":{"correlationId":"01a0fbca-ef9e-7918-963d-e384f2a6c27e","method":"GET","route":"/projects/:projectId/share-links","service":"api"}}
@avlp/api:dev: {"level":30,"time":1790930776022,"pid":15536,"hostname":"DESKTOP-HQ6B2T1","reqId":"req-24","req":{"method":"GET","url":"[REDACTED]","host":"localhost:3001","remoteAddress":"127.0.0.1","remotePort":64804},"msg":"incoming request"}
@avlp/api:dev: {"timestamp":"2026-10-02T08:46:16.023Z","level":"info","event":"api.request_received","fields":{"correlationId":"01a0fbca-efd6-7829-ad26-a3507c9a1f37","method":"GET","route":"/projects/:projectId/one-shot","service":"api"}}
@avlp/api:dev: {"timestamp":"2026-10-02T08:46:16.024Z","level":"info","event":"api.request_received","fields":{"correlationId":"01a0fbca-efd8-7d48-bc36-9e8374696dc6","method":"GET","route":"/projects/:projectId/share-links","service":"api"}}
@avlp/api:dev: {"level":30,"time":1790930776024,"pid":15536,"hostname":"DESKTOP-HQ6B2T1","reqId":"req-25","req":{"method":"GET","url":"[REDACTED]","host":"localhost:3001","remoteAddress":"127.0.0.1","remotePort":49255},"msg":"incoming request"}
@avlp/api:dev: {"level":30,"time":1790930776030,"pid":15536,"hostname":"DESKTOP-HQ6B2T1","reqId":"req-22","res":{"statusCode":200},"responseTime":66.79469999996945,"msg":"request completed"}
@avlp/api:dev: {"level":30,"time":1790930776041,"pid":15536,"hostname":"DESKTOP-HQ6B2T1","reqId":"req-24","res":{"statusCode":200},"responseTime":18.2550999999512,"msg":"request completed"}
@avlp/api:dev: {"level":30,"time":1790930776109,"pid":15536,"hostname":"DESKTOP-HQ6B2T1","reqId":"req-23","res":{"statusCode":200},"responseTime":142.41929999995045,"msg":"request completed"}
@avlp/api:dev: {"level":30,"time":1790930776110,"pid":15536,"hostname":"DESKTOP-HQ6B2T1","reqId":"req-25","res":{"statusCode":200},"responseTime":85.87080000014976,"msg":"request completed"}
@avlp/api:dev: {"level":30,"time":1790930783983,"pid":15536,"hostname":"DESKTOP-HQ6B2T1","reqId":"req-26","req":{"method":"GET","url":"[REDACTED]","host":"localhost:3001","remoteAddress":"127.0.0.1","remotePort":49255},"msg":"incoming request"}
@avlp/api:dev: {"timestamp":"2026-10-02T08:46:23.983Z","level":"info","event":"api.request_received","fields":{"correlationId":"01a0fbcb-0eef-7d11-abcf-3d072758f490","method":"GET","route":"/projects/:projectId/renders","service":"api"}}
@avlp/api:dev: {"level":30,"time":1790930783997,"pid":15536,"hostname":"DESKTOP-HQ6B2T1","reqId":"req-26","res":{"statusCode":200},"responseTime":13.962999999988824,"msg":"request completed"}
@avlp/api:dev: {"level":30,"time":1790930792012,"pid":15536,"hostname":"DESKTOP-HQ6B2T1","reqId":"req-27","req":{"method":"GET","url":"[REDACTED]","host":"localhost:3001","remoteAddress":"127.0.0.1","remotePort":49255},"msg":"incoming request"}
@avlp/api:dev: {"timestamp":"2026-10-02T08:46:32.012Z","level":"info","event":"api.request_received","fields":{"correlationId":"01a0fbcb-2e4c-7423-a7e2-ff9e0747fe74","method":"GET","route":"/projects/:projectId/renders","service":"api"}}
@avlp/api:dev: {"level":30,"time":1790930792043,"pid":15536,"hostname":"DESKTOP-HQ6B2T1","reqId":"req-27","res":{"statusCode":200},"responseTime":31.447399999946356,"msg":"request completed"}
@avlp/api:dev: {"level":30,"time":1790930800057,"pid":15536,"hostname":"DESKTOP-HQ6B2T1","reqId":"req-28","req":{"method":"GET","url":"[REDACTED]","host":"localhost:3001","remoteAddress":"127.0.0.1","remotePort":49255},"msg":"incoming request"}
@avlp/api:dev: {"timestamp":"2026-10-02T08:46:40.058Z","level":"info","event":"api.request_received","fields":{"correlationId":"01a0fbcb-4dba-7655-9e70-1240662b374d","method":"GET","route":"/projects/:projectId/renders","service":"api"}}
@avlp/api:dev: {"level":30,"time":1790930800071,"pid":15536,"hostname":"DESKTOP-HQ6B2T1","reqId":"req-28","res":{"statusCode":200},"responseTime":13.288399999961257,"msg":"request completed"}
@avlp/api:dev: {"level":30,"time":1790930808096,"pid":15536,"hostname":"DESKTOP-HQ6B2T1","reqId":"req-29","req":{"method":"GET","url":"[REDACTED]","host":"localhost:3001","remoteAddress":"127.0.0.1","remotePort":49255},"msg":"incoming request"}
@avlp/api:dev: {"timestamp":"2026-10-02T08:46:48.096Z","level":"info","event":"api.request_received","fields":{"correlationId":"01a0fbcb-6d20-7331-ac1e-ea8a2712aab9","method":"GET","route":"/projects/:projectId/renders","service":"api"}}
@avlp/api:dev: {"level":30,"time":1790930808106,"pid":15536,"hostname":"DESKTOP-HQ6B2T1","reqId":"req-29","res":{"statusCode":200},"responseTime":9.797399999806657,"msg":"request completed"}
@avlp/api:dev: {"level":30,"time":1790930811357,"pid":15536,"hostname":"DESKTOP-HQ6B2T1","reqId":"req-2a","req":{"method":"OPTIONS","url":"[REDACTED]","host":"localhost:3001","remoteAddress":"127.0.0.1","remotePort":52845},"msg":"incoming request"}
@avlp/api:dev: {"level":30,"time":1790930811358,"pid":15536,"hostname":"DESKTOP-HQ6B2T1","reqId":"req-2a","res":{"statusCode":204},"responseTime":0.5561999999918044,"msg":"request completed"}
@avlp/api:dev: {"level":30,"time":1790930811361,"pid":15536,"hostname":"DESKTOP-HQ6B2T1","reqId":"req-2b","req":{"method":"POST","url":"[REDACTED]","host":"localhost:3001","remoteAddress":"127.0.0.1","remotePort":49255},"msg":"incoming request"}
@avlp/api:dev: {"timestamp":"2026-10-02T08:46:51.361Z","level":"info","event":"api.request_received","fields":{"correlationId":"01a0fbcb-79e1-7cb8-98c6-b217729b081b","method":"POST","route":"/projects/:projectId/renders","service":"api"}}
@avlp/api:dev: {"level":30,"time":1790930816017,"pid":15536,"hostname":"DESKTOP-HQ6B2T1","reqId":"req-2b","res":{"statusCode":202},"responseTime":4656.14730000007,"msg":"request completed"}
@avlp/api:dev: {"level":30,"time":1790930816020,"pid":15536,"hostname":"DESKTOP-HQ6B2T1","reqId":"req-2c","req":{"method":"GET","url":"[REDACTED]","host":"localhost:3001","remoteAddress":"127.0.0.1","remotePort":49255},"msg":"incoming request"}
@avlp/api:dev: {"timestamp":"2026-10-02T08:46:56.021Z","level":"info","event":"api.request_received","fields":{"correlationId":"01a0fbcb-8c15-74ba-8385-498d7b22b41d","method":"GET","route":"/projects/:projectId/renders","service":"api"}}
@avlp/api:dev: {"level":30,"time":1790930816089,"pid":15536,"hostname":"DESKTOP-HQ6B2T1","reqId":"req-2c","res":{"statusCode":200},"responseTime":68.34499999997206,"msg":"request completed"}
@avlp/pipeline-worker:dev: {"timestamp":"2026-10-02T08:46:58.424Z","level":"info","event":"queue.job_dispatched","fields":{"outboxEventId":"01a0fbcb-7a37-705d-b6a1-8924d13c42e8","jobId":"01a0fbcb-7a37-7451-86fc-f898c7008b16","projectId":"01a0f833-3115-7134-a74f-b8d10cf6bac8","correlationId":"01a0fbcb-79e1-7cb8-98c6-b217729b081b","queueName":"render","service":"pipeline-worker"}}
@avlp/api:dev: {"level":30,"time":1790930819104,"pid":15536,"hostname":"DESKTOP-HQ6B2T1","reqId":"req-2d","req":{"method":"GET","url":"[REDACTED]","host":"localhost:3001","remoteAddress":"127.0.0.1","remotePort":49255},"msg":"incoming request"}
@avlp/api:dev: {"timestamp":"2026-10-02T08:46:59.104Z","level":"info","event":"api.request_received","fields":{"correlationId":"01a0fbcb-9820-734b-8e0c-5404c623c37d","method":"GET","route":"/projects/:projectId/renders","service":"api"}}
@avlp/api:dev: {"level":30,"time":1790930819139,"pid":15536,"hostname":"DESKTOP-HQ6B2T1","reqId":"req-2d","res":{"statusCode":200},"responseTime":35.26890000002459,"msg":"request completed"}
@avlp/api:dev: {"level":30,"time":1790930822154,"pid":15536,"hostname":"DESKTOP-HQ6B2T1","reqId":"req-2e","req":{"method":"GET","url":"[REDACTED]","host":"localhost:3001","remoteAddress":"127.0.0.1","remotePort":49255},"msg":"incoming request"}
@avlp/api:dev: {"timestamp":"2026-10-02T08:47:02.155Z","level":"info","event":"api.request_received","fields":{"correlationId":"01a0fbcb-a40a-7f34-9c75-6faa920f69b1","method":"GET","route":"/projects/:projectId/renders","service":"api"}}
@avlp/api:dev: {"level":30,"time":1790930822220,"pid":15536,"hostname":"DESKTOP-HQ6B2T1","reqId":"req-2e","res":{"statusCode":200},"responseTime":66.06630000006407,"msg":"request completed"}
@avlp/renderer:dev: {"timestamp":"2026-10-02T08:47:02.634Z","level":"info","event":"job.started","fields":{"jobId":"01a0fbcb-7a37-7451-86fc-f898c7008b16","jobType":"lesson.render","projectId":"01a0f833-3115-7134-a74f-b8d10cf6bac8","correlationId":"01a0fbcb-79e1-7cb8-98c6-b217729b081b","attempt":1,"service":"renderer"}}
@avlp/api:dev: {"level":30,"time":1790930825228,"pid":15536,"hostname":"DESKTOP-HQ6B2T1","reqId":"req-2f","req":{"method":"GET","url":"[REDACTED]","host":"localhost:3001","remoteAddress":"127.0.0.1","remotePort":49255},"msg":"incoming request"}
@avlp/api:dev: {"timestamp":"2026-10-02T08:47:05.228Z","level":"info","event":"api.request_received","fields":{"correlationId":"01a0fbcb-b00c-7e72-bd34-3dad4bfe75be","method":"GET","route":"/projects/:projectId/renders","service":"api"}}
@avlp/api:dev: {"level":30,"time":1790930825303,"pid":15536,"hostname":"DESKTOP-HQ6B2T1","reqId":"req-2f","res":{"statusCode":200},"responseTime":75.00249999994412,"msg":"request completed"}
@avlp/api:dev: {"level":30,"time":1790930828314,"pid":15536,"hostname":"DESKTOP-HQ6B2T1","reqId":"req-2g","req":{"method":"GET","url":"[REDACTED]","host":"localhost:3001","remoteAddress":"127.0.0.1","remotePort":49255},"msg":"incoming request"}
@avlp/api:dev: {"timestamp":"2026-10-02T08:47:08.314Z","level":"info","event":"api.request_received","fields":{"correlationId":"01a0fbcb-bc1a-706e-bafe-6e21bb82423e","method":"GET","route":"/projects/:projectId/renders","service":"api"}}
@avlp/api:dev: {"level":30,"time":1790930828362,"pid":15536,"hostname":"DESKTOP-HQ6B2T1","reqId":"req-2g","res":{"statusCode":200},"responseTime":47.903399999951944,"msg":"request completed"}
@avlp/api:dev: {"level":30,"time":1790930831378,"pid":15536,"hostname":"DESKTOP-HQ6B2T1","reqId":"req-2h","req":{"method":"GET","url":"[REDACTED]","host":"localhost:3001","remoteAddress":"127.0.0.1","remotePort":49255},"msg":"incoming request"}
@avlp/api:dev: {"timestamp":"2026-10-02T08:47:11.378Z","level":"info","event":"api.request_received","fields":{"correlationId":"01a0fbcb-c812-7911-b941-2d4bdd69f55b","method":"GET","route":"/projects/:projectId/renders","service":"api"}}
@avlp/api:dev: {"level":30,"time":1790930831404,"pid":15536,"hostname":"DESKTOP-HQ6B2T1","reqId":"req-2h","res":{"statusCode":200},"responseTime":25.811599999899045,"msg":"request completed"}
@avlp/api:dev: {"level":30,"time":1790930834420,"pid":15536,"hostname":"DESKTOP-HQ6B2T1","reqId":"req-2i","req":{"method":"GET","url":"[REDACTED]","host":"localhost:3001","remoteAddress":"127.0.0.1","remotePort":49255},"msg":"incoming request"}
@avlp/api:dev: {"timestamp":"2026-10-02T08:47:14.420Z","level":"info","event":"api.request_received","fields":{"correlationId":"01a0fbcb-d3f4-75e6-adc9-7687c7c287f3","method":"GET","route":"/projects/:projectId/renders","service":"api"}}
@avlp/api:dev: {"level":30,"time":1790930834454,"pid":15536,"hostname":"DESKTOP-HQ6B2T1","reqId":"req-2i","res":{"statusCode":200},"responseTime":33.930099999997765,"msg":"request completed"}
@avlp/api:dev: {"timestamp":"2026-10-02T08:47:17.473Z","level":"info","event":"api.request_received","fields":{"correlationId":"01a0fbcb-dfe1-7e26-bfc9-8016f8ee601d","method":"GET","route":"/projects/:projectId/renders","service":"api"}}
@avlp/api:dev: {"level":30,"time":1790930837472,"pid":15536,"hostname":"DESKTOP-HQ6B2T1","reqId":"req-2j","req":{"method":"GET","url":"[REDACTED]","host":"localhost:3001","remoteAddress":"127.0.0.1","remotePort":49255},"msg":"incoming request"}
@avlp/api:dev: {"level":30,"time":1790930837636,"pid":15536,"hostname":"DESKTOP-HQ6B2T1","reqId":"req-2j","res":{"statusCode":200},"responseTime":163.78430000017397,"msg":"request completed"}
@avlp/api:dev: {"level":30,"time":1790930840653,"pid":15536,"hostname":"DESKTOP-HQ6B2T1","reqId":"req-2k","req":{"method":"GET","url":"[REDACTED]","host":"localhost:3001","remoteAddress":"127.0.0.1","remotePort":49255},"msg":"incoming request"}
@avlp/api:dev: {"timestamp":"2026-10-02T08:47:20.654Z","level":"info","event":"api.request_received","fields":{"correlationId":"01a0fbcb-ec4e-7f6c-b413-e9dd13808c86","method":"GET","route":"/projects/:projectId/renders","service":"api"}}
@avlp/api:dev: {"level":30,"time":1790930841717,"pid":15536,"hostname":"DESKTOP-HQ6B2T1","reqId":"req-2k","res":{"statusCode":200},"responseTime":1063.9741999998223,"msg":"request completed"}
@avlp/api:dev: {"level":30,"time":1790930844729,"pid":15536,"hostname":"DESKTOP-HQ6B2T1","reqId":"req-2l","req":{"method":"GET","url":"[REDACTED]","host":"localhost:3001","remoteAddress":"127.0.0.1","remotePort":49255},"msg":"incoming request"}
@avlp/api:dev: {"timestamp":"2026-10-02T08:47:24.729Z","level":"info","event":"api.request_received","fields":{"correlationId":"01a0fbcb-fc39-7acb-b781-20642f174708","method":"GET","route":"/projects/:projectId/renders","service":"api"}}
@avlp/api:dev: {"level":30,"time":1790930844764,"pid":15536,"hostname":"DESKTOP-HQ6B2T1","reqId":"req-2l","res":{"statusCode":200},"responseTime":35.136399999959394,"msg":"request completed"}
@avlp/api:dev: {"level":30,"time":1790930847778,"pid":15536,"hostname":"DESKTOP-HQ6B2T1","reqId":"req-2m","req":{"method":"GET","url":"[REDACTED]","host":"localhost:3001","remoteAddress":"127.0.0.1","remotePort":49255},"msg":"incoming request"}
@avlp/api:dev: {"timestamp":"2026-10-02T08:47:27.779Z","level":"info","event":"api.request_received","fields":{"correlationId":"01a0fbcc-0822-7744-ad6d-c77a60ba2d0d","method":"GET","route":"/projects/:projectId/renders","service":"api"}}
@avlp/api:dev: {"level":30,"time":1790930847809,"pid":15536,"hostname":"DESKTOP-HQ6B2T1","reqId":"req-2m","res":{"statusCode":200},"responseTime":31.30459999991581,"msg":"request completed"}
@avlp/api:dev: {"level":30,"time":1790930850822,"pid":15536,"hostname":"DESKTOP-HQ6B2T1","reqId":"req-2n","req":{"method":"GET","url":"[REDACTED]","host":"localhost:3001","remoteAddress":"127.0.0.1","remotePort":49255},"msg":"incoming request"}
@avlp/api:dev: {"timestamp":"2026-10-02T08:47:30.822Z","level":"info","event":"api.request_received","fields":{"correlationId":"01a0fbcc-1406-7bd1-bc3f-edf8d7a33f30","method":"GET","route":"/projects/:projectId/renders","service":"api"}}
@avlp/api:dev: {"level":30,"time":1790930850853,"pid":15536,"hostname":"DESKTOP-HQ6B2T1","reqId":"req-2n","res":{"statusCode":200},"responseTime":30.756999999983236,"msg":"request completed"}
@avlp/api:dev: {"level":30,"time":1790930853862,"pid":15536,"hostname":"DESKTOP-HQ6B2T1","reqId":"req-2o","req":{"method":"GET","url":"[REDACTED]","host":"localhost:3001","remoteAddress":"127.0.0.1","remotePort":49255},"msg":"incoming request"}
@avlp/api:dev: {"timestamp":"2026-10-02T08:47:33.862Z","level":"info","event":"api.request_received","fields":{"correlationId":"01a0fbcc-1fe6-7d40-b37a-bc5af639a5b5","method":"GET","route":"/projects/:projectId/renders","service":"api"}}
@avlp/api:dev: {"level":30,"time":1790930853890,"pid":15536,"hostname":"DESKTOP-HQ6B2T1","reqId":"req-2o","res":{"statusCode":200},"responseTime":28.395800000056624,"msg":"request completed"}
@avlp/api:dev: {"level":30,"time":1790930856903,"pid":15536,"hostname":"DESKTOP-HQ6B2T1","reqId":"req-2p","req":{"method":"GET","url":"[REDACTED]","host":"localhost:3001","remoteAddress":"127.0.0.1","remotePort":49255},"msg":"incoming request"}
@avlp/api:dev: {"timestamp":"2026-10-02T08:47:36.904Z","level":"info","event":"api.request_received","fields":{"correlationId":"01a0fbcc-2bc7-798d-9359-6e6e0feb1df5","method":"GET","route":"/projects/:projectId/renders","service":"api"}}
@avlp/api:dev: {"level":30,"time":1790930856935,"pid":15536,"hostname":"DESKTOP-HQ6B2T1","reqId":"req-2p","res":{"statusCode":200},"responseTime":31.98729999992065,"msg":"request completed"}
@avlp/api:dev: {"level":30,"time":1790930859945,"pid":15536,"hostname":"DESKTOP-HQ6B2T1","reqId":"req-2q","req":{"method":"GET","url":"[REDACTED]","host":"localhost:3001","remoteAddress":"127.0.0.1","remotePort":49255},"msg":"incoming request"}
@avlp/api:dev: {"timestamp":"2026-10-02T08:47:39.946Z","level":"info","event":"api.request_received","fields":{"correlationId":"01a0fbcc-37aa-789a-8807-1ae7645b411c","method":"GET","route":"/projects/:projectId/renders","service":"api"}}
@avlp/api:dev: {"level":30,"time":1790930859978,"pid":15536,"hostname":"DESKTOP-HQ6B2T1","reqId":"req-2q","res":{"statusCode":200},"responseTime":32.069199999794364,"msg":"request completed"}
@avlp/api:dev: {"level":30,"time":1790930862987,"pid":15536,"hostname":"DESKTOP-HQ6B2T1","reqId":"req-2r","req":{"method":"GET","url":"[REDACTED]","host":"localhost:3001","remoteAddress":"127.0.0.1","remotePort":49255},"msg":"incoming request"}
@avlp/api:dev: {"timestamp":"2026-10-02T08:47:42.987Z","level":"info","event":"api.request_received","fields":{"correlationId":"01a0fbcc-438b-79a3-b30a-82c976c6d8bf","method":"GET","route":"/projects/:projectId/renders","service":"api"}}
@avlp/api:dev: {"level":30,"time":1790930863017,"pid":15536,"hostname":"DESKTOP-HQ6B2T1","reqId":"req-2r","res":{"statusCode":200},"responseTime":29.983599999919534,"msg":"request completed"}
@avlp/api:dev: {"level":30,"time":1790930866029,"pid":15536,"hostname":"DESKTOP-HQ6B2T1","reqId":"req-2s","req":{"method":"GET","url":"[REDACTED]","host":"localhost:3001","remoteAddress":"127.0.0.1","remotePort":49255},"msg":"incoming request"}
@avlp/api:dev: {"timestamp":"2026-10-02T08:47:46.029Z","level":"info","event":"api.request_received","fields":{"correlationId":"01a0fbcc-4f6d-7c6b-8046-a5afd4f81d11","method":"GET","route":"/projects/:projectId/renders","service":"api"}}
@avlp/api:dev: {"level":30,"time":1790930866058,"pid":15536,"hostname":"DESKTOP-HQ6B2T1","reqId":"req-2s","res":{"statusCode":200},"responseTime":29.61710000014864,"msg":"request completed"}
@avlp/api:dev: {"level":30,"time":1790930869070,"pid":15536,"hostname":"DESKTOP-HQ6B2T1","reqId":"req-2t","req":{"method":"GET","url":"[REDACTED]","host":"localhost:3001","remoteAddress":"127.0.0.1","remotePort":49255},"msg":"incoming request"}
@avlp/api:dev: {"timestamp":"2026-10-02T08:47:49.071Z","level":"info","event":"api.request_received","fields":{"correlationId":"01a0fbcc-5b4f-78d7-b901-3b0675411a45","method":"GET","route":"/projects/:projectId/renders","service":"api"}}
@avlp/api:dev: {"level":30,"time":1790930869108,"pid":15536,"hostname":"DESKTOP-HQ6B2T1","reqId":"req-2t","res":{"statusCode":200},"responseTime":37.61079999990761,"msg":"request completed"}
@avlp/api:dev: {"level":30,"time":1790930872120,"pid":15536,"hostname":"DESKTOP-HQ6B2T1","reqId":"req-2u","req":{"method":"GET","url":"[REDACTED]","host":"localhost:3001","remoteAddress":"127.0.0.1","remotePort":49255},"msg":"incoming request"}
@avlp/api:dev: {"timestamp":"2026-10-02T08:47:52.120Z","level":"info","event":"api.request_received","fields":{"correlationId":"01a0fbcc-6738-7056-93c5-28b335507a4b","method":"GET","route":"/projects/:projectId/renders","service":"api"}}
@avlp/api:dev: {"level":30,"time":1790930872187,"pid":15536,"hostname":"DESKTOP-HQ6B2T1","reqId":"req-2u","res":{"statusCode":200},"responseTime":67.35250000003725,"msg":"request completed"}
@avlp/api:dev: {"level":30,"time":1790930875203,"pid":15536,"hostname":"DESKTOP-HQ6B2T1","reqId":"req-2v","req":{"method":"GET","url":"[REDACTED]","host":"localhost:3001","remoteAddress":"127.0.0.1","remotePort":49255},"msg":"incoming request"}
@avlp/api:dev: {"timestamp":"2026-10-02T08:47:55.203Z","level":"info","event":"api.request_received","fields":{"correlationId":"01a0fbcc-7343-7a4e-abda-f303dcf614f0","method":"GET","route":"/projects/:projectId/renders","service":"api"}}
@avlp/api:dev: {"level":30,"time":1790930875258,"pid":15536,"hostname":"DESKTOP-HQ6B2T1","reqId":"req-2v","res":{"statusCode":200},"responseTime":54.901899999938905,"msg":"request completed"}
@avlp/api:dev: {"level":30,"time":1790930878279,"pid":15536,"hostname":"DESKTOP-HQ6B2T1","reqId":"req-2w","req":{"method":"GET","url":"[REDACTED]","host":"localhost:3001","remoteAddress":"127.0.0.1","remotePort":49255},"msg":"incoming request"}
@avlp/api:dev: {"timestamp":"2026-10-02T08:47:58.280Z","level":"info","event":"api.request_received","fields":{"correlationId":"01a0fbcc-7f47-7696-a6ba-8133c5d67479","method":"GET","route":"/projects/:projectId/renders","service":"api"}}
@avlp/api:dev: {"level":30,"time":1790930878317,"pid":15536,"hostname":"DESKTOP-HQ6B2T1","reqId":"req-2w","res":{"statusCode":200},"responseTime":37.90070000011474,"msg":"request completed"}
@avlp/api:dev: {"level":30,"time":1790930881339,"pid":15536,"hostname":"DESKTOP-HQ6B2T1","reqId":"req-2x","req":{"method":"GET","url":"[REDACTED]","host":"localhost:3001","remoteAddress":"127.0.0.1","remotePort":49255},"msg":"incoming request"}
@avlp/api:dev: {"timestamp":"2026-10-02T08:48:01.340Z","level":"info","event":"api.request_received","fields":{"correlationId":"01a0fbcc-8b3b-73ae-ac02-b29a15106a19","method":"GET","route":"/projects/:projectId/renders","service":"api"}}
@avlp/api:dev: {"level":30,"time":1790930881374,"pid":15536,"hostname":"DESKTOP-HQ6B2T1","reqId":"req-2x","res":{"statusCode":200},"responseTime":34.440200000070035,"msg":"request completed"}
@avlp/api:dev: {"level":30,"time":1790930884389,"pid":15536,"hostname":"DESKTOP-HQ6B2T1","reqId":"req-2y","req":{"method":"GET","url":"[REDACTED]","host":"localhost:3001","remoteAddress":"127.0.0.1","remotePort":49255},"msg":"incoming request"}
@avlp/api:dev: {"timestamp":"2026-10-02T08:48:04.390Z","level":"info","event":"api.request_received","fields":{"correlationId":"01a0fbcc-9726-7ee1-975d-734f4aa8fa7c","method":"GET","route":"/projects/:projectId/renders","service":"api"}}
@avlp/api:dev: {"level":30,"time":1790930884432,"pid":15536,"hostname":"DESKTOP-HQ6B2T1","reqId":"req-2y","res":{"statusCode":200},"responseTime":43.67589999991469,"msg":"request completed"}
@avlp/api:dev: {"level":30,"time":1790930887445,"pid":15536,"hostname":"DESKTOP-HQ6B2T1","reqId":"req-2z","req":{"method":"GET","url":"[REDACTED]","host":"localhost:3001","remoteAddress":"127.0.0.1","remotePort":49255},"msg":"incoming request"}
@avlp/api:dev: {"timestamp":"2026-10-02T08:48:07.446Z","level":"info","event":"api.request_received","fields":{"correlationId":"01a0fbcc-a316-798d-9a82-f72c18ae73ee","method":"GET","route":"/projects/:projectId/renders","service":"api"}}
@avlp/api:dev: {"level":30,"time":1790930887489,"pid":15536,"hostname":"DESKTOP-HQ6B2T1","reqId":"req-2z","res":{"statusCode":200},"responseTime":43.21450000000186,"msg":"request completed"}
@avlp/api:dev: {"level":30,"time":1790930890504,"pid":15536,"hostname":"DESKTOP-HQ6B2T1","reqId":"req-30","req":{"method":"GET","url":"[REDACTED]","host":"localhost:3001","remoteAddress":"127.0.0.1","remotePort":49255},"msg":"incoming request"}
@avlp/api:dev: {"timestamp":"2026-10-02T08:48:10.504Z","level":"info","event":"api.request_received","fields":{"correlationId":"01a0fbcc-af08-7473-8bfb-b6553bc56439","method":"GET","route":"/projects/:projectId/renders","service":"api"}}
@avlp/api:dev: {"level":30,"time":1790930890556,"pid":15536,"hostname":"DESKTOP-HQ6B2T1","reqId":"req-30","res":{"statusCode":200},"responseTime":51.96020000008866,"msg":"request completed"}
@avlp/api:dev: {"level":30,"time":1790930893570,"pid":15536,"hostname":"DESKTOP-HQ6B2T1","reqId":"req-31","req":{"method":"GET","url":"[REDACTED]","host":"localhost:3001","remoteAddress":"127.0.0.1","remotePort":49255},"msg":"incoming request"}
@avlp/api:dev: {"timestamp":"2026-10-02T08:48:13.570Z","level":"info","event":"api.request_received","fields":{"correlationId":"01a0fbcc-bb02-72d9-8c2c-32388d02055e","method":"GET","route":"/projects/:projectId/renders","service":"api"}}
@avlp/api:dev: {"level":30,"time":1790930893664,"pid":15536,"hostname":"DESKTOP-HQ6B2T1","reqId":"req-31","res":{"statusCode":200},"responseTime":94.31130000017583,"msg":"request completed"}
@avlp/api:dev: {"level":30,"time":1790930896680,"pid":15536,"hostname":"DESKTOP-HQ6B2T1","reqId":"req-32","req":{"method":"GET","url":"[REDACTED]","host":"localhost:3001","remoteAddress":"127.0.0.1","remotePort":49255},"msg":"incoming request"}
@avlp/api:dev: {"timestamp":"2026-10-02T08:48:16.680Z","level":"info","event":"api.request_received","fields":{"correlationId":"01a0fbcc-c728-7f4e-8398-829ad157e482","method":"GET","route":"/projects/:projectId/renders","service":"api"}}
@avlp/api:dev: {"level":30,"time":1790930896716,"pid":15536,"hostname":"DESKTOP-HQ6B2T1","reqId":"req-32","res":{"statusCode":200},"responseTime":36.240800000028685,"msg":"request completed"}
@avlp/api:dev: {"level":30,"time":1790930899730,"pid":15536,"hostname":"DESKTOP-HQ6B2T1","reqId":"req-33","req":{"method":"GET","url":"[REDACTED]","host":"localhost:3001","remoteAddress":"127.0.0.1","remotePort":49255},"msg":"incoming request"}
@avlp/api:dev: {"timestamp":"2026-10-02T08:48:19.731Z","level":"info","event":"api.request_received","fields":{"correlationId":"01a0fbcc-d313-7e47-b141-4a9603b8eec9","method":"GET","route":"/projects/:projectId/renders","service":"api"}}
@avlp/api:dev: {"level":30,"time":1790930899764,"pid":15536,"hostname":"DESKTOP-HQ6B2T1","reqId":"req-33","res":{"statusCode":200},"responseTime":33.0344000000041,"msg":"request completed"}
@avlp/api:dev: {"level":30,"time":1790930902780,"pid":15536,"hostname":"DESKTOP-HQ6B2T1","reqId":"req-34","req":{"method":"GET","url":"[REDACTED]","host":"localhost:3001","remoteAddress":"127.0.0.1","remotePort":49255},"msg":"incoming request"}
@avlp/api:dev: {"timestamp":"2026-10-02T08:48:22.780Z","level":"info","event":"api.request_received","fields":{"correlationId":"01a0fbcc-defc-7e6c-8fc5-f059331d79b5","method":"GET","route":"/projects/:projectId/renders","service":"api"}}
@avlp/api:dev: {"level":30,"time":1790930902813,"pid":15536,"hostname":"DESKTOP-HQ6B2T1","reqId":"req-34","res":{"statusCode":200},"responseTime":32.78529999987222,"msg":"request completed"}
@avlp/api:dev: {"level":30,"time":1790930905830,"pid":15536,"hostname":"DESKTOP-HQ6B2T1","reqId":"req-35","req":{"method":"GET","url":"[REDACTED]","host":"localhost:3001","remoteAddress":"127.0.0.1","remotePort":49255},"msg":"incoming request"}
@avlp/api:dev: {"timestamp":"2026-10-02T08:48:25.830Z","level":"info","event":"api.request_received","fields":{"correlationId":"01a0fbcc-eae6-7ebb-920b-cda368f25745","method":"GET","route":"/projects/:projectId/renders","service":"api"}}
@avlp/api:dev: {"level":30,"time":1790930905864,"pid":15536,"hostname":"DESKTOP-HQ6B2T1","reqId":"req-35","res":{"statusCode":200},"responseTime":34.054699999978766,"msg":"request completed"}
@avlp/api:dev: {"level":30,"time":1790930908880,"pid":15536,"hostname":"DESKTOP-HQ6B2T1","reqId":"req-36","req":{"method":"GET","url":"[REDACTED]","host":"localhost:3001","remoteAddress":"127.0.0.1","remotePort":49255},"msg":"incoming request"}
@avlp/api:dev: {"timestamp":"2026-10-02T08:48:28.880Z","level":"info","event":"api.request_received","fields":{"correlationId":"01a0fbcc-f6d0-78f3-8997-48241d03be67","method":"GET","route":"/projects/:projectId/renders","service":"api"}}
@avlp/api:dev: {"level":30,"time":1790930908913,"pid":15536,"hostname":"DESKTOP-HQ6B2T1","reqId":"req-36","res":{"statusCode":200},"responseTime":32.586499999975786,"msg":"request completed"}
@avlp/api:dev: {"level":30,"time":1790930911931,"pid":15536,"hostname":"DESKTOP-HQ6B2T1","reqId":"req-37","req":{"method":"GET","url":"[REDACTED]","host":"localhost:3001","remoteAddress":"127.0.0.1","remotePort":49255},"msg":"incoming request"}
@avlp/api:dev: {"timestamp":"2026-10-02T08:48:31.932Z","level":"info","event":"api.request_received","fields":{"correlationId":"01a0fbcd-02bb-7f3c-87ae-b797c09fcb31","method":"GET","route":"/projects/:projectId/renders","service":"api"}}
@avlp/api:dev: {"level":30,"time":1790930911969,"pid":15536,"hostname":"DESKTOP-HQ6B2T1","reqId":"req-37","res":{"statusCode":200},"responseTime":37.39419999998063,"msg":"request completed"}
@avlp/api:dev: {"level":30,"time":1790930914981,"pid":15536,"hostname":"DESKTOP-HQ6B2T1","reqId":"req-38","req":{"method":"GET","url":"[REDACTED]","host":"localhost:3001","remoteAddress":"127.0.0.1","remotePort":49255},"msg":"incoming request"}
@avlp/api:dev: {"timestamp":"2026-10-02T08:48:34.981Z","level":"info","event":"api.request_received","fields":{"correlationId":"01a0fbcd-0ea5-7526-9826-c821d0497205","method":"GET","route":"/projects/:projectId/renders","service":"api"}}
@avlp/api:dev: {"level":30,"time":1790930915090,"pid":15536,"hostname":"DESKTOP-HQ6B2T1","reqId":"req-38","res":{"statusCode":200},"responseTime":108.83539999998175,"msg":"request completed"}
@avlp/api:dev: {"level":30,"time":1790930918114,"pid":15536,"hostname":"DESKTOP-HQ6B2T1","reqId":"req-39","req":{"method":"GET","url":"[REDACTED]","host":"localhost:3001","remoteAddress":"127.0.0.1","remotePort":49255},"msg":"incoming request"}
@avlp/api:dev: {"timestamp":"2026-10-02T08:48:38.115Z","level":"info","event":"api.request_received","fields":{"correlationId":"01a0fbcd-1ae2-7c24-8112-9b79d6f502bc","method":"GET","route":"/projects/:projectId/renders","service":"api"}}
@avlp/api:dev: {"level":30,"time":1790930918211,"pid":15536,"hostname":"DESKTOP-HQ6B2T1","reqId":"req-39","res":{"statusCode":200},"responseTime":96.69740000017919,"msg":"request completed"}
@avlp/api:dev: {"level":30,"time":1790930921222,"pid":15536,"hostname":"DESKTOP-HQ6B2T1","reqId":"req-3a","req":{"method":"GET","url":"[REDACTED]","host":"localhost:3001","remoteAddress":"127.0.0.1","remotePort":49255},"msg":"incoming request"}
@avlp/api:dev: {"timestamp":"2026-10-02T08:48:41.223Z","level":"info","event":"api.request_received","fields":{"correlationId":"01a0fbcd-2706-723b-98da-dcbf7c3db552","method":"GET","route":"/projects/:projectId/renders","service":"api"}}
@avlp/api:dev: {"level":30,"time":1790930921264,"pid":15536,"hostname":"DESKTOP-HQ6B2T1","reqId":"req-3a","res":{"statusCode":200},"responseTime":42.18640000000596,"msg":"request completed"}
@avlp/api:dev: {"level":30,"time":1790930924275,"pid":15536,"hostname":"DESKTOP-HQ6B2T1","reqId":"req-3b","req":{"method":"GET","url":"[REDACTED]","host":"localhost:3001","remoteAddress":"127.0.0.1","remotePort":49255},"msg":"incoming request"}
@avlp/api:dev: {"timestamp":"2026-10-02T08:48:44.276Z","level":"info","event":"api.request_received","fields":{"correlationId":"01a0fbcd-32f3-772d-afea-f3e1d7aa0f98","method":"GET","route":"/projects/:projectId/renders","service":"api"}}
@avlp/api:dev: {"level":30,"time":1790930924318,"pid":15536,"hostname":"DESKTOP-HQ6B2T1","reqId":"req-3b","res":{"statusCode":200},"responseTime":42.3609000002034,"msg":"request completed"}
@avlp/api:dev: {"level":30,"time":1790930927331,"pid":15536,"hostname":"DESKTOP-HQ6B2T1","reqId":"req-3c","req":{"method":"GET","url":"[REDACTED]","host":"localhost:3001","remoteAddress":"127.0.0.1","remotePort":49255},"msg":"incoming request"}
@avlp/api:dev: {"timestamp":"2026-10-02T08:48:47.331Z","level":"info","event":"api.request_received","fields":{"correlationId":"01a0fbcd-3ee3-77c0-9049-9b4f0fa70765","method":"GET","route":"/projects/:projectId/renders","service":"api"}}
@avlp/api:dev: {"level":30,"time":1790930927367,"pid":15536,"hostname":"DESKTOP-HQ6B2T1","reqId":"req-3c","res":{"statusCode":200},"responseTime":36.31780000007711,"msg":"request completed"}
@avlp/api:dev: {"level":30,"time":1790930930380,"pid":15536,"hostname":"DESKTOP-HQ6B2T1","reqId":"req-3d","req":{"method":"GET","url":"[REDACTED]","host":"localhost:3001","remoteAddress":"127.0.0.1","remotePort":49255},"msg":"incoming request"}
@avlp/api:dev: {"timestamp":"2026-10-02T08:48:50.381Z","level":"info","event":"api.request_received","fields":{"correlationId":"01a0fbcd-4acc-716f-9c0a-b16b521003ab","method":"GET","route":"/projects/:projectId/renders","service":"api"}}
@avlp/api:dev: {"level":30,"time":1790930930419,"pid":15536,"hostname":"DESKTOP-HQ6B2T1","reqId":"req-3d","res":{"statusCode":200},"responseTime":38.327900000149384,"msg":"request completed"}
@avlp/api:dev: {"level":30,"time":1790930933431,"pid":15536,"hostname":"DESKTOP-HQ6B2T1","reqId":"req-3e","req":{"method":"GET","url":"[REDACTED]","host":"localhost:3001","remoteAddress":"127.0.0.1","remotePort":49255},"msg":"incoming request"}
@avlp/api:dev: {"timestamp":"2026-10-02T08:48:53.431Z","level":"info","event":"api.request_received","fields":{"correlationId":"01a0fbcd-56b7-7955-87af-4bf760ff614e","method":"GET","route":"/projects/:projectId/renders","service":"api"}}
@avlp/api:dev: {"level":30,"time":1790930933464,"pid":15536,"hostname":"DESKTOP-HQ6B2T1","reqId":"req-3e","res":{"statusCode":200},"responseTime":32.83499999996275,"msg":"request completed"}
@avlp/api:dev: {"level":30,"time":1790930936479,"pid":15536,"hostname":"DESKTOP-HQ6B2T1","reqId":"req-3f","req":{"method":"GET","url":"[REDACTED]","host":"localhost:3001","remoteAddress":"127.0.0.1","remotePort":49255},"msg":"incoming request"}
@avlp/api:dev: {"timestamp":"2026-10-02T08:48:56.479Z","level":"info","event":"api.request_received","fields":{"correlationId":"01a0fbcd-629f-7c21-a5bc-af438c87b320","method":"GET","route":"/projects/:projectId/renders","service":"api"}}
@avlp/api:dev: {"level":30,"time":1790930936509,"pid":15536,"hostname":"DESKTOP-HQ6B2T1","reqId":"req-3f","res":{"statusCode":200},"responseTime":29.440500000026077,"msg":"request completed"}
@avlp/api:dev: {"level":30,"time":1790930939522,"pid":15536,"hostname":"DESKTOP-HQ6B2T1","reqId":"req-3g","req":{"method":"GET","url":"[REDACTED]","host":"localhost:3001","remoteAddress":"127.0.0.1","remotePort":49255},"msg":"incoming request"}
@avlp/api:dev: {"timestamp":"2026-10-02T08:48:59.523Z","level":"info","event":"api.request_received","fields":{"correlationId":"01a0fbcd-6e83-7b79-a8a5-535ee47b14ad","method":"GET","route":"/projects/:projectId/renders","service":"api"}}
@avlp/api:dev: {"level":30,"time":1790930939554,"pid":15536,"hostname":"DESKTOP-HQ6B2T1","reqId":"req-3g","res":{"statusCode":200},"responseTime":30.973800000036135,"msg":"request completed"}
@avlp/api:dev: {"level":30,"time":1790930942565,"pid":15536,"hostname":"DESKTOP-HQ6B2T1","reqId":"req-3h","req":{"method":"GET","url":"[REDACTED]","host":"localhost:3001","remoteAddress":"127.0.0.1","remotePort":49255},"msg":"incoming request"}
@avlp/api:dev: {"timestamp":"2026-10-02T08:49:02.565Z","level":"info","event":"api.request_received","fields":{"correlationId":"01a0fbcd-7a65-7c0c-a459-23e841335d27","method":"GET","route":"/projects/:projectId/renders","service":"api"}}
@avlp/api:dev: {"level":30,"time":1790930942600,"pid":15536,"hostname":"DESKTOP-HQ6B2T1","reqId":"req-3h","res":{"statusCode":200},"responseTime":34.991900000022724,"msg":"request completed"}
@avlp/api:dev: {"level":30,"time":1790930945612,"pid":15536,"hostname":"DESKTOP-HQ6B2T1","reqId":"req-3i","req":{"method":"GET","url":"[REDACTED]","host":"localhost:3001","remoteAddress":"127.0.0.1","remotePort":49255},"msg":"incoming request"}
@avlp/api:dev: {"timestamp":"2026-10-02T08:49:05.613Z","level":"info","event":"api.request_received","fields":{"correlationId":"01a0fbcd-864c-75e1-93d8-84fac528ad82","method":"GET","route":"/projects/:projectId/renders","service":"api"}}
@avlp/api:dev: {"level":30,"time":1790930945658,"pid":15536,"hostname":"DESKTOP-HQ6B2T1","reqId":"req-3i","res":{"statusCode":200},"responseTime":45.487500000046566,"msg":"request completed"}
@avlp/api:dev: {"level":30,"time":1790930948672,"pid":15536,"hostname":"DESKTOP-HQ6B2T1","reqId":"req-3j","req":{"method":"GET","url":"[REDACTED]","host":"localhost:3001","remoteAddress":"127.0.0.1","remotePort":49255},"msg":"incoming request"}
@avlp/api:dev: {"timestamp":"2026-10-02T08:49:08.672Z","level":"info","event":"api.request_received","fields":{"correlationId":"01a0fbcd-9240-7edf-b992-8214eb1aaeec","method":"GET","route":"/projects/:projectId/renders","service":"api"}}
@avlp/api:dev: {"level":30,"time":1790930948701,"pid":15536,"hostname":"DESKTOP-HQ6B2T1","reqId":"req-3j","res":{"statusCode":200},"responseTime":29.56540000019595,"msg":"request completed"}
@avlp/api:dev: {"level":30,"time":1790930951712,"pid":15536,"hostname":"DESKTOP-HQ6B2T1","reqId":"req-3k","req":{"method":"GET","url":"[REDACTED]","host":"localhost:3001","remoteAddress":"127.0.0.1","remotePort":49255},"msg":"incoming request"}
@avlp/api:dev: {"timestamp":"2026-10-02T08:49:11.713Z","level":"info","event":"api.request_received","fields":{"correlationId":"01a0fbcd-9e21-7419-8a5f-109dbe473ec2","method":"GET","route":"/projects/:projectId/renders","service":"api"}}
@avlp/api:dev: {"level":30,"time":1790930951753,"pid":15536,"hostname":"DESKTOP-HQ6B2T1","reqId":"req-3k","res":{"statusCode":200},"responseTime":40.19479999993928,"msg":"request completed"}
@avlp/api:dev: {"level":30,"time":1790930954773,"pid":15536,"hostname":"DESKTOP-HQ6B2T1","reqId":"req-3l","req":{"method":"GET","url":"[REDACTED]","host":"localhost:3001","remoteAddress":"127.0.0.1","remotePort":49255},"msg":"incoming request"}
@avlp/api:dev: {"timestamp":"2026-10-02T08:49:14.773Z","level":"info","event":"api.request_received","fields":{"correlationId":"01a0fbcd-aa15-706d-ab85-89ccda3f4fc8","method":"GET","route":"/projects/:projectId/renders","service":"api"}}
@avlp/api:dev: {"level":30,"time":1790930954815,"pid":15536,"hostname":"DESKTOP-HQ6B2T1","reqId":"req-3l","res":{"statusCode":200},"responseTime":42.16899999999441,"msg":"request completed"}
@avlp/api:dev: {"level":30,"time":1790930957830,"pid":15536,"hostname":"DESKTOP-HQ6B2T1","reqId":"req-3m","req":{"method":"GET","url":"[REDACTED]","host":"localhost:3001","remoteAddress":"127.0.0.1","remotePort":49255},"msg":"incoming request"}
@avlp/api:dev: {"timestamp":"2026-10-02T08:49:17.830Z","level":"info","event":"api.request_received","fields":{"correlationId":"01a0fbcd-b606-779b-aef2-526d39b58583","method":"GET","route":"/projects/:projectId/renders","service":"api"}}
@avlp/api:dev: {"level":30,"time":1790930957860,"pid":15536,"hostname":"DESKTOP-HQ6B2T1","reqId":"req-3m","res":{"statusCode":200},"responseTime":30.331500000087544,"msg":"request completed"}
@avlp/api:dev: {"level":30,"time":1790930960872,"pid":15536,"hostname":"DESKTOP-HQ6B2T1","reqId":"req-3n","req":{"method":"GET","url":"[REDACTED]","host":"localhost:3001","remoteAddress":"127.0.0.1","remotePort":49255},"msg":"incoming request"}
@avlp/api:dev: {"timestamp":"2026-10-02T08:49:20.873Z","level":"info","event":"api.request_received","fields":{"correlationId":"01a0fbcd-c1e9-7432-85b2-740f6fb3f723","method":"GET","route":"/projects/:projectId/renders","service":"api"}}
@avlp/api:dev: {"level":30,"time":1790930960942,"pid":15536,"hostname":"DESKTOP-HQ6B2T1","reqId":"req-3n","res":{"statusCode":200},"responseTime":69.79729999997653,"msg":"request completed"}
@avlp/api:dev: {"level":30,"time":1790930963955,"pid":15536,"hostname":"DESKTOP-HQ6B2T1","reqId":"req-3o","req":{"method":"GET","url":"[REDACTED]","host":"localhost:3001","remoteAddress":"127.0.0.1","remotePort":49255},"msg":"incoming request"}
@avlp/api:dev: {"timestamp":"2026-10-02T08:49:23.956Z","level":"info","event":"api.request_received","fields":{"correlationId":"01a0fbcd-cdf3-783d-bb31-6ebcedb04467","method":"GET","route":"/projects/:projectId/renders","service":"api"}}
@avlp/api:dev: {"level":30,"time":1790930963989,"pid":15536,"hostname":"DESKTOP-HQ6B2T1","reqId":"req-3o","res":{"statusCode":200},"responseTime":34.3163999998942,"msg":"request completed"}
@avlp/api:dev: {"level":30,"time":1790930967005,"pid":15536,"hostname":"DESKTOP-HQ6B2T1","reqId":"req-3p","req":{"method":"GET","url":"[REDACTED]","host":"localhost:3001","remoteAddress":"127.0.0.1","remotePort":49255},"msg":"incoming request"}
@avlp/api:dev: {"timestamp":"2026-10-02T08:49:27.005Z","level":"info","event":"api.request_received","fields":{"correlationId":"01a0fbcd-d9dd-7e37-84b4-de68e17e5aeb","method":"GET","route":"/projects/:projectId/renders","service":"api"}}
@avlp/api:dev: {"level":30,"time":1790930967052,"pid":15536,"hostname":"DESKTOP-HQ6B2T1","reqId":"req-3p","res":{"statusCode":200},"responseTime":47.11449999990873,"msg":"request completed"}
@avlp/api:dev: {"level":30,"time":1790930970072,"pid":15536,"hostname":"DESKTOP-HQ6B2T1","reqId":"req-3q","req":{"method":"GET","url":"[REDACTED]","host":"localhost:3001","remoteAddress":"127.0.0.1","remotePort":49255},"msg":"incoming request"}
@avlp/api:dev: {"timestamp":"2026-10-02T08:49:30.073Z","level":"info","event":"api.request_received","fields":{"correlationId":"01a0fbcd-e5d8-725e-be90-688789d41277","method":"GET","route":"/projects/:projectId/renders","service":"api"}}
@avlp/api:dev: {"level":30,"time":1790930970122,"pid":15536,"hostname":"DESKTOP-HQ6B2T1","reqId":"req-3q","res":{"statusCode":200},"responseTime":49.970900000073016,"msg":"request completed"}
@avlp/api:dev: {"level":30,"time":1790930973140,"pid":15536,"hostname":"DESKTOP-HQ6B2T1","reqId":"req-3r","req":{"method":"GET","url":"[REDACTED]","host":"localhost:3001","remoteAddress":"127.0.0.1","remotePort":49255},"msg":"incoming request"}
@avlp/api:dev: {"timestamp":"2026-10-02T08:49:33.141Z","level":"info","event":"api.request_received","fields":{"correlationId":"01a0fbcd-f1d5-76ba-864a-2f16ec59e8e0","method":"GET","route":"/projects/:projectId/renders","service":"api"}}
@avlp/api:dev: {"level":30,"time":1790930973182,"pid":15536,"hostname":"DESKTOP-HQ6B2T1","reqId":"req-3r","res":{"statusCode":200},"responseTime":41.371199999935925,"msg":"request completed"}
@avlp/api:dev: {"level":30,"time":1790930976197,"pid":15536,"hostname":"DESKTOP-HQ6B2T1","reqId":"req-3s","req":{"method":"GET","url":"[REDACTED]","host":"localhost:3001","remoteAddress":"127.0.0.1","remotePort":49255},"msg":"incoming request"}
@avlp/api:dev: {"timestamp":"2026-10-02T08:49:36.197Z","level":"info","event":"api.request_received","fields":{"correlationId":"01a0fbcd-fdc5-74a1-8721-ec83d70e8c4e","method":"GET","route":"/projects/:projectId/renders","service":"api"}}
@avlp/api:dev: {"level":30,"time":1790930976246,"pid":15536,"hostname":"DESKTOP-HQ6B2T1","reqId":"req-3s","res":{"statusCode":200},"responseTime":48.984700000146404,"msg":"request completed"}
@avlp/api:dev: {"level":30,"time":1790930979256,"pid":15536,"hostname":"DESKTOP-HQ6B2T1","reqId":"req-3t","req":{"method":"GET","url":"[REDACTED]","host":"localhost:3001","remoteAddress":"127.0.0.1","remotePort":49255},"msg":"incoming request"}
@avlp/api:dev: {"timestamp":"2026-10-02T08:49:39.257Z","level":"info","event":"api.request_received","fields":{"correlationId":"01a0fbce-09b8-7717-b956-5b87745fbc29","method":"GET","route":"/projects/:projectId/renders","service":"api"}}
@avlp/api:dev: {"level":30,"time":1790930979288,"pid":15536,"hostname":"DESKTOP-HQ6B2T1","reqId":"req-3t","res":{"statusCode":200},"responseTime":32.13679999997839,"msg":"request completed"}
@avlp/api:dev: {"level":30,"time":1790930982306,"pid":15536,"hostname":"DESKTOP-HQ6B2T1","reqId":"req-3u","req":{"method":"GET","url":"[REDACTED]","host":"localhost:3001","remoteAddress":"127.0.0.1","remotePort":49255},"msg":"incoming request"}
@avlp/api:dev: {"timestamp":"2026-10-02T08:49:42.307Z","level":"info","event":"api.request_received","fields":{"correlationId":"01a0fbce-15a2-7795-b6cd-b7ce93a7a034","method":"GET","route":"/projects/:projectId/renders","service":"api"}}
@avlp/api:dev: {"level":30,"time":1790930982368,"pid":15536,"hostname":"DESKTOP-HQ6B2T1","reqId":"req-3u","res":{"statusCode":200},"responseTime":61.38109999988228,"msg":"request completed"}
@avlp/api:dev: {"level":30,"time":1790930985381,"pid":15536,"hostname":"DESKTOP-HQ6B2T1","reqId":"req-3v","req":{"method":"GET","url":"[REDACTED]","host":"localhost:3001","remoteAddress":"127.0.0.1","remotePort":49255},"msg":"incoming request"}
@avlp/api:dev: {"timestamp":"2026-10-02T08:49:45.381Z","level":"info","event":"api.request_received","fields":{"correlationId":"01a0fbce-21a5-79bd-bd0e-313d05f9b7a5","method":"GET","route":"/projects/:projectId/renders","service":"api"}}
@avlp/api:dev: {"level":30,"time":1790930985412,"pid":15536,"hostname":"DESKTOP-HQ6B2T1","reqId":"req-3v","res":{"statusCode":200},"responseTime":31.171000000089407,"msg":"request completed"}
@avlp/api:dev: {"level":30,"time":1790930988423,"pid":15536,"hostname":"DESKTOP-HQ6B2T1","reqId":"req-3w","req":{"method":"GET","url":"[REDACTED]","host":"localhost:3001","remoteAddress":"127.0.0.1","remotePort":49255},"msg":"incoming request"}
@avlp/api:dev: {"timestamp":"2026-10-02T08:49:48.423Z","level":"info","event":"api.request_received","fields":{"correlationId":"01a0fbce-2d87-745f-9303-b5d68d164ab5","method":"GET","route":"/projects/:projectId/renders","service":"api"}}
@avlp/api:dev: {"level":30,"time":1790930988457,"pid":15536,"hostname":"DESKTOP-HQ6B2T1","reqId":"req-3w","res":{"statusCode":200},"responseTime":34.20149999996647,"msg":"request completed"}
@avlp/api:dev: {"level":30,"time":1790930991472,"pid":15536,"hostname":"DESKTOP-HQ6B2T1","reqId":"req-3x","req":{"method":"GET","url":"[REDACTED]","host":"localhost:3001","remoteAddress":"127.0.0.1","remotePort":49255},"msg":"incoming request"}
@avlp/api:dev: {"timestamp":"2026-10-02T08:49:51.472Z","level":"info","event":"api.request_received","fields":{"correlationId":"01a0fbce-3970-75da-8ffc-103feb25d444","method":"GET","route":"/projects/:projectId/renders","service":"api"}}
@avlp/api:dev: {"level":30,"time":1790930991501,"pid":15536,"hostname":"DESKTOP-HQ6B2T1","reqId":"req-3x","res":{"statusCode":200},"responseTime":29.405199999921024,"msg":"request completed"}
@avlp/api:dev: {"level":30,"time":1790930994513,"pid":15536,"hostname":"DESKTOP-HQ6B2T1","reqId":"req-3y","req":{"method":"GET","url":"[REDACTED]","host":"localhost:3001","remoteAddress":"127.0.0.1","remotePort":49255},"msg":"incoming request"}
@avlp/api:dev: {"timestamp":"2026-10-02T08:49:54.514Z","level":"info","event":"api.request_received","fields":{"correlationId":"01a0fbce-4551-71fd-a95c-2d354cbc35d5","method":"GET","route":"/projects/:projectId/renders","service":"api"}}
@avlp/api:dev: {"level":30,"time":1790930994554,"pid":15536,"hostname":"DESKTOP-HQ6B2T1","reqId":"req-3y","res":{"statusCode":200},"responseTime":40.98519999999553,"msg":"request completed"}
@avlp/api:dev: {"level":30,"time":1790930997572,"pid":15536,"hostname":"DESKTOP-HQ6B2T1","reqId":"req-3z","req":{"method":"GET","url":"[REDACTED]","host":"localhost:3001","remoteAddress":"127.0.0.1","remotePort":49255},"msg":"incoming request"}
@avlp/api:dev: {"timestamp":"2026-10-02T08:49:57.572Z","level":"info","event":"api.request_received","fields":{"correlationId":"01a0fbce-5144-7394-a958-663879252544","method":"GET","route":"/projects/:projectId/renders","service":"api"}}
@avlp/api:dev: {"level":30,"time":1790930997608,"pid":15536,"hostname":"DESKTOP-HQ6B2T1","reqId":"req-3z","res":{"statusCode":200},"responseTime":36.11810000007972,"msg":"request completed"}
@avlp/api:dev: {"level":30,"time":1790931000623,"pid":15536,"hostname":"DESKTOP-HQ6B2T1","reqId":"req-40","req":{"method":"GET","url":"[REDACTED]","host":"localhost:3001","remoteAddress":"127.0.0.1","remotePort":49255},"msg":"incoming request"}
@avlp/api:dev: {"timestamp":"2026-10-02T08:50:00.624Z","level":"info","event":"api.request_received","fields":{"correlationId":"01a0fbce-5d2f-7fb2-9972-63dc54a2e1f5","method":"GET","route":"/projects/:projectId/renders","service":"api"}}
@avlp/api:dev: {"level":30,"time":1790931000655,"pid":15536,"hostname":"DESKTOP-HQ6B2T1","reqId":"req-40","res":{"statusCode":200},"responseTime":31.653299999888986,"msg":"request completed"}
@avlp/api:dev: {"level":30,"time":1790931003666,"pid":15536,"hostname":"DESKTOP-HQ6B2T1","reqId":"req-41","req":{"method":"GET","url":"[REDACTED]","host":"localhost:3001","remoteAddress":"127.0.0.1","remotePort":49255},"msg":"incoming request"}
@avlp/api:dev: {"timestamp":"2026-10-02T08:50:03.666Z","level":"info","event":"api.request_received","fields":{"correlationId":"01a0fbce-6912-7bc6-abb3-ff992968dbf1","method":"GET","route":"/projects/:projectId/renders","service":"api"}}
@avlp/api:dev: {"level":30,"time":1790931003706,"pid":15536,"hostname":"DESKTOP-HQ6B2T1","reqId":"req-41","res":{"statusCode":200},"responseTime":40.05610000016168,"msg":"request completed"}
@avlp/api:dev: {"level":30,"time":1790931006722,"pid":15536,"hostname":"DESKTOP-HQ6B2T1","reqId":"req-42","req":{"method":"GET","url":"[REDACTED]","host":"localhost:3001","remoteAddress":"127.0.0.1","remotePort":49255},"msg":"incoming request"}
@avlp/api:dev: {"timestamp":"2026-10-02T08:50:06.723Z","level":"info","event":"api.request_received","fields":{"correlationId":"01a0fbce-7502-7b91-b6e2-41953f15816b","method":"GET","route":"/projects/:projectId/renders","service":"api"}}
@avlp/api:dev: {"level":30,"time":1790931006761,"pid":15536,"hostname":"DESKTOP-HQ6B2T1","reqId":"req-42","res":{"statusCode":200},"responseTime":39.19840000011027,"msg":"request completed"}
@avlp/api:dev: {"level":30,"time":1790931009781,"pid":15536,"hostname":"DESKTOP-HQ6B2T1","reqId":"req-43","req":{"method":"GET","url":"[REDACTED]","host":"localhost:3001","remoteAddress":"127.0.0.1","remotePort":49255},"msg":"incoming request"}
@avlp/api:dev: {"timestamp":"2026-10-02T08:50:09.781Z","level":"info","event":"api.request_received","fields":{"correlationId":"01a0fbce-80f5-7b06-ac9a-04908b7df5c1","method":"GET","route":"/projects/:projectId/renders","service":"api"}}
@avlp/api:dev: {"level":30,"time":1790931009809,"pid":15536,"hostname":"DESKTOP-HQ6B2T1","reqId":"req-43","res":{"statusCode":200},"responseTime":28.57010000012815,"msg":"request completed"}
@avlp/api:dev: {"level":30,"time":1790931012831,"pid":15536,"hostname":"DESKTOP-HQ6B2T1","reqId":"req-44","req":{"method":"GET","url":"[REDACTED]","host":"localhost:3001","remoteAddress":"127.0.0.1","remotePort":49255},"msg":"incoming request"}
@avlp/api:dev: {"timestamp":"2026-10-02T08:50:12.832Z","level":"info","event":"api.request_received","fields":{"correlationId":"01a0fbce-8ce0-7cce-ba1b-152a1658235e","method":"GET","route":"/projects/:projectId/renders","service":"api"}}
@avlp/api:dev: {"level":30,"time":1790931012881,"pid":15536,"hostname":"DESKTOP-HQ6B2T1","reqId":"req-44","res":{"statusCode":200},"responseTime":49.66810000035912,"msg":"request completed"}
@avlp/api:dev: {"level":30,"time":1790931015904,"pid":15536,"hostname":"DESKTOP-HQ6B2T1","reqId":"req-45","req":{"method":"GET","url":"[REDACTED]","host":"localhost:3001","remoteAddress":"127.0.0.1","remotePort":58028},"msg":"incoming request"}
@avlp/api:dev: {"timestamp":"2026-10-02T08:50:15.904Z","level":"info","event":"api.request_received","fields":{"correlationId":"01a0fbce-98e0-785f-9cd8-4192c9e7bba0","method":"GET","route":"/projects/:projectId/renders","service":"api"}}
@avlp/api:dev: {"level":30,"time":1790931015940,"pid":15536,"hostname":"DESKTOP-HQ6B2T1","reqId":"req-45","res":{"statusCode":200},"responseTime":36.123299999628216,"msg":"request completed"}
@avlp/api:dev: {"level":30,"time":1790931018956,"pid":15536,"hostname":"DESKTOP-HQ6B2T1","reqId":"req-46","req":{"method":"GET","url":"[REDACTED]","host":"localhost:3001","remoteAddress":"127.0.0.1","remotePort":58028},"msg":"incoming request"}
@avlp/api:dev: {"timestamp":"2026-10-02T08:50:18.957Z","level":"info","event":"api.request_received","fields":{"correlationId":"01a0fbce-a4cc-77d3-b807-cc9894d9f3ec","method":"GET","route":"/projects/:projectId/renders","service":"api"}}
@avlp/api:dev: {"level":30,"time":1790931018997,"pid":15536,"hostname":"DESKTOP-HQ6B2T1","reqId":"req-46","res":{"statusCode":200},"responseTime":41.016500000376254,"msg":"request completed"}
@avlp/api:dev: {"level":30,"time":1790931022013,"pid":15536,"hostname":"DESKTOP-HQ6B2T1","reqId":"req-47","req":{"method":"GET","url":"[REDACTED]","host":"localhost:3001","remoteAddress":"127.0.0.1","remotePort":58028},"msg":"incoming request"}
@avlp/api:dev: {"timestamp":"2026-10-02T08:50:22.014Z","level":"info","event":"api.request_received","fields":{"correlationId":"01a0fbce-b0bd-7b0d-a699-5f61f7800495","method":"GET","route":"/projects/:projectId/renders","service":"api"}}
@avlp/api:dev: {"level":30,"time":1790931022044,"pid":15536,"hostname":"DESKTOP-HQ6B2T1","reqId":"req-47","res":{"statusCode":200},"responseTime":31.089099999982864,"msg":"request completed"}
@avlp/api:dev: {"level":30,"time":1790931025057,"pid":15536,"hostname":"DESKTOP-HQ6B2T1","reqId":"req-48","req":{"method":"GET","url":"[REDACTED]","host":"localhost:3001","remoteAddress":"127.0.0.1","remotePort":58028},"msg":"incoming request"}
@avlp/api:dev: {"timestamp":"2026-10-02T08:50:25.058Z","level":"info","event":"api.request_received","fields":{"correlationId":"01a0fbce-bca1-7357-bfff-05f0b7d7db99","method":"GET","route":"/projects/:projectId/renders","service":"api"}}
@avlp/api:dev: {"level":30,"time":1790931025116,"pid":15536,"hostname":"DESKTOP-HQ6B2T1","reqId":"req-48","res":{"statusCode":200},"responseTime":58.664000000339,"msg":"request completed"}
@avlp/api:dev: {"level":30,"time":1790931028137,"pid":15536,"hostname":"DESKTOP-HQ6B2T1","reqId":"req-49","req":{"method":"GET","url":"[REDACTED]","host":"localhost:3001","remoteAddress":"127.0.0.1","remotePort":58028},"msg":"incoming request"}
@avlp/api:dev: {"timestamp":"2026-10-02T08:50:28.137Z","level":"info","event":"api.request_received","fields":{"correlationId":"01a0fbce-c8a9-76ca-ac34-144afb447929","method":"GET","route":"/projects/:projectId/renders","service":"api"}}
@avlp/api:dev: {"level":30,"time":1790931028166,"pid":15536,"hostname":"DESKTOP-HQ6B2T1","reqId":"req-49","res":{"statusCode":200},"responseTime":29.21639999980107,"msg":"request completed"}
@avlp/api:dev: {"level":30,"time":1790931031180,"pid":15536,"hostname":"DESKTOP-HQ6B2T1","reqId":"req-4a","req":{"method":"GET","url":"[REDACTED]","host":"localhost:3001","remoteAddress":"127.0.0.1","remotePort":58028},"msg":"incoming request"}
@avlp/api:dev: {"timestamp":"2026-10-02T08:50:31.181Z","level":"info","event":"api.request_received","fields":{"correlationId":"01a0fbce-d48c-73fa-bd58-4a88f74ea542","method":"GET","route":"/projects/:projectId/renders","service":"api"}}
@avlp/api:dev: {"level":30,"time":1790931031212,"pid":15536,"hostname":"DESKTOP-HQ6B2T1","reqId":"req-4a","res":{"statusCode":200},"responseTime":31.715100000146776,"msg":"request completed"}
@avlp/api:dev: {"level":30,"time":1790931034230,"pid":15536,"hostname":"DESKTOP-HQ6B2T1","reqId":"req-4b","req":{"method":"GET","url":"[REDACTED]","host":"localhost:3001","remoteAddress":"127.0.0.1","remotePort":58028},"msg":"incoming request"}
@avlp/api:dev: {"timestamp":"2026-10-02T08:50:34.231Z","level":"info","event":"api.request_received","fields":{"correlationId":"01a0fbce-e077-77ef-ac4a-d3b151fa1b0b","method":"GET","route":"/projects/:projectId/renders","service":"api"}}
@avlp/api:dev: {"level":30,"time":1790931034263,"pid":15536,"hostname":"DESKTOP-HQ6B2T1","reqId":"req-4b","res":{"statusCode":200},"responseTime":32.62960000010207,"msg":"request completed"}
@avlp/api:dev: {"level":30,"time":1790931037283,"pid":15536,"hostname":"DESKTOP-HQ6B2T1","reqId":"req-4c","req":{"method":"GET","url":"[REDACTED]","host":"localhost:3001","remoteAddress":"127.0.0.1","remotePort":58028},"msg":"incoming request"}
@avlp/api:dev: {"timestamp":"2026-10-02T08:50:37.284Z","level":"info","event":"api.request_received","fields":{"correlationId":"01a0fbce-ec63-772a-ab28-b0d17c55797a","method":"GET","route":"/projects/:projectId/renders","service":"api"}}
@avlp/api:dev: {"level":30,"time":1790931037319,"pid":15536,"hostname":"DESKTOP-HQ6B2T1","reqId":"req-4c","res":{"statusCode":200},"responseTime":35.55949999997392,"msg":"request completed"}
@avlp/api:dev: {"level":30,"time":1790931040330,"pid":15536,"hostname":"DESKTOP-HQ6B2T1","reqId":"req-4d","req":{"method":"GET","url":"[REDACTED]","host":"localhost:3001","remoteAddress":"127.0.0.1","remotePort":58028},"msg":"incoming request"}
@avlp/api:dev: {"timestamp":"2026-10-02T08:50:40.330Z","level":"info","event":"api.request_received","fields":{"correlationId":"01a0fbce-f84a-7e52-ae32-b5528209dc66","method":"GET","route":"/projects/:projectId/renders","service":"api"}}
@avlp/api:dev: {"level":30,"time":1790931040360,"pid":15536,"hostname":"DESKTOP-HQ6B2T1","reqId":"req-4d","res":{"statusCode":200},"responseTime":30.039499999955297,"msg":"request completed"}
@avlp/api:dev: {"level":30,"time":1790931043380,"pid":15536,"hostname":"DESKTOP-HQ6B2T1","reqId":"req-4e","req":{"method":"GET","url":"[REDACTED]","host":"localhost:3001","remoteAddress":"127.0.0.1","remotePort":58028},"msg":"incoming request"}
@avlp/api:dev: {"timestamp":"2026-10-02T08:50:43.380Z","level":"info","event":"api.request_received","fields":{"correlationId":"01a0fbcf-0434-7bab-9085-cfb1a5d21d21","method":"GET","route":"/projects/:projectId/renders","service":"api"}}
@avlp/api:dev: {"level":30,"time":1790931043407,"pid":15536,"hostname":"DESKTOP-HQ6B2T1","reqId":"req-4e","res":{"statusCode":200},"responseTime":27.094000000040978,"msg":"request completed"}
@avlp/api:dev: {"level":30,"time":1790931046422,"pid":15536,"hostname":"DESKTOP-HQ6B2T1","reqId":"req-4f","req":{"method":"GET","url":"[REDACTED]","host":"localhost:3001","remoteAddress":"127.0.0.1","remotePort":58028},"msg":"incoming request"}
@avlp/api:dev: {"timestamp":"2026-10-02T08:50:46.423Z","level":"info","event":"api.request_received","fields":{"correlationId":"01a0fbcf-1016-726d-88fd-234ca642f9aa","method":"GET","route":"/projects/:projectId/renders","service":"api"}}
@avlp/api:dev: {"level":30,"time":1790931046458,"pid":15536,"hostname":"DESKTOP-HQ6B2T1","reqId":"req-4f","res":{"statusCode":200},"responseTime":35.12970000039786,"msg":"request completed"}
@avlp/api:dev: {"level":30,"time":1790931049473,"pid":15536,"hostname":"DESKTOP-HQ6B2T1","reqId":"req-4g","req":{"method":"GET","url":"[REDACTED]","host":"localhost:3001","remoteAddress":"127.0.0.1","remotePort":58028},"msg":"incoming request"}
@avlp/api:dev: {"timestamp":"2026-10-02T08:50:49.474Z","level":"info","event":"api.request_received","fields":{"correlationId":"01a0fbcf-1c01-7375-baa4-ce63ad7d0602","method":"GET","route":"/projects/:projectId/renders","service":"api"}}
@avlp/api:dev: {"level":30,"time":1790931049523,"pid":15536,"hostname":"DESKTOP-HQ6B2T1","reqId":"req-4g","res":{"statusCode":200},"responseTime":49.85839999979362,"msg":"request completed"}
@avlp/api:dev: {"level":30,"time":1790931052540,"pid":15536,"hostname":"DESKTOP-HQ6B2T1","reqId":"req-4h","req":{"method":"GET","url":"[REDACTED]","host":"localhost:3001","remoteAddress":"127.0.0.1","remotePort":58028},"msg":"incoming request"}
@avlp/api:dev: {"timestamp":"2026-10-02T08:50:52.541Z","level":"info","event":"api.request_received","fields":{"correlationId":"01a0fbcf-27fc-760e-b399-9efd64e8cd78","method":"GET","route":"/projects/:projectId/renders","service":"api"}}
@avlp/api:dev: {"level":30,"time":1790931052608,"pid":15536,"hostname":"DESKTOP-HQ6B2T1","reqId":"req-4h","res":{"statusCode":200},"responseTime":67.92900000000373,"msg":"request completed"}
@avlp/api:dev: {"level":30,"time":1790931055624,"pid":15536,"hostname":"DESKTOP-HQ6B2T1","reqId":"req-4i","req":{"method":"GET","url":"[REDACTED]","host":"localhost:3001","remoteAddress":"127.0.0.1","remotePort":58028},"msg":"incoming request"}
@avlp/api:dev: {"timestamp":"2026-10-02T08:50:55.625Z","level":"info","event":"api.request_received","fields":{"correlationId":"01a0fbcf-3408-7af3-87a5-d765a086a78d","method":"GET","route":"/projects/:projectId/renders","service":"api"}}
@avlp/api:dev: {"level":30,"time":1790931055698,"pid":15536,"hostname":"DESKTOP-HQ6B2T1","reqId":"req-4i","res":{"statusCode":200},"responseTime":73.3214000002481,"msg":"request completed"}
@avlp/api:dev: {"level":30,"time":1790931058714,"pid":15536,"hostname":"DESKTOP-HQ6B2T1","reqId":"req-4j","req":{"method":"GET","url":"[REDACTED]","host":"localhost:3001","remoteAddress":"127.0.0.1","remotePort":58028},"msg":"incoming request"}
@avlp/api:dev: {"timestamp":"2026-10-02T08:50:58.714Z","level":"info","event":"api.request_received","fields":{"correlationId":"01a0fbcf-401a-7a61-8719-fde09a9b4ce2","method":"GET","route":"/projects/:projectId/renders","service":"api"}}
@avlp/api:dev: {"level":30,"time":1790931058748,"pid":15536,"hostname":"DESKTOP-HQ6B2T1","reqId":"req-4j","res":{"statusCode":200},"responseTime":33.944600000046194,"msg":"request completed"}
@avlp/api:dev: {"level":30,"time":1790931061765,"pid":15536,"hostname":"DESKTOP-HQ6B2T1","reqId":"req-4k","req":{"method":"GET","url":"[REDACTED]","host":"localhost:3001","remoteAddress":"127.0.0.1","remotePort":58028},"msg":"incoming request"}
@avlp/api:dev: {"timestamp":"2026-10-02T08:51:01.766Z","level":"info","event":"api.request_received","fields":{"correlationId":"01a0fbcf-4c05-7f8f-bf69-99e5aab3f27a","method":"GET","route":"/projects/:projectId/renders","service":"api"}}
@avlp/api:dev: {"level":30,"time":1790931061796,"pid":15536,"hostname":"DESKTOP-HQ6B2T1","reqId":"req-4k","res":{"statusCode":200},"responseTime":30.700300000142306,"msg":"request completed"}
@avlp/api:dev: {"level":30,"time":1790931064813,"pid":15536,"hostname":"DESKTOP-HQ6B2T1","reqId":"req-4l","req":{"method":"GET","url":"[REDACTED]","host":"localhost:3001","remoteAddress":"127.0.0.1","remotePort":58028},"msg":"incoming request"}
@avlp/api:dev: {"timestamp":"2026-10-02T08:51:04.814Z","level":"info","event":"api.request_received","fields":{"correlationId":"01a0fbcf-57ee-7ce6-b62d-fe1f93e760e0","method":"GET","route":"/projects/:projectId/renders","service":"api"}}
@avlp/api:dev: {"level":30,"time":1790931064850,"pid":15536,"hostname":"DESKTOP-HQ6B2T1","reqId":"req-4l","res":{"statusCode":200},"responseTime":36.404800000134856,"msg":"request completed"}
@avlp/api:dev: {"level":30,"time":1790931067871,"pid":15536,"hostname":"DESKTOP-HQ6B2T1","reqId":"req-4m","req":{"method":"GET","url":"[REDACTED]","host":"localhost:3001","remoteAddress":"127.0.0.1","remotePort":58028},"msg":"incoming request"}
@avlp/api:dev: {"timestamp":"2026-10-02T08:51:07.871Z","level":"info","event":"api.request_received","fields":{"correlationId":"01a0fbcf-63df-7efe-842b-22d8a3268e40","method":"GET","route":"/projects/:projectId/renders","service":"api"}}
@avlp/api:dev: {"level":30,"time":1790931067922,"pid":15536,"hostname":"DESKTOP-HQ6B2T1","reqId":"req-4m","res":{"statusCode":200},"responseTime":50.740100000053644,"msg":"request completed"}
@avlp/api:dev: {"level":30,"time":1790931070938,"pid":15536,"hostname":"DESKTOP-HQ6B2T1","reqId":"req-4n","req":{"method":"GET","url":"[REDACTED]","host":"localhost:3001","remoteAddress":"127.0.0.1","remotePort":58028},"msg":"incoming request"}
@avlp/api:dev: {"timestamp":"2026-10-02T08:51:10.938Z","level":"info","event":"api.request_received","fields":{"correlationId":"01a0fbcf-6fda-7a21-9987-731c1e79ac80","method":"GET","route":"/projects/:projectId/renders","service":"api"}}
@avlp/api:dev: {"level":30,"time":1790931070972,"pid":15536,"hostname":"DESKTOP-HQ6B2T1","reqId":"req-4n","res":{"statusCode":200},"responseTime":33.9855999997817,"msg":"request completed"}
@avlp/api:dev: {"level":30,"time":1790931073981,"pid":15536,"hostname":"DESKTOP-HQ6B2T1","reqId":"req-4o","req":{"method":"GET","url":"[REDACTED]","host":"localhost:3001","remoteAddress":"127.0.0.1","remotePort":58028},"msg":"incoming request"}
@avlp/api:dev: {"timestamp":"2026-10-02T08:51:13.981Z","level":"info","event":"api.request_received","fields":{"correlationId":"01a0fbcf-7bbd-7854-b861-2be70bc7db33","method":"GET","route":"/projects/:projectId/renders","service":"api"}}
@avlp/api:dev: {"level":30,"time":1790931074014,"pid":15536,"hostname":"DESKTOP-HQ6B2T1","reqId":"req-4o","res":{"statusCode":200},"responseTime":33.21829999983311,"msg":"request completed"}
@avlp/api:dev: {"level":30,"time":1790931077032,"pid":15536,"hostname":"DESKTOP-HQ6B2T1","reqId":"req-4p","req":{"method":"GET","url":"[REDACTED]","host":"localhost:3001","remoteAddress":"127.0.0.1","remotePort":58028},"msg":"incoming request"}
@avlp/api:dev: {"timestamp":"2026-10-02T08:51:17.032Z","level":"info","event":"api.request_received","fields":{"correlationId":"01a0fbcf-87a8-7692-b345-bb678c52e618","method":"GET","route":"/projects/:projectId/renders","service":"api"}}
@avlp/api:dev: {"level":30,"time":1790931077109,"pid":15536,"hostname":"DESKTOP-HQ6B2T1","reqId":"req-4p","res":{"statusCode":200},"responseTime":76.72039999999106,"msg":"request completed"}
@avlp/api:dev: {"level":30,"time":1790931080130,"pid":15536,"hostname":"DESKTOP-HQ6B2T1","reqId":"req-4q","req":{"method":"GET","url":"[REDACTED]","host":"localhost:3001","remoteAddress":"127.0.0.1","remotePort":58028},"msg":"incoming request"}
@avlp/api:dev: {"timestamp":"2026-10-02T08:51:20.131Z","level":"info","event":"api.request_received","fields":{"correlationId":"01a0fbcf-93c2-7117-bc68-35988c5c560b","method":"GET","route":"/projects/:projectId/renders","service":"api"}}
@avlp/api:dev: {"level":30,"time":1790931080207,"pid":15536,"hostname":"DESKTOP-HQ6B2T1","reqId":"req-4q","res":{"statusCode":200},"responseTime":76.16819999972358,"msg":"request completed"}
@avlp/api:dev: {"level":30,"time":1790931083223,"pid":15536,"hostname":"DESKTOP-HQ6B2T1","reqId":"req-4r","req":{"method":"GET","url":"[REDACTED]","host":"localhost:3001","remoteAddress":"127.0.0.1","remotePort":58028},"msg":"incoming request"}
@avlp/api:dev: {"timestamp":"2026-10-02T08:51:23.224Z","level":"info","event":"api.request_received","fields":{"correlationId":"01a0fbcf-9fd7-7dac-87c2-9924510e0acc","method":"GET","route":"/projects/:projectId/renders","service":"api"}}
@avlp/api:dev: {"level":30,"time":1790931083254,"pid":15536,"hostname":"DESKTOP-HQ6B2T1","reqId":"req-4r","res":{"statusCode":200},"responseTime":30.929100000299513,"msg":"request completed"}
@avlp/api:dev: {"level":30,"time":1790931086270,"pid":15536,"hostname":"DESKTOP-HQ6B2T1","reqId":"req-4s","req":{"method":"GET","url":"[REDACTED]","host":"localhost:3001","remoteAddress":"127.0.0.1","remotePort":58028},"msg":"incoming request"}
@avlp/api:dev: {"timestamp":"2026-10-02T08:51:26.271Z","level":"info","event":"api.request_received","fields":{"correlationId":"01a0fbcf-abbe-7fd5-b840-75b321ce61f3","method":"GET","route":"/projects/:projectId/renders","service":"api"}}
@avlp/api:dev: {"level":30,"time":1790931086304,"pid":15536,"hostname":"DESKTOP-HQ6B2T1","reqId":"req-4s","res":{"statusCode":200},"responseTime":33.503100000321865,"msg":"request completed"}
@avlp/api:dev: {"level":30,"time":1790931089317,"pid":15536,"hostname":"DESKTOP-HQ6B2T1","reqId":"req-4t","req":{"method":"GET","url":"[REDACTED]","host":"localhost:3001","remoteAddress":"127.0.0.1","remotePort":58028},"msg":"incoming request"}
@avlp/api:dev: {"timestamp":"2026-10-02T08:51:29.318Z","level":"info","event":"api.request_received","fields":{"correlationId":"01a0fbcf-b7a6-79b5-9f90-74710a0e1217","method":"GET","route":"/projects/:projectId/renders","service":"api"}}
@avlp/api:dev: {"level":30,"time":1790931089349,"pid":15536,"hostname":"DESKTOP-HQ6B2T1","reqId":"req-4t","res":{"statusCode":200},"responseTime":31.449600000400096,"msg":"request completed"}
@avlp/api:dev: {"level":30,"time":1790931092365,"pid":15536,"hostname":"DESKTOP-HQ6B2T1","reqId":"req-4u","req":{"method":"GET","url":"[REDACTED]","host":"localhost:3001","remoteAddress":"127.0.0.1","remotePort":58028},"msg":"incoming request"}
@avlp/api:dev: {"timestamp":"2026-10-02T08:51:32.365Z","level":"info","event":"api.request_received","fields":{"correlationId":"01a0fbcf-c38d-71e0-80e9-019cd2464e1a","method":"GET","route":"/projects/:projectId/renders","service":"api"}}
@avlp/api:dev: {"level":30,"time":1790931092397,"pid":15536,"hostname":"DESKTOP-HQ6B2T1","reqId":"req-4u","res":{"statusCode":200},"responseTime":31.649100000038743,"msg":"request completed"}
@avlp/api:dev: {"level":30,"time":1790931095406,"pid":15536,"hostname":"DESKTOP-HQ6B2T1","reqId":"req-4v","req":{"method":"GET","url":"[REDACTED]","host":"localhost:3001","remoteAddress":"127.0.0.1","remotePort":58028},"msg":"incoming request"}
@avlp/api:dev: {"timestamp":"2026-10-02T08:51:35.407Z","level":"info","event":"api.request_received","fields":{"correlationId":"01a0fbcf-cf6f-77b6-84f1-8315297233f5","method":"GET","route":"/projects/:projectId/renders","service":"api"}}
@avlp/api:dev: {"level":30,"time":1790931095439,"pid":15536,"hostname":"DESKTOP-HQ6B2T1","reqId":"req-4v","res":{"statusCode":200},"responseTime":32.15130000002682,"msg":"request completed"}
@avlp/api:dev: {"level":30,"time":1790931098449,"pid":15536,"hostname":"DESKTOP-HQ6B2T1","reqId":"req-4w","req":{"method":"GET","url":"[REDACTED]","host":"localhost:3001","remoteAddress":"127.0.0.1","remotePort":58028},"msg":"incoming request"}
@avlp/api:dev: {"timestamp":"2026-10-02T08:51:38.449Z","level":"info","event":"api.request_received","fields":{"correlationId":"01a0fbcf-db51-7087-a155-c165c5e2f2f2","method":"GET","route":"/projects/:projectId/renders","service":"api"}}
@avlp/api:dev: {"level":30,"time":1790931098481,"pid":15536,"hostname":"DESKTOP-HQ6B2T1","reqId":"req-4w","res":{"statusCode":200},"responseTime":31.990400000009686,"msg":"request completed"}
@avlp/api:dev: {"level":30,"time":1790931101491,"pid":15536,"hostname":"DESKTOP-HQ6B2T1","reqId":"req-4x","req":{"method":"GET","url":"[REDACTED]","host":"localhost:3001","remoteAddress":"127.0.0.1","remotePort":58028},"msg":"incoming request"}
@avlp/api:dev: {"timestamp":"2026-10-02T08:51:41.491Z","level":"info","event":"api.request_received","fields":{"correlationId":"01a0fbcf-e733-7ac1-b6d9-1a0571c3e17b","method":"GET","route":"/projects/:projectId/renders","service":"api"}}
@avlp/api:dev: {"level":30,"time":1790931101524,"pid":15536,"hostname":"DESKTOP-HQ6B2T1","reqId":"req-4x","res":{"statusCode":200},"responseTime":33.15620000008494,"msg":"request completed"}
@avlp/api:dev: {"level":30,"time":1790931104540,"pid":15536,"hostname":"DESKTOP-HQ6B2T1","reqId":"req-4y","req":{"method":"GET","url":"[REDACTED]","host":"localhost:3001","remoteAddress":"127.0.0.1","remotePort":58028},"msg":"incoming request"}
@avlp/api:dev: {"timestamp":"2026-10-02T08:51:44.540Z","level":"info","event":"api.request_received","fields":{"correlationId":"01a0fbcf-f31c-7746-98cf-a63f1299d69d","method":"GET","route":"/projects/:projectId/renders","service":"api"}}
@avlp/api:dev: {"level":30,"time":1790931104574,"pid":15536,"hostname":"DESKTOP-HQ6B2T1","reqId":"req-4y","res":{"statusCode":200},"responseTime":34.255200000014156,"msg":"request completed"}
@avlp/api:dev: {"level":30,"time":1790931107589,"pid":15536,"hostname":"DESKTOP-HQ6B2T1","reqId":"req-4z","req":{"method":"GET","url":"[REDACTED]","host":"localhost:3001","remoteAddress":"127.0.0.1","remotePort":58028},"msg":"incoming request"}
@avlp/api:dev: {"timestamp":"2026-10-02T08:51:47.589Z","level":"info","event":"api.request_received","fields":{"correlationId":"01a0fbcf-ff05-718b-af94-b1e7ae74adeb","method":"GET","route":"/projects/:projectId/renders","service":"api"}}
@avlp/api:dev: {"level":30,"time":1790931107628,"pid":15536,"hostname":"DESKTOP-HQ6B2T1","reqId":"req-4z","res":{"statusCode":200},"responseTime":39.19040000019595,"msg":"request completed"}
@avlp/api:dev: {"level":30,"time":1790931110648,"pid":15536,"hostname":"DESKTOP-HQ6B2T1","reqId":"req-50","req":{"method":"GET","url":"[REDACTED]","host":"localhost:3001","remoteAddress":"127.0.0.1","remotePort":58028},"msg":"incoming request"}
@avlp/api:dev: {"timestamp":"2026-10-02T08:51:50.649Z","level":"info","event":"api.request_received","fields":{"correlationId":"01a0fbd0-0af8-7869-8e74-cfa2c3099d31","method":"GET","route":"/projects/:projectId/renders","service":"api"}}
@avlp/api:dev: {"level":30,"time":1790931110689,"pid":15536,"hostname":"DESKTOP-HQ6B2T1","reqId":"req-50","res":{"statusCode":200},"responseTime":41.19539999961853,"msg":"request completed"}
@avlp/api:dev: {"level":30,"time":1790931113699,"pid":15536,"hostname":"DESKTOP-HQ6B2T1","reqId":"req-51","req":{"method":"GET","url":"[REDACTED]","host":"localhost:3001","remoteAddress":"127.0.0.1","remotePort":58028},"msg":"incoming request"}
@avlp/api:dev: {"timestamp":"2026-10-02T08:51:53.699Z","level":"info","event":"api.request_received","fields":{"correlationId":"01a0fbd0-16e3-70e8-84a1-be214565ad2f","method":"GET","route":"/projects/:projectId/renders","service":"api"}}
@avlp/api:dev: {"level":30,"time":1790931113735,"pid":15536,"hostname":"DESKTOP-HQ6B2T1","reqId":"req-51","res":{"statusCode":200},"responseTime":36.442000000271946,"msg":"request completed"}
@avlp/api:dev: {"level":30,"time":1790931116748,"pid":15536,"hostname":"DESKTOP-HQ6B2T1","reqId":"req-52","req":{"method":"GET","url":"[REDACTED]","host":"localhost:3001","remoteAddress":"127.0.0.1","remotePort":58028},"msg":"incoming request"}
@avlp/api:dev: {"timestamp":"2026-10-02T08:51:56.749Z","level":"info","event":"api.request_received","fields":{"correlationId":"01a0fbd0-22cd-73f3-bdda-a69523aaf166","method":"GET","route":"/projects/:projectId/renders","service":"api"}}
@avlp/api:dev: {"level":30,"time":1790931116782,"pid":15536,"hostname":"DESKTOP-HQ6B2T1","reqId":"req-52","res":{"statusCode":200},"responseTime":33.84420000016689,"msg":"request completed"}
@avlp/api:dev: {"level":30,"time":1790931119797,"pid":15536,"hostname":"DESKTOP-HQ6B2T1","reqId":"req-53","req":{"method":"GET","url":"[REDACTED]","host":"localhost:3001","remoteAddress":"127.0.0.1","remotePort":58028},"msg":"incoming request"}
@avlp/api:dev: {"timestamp":"2026-10-02T08:51:59.798Z","level":"info","event":"api.request_received","fields":{"correlationId":"01a0fbd0-2eb6-7008-9449-2565cb93cf13","method":"GET","route":"/projects/:projectId/renders","service":"api"}}
@avlp/api:dev: {"level":30,"time":1790931119867,"pid":15536,"hostname":"DESKTOP-HQ6B2T1","reqId":"req-53","res":{"statusCode":200},"responseTime":69.67790000000969,"msg":"request completed"}
@avlp/api:dev: {"level":30,"time":1790931122883,"pid":15536,"hostname":"DESKTOP-HQ6B2T1","reqId":"req-54","req":{"method":"GET","url":"[REDACTED]","host":"localhost:3001","remoteAddress":"127.0.0.1","remotePort":58028},"msg":"incoming request"}
@avlp/api:dev: {"timestamp":"2026-10-02T08:52:02.884Z","level":"info","event":"api.request_received","fields":{"correlationId":"01a0fbd0-3ac3-7285-ab89-1066559cfdb0","method":"GET","route":"/projects/:projectId/renders","service":"api"}}
@avlp/api:dev: {"level":30,"time":1790931122959,"pid":15536,"hostname":"DESKTOP-HQ6B2T1","reqId":"req-54","res":{"statusCode":200},"responseTime":75.6960999998264,"msg":"request completed"}
@avlp/api:dev: {"level":30,"time":1790931125976,"pid":15536,"hostname":"DESKTOP-HQ6B2T1","reqId":"req-55","req":{"method":"GET","url":"[REDACTED]","host":"localhost:3001","remoteAddress":"127.0.0.1","remotePort":58028},"msg":"incoming request"}
@avlp/api:dev: {"timestamp":"2026-10-02T08:52:05.976Z","level":"info","event":"api.request_received","fields":{"correlationId":"01a0fbd0-46d8-7c0f-b21e-ea861f31c680","method":"GET","route":"/projects/:projectId/renders","service":"api"}}
@avlp/api:dev: {"level":30,"time":1790931126011,"pid":15536,"hostname":"DESKTOP-HQ6B2T1","reqId":"req-55","res":{"statusCode":200},"responseTime":35.68870000028983,"msg":"request completed"}
@avlp/api:dev: {"level":30,"time":1790931129024,"pid":15536,"hostname":"DESKTOP-HQ6B2T1","reqId":"req-56","req":{"method":"GET","url":"[REDACTED]","host":"localhost:3001","remoteAddress":"127.0.0.1","remotePort":58028},"msg":"incoming request"}
@avlp/api:dev: {"timestamp":"2026-10-02T08:52:09.025Z","level":"info","event":"api.request_received","fields":{"correlationId":"01a0fbd0-52c0-7a54-9d59-5097e4bd8922","method":"GET","route":"/projects/:projectId/renders","service":"api"}}
@avlp/api:dev: {"level":30,"time":1790931129055,"pid":15536,"hostname":"DESKTOP-HQ6B2T1","reqId":"req-56","res":{"statusCode":200},"responseTime":31.46529999980703,"msg":"request completed"}
@avlp/api:dev: {"level":30,"time":1790931132065,"pid":15536,"hostname":"DESKTOP-HQ6B2T1","reqId":"req-57","req":{"method":"GET","url":"[REDACTED]","host":"localhost:3001","remoteAddress":"127.0.0.1","remotePort":58028},"msg":"incoming request"}
@avlp/api:dev: {"timestamp":"2026-10-02T08:52:12.066Z","level":"info","event":"api.request_received","fields":{"correlationId":"01a0fbd0-5ea1-70a6-867d-c40246fdba38","method":"GET","route":"/projects/:projectId/renders","service":"api"}}
@avlp/api:dev: {"level":30,"time":1790931132097,"pid":15536,"hostname":"DESKTOP-HQ6B2T1","reqId":"req-57","res":{"statusCode":200},"responseTime":31.34249999979511,"msg":"request completed"}
@avlp/api:dev: {"level":30,"time":1790931135106,"pid":15536,"hostname":"DESKTOP-HQ6B2T1","reqId":"req-58","req":{"method":"GET","url":"[REDACTED]","host":"localhost:3001","remoteAddress":"127.0.0.1","remotePort":58028},"msg":"incoming request"}
@avlp/api:dev: {"timestamp":"2026-10-02T08:52:15.107Z","level":"info","event":"api.request_received","fields":{"correlationId":"01a0fbd0-6a83-7151-8996-1ce8469f8efe","method":"GET","route":"/projects/:projectId/renders","service":"api"}}
@avlp/api:dev: {"level":30,"time":1790931135165,"pid":15536,"hostname":"DESKTOP-HQ6B2T1","reqId":"req-58","res":{"statusCode":200},"responseTime":58.84979999996722,"msg":"request completed"}
@avlp/api:dev: {"level":30,"time":1790931138184,"pid":15536,"hostname":"DESKTOP-HQ6B2T1","reqId":"req-59","req":{"method":"GET","url":"[REDACTED]","host":"localhost:3001","remoteAddress":"127.0.0.1","remotePort":58028},"msg":"incoming request"}
@avlp/api:dev: {"timestamp":"2026-10-02T08:52:18.185Z","level":"info","event":"api.request_received","fields":{"correlationId":"01a0fbd0-7688-7737-8f4c-f71af6f23bdc","method":"GET","route":"/projects/:projectId/renders","service":"api"}}
@avlp/api:dev: {"level":30,"time":1790931138238,"pid":15536,"hostname":"DESKTOP-HQ6B2T1","reqId":"req-59","res":{"statusCode":200},"responseTime":53.71280000032857,"msg":"request completed"}
@avlp/api:dev: {"level":30,"time":1790931141257,"pid":15536,"hostname":"DESKTOP-HQ6B2T1","reqId":"req-5a","req":{"method":"GET","url":"[REDACTED]","host":"localhost:3001","remoteAddress":"127.0.0.1","remotePort":58028},"msg":"incoming request"}
@avlp/api:dev: {"timestamp":"2026-10-02T08:52:21.258Z","level":"info","event":"api.request_received","fields":{"correlationId":"01a0fbd0-8289-76ca-84b8-5d1049f0926e","method":"GET","route":"/projects/:projectId/renders","service":"api"}}
@avlp/api:dev: {"level":30,"time":1790931141289,"pid":15536,"hostname":"DESKTOP-HQ6B2T1","reqId":"req-5a","res":{"statusCode":200},"responseTime":31.80560000007972,"msg":"request completed"}
@avlp/api:dev: {"level":30,"time":1790931144298,"pid":15536,"hostname":"DESKTOP-HQ6B2T1","reqId":"req-5b","req":{"method":"GET","url":"[REDACTED]","host":"localhost:3001","remoteAddress":"127.0.0.1","remotePort":58028},"msg":"incoming request"}
@avlp/api:dev: {"timestamp":"2026-10-02T08:52:24.298Z","level":"info","event":"api.request_received","fields":{"correlationId":"01a0fbd0-8e6a-7307-9d44-5af68a6ce5ec","method":"GET","route":"/projects/:projectId/renders","service":"api"}}
@avlp/api:dev: {"level":30,"time":1790931144323,"pid":15536,"hostname":"DESKTOP-HQ6B2T1","reqId":"req-5b","res":{"statusCode":200},"responseTime":25.290700000245124,"msg":"request completed"}
@avlp/api:dev: {"level":30,"time":1790931147332,"pid":15536,"hostname":"DESKTOP-HQ6B2T1","reqId":"req-5c","req":{"method":"GET","url":"[REDACTED]","host":"localhost:3001","remoteAddress":"127.0.0.1","remotePort":58028},"msg":"incoming request"}
@avlp/api:dev: {"timestamp":"2026-10-02T08:52:27.332Z","level":"info","event":"api.request_received","fields":{"correlationId":"01a0fbd0-9a44-7be7-866d-4923e8a1fa28","method":"GET","route":"/projects/:projectId/renders","service":"api"}}
@avlp/api:dev: {"level":30,"time":1790931147435,"pid":15536,"hostname":"DESKTOP-HQ6B2T1","reqId":"req-5c","res":{"statusCode":200},"responseTime":102.77529999986291,"msg":"request completed"}
@avlp/api:dev: {"level":30,"time":1790931150449,"pid":15536,"hostname":"DESKTOP-HQ6B2T1","reqId":"req-5d","req":{"method":"GET","url":"[REDACTED]","host":"localhost:3001","remoteAddress":"127.0.0.1","remotePort":58028},"msg":"incoming request"}
@avlp/api:dev: {"timestamp":"2026-10-02T08:52:30.450Z","level":"info","event":"api.request_received","fields":{"correlationId":"01a0fbd0-a671-7171-9ce5-23938f28921a","method":"GET","route":"/projects/:projectId/renders","service":"api"}}
@avlp/api:dev: {"level":30,"time":1790931150485,"pid":15536,"hostname":"DESKTOP-HQ6B2T1","reqId":"req-5d","res":{"statusCode":200},"responseTime":35.75579999992624,"msg":"request completed"}
@avlp/api:dev: {"level":30,"time":1790931153499,"pid":15536,"hostname":"DESKTOP-HQ6B2T1","reqId":"req-5e","req":{"method":"GET","url":"[REDACTED]","host":"localhost:3001","remoteAddress":"127.0.0.1","remotePort":58028},"msg":"incoming request"}
@avlp/api:dev: {"timestamp":"2026-10-02T08:52:33.499Z","level":"info","event":"api.request_received","fields":{"correlationId":"01a0fbd0-b25b-73d7-91f3-adfdc06b31de","method":"GET","route":"/projects/:projectId/renders","service":"api"}}
@avlp/api:dev: {"level":30,"time":1790931153532,"pid":15536,"hostname":"DESKTOP-HQ6B2T1","reqId":"req-5e","res":{"statusCode":200},"responseTime":33.46469999989495,"msg":"request completed"}
@avlp/api:dev: {"level":30,"time":1790931156549,"pid":15536,"hostname":"DESKTOP-HQ6B2T1","reqId":"req-5f","req":{"method":"GET","url":"[REDACTED]","host":"localhost:3001","remoteAddress":"127.0.0.1","remotePort":58028},"msg":"incoming request"}
@avlp/api:dev: {"timestamp":"2026-10-02T08:52:36.550Z","level":"info","event":"api.request_received","fields":{"correlationId":"01a0fbd0-be45-7a03-bbe4-817d3dbe9ccc","method":"GET","route":"/projects/:projectId/renders","service":"api"}}
@avlp/api:dev: {"level":30,"time":1790931156589,"pid":15536,"hostname":"DESKTOP-HQ6B2T1","reqId":"req-5f","res":{"statusCode":200},"responseTime":39.4324999996461,"msg":"request completed"}
@avlp/api:dev: {"level":30,"time":1790931159605,"pid":15536,"hostname":"DESKTOP-HQ6B2T1","reqId":"req-5g","req":{"method":"GET","url":"[REDACTED]","host":"localhost:3001","remoteAddress":"127.0.0.1","remotePort":58028},"msg":"incoming request"}
@avlp/api:dev: {"timestamp":"2026-10-02T08:52:39.605Z","level":"info","event":"api.request_received","fields":{"correlationId":"01a0fbd0-ca35-7df9-9c4c-4d1d52f42c0a","method":"GET","route":"/projects/:projectId/renders","service":"api"}}
@avlp/api:dev: {"level":30,"time":1790931159639,"pid":15536,"hostname":"DESKTOP-HQ6B2T1","reqId":"req-5g","res":{"statusCode":200},"responseTime":34.13620000006631,"msg":"request completed"}
@avlp/api:dev: {"level":30,"time":1790931162650,"pid":15536,"hostname":"DESKTOP-HQ6B2T1","reqId":"req-5h","req":{"method":"GET","url":"[REDACTED]","host":"localhost:3001","remoteAddress":"127.0.0.1","remotePort":58028},"msg":"incoming request"}
@avlp/api:dev: {"timestamp":"2026-10-02T08:52:42.650Z","level":"info","event":"api.request_received","fields":{"correlationId":"01a0fbd0-d61a-7ea1-8f90-97318d7341e3","method":"GET","route":"/projects/:projectId/renders","service":"api"}}
@avlp/api:dev: {"level":30,"time":1790931162684,"pid":15536,"hostname":"DESKTOP-HQ6B2T1","reqId":"req-5h","res":{"statusCode":200},"responseTime":34.00900000007823,"msg":"request completed"}
@avlp/api:dev: {"level":30,"time":1790931165699,"pid":15536,"hostname":"DESKTOP-HQ6B2T1","reqId":"req-5i","req":{"method":"GET","url":"[REDACTED]","host":"localhost:3001","remoteAddress":"127.0.0.1","remotePort":58028},"msg":"incoming request"}
@avlp/api:dev: {"timestamp":"2026-10-02T08:52:45.700Z","level":"info","event":"api.request_received","fields":{"correlationId":"01a0fbd0-e203-7928-b2d6-d69930e855c3","method":"GET","route":"/projects/:projectId/renders","service":"api"}}
@avlp/api:dev: {"level":30,"time":1790931165740,"pid":15536,"hostname":"DESKTOP-HQ6B2T1","reqId":"req-5i","res":{"statusCode":200},"responseTime":40.7347999997437,"msg":"request completed"}
@avlp/api:dev: {"level":30,"time":1790931168755,"pid":15536,"hostname":"DESKTOP-HQ6B2T1","reqId":"req-5j","req":{"method":"GET","url":"[REDACTED]","host":"localhost:3001","remoteAddress":"127.0.0.1","remotePort":58028},"msg":"incoming request"}
@avlp/api:dev: {"timestamp":"2026-10-02T08:52:48.755Z","level":"info","event":"api.request_received","fields":{"correlationId":"01a0fbd0-edf3-7999-95c2-ff264c6f1a98","method":"GET","route":"/projects/:projectId/renders","service":"api"}}
@avlp/api:dev: {"level":30,"time":1790931168788,"pid":15536,"hostname":"DESKTOP-HQ6B2T1","reqId":"req-5j","res":{"statusCode":200},"responseTime":33.24750000005588,"msg":"request completed"}
@avlp/api:dev: {"level":30,"time":1790931171799,"pid":15536,"hostname":"DESKTOP-HQ6B2T1","reqId":"req-5k","req":{"method":"GET","url":"[REDACTED]","host":"localhost:3001","remoteAddress":"127.0.0.1","remotePort":58028},"msg":"incoming request"}
@avlp/api:dev: {"timestamp":"2026-10-02T08:52:51.800Z","level":"info","event":"api.request_received","fields":{"correlationId":"01a0fbd0-f9d7-7d78-8b05-12fe40c7fe8e","method":"GET","route":"/projects/:projectId/renders","service":"api"}}
@avlp/api:dev: {"level":30,"time":1790931171830,"pid":15536,"hostname":"DESKTOP-HQ6B2T1","reqId":"req-5k","res":{"statusCode":200},"responseTime":30.699200000148267,"msg":"request completed"}
@avlp/api:dev: {"level":30,"time":1790931174840,"pid":15536,"hostname":"DESKTOP-HQ6B2T1","reqId":"req-5l","req":{"method":"GET","url":"[REDACTED]","host":"localhost:3001","remoteAddress":"127.0.0.1","remotePort":58028},"msg":"incoming request"}
@avlp/api:dev: {"timestamp":"2026-10-02T08:52:54.841Z","level":"info","event":"api.request_received","fields":{"correlationId":"01a0fbd1-05b8-7f6c-a02a-082e2ff7f284","method":"GET","route":"/projects/:projectId/renders","service":"api"}}
@avlp/api:dev: {"level":30,"time":1790931174874,"pid":15536,"hostname":"DESKTOP-HQ6B2T1","reqId":"req-5l","res":{"statusCode":200},"responseTime":34.16109999967739,"msg":"request completed"}
@avlp/api:dev: {"level":30,"time":1790931177891,"pid":15536,"hostname":"DESKTOP-HQ6B2T1","reqId":"req-5m","req":{"method":"GET","url":"[REDACTED]","host":"localhost:3001","remoteAddress":"127.0.0.1","remotePort":58028},"msg":"incoming request"}
@avlp/api:dev: {"timestamp":"2026-10-02T08:52:57.891Z","level":"info","event":"api.request_received","fields":{"correlationId":"01a0fbd1-11a3-7c9c-88f0-524d6512eeb8","method":"GET","route":"/projects/:projectId/renders","service":"api"}}
@avlp/api:dev: {"level":30,"time":1790931177925,"pid":15536,"hostname":"DESKTOP-HQ6B2T1","reqId":"req-5m","res":{"statusCode":200},"responseTime":34.2640999997966,"msg":"request completed"}
@avlp/api:dev: {"level":30,"time":1790931180940,"pid":15536,"hostname":"DESKTOP-HQ6B2T1","reqId":"req-5n","req":{"method":"GET","url":"[REDACTED]","host":"localhost:3001","remoteAddress":"127.0.0.1","remotePort":58028},"msg":"incoming request"}
@avlp/api:dev: {"timestamp":"2026-10-02T08:53:00.941Z","level":"info","event":"api.request_received","fields":{"correlationId":"01a0fbd1-1d8d-7542-bf53-08aad9470216","method":"GET","route":"/projects/:projectId/renders","service":"api"}}
@avlp/api:dev: {"level":30,"time":1790931180972,"pid":15536,"hostname":"DESKTOP-HQ6B2T1","reqId":"req-5n","res":{"statusCode":200},"responseTime":31.66579999960959,"msg":"request completed"}
@avlp/api:dev: {"level":30,"time":1790931183983,"pid":15536,"hostname":"DESKTOP-HQ6B2T1","reqId":"req-5o","req":{"method":"GET","url":"[REDACTED]","host":"localhost:3001","remoteAddress":"127.0.0.1","remotePort":58028},"msg":"incoming request"}
@avlp/api:dev: {"timestamp":"2026-10-02T08:53:03.984Z","level":"info","event":"api.request_received","fields":{"correlationId":"01a0fbd1-2970-7034-9454-0dd82e1e82dc","method":"GET","route":"/projects/:projectId/renders","service":"api"}}
@avlp/api:dev: {"level":30,"time":1790931184026,"pid":15536,"hostname":"DESKTOP-HQ6B2T1","reqId":"req-5o","res":{"statusCode":200},"responseTime":42.73950000014156,"msg":"request completed"}
@avlp/api:dev: {"level":30,"time":1790931187037,"pid":15536,"hostname":"DESKTOP-HQ6B2T1","reqId":"req-5p","req":{"method":"GET","url":"[REDACTED]","host":"localhost:3001","remoteAddress":"127.0.0.1","remotePort":58028},"msg":"incoming request"}
@avlp/api:dev: {"timestamp":"2026-10-02T08:53:07.037Z","level":"info","event":"api.request_received","fields":{"correlationId":"01a0fbd1-355d-7ec2-a8d7-5d382850c14b","method":"GET","route":"/projects/:projectId/renders","service":"api"}}
@avlp/api:dev: {"level":30,"time":1790931187071,"pid":15536,"hostname":"DESKTOP-HQ6B2T1","reqId":"req-5p","res":{"statusCode":200},"responseTime":34.28070000000298,"msg":"request completed"}
@avlp/api:dev: {"level":30,"time":1790931190090,"pid":15536,"hostname":"DESKTOP-HQ6B2T1","reqId":"req-5q","req":{"method":"GET","url":"[REDACTED]","host":"localhost:3001","remoteAddress":"127.0.0.1","remotePort":58028},"msg":"incoming request"}
@avlp/api:dev: {"timestamp":"2026-10-02T08:53:10.090Z","level":"info","event":"api.request_received","fields":{"correlationId":"01a0fbd1-414a-78e0-8861-53a74de3d687","method":"GET","route":"/projects/:projectId/renders","service":"api"}}
@avlp/api:dev: {"level":30,"time":1790931190126,"pid":15536,"hostname":"DESKTOP-HQ6B2T1","reqId":"req-5q","res":{"statusCode":200},"responseTime":35.835399999748915,"msg":"request completed"}
@avlp/api:dev: {"level":30,"time":1790931193140,"pid":15536,"hostname":"DESKTOP-HQ6B2T1","reqId":"req-5r","req":{"method":"GET","url":"[REDACTED]","host":"localhost:3001","remoteAddress":"127.0.0.1","remotePort":58028},"msg":"incoming request"}
@avlp/api:dev: {"timestamp":"2026-10-02T08:53:13.140Z","level":"info","event":"api.request_received","fields":{"correlationId":"01a0fbd1-4d34-7b06-b2e8-9792abdf1f36","method":"GET","route":"/projects/:projectId/renders","service":"api"}}
@avlp/api:dev: {"level":30,"time":1790931193174,"pid":15536,"hostname":"DESKTOP-HQ6B2T1","reqId":"req-5r","res":{"statusCode":200},"responseTime":33.61280000023544,"msg":"request completed"}
@avlp/api:dev: {"level":30,"time":1790931196190,"pid":15536,"hostname":"DESKTOP-HQ6B2T1","reqId":"req-5s","req":{"method":"GET","url":"[REDACTED]","host":"localhost:3001","remoteAddress":"127.0.0.1","remotePort":58028},"msg":"incoming request"}
@avlp/api:dev: {"timestamp":"2026-10-02T08:53:16.191Z","level":"info","event":"api.request_received","fields":{"correlationId":"01a0fbd1-591e-7fd6-b0ac-43c64a37f12f","method":"GET","route":"/projects/:projectId/renders","service":"api"}}
@avlp/api:dev: {"level":30,"time":1790931196224,"pid":15536,"hostname":"DESKTOP-HQ6B2T1","reqId":"req-5s","res":{"statusCode":200},"responseTime":34.20170000009239,"msg":"request completed"}
@avlp/api:dev: {"level":30,"time":1790931199237,"pid":15536,"hostname":"DESKTOP-HQ6B2T1","reqId":"req-5t","req":{"method":"GET","url":"[REDACTED]","host":"localhost:3001","remoteAddress":"127.0.0.1","remotePort":58028},"msg":"incoming request"}
@avlp/api:dev: {"timestamp":"2026-10-02T08:53:19.238Z","level":"info","event":"api.request_received","fields":{"correlationId":"01a0fbd1-6506-701d-9288-e62283b69048","method":"GET","route":"/projects/:projectId/renders","service":"api"}}
@avlp/api:dev: {"level":30,"time":1790931199273,"pid":15536,"hostname":"DESKTOP-HQ6B2T1","reqId":"req-5t","res":{"statusCode":200},"responseTime":35.444600000046194,"msg":"request completed"}
@avlp/api:dev: {"level":30,"time":1790931202290,"pid":15536,"hostname":"DESKTOP-HQ6B2T1","reqId":"req-5u","req":{"method":"GET","url":"[REDACTED]","host":"localhost:3001","remoteAddress":"127.0.0.1","remotePort":58028},"msg":"incoming request"}
@avlp/api:dev: {"timestamp":"2026-10-02T08:53:22.291Z","level":"info","event":"api.request_received","fields":{"correlationId":"01a0fbd1-70f3-72f5-a8a8-f41e40d184d1","method":"GET","route":"/projects/:projectId/renders","service":"api"}}
@avlp/api:dev: {"level":30,"time":1790931202320,"pid":15536,"hostname":"DESKTOP-HQ6B2T1","reqId":"req-5u","res":{"statusCode":200},"responseTime":29.938099999912083,"msg":"request completed"}
@avlp/api:dev: {"level":30,"time":1790931205332,"pid":15536,"hostname":"DESKTOP-HQ6B2T1","reqId":"req-5v","req":{"method":"GET","url":"[REDACTED]","host":"localhost:3001","remoteAddress":"127.0.0.1","remotePort":58028},"msg":"incoming request"}
@avlp/api:dev: {"timestamp":"2026-10-02T08:53:25.332Z","level":"info","event":"api.request_received","fields":{"correlationId":"01a0fbd1-7cd4-7e85-9a05-56a40543c059","method":"GET","route":"/projects/:projectId/renders","service":"api"}}
@avlp/api:dev: {"level":30,"time":1790931205367,"pid":15536,"hostname":"DESKTOP-HQ6B2T1","reqId":"req-5v","res":{"statusCode":200},"responseTime":35.230999999679625,"msg":"request completed"}
@avlp/api:dev: {"level":30,"time":1790931208382,"pid":15536,"hostname":"DESKTOP-HQ6B2T1","reqId":"req-5w","req":{"method":"GET","url":"[REDACTED]","host":"localhost:3001","remoteAddress":"127.0.0.1","remotePort":58028},"msg":"incoming request"}
@avlp/api:dev: {"timestamp":"2026-10-02T08:53:28.382Z","level":"info","event":"api.request_received","fields":{"correlationId":"01a0fbd1-88be-7292-8e18-d47c7738d660","method":"GET","route":"/projects/:projectId/renders","service":"api"}}
@avlp/api:dev: {"level":30,"time":1790931208414,"pid":15536,"hostname":"DESKTOP-HQ6B2T1","reqId":"req-5w","res":{"statusCode":200},"responseTime":32.07040000008419,"msg":"request completed"}
@avlp/api:dev: {"level":30,"time":1790931211432,"pid":15536,"hostname":"DESKTOP-HQ6B2T1","reqId":"req-5x","req":{"method":"GET","url":"[REDACTED]","host":"localhost:3001","remoteAddress":"127.0.0.1","remotePort":58028},"msg":"incoming request"}
@avlp/api:dev: {"timestamp":"2026-10-02T08:53:31.433Z","level":"info","event":"api.request_received","fields":{"correlationId":"01a0fbd1-94a8-7c8e-842f-75541a50896e","method":"GET","route":"/projects/:projectId/renders","service":"api"}}
@avlp/api:dev: {"level":30,"time":1790931211467,"pid":15536,"hostname":"DESKTOP-HQ6B2T1","reqId":"req-5x","res":{"statusCode":200},"responseTime":34.41929999971762,"msg":"request completed"}
@avlp/api:dev: {"level":30,"time":1790931214482,"pid":15536,"hostname":"DESKTOP-HQ6B2T1","reqId":"req-5y","req":{"method":"GET","url":"[REDACTED]","host":"localhost:3001","remoteAddress":"127.0.0.1","remotePort":58028},"msg":"incoming request"}
@avlp/api:dev: {"timestamp":"2026-10-02T08:53:34.483Z","level":"info","event":"api.request_received","fields":{"correlationId":"01a0fbd1-a093-7533-a332-594a9a69a6eb","method":"GET","route":"/projects/:projectId/renders","service":"api"}}
@avlp/api:dev: {"level":30,"time":1790931214517,"pid":15536,"hostname":"DESKTOP-HQ6B2T1","reqId":"req-5y","res":{"statusCode":200},"responseTime":33.96320000011474,"msg":"request completed"}
@avlp/api:dev: {"level":30,"time":1790931217532,"pid":15536,"hostname":"DESKTOP-HQ6B2T1","reqId":"req-5z","req":{"method":"GET","url":"[REDACTED]","host":"localhost:3001","remoteAddress":"127.0.0.1","remotePort":58028},"msg":"incoming request"}
@avlp/api:dev: {"timestamp":"2026-10-02T08:53:37.532Z","level":"info","event":"api.request_received","fields":{"correlationId":"01a0fbd1-ac7c-75e4-a0a7-06194e74d407","method":"GET","route":"/projects/:projectId/renders","service":"api"}}
@avlp/api:dev: {"level":30,"time":1790931217565,"pid":15536,"hostname":"DESKTOP-HQ6B2T1","reqId":"req-5z","res":{"statusCode":200},"responseTime":33.179399999789894,"msg":"request completed"}
@avlp/api:dev: {"level":30,"time":1790931220581,"pid":15536,"hostname":"DESKTOP-HQ6B2T1","reqId":"req-60","req":{"method":"GET","url":"[REDACTED]","host":"localhost:3001","remoteAddress":"127.0.0.1","remotePort":58028},"msg":"incoming request"}
@avlp/api:dev: {"timestamp":"2026-10-02T08:53:40.582Z","level":"info","event":"api.request_received","fields":{"correlationId":"01a0fbd1-b865-788e-b9d1-454b40b91af2","method":"GET","route":"/projects/:projectId/renders","service":"api"}}
@avlp/api:dev: {"level":30,"time":1790931220616,"pid":15536,"hostname":"DESKTOP-HQ6B2T1","reqId":"req-60","res":{"statusCode":200},"responseTime":35.00620000017807,"msg":"request completed"}
@avlp/api:dev: {"level":30,"time":1790931223632,"pid":15536,"hostname":"DESKTOP-HQ6B2T1","reqId":"req-61","req":{"method":"GET","url":"[REDACTED]","host":"localhost:3001","remoteAddress":"127.0.0.1","remotePort":58028},"msg":"incoming request"}
@avlp/api:dev: {"timestamp":"2026-10-02T08:53:43.632Z","level":"info","event":"api.request_received","fields":{"correlationId":"01a0fbd1-c450-7b71-b7e6-8a87731a0b79","method":"GET","route":"/projects/:projectId/renders","service":"api"}}
@avlp/api:dev: {"level":30,"time":1790931223658,"pid":15536,"hostname":"DESKTOP-HQ6B2T1","reqId":"req-61","res":{"statusCode":200},"responseTime":26.19969999976456,"msg":"request completed"}
@avlp/api:dev: {"level":30,"time":1790931226677,"pid":15536,"hostname":"DESKTOP-HQ6B2T1","reqId":"req-62","req":{"method":"GET","url":"[REDACTED]","host":"localhost:3001","remoteAddress":"127.0.0.1","remotePort":58028},"msg":"incoming request"}
@avlp/api:dev: {"timestamp":"2026-10-02T08:53:46.678Z","level":"info","event":"api.request_received","fields":{"correlationId":"01a0fbd1-d036-7070-9b6d-cf60b534acb1","method":"GET","route":"/projects/:projectId/renders","service":"api"}}
@avlp/api:dev: {"level":30,"time":1790931226767,"pid":15536,"hostname":"DESKTOP-HQ6B2T1","reqId":"req-62","res":{"statusCode":200},"responseTime":89.49520000023767,"msg":"request completed"}
@avlp/api:dev: {"level":30,"time":1790931229785,"pid":15536,"hostname":"DESKTOP-HQ6B2T1","reqId":"req-63","req":{"method":"GET","url":"[REDACTED]","host":"localhost:3001","remoteAddress":"127.0.0.1","remotePort":58028},"msg":"incoming request"}
@avlp/api:dev: {"timestamp":"2026-10-02T08:53:49.786Z","level":"info","event":"api.request_received","fields":{"correlationId":"01a0fbd1-dc5a-739c-ad34-70be8b9b22d4","method":"GET","route":"/projects/:projectId/renders","service":"api"}}
@avlp/api:dev: {"level":30,"time":1790931229857,"pid":15536,"hostname":"DESKTOP-HQ6B2T1","reqId":"req-63","res":{"statusCode":200},"responseTime":71.46480000019073,"msg":"request completed"}
@avlp/api:dev: {"level":30,"time":1790931232877,"pid":15536,"hostname":"DESKTOP-HQ6B2T1","reqId":"req-64","req":{"method":"GET","url":"[REDACTED]","host":"localhost:3001","remoteAddress":"127.0.0.1","remotePort":58028},"msg":"incoming request"}
@avlp/api:dev: {"timestamp":"2026-10-02T08:53:52.878Z","level":"info","event":"api.request_received","fields":{"correlationId":"01a0fbd1-e86d-7f20-bc1e-4d6412889d2a","method":"GET","route":"/projects/:projectId/renders","service":"api"}}
@avlp/api:dev: {"level":30,"time":1790931232935,"pid":15536,"hostname":"DESKTOP-HQ6B2T1","reqId":"req-64","res":{"statusCode":200},"responseTime":57.297099999617785,"msg":"request completed"}
@avlp/api:dev: {"level":30,"time":1790931235957,"pid":15536,"hostname":"DESKTOP-HQ6B2T1","reqId":"req-65","req":{"method":"GET","url":"[REDACTED]","host":"localhost:3001","remoteAddress":"127.0.0.1","remotePort":58028},"msg":"incoming request"}
@avlp/api:dev: {"timestamp":"2026-10-02T08:53:55.957Z","level":"info","event":"api.request_received","fields":{"correlationId":"01a0fbd1-f475-77da-b4b1-0b23e4eec72b","method":"GET","route":"/projects/:projectId/renders","service":"api"}}
@avlp/api:dev: {"level":30,"time":1790931235985,"pid":15536,"hostname":"DESKTOP-HQ6B2T1","reqId":"req-65","res":{"statusCode":200},"responseTime":27.726999999955297,"msg":"request completed"}
@avlp/api:dev: {"level":30,"time":1790931238999,"pid":15536,"hostname":"DESKTOP-HQ6B2T1","reqId":"req-66","req":{"method":"GET","url":"[REDACTED]","host":"localhost:3001","remoteAddress":"127.0.0.1","remotePort":58028},"msg":"incoming request"}
@avlp/api:dev: {"timestamp":"2026-10-02T08:53:58.999Z","level":"info","event":"api.request_received","fields":{"correlationId":"01a0fbd2-0057-7281-a7e8-5b241084bb76","method":"GET","route":"/projects/:projectId/renders","service":"api"}}
@avlp/api:dev: {"level":30,"time":1790931239042,"pid":15536,"hostname":"DESKTOP-HQ6B2T1","reqId":"req-66","res":{"statusCode":200},"responseTime":43.04539999971166,"msg":"request completed"}
@avlp/api:dev: {"level":30,"time":1790931242058,"pid":15536,"hostname":"DESKTOP-HQ6B2T1","reqId":"req-67","req":{"method":"GET","url":"[REDACTED]","host":"localhost:3001","remoteAddress":"127.0.0.1","remotePort":58028},"msg":"incoming request"}
@avlp/api:dev: {"timestamp":"2026-10-02T08:54:02.058Z","level":"info","event":"api.request_received","fields":{"correlationId":"01a0fbd2-0c4a-751c-aa9b-a40a3e27d1d4","method":"GET","route":"/projects/:projectId/renders","service":"api"}}
@avlp/api:dev: {"level":30,"time":1790931242085,"pid":15536,"hostname":"DESKTOP-HQ6B2T1","reqId":"req-67","res":{"statusCode":200},"responseTime":27.118999999947846,"msg":"request completed"}
@avlp/api:dev: {"level":30,"time":1790931245098,"pid":15536,"hostname":"DESKTOP-HQ6B2T1","reqId":"req-68","req":{"method":"GET","url":"[REDACTED]","host":"localhost:3001","remoteAddress":"127.0.0.1","remotePort":58028},"msg":"incoming request"}
@avlp/api:dev: {"timestamp":"2026-10-02T08:54:05.098Z","level":"info","event":"api.request_received","fields":{"correlationId":"01a0fbd2-182a-792e-b5b2-d3695bc67bc7","method":"GET","route":"/projects/:projectId/renders","service":"api"}}
@avlp/api:dev: {"level":30,"time":1790931245176,"pid":15536,"hostname":"DESKTOP-HQ6B2T1","reqId":"req-68","res":{"statusCode":200},"responseTime":77.94629999995232,"msg":"request completed"}
@avlp/renderer:dev: {"timestamp":"2026-10-02T08:54:06.007Z","level":"info","event":"render.reviewed","fields":{"correlationId":"01a0fbcb-79e1-7cb8-98c6-b217729b081b","findingCodes":"NARRATION_SILENT,LOUDNESS_OUT_OF_RANGE","jobId":"01a0fbcb-7a37-7451-86fc-f898c7008b16","outcome":"passed","projectId":"01a0f833-3115-7134-a74f-b8d10cf6bac8","reviewVersion":"render-review-v2","service":"renderer"}}
@avlp/api:dev: {"level":30,"time":1790931248191,"pid":15536,"hostname":"DESKTOP-HQ6B2T1","reqId":"req-69","req":{"method":"GET","url":"[REDACTED]","host":"localhost:3001","remoteAddress":"127.0.0.1","remotePort":58028},"msg":"incoming request"}
@avlp/api:dev: {"timestamp":"2026-10-02T08:54:08.191Z","level":"info","event":"api.request_received","fields":{"correlationId":"01a0fbd2-243f-70b5-828a-49aca4499535","method":"GET","route":"/projects/:projectId/renders","service":"api"}}
@avlp/api:dev: {"level":30,"time":1790931248232,"pid":15536,"hostname":"DESKTOP-HQ6B2T1","reqId":"req-69","res":{"statusCode":200},"responseTime":41.62219999963418,"msg":"request completed"}
@avlp/renderer:dev: {"timestamp":"2026-10-02T08:54:09.578Z","level":"info","event":"render.completed","fields":{"correlationId":"01a0fbcb-79e1-7cb8-98c6-b217729b081b","jobId":"01a0fbcb-7a37-7451-86fc-f898c7008b16","projectId":"01a0f833-3115-7134-a74f-b8d10cf6bac8","reused":false,"service":"renderer"}}
@avlp/renderer:dev: {"timestamp":"2026-10-02T08:54:09.677Z","level":"info","event":"job.completed","fields":{"jobId":"01a0fbcb-7a37-7451-86fc-f898c7008b16","jobType":"lesson.render","projectId":"01a0f833-3115-7134-a74f-b8d10cf6bac8","correlationId":"01a0fbcb-79e1-7cb8-98c6-b217729b081b","attempt":1,"status":"succeeded","errorClassification":"none","durationMs":427106,"service":"renderer"}}
@avlp/api:dev: {"level":30,"time":1790931251257,"pid":15536,"hostname":"DESKTOP-HQ6B2T1","reqId":"req-6a","req":{"method":"GET","url":"[REDACTED]","host":"localhost:3001","remoteAddress":"127.0.0.1","remotePort":58028},"msg":"incoming request"}
@avlp/api:dev: {"timestamp":"2026-10-02T08:54:11.257Z","level":"info","event":"api.request_received","fields":{"correlationId":"01a0fbd2-3039-7711-adb0-cf3f8f880460","method":"GET","route":"/projects/:projectId/renders","service":"api"}}
@avlp/api:dev: {"level":30,"time":1790931251291,"pid":15536,"hostname":"DESKTOP-HQ6B2T1","reqId":"req-6a","res":{"statusCode":200},"responseTime":34.68760000029579,"msg":"request completed"}
@avlp/api:dev: {"level":30,"time":1790931259336,"pid":15536,"hostname":"DESKTOP-HQ6B2T1","reqId":"req-6b","req":{"method":"GET","url":"[REDACTED]","host":"localhost:3001","remoteAddress":"127.0.0.1","remotePort":58028},"msg":"incoming request"}
@avlp/api:dev: {"timestamp":"2026-10-02T08:54:19.337Z","level":"info","event":"api.request_received","fields":{"correlationId":"01a0fbd2-4fc8-7c73-b689-3c58f64de561","method":"GET","route":"/projects/:projectId/renders","service":"api"}}
@avlp/api:dev: {"level":30,"time":1790931259367,"pid":15536,"hostname":"DESKTOP-HQ6B2T1","reqId":"req-6b","res":{"statusCode":200},"responseTime":30.89050000021234,"msg":"request completed"}
@avlp/api:dev: {"level":30,"time":1790931262491,"pid":15536,"hostname":"DESKTOP-HQ6B2T1","reqId":"req-6c","req":{"method":"GET","url":"[REDACTED]","host":"localhost:3001","remoteAddress":"127.0.0.1","remotePort":58028},"msg":"incoming request"}
@avlp/api:dev: {"timestamp":"2026-10-02T08:54:22.491Z","level":"info","event":"api.request_received","fields":{"correlationId":"01a0fbd2-5c1b-7b52-a056-cb8f09a9d69b","method":"GET","route":"/projects/:projectId/renders/:renderId/download","service":"api"}}
@avlp/api:dev: {"level":30,"time":1790931262579,"pid":15536,"hostname":"DESKTOP-HQ6B2T1","reqId":"req-6c","res":{"statusCode":302},"responseTime":87.53329999977723,"msg":"request completed"}
@avlp/api:dev: {"level":30,"time":1790931267381,"pid":15536,"hostname":"DESKTOP-HQ6B2T1","reqId":"req-6d","req":{"method":"GET","url":"[REDACTED]","host":"localhost:3001","remoteAddress":"127.0.0.1","remotePort":58028},"msg":"incoming request"}
@avlp/api:dev: {"timestamp":"2026-10-02T08:54:27.382Z","level":"info","event":"api.request_received","fields":{"correlationId":"01a0fbd2-6f35-7aea-bfd5-3e6af1e2f742","method":"GET","route":"/projects/:projectId/renders","service":"api"}}
@avlp/api:dev: {"level":30,"time":1790931267419,"pid":15536,"hostname":"DESKTOP-HQ6B2T1","reqId":"req-6d","res":{"statusCode":200},"responseTime":37.62199999997392,"msg":"request completed"}
@avlp/api:dev: {"level":30,"time":1790931275582,"pid":15536,"hostname":"DESKTOP-HQ6B2T1","reqId":"req-6e","req":{"method":"GET","url":"[REDACTED]","host":"localhost:3001","remoteAddress":"127.0.0.1","remotePort":58028},"msg":"incoming request"}
@avlp/api:dev: {"timestamp":"2026-10-02T08:54:35.582Z","level":"info","event":"api.request_received","fields":{"correlationId":"01a0fbd2-8f3e-7354-a0b9-3d7e929e1331","method":"GET","route":"/projects/:projectId/renders","service":"api"}}
@avlp/api:dev: {"level":30,"time":1790931275843,"pid":15536,"hostname":"DESKTOP-HQ6B2T1","reqId":"req-6e","res":{"statusCode":200},"responseTime":260.569700000342,"msg":"request completed"}
@avlp/api:dev: {"level":30,"time":1790931284575,"pid":15536,"hostname":"DESKTOP-HQ6B2T1","reqId":"req-6f","req":{"method":"GET","url":"[REDACTED]","host":"localhost:3001","remoteAddress":"127.0.0.1","remotePort":58028},"msg":"incoming request"}
@avlp/api:dev: {"timestamp":"2026-10-02T08:54:44.575Z","level":"info","event":"api.request_received","fields":{"correlationId":"01a0fbd2-b25f-7aff-a702-067ca33df30c","method":"GET","route":"/projects/:projectId/renders","service":"api"}}
@avlp/api:dev: {"level":30,"time":1790931284609,"pid":15536,"hostname":"DESKTOP-HQ6B2T1","reqId":"req-6f","res":{"statusCode":200},"responseTime":34.04270000010729,"msg":"request completed"}
@avlp/api:dev: {"level":30,"time":1790931293579,"pid":15536,"hostname":"DESKTOP-HQ6B2T1","reqId":"req-6g","req":{"method":"GET","url":"[REDACTED]","host":"localhost:3001","remoteAddress":"127.0.0.1","remotePort":58028},"msg":"incoming request"}
@avlp/api:dev: {"timestamp":"2026-10-02T08:54:53.579Z","level":"info","event":"api.request_received","fields":{"correlationId":"01a0fbd2-d58b-77ce-975b-cfbb9ef4760d","method":"GET","route":"/projects/:projectId/renders","service":"api"}}
@avlp/api:dev: {"level":30,"time":1790931293613,"pid":15536,"hostname":"DESKTOP-HQ6B2T1","reqId":"req-6g","res":{"statusCode":200},"responseTime":34.13220000034198,"msg":"request completed"}
@avlp/api:dev: {"level":30,"time":1790931302578,"pid":15536,"hostname":"DESKTOP-HQ6B2T1","reqId":"req-6h","req":{"method":"GET","url":"[REDACTED]","host":"localhost:3001","remoteAddress":"127.0.0.1","remotePort":58028},"msg":"incoming request"}
@avlp/api:dev: {"timestamp":"2026-10-02T08:55:02.578Z","level":"info","event":"api.request_received","fields":{"correlationId":"01a0fbd2-f8b2-7346-9054-e263c9c7c438","method":"GET","route":"/projects/:projectId/renders","service":"api"}}
@avlp/api:dev: {"level":30,"time":1790931302610,"pid":15536,"hostname":"DESKTOP-HQ6B2T1","reqId":"req-6h","res":{"statusCode":200},"responseTime":31.505499999970198,"msg":"request completed"}
@avlp/api:dev: {"level":30,"time":1790931311580,"pid":15536,"hostname":"DESKTOP-HQ6B2T1","reqId":"req-6i","req":{"method":"GET","url":"[REDACTED]","host":"localhost:3001","remoteAddress":"127.0.0.1","remotePort":58028},"msg":"incoming request"}
@avlp/api:dev: {"timestamp":"2026-10-02T08:55:11.581Z","level":"info","event":"api.request_received","fields":{"correlationId":"01a0fbd3-1bdc-778b-b7af-015d7e499c4e","method":"GET","route":"/projects/:projectId/renders","service":"api"}}
@avlp/api:dev: {"level":30,"time":1790931311635,"pid":15536,"hostname":"DESKTOP-HQ6B2T1","reqId":"req-6i","res":{"statusCode":200},"responseTime":54.421399999875575,"msg":"request completed"}
@avlp/api:dev: {"level":30,"time":1790931320580,"pid":15536,"hostname":"DESKTOP-HQ6B2T1","reqId":"req-6j","req":{"method":"GET","url":"[REDACTED]","host":"localhost:3001","remoteAddress":"127.0.0.1","remotePort":58028},"msg":"incoming request"}
@avlp/api:dev: {"timestamp":"2026-10-02T08:55:20.581Z","level":"info","event":"api.request_received","fields":{"correlationId":"01a0fbd3-3f05-7c09-8872-4cb8a97abc5b","method":"GET","route":"/projects/:projectId/renders","service":"api"}}
@avlp/api:dev: {"level":30,"time":1790931320612,"pid":15536,"hostname":"DESKTOP-HQ6B2T1","reqId":"req-6j","res":{"statusCode":200},"responseTime":30.961800000164658,"msg":"request completed"}
@avlp/api:dev: {"level":30,"time":1790931329574,"pid":15536,"hostname":"DESKTOP-HQ6B2T1","reqId":"req-6k","req":{"method":"GET","url":"[REDACTED]","host":"localhost:3001","remoteAddress":"127.0.0.1","remotePort":58028},"msg":"incoming request"}
@avlp/api:dev: {"timestamp":"2026-10-02T08:55:29.574Z","level":"info","event":"api.request_received","fields":{"correlationId":"01a0fbd3-6226-7742-b30c-9f678eb2516e","method":"GET","route":"/projects/:projectId/renders","service":"api"}}
@avlp/api:dev: {"level":30,"time":1790931329607,"pid":15536,"hostname":"DESKTOP-HQ6B2T1","reqId":"req-6k","res":{"statusCode":200},"responseTime":33.189500000327826,"msg":"request completed"}
@avlp/api:dev: {"level":30,"time":1790931338574,"pid":15536,"hostname":"DESKTOP-HQ6B2T1","reqId":"req-6l","req":{"method":"GET","url":"[REDACTED]","host":"localhost:3001","remoteAddress":"127.0.0.1","remotePort":58028},"msg":"incoming request"}
@avlp/api:dev: {"timestamp":"2026-10-02T08:55:38.574Z","level":"info","event":"api.request_received","fields":{"correlationId":"01a0fbd3-854e-7369-87ac-1e0484580493","method":"GET","route":"/projects/:projectId/renders","service":"api"}}
@avlp/api:dev: {"level":30,"time":1790931338604,"pid":15536,"hostname":"DESKTOP-HQ6B2T1","reqId":"req-6l","res":{"statusCode":200},"responseTime":30.387000000104308,"msg":"request completed"}
@avlp/api:dev: {"level":30,"time":1790931347572,"pid":15536,"hostname":"DESKTOP-HQ6B2T1","reqId":"req-6m","req":{"method":"GET","url":"[REDACTED]","host":"localhost:3001","remoteAddress":"127.0.0.1","remotePort":58028},"msg":"incoming request"}
@avlp/api:dev: {"timestamp":"2026-10-02T08:55:47.592Z","level":"info","event":"api.request_received","fields":{"correlationId":"01a0fbd3-a874-7869-b2fb-0f9dd034fb8d","method":"GET","route":"/projects/:projectId/renders","service":"api"}}
@avlp/api:dev: {"level":30,"time":1790931347625,"pid":15536,"hostname":"DESKTOP-HQ6B2T1","reqId":"req-6m","res":{"statusCode":200},"responseTime":52.930500000249594,"msg":"request completed"}
@avlp/api:dev: {"level":30,"time":1790931356579,"pid":15536,"hostname":"DESKTOP-HQ6B2T1","reqId":"req-6n","req":{"method":"GET","url":"[REDACTED]","host":"localhost:3001","remoteAddress":"127.0.0.1","remotePort":58028},"msg":"incoming request"}
@avlp/api:dev: {"timestamp":"2026-10-02T08:55:56.579Z","level":"info","event":"api.request_received","fields":{"correlationId":"01a0fbd3-cba3-74e6-baee-650203a123b3","method":"GET","route":"/projects/:projectId/renders","service":"api"}}
@avlp/api:dev: {"level":30,"time":1790931356610,"pid":15536,"hostname":"DESKTOP-HQ6B2T1","reqId":"req-6n","res":{"statusCode":200},"responseTime":30.98380000004545,"msg":"request completed"}
@avlp/api:dev: {"level":30,"time":1790931365583,"pid":15536,"hostname":"DESKTOP-HQ6B2T1","reqId":"req-6o","req":{"method":"GET","url":"[REDACTED]","host":"localhost:3001","remoteAddress":"127.0.0.1","remotePort":58028},"msg":"incoming request"}
@avlp/api:dev: {"timestamp":"2026-10-02T08:56:05.583Z","level":"info","event":"api.request_received","fields":{"correlationId":"01a0fbd3-eecf-781d-8344-fc7e91d6734d","method":"GET","route":"/projects/:projectId/renders","service":"api"}}
@avlp/api:dev: {"level":30,"time":1790931365642,"pid":15536,"hostname":"DESKTOP-HQ6B2T1","reqId":"req-6o","res":{"statusCode":200},"responseTime":59.388199999928474,"msg":"request completed"}
@avlp/api:dev: {"level":30,"time":1790931374582,"pid":15536,"hostname":"DESKTOP-HQ6B2T1","reqId":"req-6p","req":{"method":"GET","url":"[REDACTED]","host":"localhost:3001","remoteAddress":"127.0.0.1","remotePort":58028},"msg":"incoming request"}
@avlp/api:dev: {"timestamp":"2026-10-02T08:56:14.583Z","level":"info","event":"api.request_received","fields":{"correlationId":"01a0fbd4-11f6-788f-bc45-5f6b2e75795e","method":"GET","route":"/projects/:projectId/renders","service":"api"}}
@avlp/api:dev: {"level":30,"time":1790931374616,"pid":15536,"hostname":"DESKTOP-HQ6B2T1","reqId":"req-6p","res":{"statusCode":200},"responseTime":33.25369999976829,"msg":"request completed"}
@avlp/api:dev: {"timestamp":"2026-10-02T08:56:24.236Z","level":"info","event":"api.request_received","fields":{"correlationId":"01a0fbd4-37ab-725c-8ca6-05553fdb7283","method":"GET","route":"/projects/:projectId/renders","service":"api"}}
@avlp/api:dev: {"level":30,"time":1790931384235,"pid":15536,"hostname":"DESKTOP-HQ6B2T1","reqId":"req-6q","req":{"method":"GET","url":"[REDACTED]","host":"localhost:3001","remoteAddress":"127.0.0.1","remotePort":58028},"msg":"incoming request"}
@avlp/api:dev: {"level":30,"time":1790931386157,"pid":15536,"hostname":"DESKTOP-HQ6B2T1","reqId":"req-6q","res":{"statusCode":200},"responseTime":1921.5161999999546,"msg":"request completed"}
@avlp/api:dev: {"level":30,"time":1790931394584,"pid":15536,"hostname":"DESKTOP-HQ6B2T1","reqId":"req-6r","req":{"method":"GET","url":"[REDACTED]","host":"localhost:3001","remoteAddress":"127.0.0.1","remotePort":58028},"msg":"incoming request"}
@avlp/api:dev: {"timestamp":"2026-10-02T08:56:34.585Z","level":"info","event":"api.request_received","fields":{"correlationId":"01a0fbd4-6019-7d66-a256-6a1ced275db7","method":"GET","route":"/projects/:projectId/renders","service":"api"}}
@avlp/api:dev: {"level":30,"time":1790931394654,"pid":15536,"hostname":"DESKTOP-HQ6B2T1","reqId":"req-6r","res":{"statusCode":200},"responseTime":69.02279999991879,"msg":"request completed"}
@avlp/api:dev: {"level":30,"time":1790931403576,"pid":15536,"hostname":"DESKTOP-HQ6B2T1","reqId":"req-6s","req":{"method":"GET","url":"[REDACTED]","host":"localhost:3001","remoteAddress":"127.0.0.1","remotePort":58028},"msg":"incoming request"}
@avlp/api:dev: {"timestamp":"2026-10-02T08:56:43.576Z","level":"info","event":"api.request_received","fields":{"correlationId":"01a0fbd4-8338-7b5b-8275-7d718e8884a3","method":"GET","route":"/projects/:projectId/renders","service":"api"}}
@avlp/api:dev: {"level":30,"time":1790931403677,"pid":15536,"hostname":"DESKTOP-HQ6B2T1","reqId":"req-6s","res":{"statusCode":200},"responseTime":101.58399999979883,"msg":"request completed"}
@avlp/api:dev: {"level":30,"time":1790931412577,"pid":15536,"hostname":"DESKTOP-HQ6B2T1","reqId":"req-6t","req":{"method":"GET","url":"[REDACTED]","host":"localhost:3001","remoteAddress":"127.0.0.1","remotePort":58028},"msg":"incoming request"}
@avlp/api:dev: {"timestamp":"2026-10-02T08:56:52.578Z","level":"info","event":"api.request_received","fields":{"correlationId":"01a0fbd4-a662-77c3-85da-d5ba507c2a07","method":"GET","route":"/projects/:projectId/renders","service":"api"}}
@avlp/api:dev: {"level":30,"time":1790931412653,"pid":15536,"hostname":"DESKTOP-HQ6B2T1","reqId":"req-6t","res":{"statusCode":200},"responseTime":75.29820000007749,"msg":"request completed"}
@avlp/api:dev: {"level":30,"time":1790931421577,"pid":15536,"hostname":"DESKTOP-HQ6B2T1","reqId":"req-6u","req":{"method":"GET","url":"[REDACTED]","host":"localhost:3001","remoteAddress":"127.0.0.1","remotePort":58028},"msg":"incoming request"}
@avlp/api:dev: {"timestamp":"2026-10-02T08:57:01.578Z","level":"info","event":"api.request_received","fields":{"correlationId":"01a0fbd4-c989-7345-bfdc-4436c6ed2df5","method":"GET","route":"/projects/:projectId/renders","service":"api"}}
@avlp/api:dev: {"level":30,"time":1790931421648,"pid":15536,"hostname":"DESKTOP-HQ6B2T1","reqId":"req-6u","res":{"statusCode":200},"responseTime":70.56599999964237,"msg":"request completed"}
@avlp/api:dev: {"level":30,"time":1790931430575,"pid":15536,"hostname":"DESKTOP-HQ6B2T1","reqId":"req-6v","req":{"method":"GET","url":"[REDACTED]","host":"localhost:3001","remoteAddress":"127.0.0.1","remotePort":58028},"msg":"incoming request"}
@avlp/api:dev: {"timestamp":"2026-10-02T08:57:10.576Z","level":"info","event":"api.request_received","fields":{"correlationId":"01a0fbd4-ecb0-79ee-941c-3d0807887705","method":"GET","route":"/projects/:projectId/renders","service":"api"}}
@avlp/api:dev: {"level":30,"time":1790931430638,"pid":15536,"hostname":"DESKTOP-HQ6B2T1","reqId":"req-6v","res":{"statusCode":200},"responseTime":62.006000000052154,"msg":"request completed"}
@avlp/api:dev: {"level":30,"time":1790931439581,"pid":15536,"hostname":"DESKTOP-HQ6B2T1","reqId":"req-6w","req":{"method":"GET","url":"[REDACTED]","host":"localhost:3001","remoteAddress":"127.0.0.1","remotePort":58028},"msg":"incoming request"}
@avlp/api:dev: {"timestamp":"2026-10-02T08:57:19.581Z","level":"info","event":"api.request_received","fields":{"correlationId":"01a0fbd5-0fdd-7a78-a44d-6a9751cfd2a6","method":"GET","route":"/projects/:projectId/renders","service":"api"}}
@avlp/api:dev: {"level":30,"time":1790931439638,"pid":15536,"hostname":"DESKTOP-HQ6B2T1","reqId":"req-6w","res":{"statusCode":200},"responseTime":56.780900000128895,"msg":"request completed"}
@avlp/api:dev: {"level":30,"time":1790931448569,"pid":15536,"hostname":"DESKTOP-HQ6B2T1","reqId":"req-6x","req":{"method":"GET","url":"[REDACTED]","host":"localhost:3001","remoteAddress":"127.0.0.1","remotePort":58028},"msg":"incoming request"}
@avlp/api:dev: {"timestamp":"2026-10-02T08:57:28.570Z","level":"info","event":"api.request_received","fields":{"correlationId":"01a0fbd5-32f9-7d51-9d5b-3210a20182f7","method":"GET","route":"/projects/:projectId/renders","service":"api"}}
@avlp/api:dev: {"level":30,"time":1790931448643,"pid":15536,"hostname":"DESKTOP-HQ6B2T1","reqId":"req-6x","res":{"statusCode":200},"responseTime":73.39450000040233,"msg":"request completed"}
@avlp/api:dev: {"level":30,"time":1790931457580,"pid":15536,"hostname":"DESKTOP-HQ6B2T1","reqId":"req-6y","req":{"method":"GET","url":"[REDACTED]","host":"localhost:3001","remoteAddress":"127.0.0.1","remotePort":58028},"msg":"incoming request"}
@avlp/api:dev: {"timestamp":"2026-10-02T08:57:37.580Z","level":"info","event":"api.request_received","fields":{"correlationId":"01a0fbd5-562c-708b-890d-520187df89f7","method":"GET","route":"/projects/:projectId/renders","service":"api"}}
@avlp/api:dev: {"level":30,"time":1790931457647,"pid":15536,"hostname":"DESKTOP-HQ6B2T1","reqId":"req-6y","res":{"statusCode":200},"responseTime":66.97209999989718,"msg":"request completed"}
@avlp/api:dev: {"level":30,"time":1790931466577,"pid":15536,"hostname":"DESKTOP-HQ6B2T1","reqId":"req-6z","req":{"method":"GET","url":"[REDACTED]","host":"localhost:3001","remoteAddress":"127.0.0.1","remotePort":58028},"msg":"incoming request"}
@avlp/api:dev: {"timestamp":"2026-10-02T08:57:46.578Z","level":"info","event":"api.request_received","fields":{"correlationId":"01a0fbd5-7951-7558-ba8e-2908cbb19eb7","method":"GET","route":"/projects/:projectId/renders","service":"api"}}
@avlp/api:dev: {"level":30,"time":1790931466663,"pid":15536,"hostname":"DESKTOP-HQ6B2T1","reqId":"req-6z","res":{"statusCode":200},"responseTime":86.02420000033453,"msg":"request completed"}
@avlp/api:dev: {"level":30,"time":1790931475578,"pid":15536,"hostname":"DESKTOP-HQ6B2T1","reqId":"req-70","req":{"method":"GET","url":"[REDACTED]","host":"localhost:3001","remoteAddress":"127.0.0.1","remotePort":58028},"msg":"incoming request"}
@avlp/api:dev: {"timestamp":"2026-10-02T08:57:55.579Z","level":"info","event":"api.request_received","fields":{"correlationId":"01a0fbd5-9c7a-77bd-a4ab-aaf826e1b345","method":"GET","route":"/projects/:projectId/renders","service":"api"}}
@avlp/api:dev: {"level":30,"time":1790931475654,"pid":15536,"hostname":"DESKTOP-HQ6B2T1","reqId":"req-70","res":{"statusCode":200},"responseTime":75.55710000032559,"msg":"request completed"}
@avlp/api:dev: {"level":30,"time":1790931484571,"pid":15536,"hostname":"DESKTOP-HQ6B2T1","reqId":"req-71","req":{"method":"GET","url":"[REDACTED]","host":"localhost:3001","remoteAddress":"127.0.0.1","remotePort":58028},"msg":"incoming request"}
@avlp/api:dev: {"timestamp":"2026-10-02T08:58:04.572Z","level":"info","event":"api.request_received","fields":{"correlationId":"01a0fbd5-bf9c-742f-bdfc-c4ba477c5472","method":"GET","route":"/projects/:projectId/renders","service":"api"}}
@avlp/api:dev: {"level":30,"time":1790931484646,"pid":15536,"hostname":"DESKTOP-HQ6B2T1","reqId":"req-71","res":{"statusCode":200},"responseTime":74.02760000014678,"msg":"request completed"}
@avlp/api:dev: {"level":30,"time":1790931493581,"pid":15536,"hostname":"DESKTOP-HQ6B2T1","reqId":"req-72","req":{"method":"GET","url":"[REDACTED]","host":"localhost:3001","remoteAddress":"127.0.0.1","remotePort":58028},"msg":"incoming request"}
@avlp/api:dev: {"timestamp":"2026-10-02T08:58:13.582Z","level":"info","event":"api.request_received","fields":{"correlationId":"01a0fbd5-e2ce-701f-99a5-e78de8ca466f","method":"GET","route":"/projects/:projectId/renders","service":"api"}}
@avlp/api:dev: {"level":30,"time":1790931493651,"pid":15536,"hostname":"DESKTOP-HQ6B2T1","reqId":"req-72","res":{"statusCode":200},"responseTime":69.90629999991506,"msg":"request completed"}
@avlp/api:dev: {"level":30,"time":1790931502570,"pid":15536,"hostname":"DESKTOP-HQ6B2T1","reqId":"req-73","req":{"method":"GET","url":"[REDACTED]","host":"localhost:3001","remoteAddress":"127.0.0.1","remotePort":58028},"msg":"incoming request"}
@avlp/api:dev: {"timestamp":"2026-10-02T08:58:22.571Z","level":"info","event":"api.request_received","fields":{"correlationId":"01a0fbd6-05eb-7ed5-b301-f1209f2b96cb","method":"GET","route":"/projects/:projectId/renders","service":"api"}}
@avlp/api:dev: {"level":30,"time":1790931502638,"pid":15536,"hostname":"DESKTOP-HQ6B2T1","reqId":"req-73","res":{"statusCode":200},"responseTime":66.95050000026822,"msg":"request completed"}
@avlp/api:dev: {"level":30,"time":1790931511569,"pid":15536,"hostname":"DESKTOP-HQ6B2T1","reqId":"req-74","req":{"method":"GET","url":"[REDACTED]","host":"localhost:3001","remoteAddress":"127.0.0.1","remotePort":58028},"msg":"incoming request"}
@avlp/api:dev: {"timestamp":"2026-10-02T08:58:31.569Z","level":"info","event":"api.request_received","fields":{"correlationId":"01a0fbd6-2911-7d92-b328-0b66edcd6f7d","method":"GET","route":"/projects/:projectId/renders","service":"api"}}
@avlp/api:dev: {"level":30,"time":1790931511636,"pid":15536,"hostname":"DESKTOP-HQ6B2T1","reqId":"req-74","res":{"statusCode":200},"responseTime":66.95470000011846,"msg":"request completed"}
@avlp/api:dev: {"level":30,"time":1790931520580,"pid":15536,"hostname":"DESKTOP-HQ6B2T1","reqId":"req-75","req":{"method":"GET","url":"[REDACTED]","host":"localhost:3001","remoteAddress":"127.0.0.1","remotePort":58028},"msg":"incoming request"}
@avlp/api:dev: {"timestamp":"2026-10-02T08:58:40.581Z","level":"info","event":"api.request_received","fields":{"correlationId":"01a0fbd6-4c44-76f1-9245-f6bae6bfdb34","method":"GET","route":"/projects/:projectId/renders","service":"api"}}
@avlp/api:dev: {"level":30,"time":1790931520653,"pid":15536,"hostname":"DESKTOP-HQ6B2T1","reqId":"req-75","res":{"statusCode":200},"responseTime":73.03379999985918,"msg":"request completed"}
@avlp/api:dev: {"level":30,"time":1790931529569,"pid":15536,"hostname":"DESKTOP-HQ6B2T1","reqId":"req-76","req":{"method":"GET","url":"[REDACTED]","host":"localhost:3001","remoteAddress":"127.0.0.1","remotePort":58028},"msg":"incoming request"}
@avlp/api:dev: {"timestamp":"2026-10-02T08:58:49.570Z","level":"info","event":"api.request_received","fields":{"correlationId":"01a0fbd6-6f61-7bd0-9049-56b6d6ec11d3","method":"GET","route":"/projects/:projectId/renders","service":"api"}}
@avlp/api:dev: {"level":30,"time":1790931529642,"pid":15536,"hostname":"DESKTOP-HQ6B2T1","reqId":"req-76","res":{"statusCode":200},"responseTime":73.12560000037774,"msg":"request completed"}
@avlp/api:dev: {"level":30,"time":1790931538579,"pid":15536,"hostname":"DESKTOP-HQ6B2T1","reqId":"req-77","req":{"method":"GET","url":"[REDACTED]","host":"localhost:3001","remoteAddress":"127.0.0.1","remotePort":58028},"msg":"incoming request"}
@avlp/api:dev: {"timestamp":"2026-10-02T08:58:58.580Z","level":"info","event":"api.request_received","fields":{"correlationId":"01a0fbd6-9293-7acb-a4ef-5931054a9fae","method":"GET","route":"/projects/:projectId/renders","service":"api"}}
@avlp/api:dev: {"level":30,"time":1790931538645,"pid":15536,"hostname":"DESKTOP-HQ6B2T1","reqId":"req-77","res":{"statusCode":200},"responseTime":65.89529999997467,"msg":"request completed"}
@avlp/api:dev: {"level":30,"time":1790931547576,"pid":15536,"hostname":"DESKTOP-HQ6B2T1","reqId":"req-78","req":{"method":"GET","url":"[REDACTED]","host":"localhost:3001","remoteAddress":"127.0.0.1","remotePort":58028},"msg":"incoming request"}
@avlp/api:dev: {"timestamp":"2026-10-02T08:59:07.577Z","level":"info","event":"api.request_received","fields":{"correlationId":"01a0fbd6-b5b8-7f06-99c0-c69ee12811a5","method":"GET","route":"/projects/:projectId/renders","service":"api"}}
@avlp/api:dev: {"level":30,"time":1790931547637,"pid":15536,"hostname":"DESKTOP-HQ6B2T1","reqId":"req-78","res":{"statusCode":200},"responseTime":61.05739999981597,"msg":"request completed"}
@avlp/api:dev: {"level":30,"time":1790931556580,"pid":15536,"hostname":"DESKTOP-HQ6B2T1","reqId":"req-79","req":{"method":"GET","url":"[REDACTED]","host":"localhost:3001","remoteAddress":"127.0.0.1","remotePort":58028},"msg":"incoming request"}
@avlp/api:dev: {"timestamp":"2026-10-02T08:59:16.580Z","level":"info","event":"api.request_received","fields":{"correlationId":"01a0fbd6-d8e4-7b7d-8849-2b5d9fdcfb78","method":"GET","route":"/projects/:projectId/renders","service":"api"}}
@avlp/api:dev: {"level":30,"time":1790931556680,"pid":15536,"hostname":"DESKTOP-HQ6B2T1","reqId":"req-79","res":{"statusCode":200},"responseTime":99.88670000014827,"msg":"request completed"}
@avlp/api:dev: {"level":30,"time":1790931565573,"pid":15536,"hostname":"DESKTOP-HQ6B2T1","reqId":"req-7a","req":{"method":"GET","url":"[REDACTED]","host":"localhost:3001","remoteAddress":"127.0.0.1","remotePort":58028},"msg":"incoming request"}
@avlp/api:dev: {"timestamp":"2026-10-02T08:59:25.574Z","level":"info","event":"api.request_received","fields":{"correlationId":"01a0fbd6-fc05-76d4-9f38-a6f5c716a264","method":"GET","route":"/projects/:projectId/renders","service":"api"}}
@avlp/api:dev: {"level":30,"time":1790931565644,"pid":15536,"hostname":"DESKTOP-HQ6B2T1","reqId":"req-7a","res":{"statusCode":200},"responseTime":71.0535999997519,"msg":"request completed"}
@avlp/api:dev: {"level":30,"time":1790931574571,"pid":15536,"hostname":"DESKTOP-HQ6B2T1","reqId":"req-7b","req":{"method":"GET","url":"[REDACTED]","host":"localhost:3001","remoteAddress":"127.0.0.1","remotePort":58028},"msg":"incoming request"}
@avlp/api:dev: {"timestamp":"2026-10-02T08:59:34.572Z","level":"info","event":"api.request_received","fields":{"correlationId":"01a0fbd7-1f2c-765a-b717-08b59f3839bf","method":"GET","route":"/projects/:projectId/renders","service":"api"}}
@avlp/api:dev: {"level":30,"time":1790931574649,"pid":15536,"hostname":"DESKTOP-HQ6B2T1","reqId":"req-7b","res":{"statusCode":200},"responseTime":77.43160000024363,"msg":"request completed"}
@avlp/api:dev: {"level":30,"time":1790931583580,"pid":15536,"hostname":"DESKTOP-HQ6B2T1","reqId":"req-7c","req":{"method":"GET","url":"[REDACTED]","host":"localhost:3001","remoteAddress":"127.0.0.1","remotePort":58028},"msg":"incoming request"}
@avlp/api:dev: {"timestamp":"2026-10-02T08:59:43.581Z","level":"info","event":"api.request_received","fields":{"correlationId":"01a0fbd7-425c-746c-bcee-3888133298a7","method":"GET","route":"/projects/:projectId/renders","service":"api"}}
@avlp/api:dev: {"level":30,"time":1790931583645,"pid":15536,"hostname":"DESKTOP-HQ6B2T1","reqId":"req-7c","res":{"statusCode":200},"responseTime":64.75639999983832,"msg":"request completed"}
@avlp/api:dev: {"level":30,"time":1790931592572,"pid":15536,"hostname":"DESKTOP-HQ6B2T1","reqId":"req-7d","req":{"method":"GET","url":"[REDACTED]","host":"localhost:3001","remoteAddress":"127.0.0.1","remotePort":58028},"msg":"incoming request"}
@avlp/api:dev: {"timestamp":"2026-10-02T08:59:52.573Z","level":"info","event":"api.request_received","fields":{"correlationId":"01a0fbd7-657c-731a-bfad-1f8c03877ec7","method":"GET","route":"/projects/:projectId/renders","service":"api"}}
@avlp/api:dev: {"level":30,"time":1790931592665,"pid":15536,"hostname":"DESKTOP-HQ6B2T1","reqId":"req-7d","res":{"statusCode":200},"responseTime":92.51049999985844,"msg":"request completed"}
@avlp/api:dev: {"level":30,"time":1790931601572,"pid":15536,"hostname":"DESKTOP-HQ6B2T1","reqId":"req-7e","req":{"method":"GET","url":"[REDACTED]","host":"localhost:3001","remoteAddress":"127.0.0.1","remotePort":58028},"msg":"incoming request"}
@avlp/api:dev: {"timestamp":"2026-10-02T09:00:01.573Z","level":"info","event":"api.request_received","fields":{"correlationId":"01a0fbd7-88a4-766f-91f4-bae9c1359411","method":"GET","route":"/projects/:projectId/renders","service":"api"}}
@avlp/api:dev: {"level":30,"time":1790931601636,"pid":15536,"hostname":"DESKTOP-HQ6B2T1","reqId":"req-7e","res":{"statusCode":200},"responseTime":64.01709999982268,"msg":"request completed"}
@avlp/api:dev: {"level":30,"time":1790931610571,"pid":15536,"hostname":"DESKTOP-HQ6B2T1","reqId":"req-7f","req":{"method":"GET","url":"[REDACTED]","host":"localhost:3001","remoteAddress":"127.0.0.1","remotePort":58028},"msg":"incoming request"}
@avlp/api:dev: {"timestamp":"2026-10-02T09:00:10.571Z","level":"info","event":"api.request_received","fields":{"correlationId":"01a0fbd7-abcb-7b2f-99da-fb00d9fbecc3","method":"GET","route":"/projects/:projectId/renders","service":"api"}}
@avlp/api:dev: {"level":30,"time":1790931610647,"pid":15536,"hostname":"DESKTOP-HQ6B2T1","reqId":"req-7f","res":{"statusCode":200},"responseTime":75.69420000026003,"msg":"request completed"}
@avlp/api:dev: {"level":30,"time":1790931619571,"pid":15536,"hostname":"DESKTOP-HQ6B2T1","reqId":"req-7g","req":{"method":"GET","url":"[REDACTED]","host":"localhost:3001","remoteAddress":"127.0.0.1","remotePort":58028},"msg":"incoming request"}
@avlp/api:dev: {"timestamp":"2026-10-02T09:00:19.572Z","level":"info","event":"api.request_received","fields":{"correlationId":"01a0fbd7-cef3-778f-bcd2-d27e721bc66d","method":"GET","route":"/projects/:projectId/renders","service":"api"}}
@avlp/api:dev: {"level":30,"time":1790931619633,"pid":15536,"hostname":"DESKTOP-HQ6B2T1","reqId":"req-7g","res":{"statusCode":200},"responseTime":61.50180000020191,"msg":"request completed"}
@avlp/api:dev: {"timestamp":"2026-10-02T09:00:28.576Z","level":"info","event":"api.request_received","fields":{"correlationId":"01a0fbd7-f21f-7e89-8ecf-3c0feeaca2cd","method":"GET","route":"/projects/:projectId/renders","service":"api"}}
@avlp/api:dev: {"level":30,"time":1790931628575,"pid":15536,"hostname":"DESKTOP-HQ6B2T1","reqId":"req-7h","req":{"method":"GET","url":"[REDACTED]","host":"localhost:3001","remoteAddress":"127.0.0.1","remotePort":58028},"msg":"incoming request"}
@avlp/api:dev: {"level":30,"time":1790931628649,"pid":15536,"hostname":"DESKTOP-HQ6B2T1","reqId":"req-7h","res":{"statusCode":200},"responseTime":73.52590000024065,"msg":"request completed"}
@avlp/api:dev: {"level":30,"time":1790931637573,"pid":15536,"hostname":"DESKTOP-HQ6B2T1","reqId":"req-7i","req":{"method":"GET","url":"[REDACTED]","host":"localhost:3001","remoteAddress":"127.0.0.1","remotePort":58028},"msg":"incoming request"}
@avlp/api:dev: {"timestamp":"2026-10-02T09:00:37.573Z","level":"info","event":"api.request_received","fields":{"correlationId":"01a0fbd8-1545-72f9-a8a8-726e592c65fd","method":"GET","route":"/projects/:projectId/renders","service":"api"}}
@avlp/api:dev: {"level":30,"time":1790931637648,"pid":15536,"hostname":"DESKTOP-HQ6B2T1","reqId":"req-7i","res":{"statusCode":200},"responseTime":74.86650000000373,"msg":"request completed"}
@avlp/api:dev: {"level":30,"time":1790931646576,"pid":15536,"hostname":"DESKTOP-HQ6B2T1","reqId":"req-7j","req":{"method":"GET","url":"[REDACTED]","host":"localhost:3001","remoteAddress":"127.0.0.1","remotePort":58028},"msg":"incoming request"}
@avlp/api:dev: {"timestamp":"2026-10-02T09:00:46.576Z","level":"info","event":"api.request_received","fields":{"correlationId":"01a0fbd8-3870-7ebc-b6e8-22bc92ec7e51","method":"GET","route":"/projects/:projectId/renders","service":"api"}}
@avlp/api:dev: {"level":30,"time":1790931646607,"pid":15536,"hostname":"DESKTOP-HQ6B2T1","reqId":"req-7j","res":{"statusCode":200},"responseTime":31.124399999622256,"msg":"request completed"}
@avlp/api:dev: {"level":30,"time":1790931655573,"pid":15536,"hostname":"DESKTOP-HQ6B2T1","reqId":"req-7k","req":{"method":"GET","url":"[REDACTED]","host":"localhost:3001","remoteAddress":"127.0.0.1","remotePort":58028},"msg":"incoming request"}
@avlp/api:dev: {"timestamp":"2026-10-02T09:00:55.573Z","level":"info","event":"api.request_received","fields":{"correlationId":"01a0fbd8-5b95-7aaa-b593-628798e566c3","method":"GET","route":"/projects/:projectId/renders","service":"api"}}
@avlp/api:dev: {"level":30,"time":1790931655606,"pid":15536,"hostname":"DESKTOP-HQ6B2T1","reqId":"req-7k","res":{"statusCode":200},"responseTime":33.38139999983832,"msg":"request completed"}
@avlp/api:dev: {"level":30,"time":1790931664572,"pid":15536,"hostname":"DESKTOP-HQ6B2T1","reqId":"req-7l","req":{"method":"GET","url":"[REDACTED]","host":"localhost:3001","remoteAddress":"127.0.0.1","remotePort":58028},"msg":"incoming request"}
@avlp/api:dev: {"timestamp":"2026-10-02T09:01:04.573Z","level":"info","event":"api.request_received","fields":{"correlationId":"01a0fbd8-7ebc-7021-9eba-95e9449033a1","method":"GET","route":"/projects/:projectId/renders","service":"api"}}
@avlp/api:dev: {"level":30,"time":1790931664601,"pid":15536,"hostname":"DESKTOP-HQ6B2T1","reqId":"req-7l","res":{"statusCode":200},"responseTime":28.393999999854714,"msg":"request completed"}
@avlp/api:dev: {"level":30,"time":1790931673575,"pid":15536,"hostname":"DESKTOP-HQ6B2T1","reqId":"req-7m","req":{"method":"GET","url":"[REDACTED]","host":"localhost:3001","remoteAddress":"127.0.0.1","remotePort":58028},"msg":"incoming request"}
@avlp/api:dev: {"timestamp":"2026-10-02T09:01:13.576Z","level":"info","event":"api.request_received","fields":{"correlationId":"01a0fbd8-a1e7-7c36-ac22-d61fb069d173","method":"GET","route":"/projects/:projectId/renders","service":"api"}}
@avlp/api:dev: {"level":30,"time":1790931673605,"pid":15536,"hostname":"DESKTOP-HQ6B2T1","reqId":"req-7m","res":{"statusCode":200},"responseTime":29.34889999963343,"msg":"request completed"}
@avlp/api:dev: {"level":30,"time":1790931682575,"pid":15536,"hostname":"DESKTOP-HQ6B2T1","reqId":"req-7n","req":{"method":"GET","url":"[REDACTED]","host":"localhost:3001","remoteAddress":"127.0.0.1","remotePort":58028},"msg":"incoming request"}
@avlp/api:dev: {"timestamp":"2026-10-02T09:01:22.576Z","level":"info","event":"api.request_received","fields":{"correlationId":"01a0fbd8-c50f-7b48-b502-95670045e826","method":"GET","route":"/projects/:projectId/renders","service":"api"}}
@avlp/api:dev: {"level":30,"time":1790931682607,"pid":15536,"hostname":"DESKTOP-HQ6B2T1","reqId":"req-7n","res":{"statusCode":200},"responseTime":31.598699999973178,"msg":"request completed"}
@avlp/api:dev: {"level":30,"time":1790931691573,"pid":15536,"hostname":"DESKTOP-HQ6B2T1","reqId":"req-7o","req":{"method":"GET","url":"[REDACTED]","host":"localhost:3001","remoteAddress":"127.0.0.1","remotePort":58028},"msg":"incoming request"}
@avlp/api:dev: {"timestamp":"2026-10-02T09:01:31.573Z","level":"info","event":"api.request_received","fields":{"correlationId":"01a0fbd8-e835-7b94-b5dd-80e81388b8e2","method":"GET","route":"/projects/:projectId/renders","service":"api"}}
@avlp/api:dev: {"level":30,"time":1790931691606,"pid":15536,"hostname":"DESKTOP-HQ6B2T1","reqId":"req-7o","res":{"statusCode":200},"responseTime":32.85330000007525,"msg":"request completed"}
@avlp/api:dev: {"level":30,"time":1790931700571,"pid":15536,"hostname":"DESKTOP-HQ6B2T1","reqId":"req-7p","req":{"method":"GET","url":"[REDACTED]","host":"localhost:3001","remoteAddress":"127.0.0.1","remotePort":58028},"msg":"incoming request"}
@avlp/api:dev: {"timestamp":"2026-10-02T09:01:40.571Z","level":"info","event":"api.request_received","fields":{"correlationId":"01a0fbd9-0b5b-769e-9cbf-2c2ddb8289b7","method":"GET","route":"/projects/:projectId/renders","service":"api"}}
@avlp/api:dev: {"level":30,"time":1790931700602,"pid":15536,"hostname":"DESKTOP-HQ6B2T1","reqId":"req-7p","res":{"statusCode":200},"responseTime":31.605700000189245,"msg":"request completed"}
@avlp/api:dev: {"level":30,"time":1790931709572,"pid":15536,"hostname":"DESKTOP-HQ6B2T1","reqId":"req-7q","req":{"method":"GET","url":"[REDACTED]","host":"localhost:3001","remoteAddress":"127.0.0.1","remotePort":58028},"msg":"incoming request"}
@avlp/api:dev: {"timestamp":"2026-10-02T09:01:49.573Z","level":"info","event":"api.request_received","fields":{"correlationId":"01a0fbd9-2e85-7e48-8897-8b2d79675c78","method":"GET","route":"/projects/:projectId/renders","service":"api"}}
@avlp/api:dev: {"level":30,"time":1790931709604,"pid":15536,"hostname":"DESKTOP-HQ6B2T1","reqId":"req-7q","res":{"statusCode":200},"responseTime":32.00100000016391,"msg":"request completed"}
@avlp/api:dev: {"level":30,"time":1790931718576,"pid":15536,"hostname":"DESKTOP-HQ6B2T1","reqId":"req-7r","req":{"method":"GET","url":"[REDACTED]","host":"localhost:3001","remoteAddress":"127.0.0.1","remotePort":58028},"msg":"incoming request"}
@avlp/api:dev: {"timestamp":"2026-10-02T09:01:58.576Z","level":"info","event":"api.request_received","fields":{"correlationId":"01a0fbd9-51b0-7da8-a015-e101106737da","method":"GET","route":"/projects/:projectId/renders","service":"api"}}
@avlp/api:dev: {"level":30,"time":1790931718608,"pid":15536,"hostname":"DESKTOP-HQ6B2T1","reqId":"req-7r","res":{"statusCode":200},"responseTime":32.10990000003949,"msg":"request completed"}
@avlp/api:dev: {"level":30,"time":1790931727577,"pid":15536,"hostname":"DESKTOP-HQ6B2T1","reqId":"req-7s","req":{"method":"GET","url":"[REDACTED]","host":"localhost:3001","remoteAddress":"127.0.0.1","remotePort":58028},"msg":"incoming request"}
@avlp/api:dev: {"timestamp":"2026-10-02T09:02:07.577Z","level":"info","event":"api.request_received","fields":{"correlationId":"01a0fbd9-74d9-7dfc-9f43-9b5c9b370375","method":"GET","route":"/projects/:projectId/renders","service":"api"}}
@avlp/api:dev: {"level":30,"time":1790931727608,"pid":15536,"hostname":"DESKTOP-HQ6B2T1","reqId":"req-7s","res":{"statusCode":200},"responseTime":31.213700000196695,"msg":"request completed"}
@avlp/api:dev: {"level":30,"time":1790931736577,"pid":15536,"hostname":"DESKTOP-HQ6B2T1","reqId":"req-7t","req":{"method":"GET","url":"[REDACTED]","host":"localhost:3001","remoteAddress":"127.0.0.1","remotePort":58028},"msg":"incoming request"}
@avlp/api:dev: {"timestamp":"2026-10-02T09:02:16.577Z","level":"info","event":"api.request_received","fields":{"correlationId":"01a0fbd9-9801-7e63-b0a2-6e9c1832afd5","method":"GET","route":"/projects/:projectId/renders","service":"api"}}
@avlp/api:dev: {"level":30,"time":1790931736608,"pid":15536,"hostname":"DESKTOP-HQ6B2T1","reqId":"req-7t","res":{"statusCode":200},"responseTime":31.300499999895692,"msg":"request completed"}
@avlp/api:dev: {"level":30,"time":1790931745571,"pid":15536,"hostname":"DESKTOP-HQ6B2T1","reqId":"req-7u","req":{"method":"GET","url":"[REDACTED]","host":"localhost:3001","remoteAddress":"127.0.0.1","remotePort":58028},"msg":"incoming request"}
@avlp/api:dev: {"timestamp":"2026-10-02T09:02:25.572Z","level":"info","event":"api.request_received","fields":{"correlationId":"01a0fbd9-bb24-753f-9aa5-0151e2e154dc","method":"GET","route":"/projects/:projectId/renders","service":"api"}}
@avlp/api:dev: {"level":30,"time":1790931745602,"pid":15536,"hostname":"DESKTOP-HQ6B2T1","reqId":"req-7u","res":{"statusCode":200},"responseTime":30.75730000017211,"msg":"request completed"}
@avlp/api:dev: {"level":30,"time":1790931754564,"pid":15536,"hostname":"DESKTOP-HQ6B2T1","reqId":"req-7v","req":{"method":"GET","url":"[REDACTED]","host":"localhost:3001","remoteAddress":"127.0.0.1","remotePort":58028},"msg":"incoming request"}
@avlp/api:dev: {"timestamp":"2026-10-02T09:02:34.564Z","level":"info","event":"api.request_received","fields":{"correlationId":"01a0fbd9-de44-79d6-ace6-992ac6921c2f","method":"GET","route":"/projects/:projectId/renders","service":"api"}}
@avlp/api:dev: {"level":30,"time":1790931754594,"pid":15536,"hostname":"DESKTOP-HQ6B2T1","reqId":"req-7v","res":{"statusCode":200},"responseTime":29.61349999997765,"msg":"request completed"}
@avlp/api:dev: {"level":30,"time":1790931763571,"pid":15536,"hostname":"DESKTOP-HQ6B2T1","reqId":"req-7w","req":{"method":"GET","url":"[REDACTED]","host":"localhost:3001","remoteAddress":"127.0.0.1","remotePort":58028},"msg":"incoming request"}
@avlp/api:dev: {"timestamp":"2026-10-02T09:02:43.571Z","level":"info","event":"api.request_received","fields":{"correlationId":"01a0fbda-0173-73cc-ac43-8cce6e2de214","method":"GET","route":"/projects/:projectId/renders","service":"api"}}
@avlp/api:dev: {"level":30,"time":1790931763606,"pid":15536,"hostname":"DESKTOP-HQ6B2T1","reqId":"req-7w","res":{"statusCode":200},"responseTime":34.78260000003502,"msg":"request completed"}
@avlp/api:dev: {"level":30,"time":1790931772573,"pid":15536,"hostname":"DESKTOP-HQ6B2T1","reqId":"req-7x","req":{"method":"GET","url":"[REDACTED]","host":"localhost:3001","remoteAddress":"127.0.0.1","remotePort":58028},"msg":"incoming request"}
@avlp/api:dev: {"timestamp":"2026-10-02T09:02:52.573Z","level":"info","event":"api.request_received","fields":{"correlationId":"01a0fbda-249d-7b06-8909-0301f164d9fe","method":"GET","route":"/projects/:projectId/renders","service":"api"}}
@avlp/api:dev: {"level":30,"time":1790931772607,"pid":15536,"hostname":"DESKTOP-HQ6B2T1","reqId":"req-7x","res":{"statusCode":200},"responseTime":34.41360000008717,"msg":"request completed"}
@avlp/api:dev: {"level":30,"time":1790931781571,"pid":15536,"hostname":"DESKTOP-HQ6B2T1","reqId":"req-7y","req":{"method":"GET","url":"[REDACTED]","host":"localhost:3001","remoteAddress":"127.0.0.1","remotePort":58028},"msg":"incoming request"}
@avlp/api:dev: {"timestamp":"2026-10-02T09:03:01.571Z","level":"info","event":"api.request_received","fields":{"correlationId":"01a0fbda-47c3-7b0e-966a-b183a86cb958","method":"GET","route":"/projects/:projectId/renders","service":"api"}}
@avlp/api:dev: {"level":30,"time":1790931781605,"pid":15536,"hostname":"DESKTOP-HQ6B2T1","reqId":"req-7y","res":{"statusCode":200},"responseTime":33.66990000009537,"msg":"request completed"}
@avlp/api:dev: {"level":30,"time":1790931790564,"pid":15536,"hostname":"DESKTOP-HQ6B2T1","reqId":"req-7z","req":{"method":"GET","url":"[REDACTED]","host":"localhost:3001","remoteAddress":"127.0.0.1","remotePort":58028},"msg":"incoming request"}
@avlp/api:dev: {"timestamp":"2026-10-02T09:03:10.564Z","level":"info","event":"api.request_received","fields":{"correlationId":"01a0fbda-6ae4-7796-9a99-03dcd19dbb56","method":"GET","route":"/projects/:projectId/renders","service":"api"}}
@avlp/api:dev: {"level":30,"time":1790931790636,"pid":15536,"hostname":"DESKTOP-HQ6B2T1","reqId":"req-7z","res":{"statusCode":200},"responseTime":72.26359999971464,"msg":"request completed"}
@avlp/api:dev: {"level":30,"time":1790931799564,"pid":15536,"hostname":"DESKTOP-HQ6B2T1","reqId":"req-80","req":{"method":"GET","url":"[REDACTED]","host":"localhost:3001","remoteAddress":"127.0.0.1","remotePort":58028},"msg":"incoming request"}
@avlp/api:dev: {"timestamp":"2026-10-02T09:03:19.565Z","level":"info","event":"api.request_received","fields":{"correlationId":"01a0fbda-8e0d-7a8f-b9f4-5473aed23fed","method":"GET","route":"/projects/:projectId/renders","service":"api"}}
@avlp/api:dev: {"level":30,"time":1790931799596,"pid":15536,"hostname":"DESKTOP-HQ6B2T1","reqId":"req-80","res":{"statusCode":200},"responseTime":31.5671999999322,"msg":"request completed"}
@avlp/api:dev: {"level":30,"time":1790931808575,"pid":15536,"hostname":"DESKTOP-HQ6B2T1","reqId":"req-81","req":{"method":"GET","url":"[REDACTED]","host":"localhost:3001","remoteAddress":"127.0.0.1","remotePort":58028},"msg":"incoming request"}
@avlp/api:dev: {"timestamp":"2026-10-02T09:03:28.576Z","level":"info","event":"api.request_received","fields":{"correlationId":"01a0fbda-b13f-70a8-ae93-e9e831e9a524","method":"GET","route":"/projects/:projectId/renders","service":"api"}}
@avlp/api:dev: {"level":30,"time":1790931808607,"pid":15536,"hostname":"DESKTOP-HQ6B2T1","reqId":"req-81","res":{"statusCode":200},"responseTime":31.344500000122935,"msg":"request completed"}
@avlp/api:dev: {"level":30,"time":1790931817573,"pid":15536,"hostname":"DESKTOP-HQ6B2T1","reqId":"req-82","req":{"method":"GET","url":"[REDACTED]","host":"localhost:3001","remoteAddress":"127.0.0.1","remotePort":58028},"msg":"incoming request"}
@avlp/api:dev: {"timestamp":"2026-10-02T09:03:37.574Z","level":"info","event":"api.request_received","fields":{"correlationId":"01a0fbda-d466-7a83-b46a-60b670d292e1","method":"GET","route":"/projects/:projectId/renders","service":"api"}}
@avlp/api:dev: {"level":30,"time":1790931817604,"pid":15536,"hostname":"DESKTOP-HQ6B2T1","reqId":"req-82","res":{"statusCode":200},"responseTime":30.596999999601394,"msg":"request completed"}
@avlp/api:dev: {"level":30,"time":1790931826573,"pid":15536,"hostname":"DESKTOP-HQ6B2T1","reqId":"req-83","req":{"method":"GET","url":"[REDACTED]","host":"localhost:3001","remoteAddress":"127.0.0.1","remotePort":58028},"msg":"incoming request"}
@avlp/api:dev: {"timestamp":"2026-10-02T09:03:46.574Z","level":"info","event":"api.request_received","fields":{"correlationId":"01a0fbda-f78e-7eb8-bdd0-8aa065b6eee9","method":"GET","route":"/projects/:projectId/renders","service":"api"}}
@avlp/api:dev: {"level":30,"time":1790931826609,"pid":15536,"hostname":"DESKTOP-HQ6B2T1","reqId":"req-83","res":{"statusCode":200},"responseTime":35.340499999932945,"msg":"request completed"}
@avlp/api:dev: {"level":30,"time":1790931835568,"pid":15536,"hostname":"DESKTOP-HQ6B2T1","reqId":"req-84","req":{"method":"GET","url":"[REDACTED]","host":"localhost:3001","remoteAddress":"127.0.0.1","remotePort":58028},"msg":"incoming request"}
@avlp/api:dev: {"timestamp":"2026-10-02T09:03:55.568Z","level":"info","event":"api.request_received","fields":{"correlationId":"01a0fbdb-1ab0-7f76-aa05-fc278ca3a642","method":"GET","route":"/projects/:projectId/renders","service":"api"}}
@avlp/api:dev: {"level":30,"time":1790931835598,"pid":15536,"hostname":"DESKTOP-HQ6B2T1","reqId":"req-84","res":{"statusCode":200},"responseTime":30.20699999993667,"msg":"request completed"}
@avlp/api:dev: {"level":30,"time":1790931844562,"pid":15536,"hostname":"DESKTOP-HQ6B2T1","reqId":"req-85","req":{"method":"GET","url":"[REDACTED]","host":"localhost:3001","remoteAddress":"127.0.0.1","remotePort":58028},"msg":"incoming request"}
@avlp/api:dev: {"timestamp":"2026-10-02T09:04:04.562Z","level":"info","event":"api.request_received","fields":{"correlationId":"01a0fbdb-3dd2-73c9-99f9-1fd62e70f820","method":"GET","route":"/projects/:projectId/renders","service":"api"}}
@avlp/api:dev: {"level":30,"time":1790931844589,"pid":15536,"hostname":"DESKTOP-HQ6B2T1","reqId":"req-85","res":{"statusCode":200},"responseTime":27.172399999573827,"msg":"request completed"}
@avlp/api:dev: {"level":30,"time":1790931853568,"pid":15536,"hostname":"DESKTOP-HQ6B2T1","reqId":"req-86","req":{"method":"GET","url":"[REDACTED]","host":"localhost:3001","remoteAddress":"127.0.0.1","remotePort":58028},"msg":"incoming request"}
@avlp/api:dev: {"timestamp":"2026-10-02T09:04:13.568Z","level":"info","event":"api.request_received","fields":{"correlationId":"01a0fbdb-6100-75ee-bd69-67ae70b1b90f","method":"GET","route":"/projects/:projectId/renders","service":"api"}}
@avlp/api:dev: {"level":30,"time":1790931853599,"pid":15536,"hostname":"DESKTOP-HQ6B2T1","reqId":"req-86","res":{"statusCode":200},"responseTime":31.14949999982491,"msg":"request completed"}
@avlp/api:dev: {"level":30,"time":1790931862563,"pid":15536,"hostname":"DESKTOP-HQ6B2T1","reqId":"req-87","req":{"method":"GET","url":"[REDACTED]","host":"localhost:3001","remoteAddress":"127.0.0.1","remotePort":58028},"msg":"incoming request"}
@avlp/api:dev: {"timestamp":"2026-10-02T09:04:22.564Z","level":"info","event":"api.request_received","fields":{"correlationId":"01a0fbdb-8424-7df9-9148-0934c021375d","method":"GET","route":"/projects/:projectId/renders","service":"api"}}
@avlp/api:dev: {"level":30,"time":1790931862598,"pid":15536,"hostname":"DESKTOP-HQ6B2T1","reqId":"req-87","res":{"statusCode":200},"responseTime":34.583300000056624,"msg":"request completed"}
@avlp/api:dev: {"level":30,"time":1790931871563,"pid":15536,"hostname":"DESKTOP-HQ6B2T1","reqId":"req-88","req":{"method":"GET","url":"[REDACTED]","host":"localhost:3001","remoteAddress":"127.0.0.1","remotePort":58028},"msg":"incoming request"}
@avlp/api:dev: {"timestamp":"2026-10-02T09:04:31.563Z","level":"info","event":"api.request_received","fields":{"correlationId":"01a0fbdb-a74b-7a0f-bf30-14f09282750e","method":"GET","route":"/projects/:projectId/renders","service":"api"}}
@avlp/api:dev: {"level":30,"time":1790931871594,"pid":15536,"hostname":"DESKTOP-HQ6B2T1","reqId":"req-88","res":{"statusCode":200},"responseTime":31.329400000162423,"msg":"request completed"}
@avlp/api:dev: {"level":30,"time":1790931880571,"pid":15536,"hostname":"DESKTOP-HQ6B2T1","reqId":"req-89","req":{"method":"GET","url":"[REDACTED]","host":"localhost:3001","remoteAddress":"127.0.0.1","remotePort":58028},"msg":"incoming request"}
@avlp/api:dev: {"timestamp":"2026-10-02T09:04:40.572Z","level":"info","event":"api.request_received","fields":{"correlationId":"01a0fbdb-ca7b-7d0b-91d8-7e18444d4174","method":"GET","route":"/projects/:projectId/renders","service":"api"}}
@avlp/api:dev: {"level":30,"time":1790931880604,"pid":15536,"hostname":"DESKTOP-HQ6B2T1","reqId":"req-89","res":{"statusCode":200},"responseTime":32.77609999990091,"msg":"request completed"}
@avlp/api:dev: {"level":30,"time":1790931889570,"pid":15536,"hostname":"DESKTOP-HQ6B2T1","reqId":"req-8a","req":{"method":"GET","url":"[REDACTED]","host":"localhost:3001","remoteAddress":"127.0.0.1","remotePort":58028},"msg":"incoming request"}
@avlp/api:dev: {"timestamp":"2026-10-02T09:04:49.570Z","level":"info","event":"api.request_received","fields":{"correlationId":"01a0fbdb-eda2-77df-9d6f-7fb5ffd3b3cc","method":"GET","route":"/projects/:projectId/renders","service":"api"}}
@avlp/api:dev: {"level":30,"time":1790931889601,"pid":15536,"hostname":"DESKTOP-HQ6B2T1","reqId":"req-8a","res":{"statusCode":200},"responseTime":30.88549999985844,"msg":"request completed"}
@avlp/api:dev: {"level":30,"time":1790931898567,"pid":15536,"hostname":"DESKTOP-HQ6B2T1","reqId":"req-8b","req":{"method":"GET","url":"[REDACTED]","host":"localhost:3001","remoteAddress":"127.0.0.1","remotePort":58028},"msg":"incoming request"}
@avlp/api:dev: {"timestamp":"2026-10-02T09:04:58.567Z","level":"info","event":"api.request_received","fields":{"correlationId":"01a0fbdc-10c7-7b5c-a98f-b68fa64c4588","method":"GET","route":"/projects/:projectId/renders","service":"api"}}
@avlp/api:dev: {"level":30,"time":1790931898599,"pid":15536,"hostname":"DESKTOP-HQ6B2T1","reqId":"req-8b","res":{"statusCode":200},"responseTime":31.931100000161678,"msg":"request completed"}
@avlp/api:dev: {"level":30,"time":1790931907565,"pid":15536,"hostname":"DESKTOP-HQ6B2T1","reqId":"req-8c","req":{"method":"GET","url":"[REDACTED]","host":"localhost:3001","remoteAddress":"127.0.0.1","remotePort":58028},"msg":"incoming request"}
@avlp/api:dev: {"timestamp":"2026-10-02T09:05:07.566Z","level":"info","event":"api.request_received","fields":{"correlationId":"01a0fbdc-33ee-75c2-a781-98bfcc6df4ed","method":"GET","route":"/projects/:projectId/renders","service":"api"}}
@avlp/api:dev: {"level":30,"time":1790931907595,"pid":15536,"hostname":"DESKTOP-HQ6B2T1","reqId":"req-8c","res":{"statusCode":200},"responseTime":29.509500000160187,"msg":"request completed"}
@avlp/api:dev: {"level":30,"time":1790931916569,"pid":15536,"hostname":"DESKTOP-HQ6B2T1","reqId":"req-8d","req":{"method":"GET","url":"[REDACTED]","host":"localhost:3001","remoteAddress":"127.0.0.1","remotePort":58028},"msg":"incoming request"}
@avlp/api:dev: {"timestamp":"2026-10-02T09:05:16.570Z","level":"info","event":"api.request_received","fields":{"correlationId":"01a0fbdc-5719-791a-9e21-281c27d8be1a","method":"GET","route":"/projects/:projectId/renders","service":"api"}}
@avlp/api:dev: {"level":30,"time":1790931916602,"pid":15536,"hostname":"DESKTOP-HQ6B2T1","reqId":"req-8d","res":{"statusCode":200},"responseTime":32.92849999992177,"msg":"request completed"}
@avlp/api:dev: {"level":30,"time":1790931925561,"pid":15536,"hostname":"DESKTOP-HQ6B2T1","reqId":"req-8e","req":{"method":"GET","url":"[REDACTED]","host":"localhost:3001","remoteAddress":"127.0.0.1","remotePort":58028},"msg":"incoming request"}
@avlp/api:dev: {"timestamp":"2026-10-02T09:05:25.561Z","level":"info","event":"api.request_received","fields":{"correlationId":"01a0fbdc-7a39-7dfb-ba26-05097fe70e7c","method":"GET","route":"/projects/:projectId/renders","service":"api"}}
@avlp/api:dev: {"level":30,"time":1790931925591,"pid":15536,"hostname":"DESKTOP-HQ6B2T1","reqId":"req-8e","res":{"statusCode":200},"responseTime":29.526599999982864,"msg":"request completed"}
@avlp/api:dev: {"level":30,"time":1790931934568,"pid":15536,"hostname":"DESKTOP-HQ6B2T1","reqId":"req-8f","req":{"method":"GET","url":"[REDACTED]","host":"localhost:3001","remoteAddress":"127.0.0.1","remotePort":58028},"msg":"incoming request"}
@avlp/api:dev: {"timestamp":"2026-10-02T09:05:34.569Z","level":"info","event":"api.request_received","fields":{"correlationId":"01a0fbdc-9d69-7670-b4ea-5fd3fd60010e","method":"GET","route":"/projects/:projectId/renders","service":"api"}}
@avlp/api:dev: {"level":30,"time":1790931934603,"pid":15536,"hostname":"DESKTOP-HQ6B2T1","reqId":"req-8f","res":{"statusCode":200},"responseTime":34.30890000006184,"msg":"request completed"}
@avlp/api:dev: {"level":30,"time":1790931943562,"pid":15536,"hostname":"DESKTOP-HQ6B2T1","reqId":"req-8g","req":{"method":"GET","url":"[REDACTED]","host":"localhost:3001","remoteAddress":"127.0.0.1","remotePort":58028},"msg":"incoming request"}
@avlp/api:dev: {"timestamp":"2026-10-02T09:05:43.563Z","level":"info","event":"api.request_received","fields":{"correlationId":"01a0fbdc-c08a-7b1e-9d97-438852f306fb","method":"GET","route":"/projects/:projectId/renders","service":"api"}}
@avlp/api:dev: {"level":30,"time":1790931943594,"pid":15536,"hostname":"DESKTOP-HQ6B2T1","reqId":"req-8g","res":{"statusCode":200},"responseTime":31.1050999998115,"msg":"request completed"}
@avlp/api:dev: {"level":30,"time":1790931952571,"pid":15536,"hostname":"DESKTOP-HQ6B2T1","reqId":"req-8h","req":{"method":"GET","url":"[REDACTED]","host":"localhost:3001","remoteAddress":"127.0.0.1","remotePort":58028},"msg":"incoming request"}
@avlp/api:dev: {"timestamp":"2026-10-02T09:05:52.572Z","level":"info","event":"api.request_received","fields":{"correlationId":"01a0fbdc-e3bb-71d9-83f7-d809592ff92b","method":"GET","route":"/projects/:projectId/renders","service":"api"}}
@avlp/api:dev: {"level":30,"time":1790931952601,"pid":15536,"hostname":"DESKTOP-HQ6B2T1","reqId":"req-8h","res":{"statusCode":200},"responseTime":29.367500000167638,"msg":"request completed"}
@avlp/api:dev: {"level":30,"time":1790931961563,"pid":15536,"hostname":"DESKTOP-HQ6B2T1","reqId":"req-8i","req":{"method":"GET","url":"[REDACTED]","host":"localhost:3001","remoteAddress":"127.0.0.1","remotePort":58028},"msg":"incoming request"}
@avlp/api:dev: {"timestamp":"2026-10-02T09:06:01.564Z","level":"info","event":"api.request_received","fields":{"correlationId":"01a0fbdd-06db-7955-8ed8-4361c584c215","method":"GET","route":"/projects/:projectId/renders","service":"api"}}
@avlp/api:dev: {"level":30,"time":1790931961594,"pid":15536,"hostname":"DESKTOP-HQ6B2T1","reqId":"req-8i","res":{"statusCode":200},"responseTime":30.61670000012964,"msg":"request completed"}
@avlp/api:dev: {"level":30,"time":1790931970572,"pid":15536,"hostname":"DESKTOP-HQ6B2T1","reqId":"req-8j","req":{"method":"GET","url":"[REDACTED]","host":"localhost:3001","remoteAddress":"127.0.0.1","remotePort":58028},"msg":"incoming request"}
@avlp/api:dev: {"timestamp":"2026-10-02T09:06:10.572Z","level":"info","event":"api.request_received","fields":{"correlationId":"01a0fbdd-2a0c-7bc1-8885-6cdcfcf6cee7","method":"GET","route":"/projects/:projectId/renders","service":"api"}}
@avlp/api:dev: {"level":30,"time":1790931970602,"pid":15536,"hostname":"DESKTOP-HQ6B2T1","reqId":"req-8j","res":{"statusCode":200},"responseTime":30.039199999999255,"msg":"request completed"}
@avlp/api:dev: {"level":30,"time":1790931979564,"pid":15536,"hostname":"DESKTOP-HQ6B2T1","reqId":"req-8k","req":{"method":"GET","url":"[REDACTED]","host":"localhost:3001","remoteAddress":"127.0.0.1","remotePort":58028},"msg":"incoming request"}
@avlp/api:dev: {"timestamp":"2026-10-02T09:06:19.564Z","level":"info","event":"api.request_received","fields":{"correlationId":"01a0fbdd-4d2c-79ec-88d1-71e80e715fc2","method":"GET","route":"/projects/:projectId/renders","service":"api"}}
@avlp/api:dev: {"level":30,"time":1790931979592,"pid":15536,"hostname":"DESKTOP-HQ6B2T1","reqId":"req-8k","res":{"statusCode":200},"responseTime":28.558399999979883,"msg":"request completed"}
@avlp/api:dev: {"level":30,"time":1790931988564,"pid":15536,"hostname":"DESKTOP-HQ6B2T1","reqId":"req-8l","req":{"method":"GET","url":"[REDACTED]","host":"localhost:3001","remoteAddress":"127.0.0.1","remotePort":58028},"msg":"incoming request"}
@avlp/api:dev: {"timestamp":"2026-10-02T09:06:28.565Z","level":"info","event":"api.request_received","fields":{"correlationId":"01a0fbdd-7055-78c7-b152-b537a5c932e1","method":"GET","route":"/projects/:projectId/renders","service":"api"}}
@avlp/api:dev: {"level":30,"time":1790931988593,"pid":15536,"hostname":"DESKTOP-HQ6B2T1","reqId":"req-8l","res":{"statusCode":200},"responseTime":28.146600000094622,"msg":"request completed"}
@avlp/api:dev: {"level":30,"time":1790931997572,"pid":15536,"hostname":"DESKTOP-HQ6B2T1","reqId":"req-8m","req":{"method":"GET","url":"[REDACTED]","host":"localhost:3001","remoteAddress":"127.0.0.1","remotePort":58028},"msg":"incoming request"}
@avlp/api:dev: {"timestamp":"2026-10-02T09:06:37.573Z","level":"info","event":"api.request_received","fields":{"correlationId":"01a0fbdd-9384-702a-8563-e359d2e9d4c0","method":"GET","route":"/projects/:projectId/renders","service":"api"}}
@avlp/api:dev: {"level":30,"time":1790931997602,"pid":15536,"hostname":"DESKTOP-HQ6B2T1","reqId":"req-8m","res":{"statusCode":200},"responseTime":29.951400000136346,"msg":"request completed"}
@avlp/api:dev: {"level":30,"time":1790932006559,"pid":15536,"hostname":"DESKTOP-HQ6B2T1","reqId":"req-8n","req":{"method":"GET","url":"[REDACTED]","host":"localhost:3001","remoteAddress":"127.0.0.1","remotePort":58028},"msg":"incoming request"}
@avlp/api:dev: {"timestamp":"2026-10-02T09:06:46.559Z","level":"info","event":"api.request_received","fields":{"correlationId":"01a0fbdd-b69f-74ac-bc19-8ca44354c097","method":"GET","route":"/projects/:projectId/renders","service":"api"}}
@avlp/api:dev: {"level":30,"time":1790932006587,"pid":15536,"hostname":"DESKTOP-HQ6B2T1","reqId":"req-8n","res":{"statusCode":200},"responseTime":28.269299999810755,"msg":"request completed"}
@avlp/api:dev: {"level":30,"time":1790932015569,"pid":15536,"hostname":"DESKTOP-HQ6B2T1","reqId":"req-8o","req":{"method":"GET","url":"[REDACTED]","host":"localhost:3001","remoteAddress":"127.0.0.1","remotePort":58028},"msg":"incoming request"}
@avlp/api:dev: {"timestamp":"2026-10-02T09:06:55.569Z","level":"info","event":"api.request_received","fields":{"correlationId":"01a0fbdd-d9d1-7bf2-b660-3b2fc03b06b3","method":"GET","route":"/projects/:projectId/renders","service":"api"}}
@avlp/api:dev: {"level":30,"time":1790932015603,"pid":15536,"hostname":"DESKTOP-HQ6B2T1","reqId":"req-8o","res":{"statusCode":200},"responseTime":34.6441000001505,"msg":"request completed"}
@avlp/api:dev: {"level":30,"time":1790932024560,"pid":15536,"hostname":"DESKTOP-HQ6B2T1","reqId":"req-8p","req":{"method":"GET","url":"[REDACTED]","host":"localhost:3001","remoteAddress":"127.0.0.1","remotePort":58028},"msg":"incoming request"}
@avlp/api:dev: {"timestamp":"2026-10-02T09:07:04.560Z","level":"info","event":"api.request_received","fields":{"correlationId":"01a0fbdd-fcf0-74ee-b821-1c165fb23447","method":"GET","route":"/projects/:projectId/renders","service":"api"}}
@avlp/api:dev: {"level":30,"time":1790932024593,"pid":15536,"hostname":"DESKTOP-HQ6B2T1","reqId":"req-8p","res":{"statusCode":200},"responseTime":33.22189999977127,"msg":"request completed"}
@avlp/api:dev: {"level":30,"time":1790932033558,"pid":15536,"hostname":"DESKTOP-HQ6B2T1","reqId":"req-8q","req":{"method":"GET","url":"[REDACTED]","host":"localhost:3001","remoteAddress":"127.0.0.1","remotePort":58028},"msg":"incoming request"}
@avlp/api:dev: {"timestamp":"2026-10-02T09:07:13.558Z","level":"info","event":"api.request_received","fields":{"correlationId":"01a0fbde-2016-7450-a987-851bc1b264d2","method":"GET","route":"/projects/:projectId/renders","service":"api"}}
@avlp/api:dev: {"level":30,"time":1790932033589,"pid":15536,"hostname":"DESKTOP-HQ6B2T1","reqId":"req-8q","res":{"statusCode":200},"responseTime":30.739199999719858,"msg":"request completed"}
@avlp/api:dev: {"level":30,"time":1790932042560,"pid":15536,"hostname":"DESKTOP-HQ6B2T1","reqId":"req-8r","req":{"method":"GET","url":"[REDACTED]","host":"localhost:3001","remoteAddress":"127.0.0.1","remotePort":58028},"msg":"incoming request"}
@avlp/api:dev: {"timestamp":"2026-10-02T09:07:22.560Z","level":"info","event":"api.request_received","fields":{"correlationId":"01a0fbde-4340-7f8a-b355-d4e3a99bece5","method":"GET","route":"/projects/:projectId/renders","service":"api"}}
@avlp/api:dev: {"level":30,"time":1790932042593,"pid":15536,"hostname":"DESKTOP-HQ6B2T1","reqId":"req-8r","res":{"statusCode":200},"responseTime":32.85000000009313,"msg":"request completed"}
@avlp/api:dev: {"level":30,"time":1790932051567,"pid":15536,"hostname":"DESKTOP-HQ6B2T1","reqId":"req-8s","req":{"method":"GET","url":"[REDACTED]","host":"localhost:3001","remoteAddress":"127.0.0.1","remotePort":58028},"msg":"incoming request"}
@avlp/api:dev: {"timestamp":"2026-10-02T09:07:31.568Z","level":"info","event":"api.request_received","fields":{"correlationId":"01a0fbde-6670-7c98-94fb-a6cad952d375","method":"GET","route":"/projects/:projectId/renders","service":"api"}}
@avlp/api:dev: {"level":30,"time":1790932051597,"pid":15536,"hostname":"DESKTOP-HQ6B2T1","reqId":"req-8s","res":{"statusCode":200},"responseTime":29.493600000161678,"msg":"request completed"}
@avlp/api:dev: {"level":30,"time":1790932060567,"pid":15536,"hostname":"DESKTOP-HQ6B2T1","reqId":"req-8t","req":{"method":"GET","url":"[REDACTED]","host":"localhost:3001","remoteAddress":"127.0.0.1","remotePort":58028},"msg":"incoming request"}
@avlp/api:dev: {"timestamp":"2026-10-02T09:07:40.568Z","level":"info","event":"api.request_received","fields":{"correlationId":"01a0fbde-8997-7ade-bc39-31fd5c5808bd","method":"GET","route":"/projects/:projectId/renders","service":"api"}}
@avlp/api:dev: {"level":30,"time":1790932060601,"pid":15536,"hostname":"DESKTOP-HQ6B2T1","reqId":"req-8t","res":{"statusCode":200},"responseTime":33.23810000019148,"msg":"request completed"}
@avlp/api:dev: {"level":30,"time":1790932069566,"pid":15536,"hostname":"DESKTOP-HQ6B2T1","reqId":"req-8u","req":{"method":"GET","url":"[REDACTED]","host":"localhost:3001","remoteAddress":"127.0.0.1","remotePort":58028},"msg":"incoming request"}
@avlp/api:dev: {"timestamp":"2026-10-02T09:07:49.566Z","level":"info","event":"api.request_received","fields":{"correlationId":"01a0fbde-acbe-78ba-b590-0675d9499648","method":"GET","route":"/projects/:projectId/renders","service":"api"}}
@avlp/api:dev: {"level":30,"time":1790932069600,"pid":15536,"hostname":"DESKTOP-HQ6B2T1","reqId":"req-8u","res":{"statusCode":200},"responseTime":34.51219999976456,"msg":"request completed"}
@avlp/api:dev: {"level":30,"time":1790932078567,"pid":15536,"hostname":"DESKTOP-HQ6B2T1","reqId":"req-8v","req":{"method":"GET","url":"[REDACTED]","host":"localhost:3001","remoteAddress":"127.0.0.1","remotePort":58028},"msg":"incoming request"}
@avlp/api:dev: {"timestamp":"2026-10-02T09:07:58.567Z","level":"info","event":"api.request_received","fields":{"correlationId":"01a0fbde-cfe7-7c3d-9437-1b9360257d9d","method":"GET","route":"/projects/:projectId/renders","service":"api"}}
@avlp/api:dev: {"level":30,"time":1790932078598,"pid":15536,"hostname":"DESKTOP-HQ6B2T1","reqId":"req-8v","res":{"statusCode":200},"responseTime":30.64350000023842,"msg":"request completed"}
@avlp/api:dev: {"level":30,"time":1790932087561,"pid":15536,"hostname":"DESKTOP-HQ6B2T1","reqId":"req-8w","req":{"method":"GET","url":"[REDACTED]","host":"localhost:3001","remoteAddress":"127.0.0.1","remotePort":58028},"msg":"incoming request"}
@avlp/api:dev: {"timestamp":"2026-10-02T09:08:07.562Z","level":"info","event":"api.request_received","fields":{"correlationId":"01a0fbde-f309-775a-88b0-5814b6d07717","method":"GET","route":"/projects/:projectId/renders","service":"api"}}
@avlp/api:dev: {"level":30,"time":1790932087593,"pid":15536,"hostname":"DESKTOP-HQ6B2T1","reqId":"req-8w","res":{"statusCode":200},"responseTime":31.838699999731034,"msg":"request completed"}
@avlp/api:dev: {"level":30,"time":1790932096569,"pid":15536,"hostname":"DESKTOP-HQ6B2T1","reqId":"req-8x","req":{"method":"GET","url":"[REDACTED]","host":"localhost:3001","remoteAddress":"127.0.0.1","remotePort":58028},"msg":"incoming request"}
@avlp/api:dev: {"timestamp":"2026-10-02T09:08:16.569Z","level":"info","event":"api.request_received","fields":{"correlationId":"01a0fbdf-1639-7d2d-908d-b4a9ad5edb33","method":"GET","route":"/projects/:projectId/renders","service":"api"}}
@avlp/api:dev: {"level":30,"time":1790932096601,"pid":15536,"hostname":"DESKTOP-HQ6B2T1","reqId":"req-8x","res":{"statusCode":200},"responseTime":32.034900000318885,"msg":"request completed"}
@avlp/api:dev: {"level":30,"time":1790932105568,"pid":15536,"hostname":"DESKTOP-HQ6B2T1","reqId":"req-8y","req":{"method":"GET","url":"[REDACTED]","host":"localhost:3001","remoteAddress":"127.0.0.1","remotePort":58028},"msg":"incoming request"}
@avlp/api:dev: {"timestamp":"2026-10-02T09:08:25.568Z","level":"info","event":"api.request_received","fields":{"correlationId":"01a0fbdf-3960-7c21-af18-f2bb064bde62","method":"GET","route":"/projects/:projectId/renders","service":"api"}}
@avlp/api:dev: {"level":30,"time":1790932105599,"pid":15536,"hostname":"DESKTOP-HQ6B2T1","reqId":"req-8y","res":{"statusCode":200},"responseTime":30.91440000012517,"msg":"request completed"}
@avlp/api:dev: {"level":30,"time":1790932114564,"pid":15536,"hostname":"DESKTOP-HQ6B2T1","reqId":"req-8z","req":{"method":"GET","url":"[REDACTED]","host":"localhost:3001","remoteAddress":"127.0.0.1","remotePort":58028},"msg":"incoming request"}
@avlp/api:dev: {"timestamp":"2026-10-02T09:08:34.564Z","level":"info","event":"api.request_received","fields":{"correlationId":"01a0fbdf-5c84-7f85-9516-f8cdfeb3a9df","method":"GET","route":"/projects/:projectId/renders","service":"api"}}
@avlp/api:dev: {"level":30,"time":1790932114594,"pid":15536,"hostname":"DESKTOP-HQ6B2T1","reqId":"req-8z","res":{"statusCode":200},"responseTime":30.123699999880046,"msg":"request completed"}
@avlp/api:dev: {"level":30,"time":1790932123565,"pid":15536,"hostname":"DESKTOP-HQ6B2T1","reqId":"req-90","req":{"method":"GET","url":"[REDACTED]","host":"localhost:3001","remoteAddress":"127.0.0.1","remotePort":58028},"msg":"incoming request"}
@avlp/api:dev: {"timestamp":"2026-10-02T09:08:43.565Z","level":"info","event":"api.request_received","fields":{"correlationId":"01a0fbdf-7fad-7d7e-828f-98fc3036f428","method":"GET","route":"/projects/:projectId/renders","service":"api"}}
@avlp/api:dev: {"level":30,"time":1790932123597,"pid":15536,"hostname":"DESKTOP-HQ6B2T1","reqId":"req-90","res":{"statusCode":200},"responseTime":32.368699999991804,"msg":"request completed"}
@avlp/api:dev: {"level":30,"time":1790932132571,"pid":15536,"hostname":"DESKTOP-HQ6B2T1","reqId":"req-91","req":{"method":"GET","url":"[REDACTED]","host":"localhost:3001","remoteAddress":"127.0.0.1","remotePort":58028},"msg":"incoming request"}
@avlp/api:dev: {"timestamp":"2026-10-02T09:08:52.572Z","level":"info","event":"api.request_received","fields":{"correlationId":"01a0fbdf-a2db-7fcd-bd48-cddc24fd5f52","method":"GET","route":"/projects/:projectId/renders","service":"api"}}
@avlp/api:dev: {"level":30,"time":1790932132603,"pid":15536,"hostname":"DESKTOP-HQ6B2T1","reqId":"req-91","res":{"statusCode":200},"responseTime":31.341599999926984,"msg":"request completed"}
@avlp/api:dev: {"level":30,"time":1790932141569,"pid":15536,"hostname":"DESKTOP-HQ6B2T1","reqId":"req-92","req":{"method":"GET","url":"[REDACTED]","host":"localhost:3001","remoteAddress":"127.0.0.1","remotePort":58028},"msg":"incoming request"}
@avlp/api:dev: {"timestamp":"2026-10-02T09:09:01.569Z","level":"info","event":"api.request_received","fields":{"correlationId":"01a0fbdf-c601-7aa4-8e30-be4c87d1af3c","method":"GET","route":"/projects/:projectId/renders","service":"api"}}
@avlp/api:dev: {"level":30,"time":1790932141601,"pid":15536,"hostname":"DESKTOP-HQ6B2T1","reqId":"req-92","res":{"statusCode":200},"responseTime":32.50259999977425,"msg":"request completed"}
@avlp/api:dev: {"level":30,"time":1790932150555,"pid":15536,"hostname":"DESKTOP-HQ6B2T1","reqId":"req-93","req":{"method":"GET","url":"[REDACTED]","host":"localhost:3001","remoteAddress":"127.0.0.1","remotePort":58028},"msg":"incoming request"}
@avlp/api:dev: {"timestamp":"2026-10-02T09:09:10.555Z","level":"info","event":"api.request_received","fields":{"correlationId":"01a0fbdf-e91b-7dcb-bc67-2be2742b24e5","method":"GET","route":"/projects/:projectId/renders","service":"api"}}
@avlp/api:dev: {"level":30,"time":1790932150586,"pid":15536,"hostname":"DESKTOP-HQ6B2T1","reqId":"req-93","res":{"statusCode":200},"responseTime":31.194600000046194,"msg":"request completed"}
@avlp/api:dev: {"level":30,"time":1790932159563,"pid":15536,"hostname":"DESKTOP-HQ6B2T1","reqId":"req-94","req":{"method":"GET","url":"[REDACTED]","host":"localhost:3001","remoteAddress":"127.0.0.1","remotePort":58028},"msg":"incoming request"}
@avlp/api:dev: {"timestamp":"2026-10-02T09:09:19.563Z","level":"info","event":"api.request_received","fields":{"correlationId":"01a0fbe0-0c4b-75cf-9d18-386250c1a982","method":"GET","route":"/projects/:projectId/renders","service":"api"}}
@avlp/api:dev: {"level":30,"time":1790932159591,"pid":15536,"hostname":"DESKTOP-HQ6B2T1","reqId":"req-94","res":{"statusCode":200},"responseTime":27.828300000168383,"msg":"request completed"}
@avlp/api:dev: {"level":30,"time":1790932168563,"pid":15536,"hostname":"DESKTOP-HQ6B2T1","reqId":"req-95","req":{"method":"GET","url":"[REDACTED]","host":"localhost:3001","remoteAddress":"127.0.0.1","remotePort":58028},"msg":"incoming request"}
@avlp/api:dev: {"timestamp":"2026-10-02T09:09:28.564Z","level":"info","event":"api.request_received","fields":{"correlationId":"01a0fbe0-2f73-731d-b244-04d304b5ea8b","method":"GET","route":"/projects/:projectId/renders","service":"api"}}
@avlp/api:dev: {"level":30,"time":1790932168595,"pid":15536,"hostname":"DESKTOP-HQ6B2T1","reqId":"req-95","res":{"statusCode":200},"responseTime":31.344899999909103,"msg":"request completed"}
@avlp/api:dev: {"level":30,"time":1790932177566,"pid":15536,"hostname":"DESKTOP-HQ6B2T1","reqId":"req-96","req":{"method":"GET","url":"[REDACTED]","host":"localhost:3001","remoteAddress":"127.0.0.1","remotePort":58028},"msg":"incoming request"}
@avlp/api:dev: {"timestamp":"2026-10-02T09:09:37.567Z","level":"info","event":"api.request_received","fields":{"correlationId":"01a0fbe0-529e-79df-b14b-7f72125007f1","method":"GET","route":"/projects/:projectId/renders","service":"api"}}
@avlp/api:dev: {"level":30,"time":1790932177599,"pid":15536,"hostname":"DESKTOP-HQ6B2T1","reqId":"req-96","res":{"statusCode":200},"responseTime":32.35950000025332,"msg":"request completed"}
@avlp/api:dev: {"level":30,"time":1790932186556,"pid":15536,"hostname":"DESKTOP-HQ6B2T1","reqId":"req-97","req":{"method":"GET","url":"[REDACTED]","host":"localhost:3001","remoteAddress":"127.0.0.1","remotePort":58028},"msg":"incoming request"}
@avlp/api:dev: {"timestamp":"2026-10-02T09:09:46.556Z","level":"info","event":"api.request_received","fields":{"correlationId":"01a0fbe0-75bc-7079-bea1-49c4859dff19","method":"GET","route":"/projects/:projectId/renders","service":"api"}}
@avlp/api:dev: {"level":30,"time":1790932186584,"pid":15536,"hostname":"DESKTOP-HQ6B2T1","reqId":"req-97","res":{"statusCode":200},"responseTime":28.698199999984354,"msg":"request completed"}
@avlp/api:dev: {"level":30,"time":1790932195562,"pid":15536,"hostname":"DESKTOP-HQ6B2T1","reqId":"req-98","req":{"method":"GET","url":"[REDACTED]","host":"localhost:3001","remoteAddress":"127.0.0.1","remotePort":58028},"msg":"incoming request"}
@avlp/api:dev: {"timestamp":"2026-10-02T09:09:55.563Z","level":"info","event":"api.request_received","fields":{"correlationId":"01a0fbe0-98eb-7ec4-8b42-e840fe7268e4","method":"GET","route":"/projects/:projectId/renders","service":"api"}}
@avlp/api:dev: {"level":30,"time":1790932195595,"pid":15536,"hostname":"DESKTOP-HQ6B2T1","reqId":"req-98","res":{"statusCode":200},"responseTime":32.615500000305474,"msg":"request completed"}
@avlp/api:dev: {"level":30,"time":1790932204558,"pid":15536,"hostname":"DESKTOP-HQ6B2T1","reqId":"req-99","req":{"method":"GET","url":"[REDACTED]","host":"localhost:3001","remoteAddress":"127.0.0.1","remotePort":58028},"msg":"incoming request"}
@avlp/api:dev: {"timestamp":"2026-10-02T09:10:04.559Z","level":"info","event":"api.request_received","fields":{"correlationId":"01a0fbe0-bc0e-77a0-9663-fa8f120280eb","method":"GET","route":"/projects/:projectId/renders","service":"api"}}
@avlp/api:dev: {"level":30,"time":1790932204591,"pid":15536,"hostname":"DESKTOP-HQ6B2T1","reqId":"req-99","res":{"statusCode":200},"responseTime":32.51780000003055,"msg":"request completed"}
@avlp/api:dev: {"level":30,"time":1790932213561,"pid":15536,"hostname":"DESKTOP-HQ6B2T1","reqId":"req-9a","req":{"method":"GET","url":"[REDACTED]","host":"localhost:3001","remoteAddress":"127.0.0.1","remotePort":58028},"msg":"incoming request"}
@avlp/api:dev: {"timestamp":"2026-10-02T09:10:13.561Z","level":"info","event":"api.request_received","fields":{"correlationId":"01a0fbe0-df39-7176-aafa-6c735f12d5a4","method":"GET","route":"/projects/:projectId/renders","service":"api"}}
@avlp/api:dev: {"level":30,"time":1790932213593,"pid":15536,"hostname":"DESKTOP-HQ6B2T1","reqId":"req-9a","res":{"statusCode":200},"responseTime":31.833400000352412,"msg":"request completed"}
@avlp/api:dev: {"level":30,"time":1790932222571,"pid":15536,"hostname":"DESKTOP-HQ6B2T1","reqId":"req-9b","req":{"method":"GET","url":"[REDACTED]","host":"localhost:3001","remoteAddress":"127.0.0.1","remotePort":58028},"msg":"incoming request"}
@avlp/api:dev: {"timestamp":"2026-10-02T09:10:22.571Z","level":"info","event":"api.request_received","fields":{"correlationId":"01a0fbe1-026b-7619-89f7-d9a20f308af6","method":"GET","route":"/projects/:projectId/renders","service":"api"}}
@avlp/api:dev: {"level":30,"time":1790932222603,"pid":15536,"hostname":"DESKTOP-HQ6B2T1","reqId":"req-9b","res":{"statusCode":200},"responseTime":31.618299999739975,"msg":"request completed"}
@avlp/api:dev: {"level":30,"time":1790932231556,"pid":15536,"hostname":"DESKTOP-HQ6B2T1","reqId":"req-9c","req":{"method":"GET","url":"[REDACTED]","host":"localhost:3001","remoteAddress":"127.0.0.1","remotePort":58028},"msg":"incoming request"}
@avlp/api:dev: {"timestamp":"2026-10-02T09:10:31.556Z","level":"info","event":"api.request_received","fields":{"correlationId":"01a0fbe1-2584-79d9-a0de-3bd017e839e0","method":"GET","route":"/projects/:projectId/renders","service":"api"}}
@avlp/api:dev: {"level":30,"time":1790932231588,"pid":15536,"hostname":"DESKTOP-HQ6B2T1","reqId":"req-9c","res":{"statusCode":200},"responseTime":32.23369999974966,"msg":"request completed"}
@avlp/api:dev: {"level":30,"time":1790932240555,"pid":15536,"hostname":"DESKTOP-HQ6B2T1","reqId":"req-9d","req":{"method":"GET","url":"[REDACTED]","host":"localhost:3001","remoteAddress":"127.0.0.1","remotePort":58028},"msg":"incoming request"}
@avlp/api:dev: {"timestamp":"2026-10-02T09:10:40.555Z","level":"info","event":"api.request_received","fields":{"correlationId":"01a0fbe1-48ab-7e5d-bac6-ea55e4f45b30","method":"GET","route":"/projects/:projectId/renders","service":"api"}}
@avlp/api:dev: {"level":30,"time":1790932240587,"pid":15536,"hostname":"DESKTOP-HQ6B2T1","reqId":"req-9d","res":{"statusCode":200},"responseTime":31.689099999610335,"msg":"request completed"}
@avlp/api:dev: {"level":30,"time":1790932249567,"pid":15536,"hostname":"DESKTOP-HQ6B2T1","reqId":"req-9e","req":{"method":"GET","url":"[REDACTED]","host":"localhost:3001","remoteAddress":"127.0.0.1","remotePort":58028},"msg":"incoming request"}
@avlp/api:dev: {"timestamp":"2026-10-02T09:10:49.567Z","level":"info","event":"api.request_received","fields":{"correlationId":"01a0fbe1-6bdf-7c3e-93d7-f0fffda09e63","method":"GET","route":"/projects/:projectId/renders","service":"api"}}
@avlp/api:dev: {"level":30,"time":1790932249599,"pid":15536,"hostname":"DESKTOP-HQ6B2T1","reqId":"req-9e","res":{"statusCode":200},"responseTime":32.40910000028089,"msg":"request completed"}
@avlp/api:dev: {"level":30,"time":1790932258556,"pid":15536,"hostname":"DESKTOP-HQ6B2T1","reqId":"req-9f","req":{"method":"GET","url":"[REDACTED]","host":"localhost:3001","remoteAddress":"127.0.0.1","remotePort":58028},"msg":"incoming request"}
@avlp/api:dev: {"timestamp":"2026-10-02T09:10:58.556Z","level":"info","event":"api.request_received","fields":{"correlationId":"01a0fbe1-8efc-7266-ba57-7abfe3d0629d","method":"GET","route":"/projects/:projectId/renders","service":"api"}}
@avlp/api:dev: {"level":30,"time":1790932258592,"pid":15536,"hostname":"DESKTOP-HQ6B2T1","reqId":"req-9f","res":{"statusCode":200},"responseTime":36.02290000021458,"msg":"request completed"}
@avlp/api:dev: {"level":30,"time":1790932267567,"pid":15536,"hostname":"DESKTOP-HQ6B2T1","reqId":"req-9g","req":{"method":"GET","url":"[REDACTED]","host":"localhost:3001","remoteAddress":"127.0.0.1","remotePort":58028},"msg":"incoming request"}
@avlp/api:dev: {"timestamp":"2026-10-02T09:11:07.568Z","level":"info","event":"api.request_received","fields":{"correlationId":"01a0fbe1-b230-74df-92b5-cbeb21fc64bd","method":"GET","route":"/projects/:projectId/renders","service":"api"}}
@avlp/api:dev: {"level":30,"time":1790932267602,"pid":15536,"hostname":"DESKTOP-HQ6B2T1","reqId":"req-9g","res":{"statusCode":200},"responseTime":34.27050000010058,"msg":"request completed"}
@avlp/api:dev: {"level":30,"time":1790932276560,"pid":15536,"hostname":"DESKTOP-HQ6B2T1","reqId":"req-9h","req":{"method":"GET","url":"[REDACTED]","host":"localhost:3001","remoteAddress":"127.0.0.1","remotePort":58028},"msg":"incoming request"}
@avlp/api:dev: {"timestamp":"2026-10-02T09:11:16.560Z","level":"info","event":"api.request_received","fields":{"correlationId":"01a0fbe1-d550-7b28-af4e-be4c680a8d5e","method":"GET","route":"/projects/:projectId/renders","service":"api"}}
@avlp/api:dev: {"level":30,"time":1790932276590,"pid":15536,"hostname":"DESKTOP-HQ6B2T1","reqId":"req-9h","res":{"statusCode":200},"responseTime":29.45839999988675,"msg":"request completed"}
@avlp/api:dev: {"level":30,"time":1790932285563,"pid":15536,"hostname":"DESKTOP-HQ6B2T1","reqId":"req-9i","req":{"method":"GET","url":"[REDACTED]","host":"localhost:3001","remoteAddress":"127.0.0.1","remotePort":58028},"msg":"incoming request"}
@avlp/api:dev: {"timestamp":"2026-10-02T09:11:25.563Z","level":"info","event":"api.request_received","fields":{"correlationId":"01a0fbe1-f87b-7def-8de4-50ac0500d240","method":"GET","route":"/projects/:projectId/renders","service":"api"}}
@avlp/api:dev: {"level":30,"time":1790932285592,"pid":15536,"hostname":"DESKTOP-HQ6B2T1","reqId":"req-9i","res":{"statusCode":200},"responseTime":28.719899999909103,"msg":"request completed"}
@avlp/api:dev: {"level":30,"time":1790932294561,"pid":15536,"hostname":"DESKTOP-HQ6B2T1","reqId":"req-9j","req":{"method":"GET","url":"[REDACTED]","host":"localhost:3001","remoteAddress":"127.0.0.1","remotePort":58028},"msg":"incoming request"}
@avlp/api:dev: {"timestamp":"2026-10-02T09:11:34.562Z","level":"info","event":"api.request_received","fields":{"correlationId":"01a0fbe2-1ba1-7f46-bb5c-f8754f3a5564","method":"GET","route":"/projects/:projectId/renders","service":"api"}}
@avlp/api:dev: {"level":30,"time":1790932294591,"pid":15536,"hostname":"DESKTOP-HQ6B2T1","reqId":"req-9j","res":{"statusCode":200},"responseTime":29.276300000026822,"msg":"request completed"}
@avlp/api:dev: {"level":30,"time":1790932303568,"pid":15536,"hostname":"DESKTOP-HQ6B2T1","reqId":"req-9k","req":{"method":"GET","url":"[REDACTED]","host":"localhost:3001","remoteAddress":"127.0.0.1","remotePort":58028},"msg":"incoming request"}
@avlp/api:dev: {"timestamp":"2026-10-02T09:11:43.568Z","level":"info","event":"api.request_received","fields":{"correlationId":"01a0fbe2-3ed0-73ba-a249-a9031901277b","method":"GET","route":"/projects/:projectId/renders","service":"api"}}
@avlp/api:dev: {"level":30,"time":1790932303599,"pid":15536,"hostname":"DESKTOP-HQ6B2T1","reqId":"req-9k","res":{"statusCode":200},"responseTime":30.544000000227243,"msg":"request completed"}
@avlp/api:dev: {"level":30,"time":1790932312556,"pid":15536,"hostname":"DESKTOP-HQ6B2T1","reqId":"req-9l","req":{"method":"GET","url":"[REDACTED]","host":"localhost:3001","remoteAddress":"127.0.0.1","remotePort":58028},"msg":"incoming request"}
@avlp/api:dev: {"timestamp":"2026-10-02T09:11:52.556Z","level":"info","event":"api.request_received","fields":{"correlationId":"01a0fbe2-61ec-75fa-a48b-bfb072b5d19d","method":"GET","route":"/projects/:projectId/renders","service":"api"}}
@avlp/api:dev: {"level":30,"time":1790932312588,"pid":15536,"hostname":"DESKTOP-HQ6B2T1","reqId":"req-9l","res":{"statusCode":200},"responseTime":32.38509999960661,"msg":"request completed"}
@avlp/api:dev: {"level":30,"time":1790932321562,"pid":15536,"hostname":"DESKTOP-HQ6B2T1","reqId":"req-9m","req":{"method":"GET","url":"[REDACTED]","host":"localhost:3001","remoteAddress":"127.0.0.1","remotePort":58028},"msg":"incoming request"}
@avlp/api:dev: {"timestamp":"2026-10-02T09:12:01.563Z","level":"info","event":"api.request_received","fields":{"correlationId":"01a0fbe2-851a-75dd-91f4-2e7301835667","method":"GET","route":"/projects/:projectId/renders","service":"api"}}
@avlp/api:dev: {"level":30,"time":1790932321594,"pid":15536,"hostname":"DESKTOP-HQ6B2T1","reqId":"req-9m","res":{"statusCode":200},"responseTime":32.04410000005737,"msg":"request completed"}
@avlp/api:dev: {"level":30,"time":1790932330564,"pid":15536,"hostname":"DESKTOP-HQ6B2T1","reqId":"req-9n","req":{"method":"GET","url":"[REDACTED]","host":"localhost:3001","remoteAddress":"127.0.0.1","remotePort":58028},"msg":"incoming request"}
@avlp/api:dev: {"timestamp":"2026-10-02T09:12:10.565Z","level":"info","event":"api.request_received","fields":{"correlationId":"01a0fbe2-a844-768d-9fdd-867b13da9a9c","method":"GET","route":"/projects/:projectId/renders","service":"api"}}
@avlp/api:dev: {"level":30,"time":1790932330597,"pid":15536,"hostname":"DESKTOP-HQ6B2T1","reqId":"req-9n","res":{"statusCode":200},"responseTime":32.79769999999553,"msg":"request completed"}
@avlp/api:dev: {"level":30,"time":1790932339562,"pid":15536,"hostname":"DESKTOP-HQ6B2T1","reqId":"req-9o","req":{"method":"GET","url":"[REDACTED]","host":"localhost:3001","remoteAddress":"127.0.0.1","remotePort":58028},"msg":"incoming request"}
@avlp/api:dev: {"timestamp":"2026-10-02T09:12:19.562Z","level":"info","event":"api.request_received","fields":{"correlationId":"01a0fbe2-cb6a-77ac-b72a-1ab32bddaacf","method":"GET","route":"/projects/:projectId/renders","service":"api"}}
@avlp/api:dev: {"level":30,"time":1790932339595,"pid":15536,"hostname":"DESKTOP-HQ6B2T1","reqId":"req-9o","res":{"statusCode":200},"responseTime":33.089399999938905,"msg":"request completed"}
@avlp/api:dev: {"level":30,"time":1790932348553,"pid":15536,"hostname":"DESKTOP-HQ6B2T1","reqId":"req-9p","req":{"method":"GET","url":"[REDACTED]","host":"localhost:3001","remoteAddress":"127.0.0.1","remotePort":58028},"msg":"incoming request"}
@avlp/api:dev: {"timestamp":"2026-10-02T09:12:28.554Z","level":"info","event":"api.request_received","fields":{"correlationId":"01a0fbe2-ee89-7ce5-8f45-3680855ff29c","method":"GET","route":"/projects/:projectId/renders","service":"api"}}
@avlp/api:dev: {"level":30,"time":1790932348585,"pid":15536,"hostname":"DESKTOP-HQ6B2T1","reqId":"req-9p","res":{"statusCode":200},"responseTime":32.001700000371784,"msg":"request completed"}
@avlp/api:dev: {"level":30,"time":1790932357566,"pid":15536,"hostname":"DESKTOP-HQ6B2T1","reqId":"req-9q","req":{"method":"GET","url":"[REDACTED]","host":"localhost:3001","remoteAddress":"127.0.0.1","remotePort":58028},"msg":"incoming request"}
@avlp/api:dev: {"timestamp":"2026-10-02T09:12:37.566Z","level":"info","event":"api.request_received","fields":{"correlationId":"01a0fbe3-11be-7678-bab9-4b4b851a884f","method":"GET","route":"/projects/:projectId/renders","service":"api"}}
@avlp/api:dev: {"level":30,"time":1790932357598,"pid":15536,"hostname":"DESKTOP-HQ6B2T1","reqId":"req-9q","res":{"statusCode":200},"responseTime":31.77709999959916,"msg":"request completed"}
@avlp/api:dev: {"level":30,"time":1790932366561,"pid":15536,"hostname":"DESKTOP-HQ6B2T1","reqId":"req-9r","req":{"method":"GET","url":"[REDACTED]","host":"localhost:3001","remoteAddress":"127.0.0.1","remotePort":58028},"msg":"incoming request"}
@avlp/api:dev: {"timestamp":"2026-10-02T09:12:46.562Z","level":"info","event":"api.request_received","fields":{"correlationId":"01a0fbe3-34e1-7bdd-b0b2-d8abb8f567f2","method":"GET","route":"/projects/:projectId/renders","service":"api"}}
@avlp/api:dev: {"level":30,"time":1790932366591,"pid":15536,"hostname":"DESKTOP-HQ6B2T1","reqId":"req-9r","res":{"statusCode":200},"responseTime":29.601999999955297,"msg":"request completed"}
@avlp/api:dev: {"level":30,"time":1790932375555,"pid":15536,"hostname":"DESKTOP-HQ6B2T1","reqId":"req-9s","req":{"method":"GET","url":"[REDACTED]","host":"localhost:3001","remoteAddress":"127.0.0.1","remotePort":58028},"msg":"incoming request"}
@avlp/api:dev: {"timestamp":"2026-10-02T09:12:55.555Z","level":"info","event":"api.request_received","fields":{"correlationId":"01a0fbe3-5803-7bb0-830d-e067afcc4969","method":"GET","route":"/projects/:projectId/renders","service":"api"}}
@avlp/api:dev: {"level":30,"time":1790932375583,"pid":15536,"hostname":"DESKTOP-HQ6B2T1","reqId":"req-9s","res":{"statusCode":200},"responseTime":28.45049999980256,"msg":"request completed"}
@avlp/api:dev: {"level":30,"time":1790932384557,"pid":15536,"hostname":"DESKTOP-HQ6B2T1","reqId":"req-9t","req":{"method":"GET","url":"[REDACTED]","host":"localhost:3001","remoteAddress":"127.0.0.1","remotePort":58028},"msg":"incoming request"}
@avlp/api:dev: {"timestamp":"2026-10-02T09:13:04.558Z","level":"info","event":"api.request_received","fields":{"correlationId":"01a0fbe3-7b2d-751f-94e2-b97eb3a448dc","method":"GET","route":"/projects/:projectId/renders","service":"api"}}
@avlp/api:dev: {"level":30,"time":1790932384591,"pid":15536,"hostname":"DESKTOP-HQ6B2T1","reqId":"req-9t","res":{"statusCode":200},"responseTime":33.3648000000976,"msg":"request completed"}
@avlp/api:dev: {"level":30,"time":1790932393554,"pid":15536,"hostname":"DESKTOP-HQ6B2T1","reqId":"req-9u","req":{"method":"GET","url":"[REDACTED]","host":"localhost:3001","remoteAddress":"127.0.0.1","remotePort":58028},"msg":"incoming request"}
@avlp/api:dev: {"timestamp":"2026-10-02T09:13:13.555Z","level":"info","event":"api.request_received","fields":{"correlationId":"01a0fbe3-9e52-7d41-876c-97e83a61d571","method":"GET","route":"/projects/:projectId/renders","service":"api"}}
@avlp/api:dev: {"level":30,"time":1790932393581,"pid":15536,"hostname":"DESKTOP-HQ6B2T1","reqId":"req-9u","res":{"statusCode":200},"responseTime":27.18720000004396,"msg":"request completed"}
@avlp/api:dev: {"level":30,"time":1790932402557,"pid":15536,"hostname":"DESKTOP-HQ6B2T1","reqId":"req-9v","req":{"method":"GET","url":"[REDACTED]","host":"localhost:3001","remoteAddress":"127.0.0.1","remotePort":58028},"msg":"incoming request"}
@avlp/api:dev: {"timestamp":"2026-10-02T09:13:22.557Z","level":"info","event":"api.request_received","fields":{"correlationId":"01a0fbe3-c17d-77b8-a1ee-f33398c1fa6f","method":"GET","route":"/projects/:projectId/renders","service":"api"}}
@avlp/api:dev: {"level":30,"time":1790932402588,"pid":15536,"hostname":"DESKTOP-HQ6B2T1","reqId":"req-9v","res":{"statusCode":200},"responseTime":30.941600000020117,"msg":"request completed"}
@avlp/api:dev: {"level":30,"time":1790932411552,"pid":15536,"hostname":"DESKTOP-HQ6B2T1","reqId":"req-9w","req":{"method":"GET","url":"[REDACTED]","host":"localhost:3001","remoteAddress":"127.0.0.1","remotePort":58028},"msg":"incoming request"}
@avlp/api:dev: {"timestamp":"2026-10-02T09:13:31.552Z","level":"info","event":"api.request_received","fields":{"correlationId":"01a0fbe3-e4a0-7ec4-80db-1f96d0180cb5","method":"GET","route":"/projects/:projectId/renders","service":"api"}}
@avlp/api:dev: {"level":30,"time":1790932411582,"pid":15536,"hostname":"DESKTOP-HQ6B2T1","reqId":"req-9w","res":{"statusCode":200},"responseTime":30.390099999960512,"msg":"request completed"}
@avlp/api:dev: {"level":30,"time":1790932420552,"pid":15536,"hostname":"DESKTOP-HQ6B2T1","reqId":"req-9x","req":{"method":"GET","url":"[REDACTED]","host":"localhost:3001","remoteAddress":"127.0.0.1","remotePort":58028},"msg":"incoming request"}
@avlp/api:dev: {"timestamp":"2026-10-02T09:13:40.553Z","level":"info","event":"api.request_received","fields":{"correlationId":"01a0fbe4-07c8-73d4-8c51-336e8b892d0a","method":"GET","route":"/projects/:projectId/renders","service":"api"}}
@avlp/api:dev: {"level":30,"time":1790932420583,"pid":15536,"hostname":"DESKTOP-HQ6B2T1","reqId":"req-9x","res":{"statusCode":200},"responseTime":30.493999999947846,"msg":"request completed"}
@avlp/api:dev: {"level":30,"time":1790932429562,"pid":15536,"hostname":"DESKTOP-HQ6B2T1","reqId":"req-9y","req":{"method":"GET","url":"[REDACTED]","host":"localhost:3001","remoteAddress":"127.0.0.1","remotePort":58028},"msg":"incoming request"}
@avlp/api:dev: {"timestamp":"2026-10-02T09:13:49.562Z","level":"info","event":"api.request_received","fields":{"correlationId":"01a0fbe4-2afa-7bdb-ad35-ef07b4e9f969","method":"GET","route":"/projects/:projectId/renders","service":"api"}}
@avlp/api:dev: {"level":30,"time":1790932429592,"pid":15536,"hostname":"DESKTOP-HQ6B2T1","reqId":"req-9y","res":{"statusCode":200},"responseTime":30.041999999899417,"msg":"request completed"}
@avlp/api:dev: {"level":30,"time":1790932438565,"pid":15536,"hostname":"DESKTOP-HQ6B2T1","reqId":"req-9z","req":{"method":"GET","url":"[REDACTED]","host":"localhost:3001","remoteAddress":"127.0.0.1","remotePort":58028},"msg":"incoming request"}
@avlp/api:dev: {"timestamp":"2026-10-02T09:13:58.565Z","level":"info","event":"api.request_received","fields":{"correlationId":"01a0fbe4-4e25-7bac-aeef-602c4cafcdd8","method":"GET","route":"/projects/:projectId/renders","service":"api"}}
@avlp/api:dev: {"level":30,"time":1790932438595,"pid":15536,"hostname":"DESKTOP-HQ6B2T1","reqId":"req-9z","res":{"statusCode":200},"responseTime":29.891700000036508,"msg":"request completed"}
@avlp/api:dev: {"level":30,"time":1790932447553,"pid":15536,"hostname":"DESKTOP-HQ6B2T1","reqId":"req-a0","req":{"method":"GET","url":"[REDACTED]","host":"localhost:3001","remoteAddress":"127.0.0.1","remotePort":58028},"msg":"incoming request"}
@avlp/api:dev: {"timestamp":"2026-10-02T09:14:07.554Z","level":"info","event":"api.request_received","fields":{"correlationId":"01a0fbe4-7141-7b2f-8474-19306ccb59a5","method":"GET","route":"/projects/:projectId/renders","service":"api"}}
@avlp/api:dev: {"level":30,"time":1790932447585,"pid":15536,"hostname":"DESKTOP-HQ6B2T1","reqId":"req-a0","res":{"statusCode":200},"responseTime":31.924699999857694,"msg":"request completed"}
@avlp/api:dev: {"level":30,"time":1790932456561,"pid":15536,"hostname":"DESKTOP-HQ6B2T1","reqId":"req-a1","req":{"method":"GET","url":"[REDACTED]","host":"localhost:3001","remoteAddress":"127.0.0.1","remotePort":58028},"msg":"incoming request"}
@avlp/api:dev: {"timestamp":"2026-10-02T09:14:16.562Z","level":"info","event":"api.request_received","fields":{"correlationId":"01a0fbe4-9472-77b2-b49f-cc6f7a256ec8","method":"GET","route":"/projects/:projectId/renders","service":"api"}}
@avlp/api:dev: {"level":30,"time":1790932456592,"pid":15536,"hostname":"DESKTOP-HQ6B2T1","reqId":"req-a1","res":{"statusCode":200},"responseTime":30.737199999857694,"msg":"request completed"}
@avlp/api:dev: {"level":30,"time":1790932465557,"pid":15536,"hostname":"DESKTOP-HQ6B2T1","reqId":"req-a2","req":{"method":"GET","url":"[REDACTED]","host":"localhost:3001","remoteAddress":"127.0.0.1","remotePort":58028},"msg":"incoming request"}
@avlp/api:dev: {"timestamp":"2026-10-02T09:14:25.557Z","level":"info","event":"api.request_received","fields":{"correlationId":"01a0fbe4-b795-72cc-a5f5-9e8e762e8883","method":"GET","route":"/projects/:projectId/renders","service":"api"}}
@avlp/api:dev: {"level":30,"time":1790932465586,"pid":15536,"hostname":"DESKTOP-HQ6B2T1","reqId":"req-a2","res":{"statusCode":200},"responseTime":29.638999999966472,"msg":"request completed"}
@avlp/api:dev: {"level":30,"time":1790932474566,"pid":15536,"hostname":"DESKTOP-HQ6B2T1","reqId":"req-a3","req":{"method":"GET","url":"[REDACTED]","host":"localhost:3001","remoteAddress":"127.0.0.1","remotePort":58028},"msg":"incoming request"}
@avlp/api:dev: {"timestamp":"2026-10-02T09:14:34.566Z","level":"info","event":"api.request_received","fields":{"correlationId":"01a0fbe4-dac6-766f-892f-a4dbc03b2e37","method":"GET","route":"/projects/:projectId/renders","service":"api"}}
@avlp/api:dev: {"level":30,"time":1790932474599,"pid":15536,"hostname":"DESKTOP-HQ6B2T1","reqId":"req-a3","res":{"statusCode":200},"responseTime":33.28179999999702,"msg":"request completed"}
@avlp/api:dev: {"level":30,"time":1790932483554,"pid":15536,"hostname":"DESKTOP-HQ6B2T1","reqId":"req-a4","req":{"method":"GET","url":"[REDACTED]","host":"localhost:3001","remoteAddress":"127.0.0.1","remotePort":58028},"msg":"incoming request"}
@avlp/api:dev: {"timestamp":"2026-10-02T09:14:43.554Z","level":"info","event":"api.request_received","fields":{"correlationId":"01a0fbe4-fde2-7d3b-9a45-9da4e03fd84a","method":"GET","route":"/projects/:projectId/renders","service":"api"}}
@avlp/api:dev: {"level":30,"time":1790932483585,"pid":15536,"hostname":"DESKTOP-HQ6B2T1","reqId":"req-a4","res":{"statusCode":200},"responseTime":30.650200000032783,"msg":"request completed"}
@avlp/api:dev: {"level":30,"time":1790932492550,"pid":15536,"hostname":"DESKTOP-HQ6B2T1","reqId":"req-a5","req":{"method":"GET","url":"[REDACTED]","host":"localhost:3001","remoteAddress":"127.0.0.1","remotePort":58028},"msg":"incoming request"}
@avlp/api:dev: {"timestamp":"2026-10-02T09:14:52.551Z","level":"info","event":"api.request_received","fields":{"correlationId":"01a0fbe5-2106-7444-9661-9c77af35c240","method":"GET","route":"/projects/:projectId/renders","service":"api"}}
@avlp/api:dev: {"level":30,"time":1790932492582,"pid":15536,"hostname":"DESKTOP-HQ6B2T1","reqId":"req-a5","res":{"statusCode":200},"responseTime":31.059100000187755,"msg":"request completed"}
@avlp/api:dev: {"level":30,"time":1790932501564,"pid":15536,"hostname":"DESKTOP-HQ6B2T1","reqId":"req-a6","req":{"method":"GET","url":"[REDACTED]","host":"localhost:3001","remoteAddress":"127.0.0.1","remotePort":58028},"msg":"incoming request"}
@avlp/api:dev: {"timestamp":"2026-10-02T09:15:01.564Z","level":"info","event":"api.request_received","fields":{"correlationId":"01a0fbe5-443c-7bc1-a579-d2f2498bc291","method":"GET","route":"/projects/:projectId/renders","service":"api"}}
@avlp/api:dev: {"level":30,"time":1790932501592,"pid":15536,"hostname":"DESKTOP-HQ6B2T1","reqId":"req-a6","res":{"statusCode":200},"responseTime":27.883499999996275,"msg":"request completed"}
@avlp/api:dev: {"level":30,"time":1790932510550,"pid":15536,"hostname":"DESKTOP-HQ6B2T1","reqId":"req-a7","req":{"method":"GET","url":"[REDACTED]","host":"localhost:3001","remoteAddress":"127.0.0.1","remotePort":58028},"msg":"incoming request"}
@avlp/api:dev: {"timestamp":"2026-10-02T09:15:10.550Z","level":"info","event":"api.request_received","fields":{"correlationId":"01a0fbe5-6756-7e88-a5f1-6cd286d7d46a","method":"GET","route":"/projects/:projectId/renders","service":"api"}}
@avlp/api:dev: {"level":30,"time":1790932510585,"pid":15536,"hostname":"DESKTOP-HQ6B2T1","reqId":"req-a7","res":{"statusCode":200},"responseTime":34.37100000027567,"msg":"request completed"}
@avlp/api:dev: {"level":30,"time":1790932519559,"pid":15536,"hostname":"DESKTOP-HQ6B2T1","reqId":"req-a8","req":{"method":"GET","url":"[REDACTED]","host":"localhost:3001","remoteAddress":"127.0.0.1","remotePort":58028},"msg":"incoming request"}
@avlp/api:dev: {"timestamp":"2026-10-02T09:15:19.559Z","level":"info","event":"api.request_received","fields":{"correlationId":"01a0fbe5-8a87-7b05-8860-5e599230c8f2","method":"GET","route":"/projects/:projectId/renders","service":"api"}}
@avlp/api:dev: {"level":30,"time":1790932519590,"pid":15536,"hostname":"DESKTOP-HQ6B2T1","reqId":"req-a8","res":{"statusCode":200},"responseTime":31.195700000040233,"msg":"request completed"}
@avlp/api:dev: {"level":30,"time":1790932528557,"pid":15536,"hostname":"DESKTOP-HQ6B2T1","reqId":"req-a9","req":{"method":"GET","url":"[REDACTED]","host":"localhost:3001","remoteAddress":"127.0.0.1","remotePort":58028},"msg":"incoming request"}
@avlp/api:dev: {"timestamp":"2026-10-02T09:15:28.557Z","level":"info","event":"api.request_received","fields":{"correlationId":"01a0fbe5-adad-77de-9afc-d7dbdcb0163d","method":"GET","route":"/projects/:projectId/renders","service":"api"}}
@avlp/api:dev: {"level":30,"time":1790932528589,"pid":15536,"hostname":"DESKTOP-HQ6B2T1","reqId":"req-a9","res":{"statusCode":200},"responseTime":32.446299999952316,"msg":"request completed"}
@avlp/api:dev: {"level":30,"time":1790932537556,"pid":15536,"hostname":"DESKTOP-HQ6B2T1","reqId":"req-aa","req":{"method":"GET","url":"[REDACTED]","host":"localhost:3001","remoteAddress":"127.0.0.1","remotePort":58028},"msg":"incoming request"}
@avlp/api:dev: {"timestamp":"2026-10-02T09:15:37.557Z","level":"info","event":"api.request_received","fields":{"correlationId":"01a0fbe5-d0d5-76e9-9550-9d9d83a42c0d","method":"GET","route":"/projects/:projectId/renders","service":"api"}}
@avlp/api:dev: {"level":30,"time":1790932537589,"pid":15536,"hostname":"DESKTOP-HQ6B2T1","reqId":"req-aa","res":{"statusCode":200},"responseTime":32.441299999598414,"msg":"request completed"}
@avlp/api:dev: {"level":30,"time":1790932546554,"pid":15536,"hostname":"DESKTOP-HQ6B2T1","reqId":"req-ab","req":{"method":"GET","url":"[REDACTED]","host":"localhost:3001","remoteAddress":"127.0.0.1","remotePort":58028},"msg":"incoming request"}
@avlp/api:dev: {"timestamp":"2026-10-02T09:15:46.555Z","level":"info","event":"api.request_received","fields":{"correlationId":"01a0fbe5-f3fa-7ed9-9b14-15b99431cadc","method":"GET","route":"/projects/:projectId/renders","service":"api"}}
@avlp/api:dev: {"level":30,"time":1790932546586,"pid":15536,"hostname":"DESKTOP-HQ6B2T1","reqId":"req-ab","res":{"statusCode":200},"responseTime":31.707599999848753,"msg":"request completed"}
@avlp/api:dev: {"level":30,"time":1790932555554,"pid":15536,"hostname":"DESKTOP-HQ6B2T1","reqId":"req-ac","req":{"method":"GET","url":"[REDACTED]","host":"localhost:3001","remoteAddress":"127.0.0.1","remotePort":58028},"msg":"incoming request"}
@avlp/api:dev: {"timestamp":"2026-10-02T09:15:55.554Z","level":"info","event":"api.request_received","fields":{"correlationId":"01a0fbe6-1722-78fb-9bf1-f8e4aab47a47","method":"GET","route":"/projects/:projectId/renders","service":"api"}}
@avlp/api:dev: {"level":30,"time":1790932555585,"pid":15536,"hostname":"DESKTOP-HQ6B2T1","reqId":"req-ac","res":{"statusCode":200},"responseTime":30.925100000109524,"msg":"request completed"}
@avlp/api:dev: {"level":30,"time":1790932564562,"pid":15536,"hostname":"DESKTOP-HQ6B2T1","reqId":"req-ad","req":{"method":"GET","url":"[REDACTED]","host":"localhost:3001","remoteAddress":"127.0.0.1","remotePort":58028},"msg":"incoming request"}
@avlp/api:dev: {"timestamp":"2026-10-02T09:16:04.563Z","level":"info","event":"api.request_received","fields":{"correlationId":"01a0fbe6-3a52-7d24-901d-6f78375da2cf","method":"GET","route":"/projects/:projectId/renders","service":"api"}}
@avlp/api:dev: {"level":30,"time":1790932564590,"pid":15536,"hostname":"DESKTOP-HQ6B2T1","reqId":"req-ad","res":{"statusCode":200},"responseTime":28.036599999759346,"msg":"request completed"}
@avlp/api:dev: {"level":30,"time":1790932573552,"pid":15536,"hostname":"DESKTOP-HQ6B2T1","reqId":"req-ae","req":{"method":"GET","url":"[REDACTED]","host":"localhost:3001","remoteAddress":"127.0.0.1","remotePort":58028},"msg":"incoming request"}
@avlp/api:dev: {"timestamp":"2026-10-02T09:16:13.552Z","level":"info","event":"api.request_received","fields":{"correlationId":"01a0fbe6-5d70-7ab2-ac3b-29a93225ab96","method":"GET","route":"/projects/:projectId/renders","service":"api"}}
@avlp/api:dev: {"level":30,"time":1790932573586,"pid":15536,"hostname":"DESKTOP-HQ6B2T1","reqId":"req-ae","res":{"statusCode":200},"responseTime":34.09210000000894,"msg":"request completed"}
@avlp/api:dev: {"level":30,"time":1790932582550,"pid":15536,"hostname":"DESKTOP-HQ6B2T1","reqId":"req-af","req":{"method":"GET","url":"[REDACTED]","host":"localhost:3001","remoteAddress":"127.0.0.1","remotePort":58028},"msg":"incoming request"}
@avlp/api:dev: {"timestamp":"2026-10-02T09:16:22.551Z","level":"info","event":"api.request_received","fields":{"correlationId":"01a0fbe6-8097-73b2-9095-93e585063f05","method":"GET","route":"/projects/:projectId/renders","service":"api"}}
@avlp/api:dev: {"level":30,"time":1790932582580,"pid":15536,"hostname":"DESKTOP-HQ6B2T1","reqId":"req-af","res":{"statusCode":200},"responseTime":29.611800000071526,"msg":"request completed"}
@avlp/api:dev: {"level":30,"time":1790932591564,"pid":15536,"hostname":"DESKTOP-HQ6B2T1","reqId":"req-ag","req":{"method":"GET","url":"[REDACTED]","host":"localhost:3001","remoteAddress":"127.0.0.1","remotePort":58028},"msg":"incoming request"}
@avlp/api:dev: {"timestamp":"2026-10-02T09:16:31.564Z","level":"info","event":"api.request_received","fields":{"correlationId":"01a0fbe6-a3cc-700d-a029-b2698dc75773","method":"GET","route":"/projects/:projectId/renders","service":"api"}}
@avlp/api:dev: {"level":30,"time":1790932591594,"pid":15536,"hostname":"DESKTOP-HQ6B2T1","reqId":"req-ag","res":{"statusCode":200},"responseTime":30.576100000180304,"msg":"request completed"}
@avlp/api:dev: {"level":30,"time":1790932600555,"pid":15536,"hostname":"DESKTOP-HQ6B2T1","reqId":"req-ah","req":{"method":"GET","url":"[REDACTED]","host":"localhost:3001","remoteAddress":"127.0.0.1","remotePort":58028},"msg":"incoming request"}
@avlp/api:dev: {"timestamp":"2026-10-02T09:16:40.555Z","level":"info","event":"api.request_received","fields":{"correlationId":"01a0fbe6-c6eb-79be-8584-3973f8be167d","method":"GET","route":"/projects/:projectId/renders","service":"api"}}
@avlp/api:dev: {"level":30,"time":1790932600597,"pid":15536,"hostname":"DESKTOP-HQ6B2T1","reqId":"req-ah","res":{"statusCode":200},"responseTime":41.57539999997243,"msg":"request completed"}
@avlp/api:dev: {"level":30,"time":1790932609552,"pid":15536,"hostname":"DESKTOP-HQ6B2T1","reqId":"req-ai","req":{"method":"GET","url":"[REDACTED]","host":"localhost:3001","remoteAddress":"127.0.0.1","remotePort":58028},"msg":"incoming request"}
@avlp/api:dev: {"timestamp":"2026-10-02T09:16:49.553Z","level":"info","event":"api.request_received","fields":{"correlationId":"01a0fbe6-ea11-7187-b9a5-57baceb4d48a","method":"GET","route":"/projects/:projectId/renders","service":"api"}}
@avlp/api:dev: {"level":30,"time":1790932609583,"pid":15536,"hostname":"DESKTOP-HQ6B2T1","reqId":"req-ai","res":{"statusCode":200},"responseTime":30.696699999738485,"msg":"request completed"}
@avlp/api:dev: {"level":30,"time":1790932618554,"pid":15536,"hostname":"DESKTOP-HQ6B2T1","reqId":"req-aj","req":{"method":"GET","url":"[REDACTED]","host":"localhost:3001","remoteAddress":"127.0.0.1","remotePort":58028},"msg":"incoming request"}
@avlp/api:dev: {"timestamp":"2026-10-02T09:16:58.554Z","level":"info","event":"api.request_received","fields":{"correlationId":"01a0fbe7-0d3a-760b-9463-05a8b2534d4d","method":"GET","route":"/projects/:projectId/renders","service":"api"}}
@avlp/api:dev: {"level":30,"time":1790932618584,"pid":15536,"hostname":"DESKTOP-HQ6B2T1","reqId":"req-aj","res":{"statusCode":200},"responseTime":29.868699999991804,"msg":"request completed"}
@avlp/api:dev: {"level":30,"time":1790932627553,"pid":15536,"hostname":"DESKTOP-HQ6B2T1","reqId":"req-ak","req":{"method":"GET","url":"[REDACTED]","host":"localhost:3001","remoteAddress":"127.0.0.1","remotePort":58028},"msg":"incoming request"}
@avlp/api:dev: {"timestamp":"2026-10-02T09:17:07.553Z","level":"info","event":"api.request_received","fields":{"correlationId":"01a0fbe7-3061-7087-a8db-7f5159b4aa12","method":"GET","route":"/projects/:projectId/renders","service":"api"}}
@avlp/api:dev: {"level":30,"time":1790932627582,"pid":15536,"hostname":"DESKTOP-HQ6B2T1","reqId":"req-ak","res":{"statusCode":200},"responseTime":29.5472999997437,"msg":"request completed"}
@avlp/api:dev: {"level":30,"time":1790932636559,"pid":15536,"hostname":"DESKTOP-HQ6B2T1","reqId":"req-al","req":{"method":"GET","url":"[REDACTED]","host":"localhost:3001","remoteAddress":"127.0.0.1","remotePort":58028},"msg":"incoming request"}
@avlp/api:dev: {"timestamp":"2026-10-02T09:17:16.559Z","level":"info","event":"api.request_received","fields":{"correlationId":"01a0fbe7-538f-7dd7-a486-f422b5c8e04a","method":"GET","route":"/projects/:projectId/renders","service":"api"}}
@avlp/api:dev: {"level":30,"time":1790932636591,"pid":15536,"hostname":"DESKTOP-HQ6B2T1","reqId":"req-al","res":{"statusCode":200},"responseTime":31.9554999996908,"msg":"request completed"}
@avlp/api:dev: {"level":30,"time":1790932645554,"pid":15536,"hostname":"DESKTOP-HQ6B2T1","reqId":"req-am","req":{"method":"GET","url":"[REDACTED]","host":"localhost:3001","remoteAddress":"127.0.0.1","remotePort":58028},"msg":"incoming request"}
@avlp/api:dev: {"timestamp":"2026-10-02T09:17:25.555Z","level":"info","event":"api.request_received","fields":{"correlationId":"01a0fbe7-76b3-737e-9c74-1936c45133e6","method":"GET","route":"/projects/:projectId/renders","service":"api"}}
@avlp/api:dev: {"level":30,"time":1790932645586,"pid":15536,"hostname":"DESKTOP-HQ6B2T1","reqId":"req-am","res":{"statusCode":200},"responseTime":30.95809999993071,"msg":"request completed"}
@avlp/api:dev: {"level":30,"time":1790932654561,"pid":15536,"hostname":"DESKTOP-HQ6B2T1","reqId":"req-an","req":{"method":"GET","url":"[REDACTED]","host":"localhost:3001","remoteAddress":"127.0.0.1","remotePort":58028},"msg":"incoming request"}
@avlp/api:dev: {"timestamp":"2026-10-02T09:17:34.562Z","level":"info","event":"api.request_received","fields":{"correlationId":"01a0fbe7-99e2-71de-9a8e-00d8bea71abb","method":"GET","route":"/projects/:projectId/renders","service":"api"}}
@avlp/api:dev: {"level":30,"time":1790932654595,"pid":15536,"hostname":"DESKTOP-HQ6B2T1","reqId":"req-an","res":{"statusCode":200},"responseTime":33.337999999988824,"msg":"request completed"}
@avlp/api:dev: {"level":30,"time":1790932663563,"pid":15536,"hostname":"DESKTOP-HQ6B2T1","reqId":"req-ao","req":{"method":"GET","url":"[REDACTED]","host":"localhost:3001","remoteAddress":"127.0.0.1","remotePort":58028},"msg":"incoming request"}
@avlp/api:dev: {"timestamp":"2026-10-02T09:17:43.563Z","level":"info","event":"api.request_received","fields":{"correlationId":"01a0fbe7-bd0b-71c7-8641-2af323a00e93","method":"GET","route":"/projects/:projectId/renders","service":"api"}}
@avlp/api:dev: {"level":30,"time":1790932663595,"pid":15536,"hostname":"DESKTOP-HQ6B2T1","reqId":"req-ao","res":{"statusCode":200},"responseTime":32.275100000202656,"msg":"request completed"}
@avlp/api:dev: {"level":30,"time":1790932672550,"pid":15536,"hostname":"DESKTOP-HQ6B2T1","reqId":"req-ap","req":{"method":"GET","url":"[REDACTED]","host":"localhost:3001","remoteAddress":"127.0.0.1","remotePort":58028},"msg":"incoming request"}
@avlp/api:dev: {"timestamp":"2026-10-02T09:17:52.550Z","level":"info","event":"api.request_received","fields":{"correlationId":"01a0fbe7-e026-72a4-bf38-cfef72d2c04e","method":"GET","route":"/projects/:projectId/renders","service":"api"}}
@avlp/api:dev: {"level":30,"time":1790932672580,"pid":15536,"hostname":"DESKTOP-HQ6B2T1","reqId":"req-ap","res":{"statusCode":200},"responseTime":29.94730000011623,"msg":"request completed"}
@avlp/api:dev: {"level":30,"time":1790932681563,"pid":15536,"hostname":"DESKTOP-HQ6B2T1","reqId":"req-aq","req":{"method":"GET","url":"[REDACTED]","host":"localhost:3001","remoteAddress":"127.0.0.1","remotePort":58028},"msg":"incoming request"}
@avlp/api:dev: {"timestamp":"2026-10-02T09:18:01.563Z","level":"info","event":"api.request_received","fields":{"correlationId":"01a0fbe8-035b-7469-ab5c-c550234cc5c5","method":"GET","route":"/projects/:projectId/renders","service":"api"}}
@avlp/api:dev: {"level":30,"time":1790932681595,"pid":15536,"hostname":"DESKTOP-HQ6B2T1","reqId":"req-aq","res":{"statusCode":200},"responseTime":32.02350000012666,"msg":"request completed"}
@avlp/api:dev: {"level":30,"time":1790932690559,"pid":15536,"hostname":"DESKTOP-HQ6B2T1","reqId":"req-ar","req":{"method":"GET","url":"[REDACTED]","host":"localhost:3001","remoteAddress":"127.0.0.1","remotePort":58028},"msg":"incoming request"}
@avlp/api:dev: {"timestamp":"2026-10-02T09:18:10.559Z","level":"info","event":"api.request_received","fields":{"correlationId":"01a0fbe8-267f-7c06-88d9-eda5ffed9a80","method":"GET","route":"/projects/:projectId/renders","service":"api"}}
@avlp/api:dev: {"level":30,"time":1790932690592,"pid":15536,"hostname":"DESKTOP-HQ6B2T1","reqId":"req-ar","res":{"statusCode":200},"responseTime":32.585100000258535,"msg":"request completed"}
@avlp/api:dev: {"level":30,"time":1790932699549,"pid":15536,"hostname":"DESKTOP-HQ6B2T1","reqId":"req-as","req":{"method":"GET","url":"[REDACTED]","host":"localhost:3001","remoteAddress":"127.0.0.1","remotePort":58028},"msg":"incoming request"}
@avlp/api:dev: {"timestamp":"2026-10-02T09:18:19.549Z","level":"info","event":"api.request_received","fields":{"correlationId":"01a0fbe8-499d-7510-b4d9-5e6290fddf69","method":"GET","route":"/projects/:projectId/renders","service":"api"}}
@avlp/api:dev: {"level":30,"time":1790932699579,"pid":15536,"hostname":"DESKTOP-HQ6B2T1","reqId":"req-as","res":{"statusCode":200},"responseTime":29.430099999997765,"msg":"request completed"}
@avlp/api:dev: {"level":30,"time":1790932708561,"pid":15536,"hostname":"DESKTOP-HQ6B2T1","reqId":"req-at","req":{"method":"GET","url":"[REDACTED]","host":"localhost:3001","remoteAddress":"127.0.0.1","remotePort":58028},"msg":"incoming request"}
@avlp/api:dev: {"timestamp":"2026-10-02T09:18:28.562Z","level":"info","event":"api.request_received","fields":{"correlationId":"01a0fbe8-6cd1-7f81-af46-1f0fce5ca02c","method":"GET","route":"/projects/:projectId/renders","service":"api"}}
@avlp/api:dev: {"level":30,"time":1790932708597,"pid":15536,"hostname":"DESKTOP-HQ6B2T1","reqId":"req-at","res":{"statusCode":200},"responseTime":35.49750000005588,"msg":"request completed"}
@avlp/api:dev: {"level":30,"time":1790932717550,"pid":15536,"hostname":"DESKTOP-HQ6B2T1","reqId":"req-au","req":{"method":"GET","url":"[REDACTED]","host":"localhost:3001","remoteAddress":"127.0.0.1","remotePort":58028},"msg":"incoming request"}
@avlp/api:dev: {"timestamp":"2026-10-02T09:18:37.551Z","level":"info","event":"api.request_received","fields":{"correlationId":"01a0fbe8-8fee-71b1-9f53-99de444a46fe","method":"GET","route":"/projects/:projectId/renders","service":"api"}}
@avlp/api:dev: {"level":30,"time":1790932717589,"pid":15536,"hostname":"DESKTOP-HQ6B2T1","reqId":"req-au","res":{"statusCode":200},"responseTime":38.70669999998063,"msg":"request completed"}
@avlp/api:dev: {"level":30,"time":1790932726559,"pid":15536,"hostname":"DESKTOP-HQ6B2T1","reqId":"req-av","req":{"method":"GET","url":"[REDACTED]","host":"localhost:3001","remoteAddress":"127.0.0.1","remotePort":58028},"msg":"incoming request"}
@avlp/api:dev: {"timestamp":"2026-10-02T09:18:46.559Z","level":"info","event":"api.request_received","fields":{"correlationId":"01a0fbe8-b31f-73cb-80d1-d127fbd37601","method":"GET","route":"/projects/:projectId/renders","service":"api"}}
@avlp/api:dev: {"level":30,"time":1790932726589,"pid":15536,"hostname":"DESKTOP-HQ6B2T1","reqId":"req-av","res":{"statusCode":200},"responseTime":29.898899999912828,"msg":"request completed"}
@avlp/api:dev: {"level":30,"time":1790932735549,"pid":15536,"hostname":"DESKTOP-HQ6B2T1","reqId":"req-aw","req":{"method":"GET","url":"[REDACTED]","host":"localhost:3001","remoteAddress":"127.0.0.1","remotePort":58028},"msg":"incoming request"}
@avlp/api:dev: {"timestamp":"2026-10-02T09:18:55.549Z","level":"info","event":"api.request_received","fields":{"correlationId":"01a0fbe8-d63d-7ff4-9192-28b460a91b7a","method":"GET","route":"/projects/:projectId/renders","service":"api"}}
@avlp/api:dev: {"level":30,"time":1790932735580,"pid":15536,"hostname":"DESKTOP-HQ6B2T1","reqId":"req-aw","res":{"statusCode":200},"responseTime":30.47440000018105,"msg":"request completed"}
@avlp/api:dev: {"level":30,"time":1790932744550,"pid":15536,"hostname":"DESKTOP-HQ6B2T1","reqId":"req-ax","req":{"method":"GET","url":"[REDACTED]","host":"localhost:3001","remoteAddress":"127.0.0.1","remotePort":58028},"msg":"incoming request"}
@avlp/api:dev: {"timestamp":"2026-10-02T09:19:04.550Z","level":"info","event":"api.request_received","fields":{"correlationId":"01a0fbe8-f966-7d1c-a1f8-8b6a58672cc7","method":"GET","route":"/projects/:projectId/renders","service":"api"}}
@avlp/api:dev: {"level":30,"time":1790932744581,"pid":15536,"hostname":"DESKTOP-HQ6B2T1","reqId":"req-ax","res":{"statusCode":200},"responseTime":30.9613000000827,"msg":"request completed"}
@avlp/api:dev: {"level":30,"time":1790932753557,"pid":15536,"hostname":"DESKTOP-HQ6B2T1","reqId":"req-ay","req":{"method":"GET","url":"[REDACTED]","host":"localhost:3001","remoteAddress":"127.0.0.1","remotePort":58028},"msg":"incoming request"}
@avlp/api:dev: {"timestamp":"2026-10-02T09:19:13.557Z","level":"info","event":"api.request_received","fields":{"correlationId":"01a0fbe9-1c95-7d62-9d4f-7c50e753a6e7","method":"GET","route":"/projects/:projectId/renders","service":"api"}}
@avlp/api:dev: {"level":30,"time":1790932753587,"pid":15536,"hostname":"DESKTOP-HQ6B2T1","reqId":"req-ay","res":{"statusCode":200},"responseTime":29.89060000004247,"msg":"request completed"}
@avlp/api:dev: {"level":30,"time":1790932762549,"pid":15536,"hostname":"DESKTOP-HQ6B2T1","reqId":"req-az","req":{"method":"GET","url":"[REDACTED]","host":"localhost:3001","remoteAddress":"127.0.0.1","remotePort":58028},"msg":"incoming request"}
@avlp/api:dev: {"timestamp":"2026-10-02T09:19:22.550Z","level":"info","event":"api.request_received","fields":{"correlationId":"01a0fbe9-3fb5-7435-9e22-c6a6db9db77c","method":"GET","route":"/projects/:projectId/renders","service":"api"}}
@avlp/api:dev: {"level":30,"time":1790932762587,"pid":15536,"hostname":"DESKTOP-HQ6B2T1","reqId":"req-az","res":{"statusCode":200},"responseTime":37.487199999857694,"msg":"request completed"}
@avlp/api:dev: {"level":30,"time":1790932771562,"pid":15536,"hostname":"DESKTOP-HQ6B2T1","reqId":"req-b0","req":{"method":"GET","url":"[REDACTED]","host":"localhost:3001","remoteAddress":"127.0.0.1","remotePort":58028},"msg":"incoming request"}
@avlp/api:dev: {"timestamp":"2026-10-02T09:19:31.562Z","level":"info","event":"api.request_received","fields":{"correlationId":"01a0fbe9-62ea-7c44-87d6-86e37905539e","method":"GET","route":"/projects/:projectId/renders","service":"api"}}
@avlp/api:dev: {"level":30,"time":1790932771593,"pid":15536,"hostname":"DESKTOP-HQ6B2T1","reqId":"req-b0","res":{"statusCode":200},"responseTime":30.930499999783933,"msg":"request completed"}
@avlp/api:dev: {"level":30,"time":1790932780561,"pid":15536,"hostname":"DESKTOP-HQ6B2T1","reqId":"req-b1","req":{"method":"GET","url":"[REDACTED]","host":"localhost:3001","remoteAddress":"127.0.0.1","remotePort":58028},"msg":"incoming request"}
@avlp/api:dev: {"timestamp":"2026-10-02T09:19:40.561Z","level":"info","event":"api.request_received","fields":{"correlationId":"01a0fbe9-8611-73d3-bf78-3d27651e6822","method":"GET","route":"/projects/:projectId/renders","service":"api"}}
@avlp/api:dev: {"level":30,"time":1790932780591,"pid":15536,"hostname":"DESKTOP-HQ6B2T1","reqId":"req-b1","res":{"statusCode":200},"responseTime":30.10690000001341,"msg":"request completed"}
@avlp/api:dev: {"level":30,"time":1790932789560,"pid":15536,"hostname":"DESKTOP-HQ6B2T1","reqId":"req-b2","req":{"method":"GET","url":"[REDACTED]","host":"localhost:3001","remoteAddress":"127.0.0.1","remotePort":58028},"msg":"incoming request"}
@avlp/api:dev: {"timestamp":"2026-10-02T09:19:49.561Z","level":"info","event":"api.request_received","fields":{"correlationId":"01a0fbe9-a939-7dd9-b5a4-4ca90305019c","method":"GET","route":"/projects/:projectId/renders","service":"api"}}
@avlp/api:dev: {"level":30,"time":1790932789593,"pid":15536,"hostname":"DESKTOP-HQ6B2T1","reqId":"req-b2","res":{"statusCode":200},"responseTime":32.82070000004023,"msg":"request completed"}
@avlp/api:dev: {"level":30,"time":1790932798550,"pid":15536,"hostname":"DESKTOP-HQ6B2T1","reqId":"req-b3","req":{"method":"GET","url":"[REDACTED]","host":"localhost:3001","remoteAddress":"127.0.0.1","remotePort":58028},"msg":"incoming request"}
@avlp/api:dev: {"timestamp":"2026-10-02T09:19:58.550Z","level":"info","event":"api.request_received","fields":{"correlationId":"01a0fbe9-cc56-7bb9-bec4-8a8b7507fed2","method":"GET","route":"/projects/:projectId/renders","service":"api"}}
@avlp/api:dev: {"level":30,"time":1790932798608,"pid":15536,"hostname":"DESKTOP-HQ6B2T1","reqId":"req-b3","res":{"statusCode":200},"responseTime":57.84320000000298,"msg":"request completed"}
@avlp/api:dev: {"level":30,"time":1790932807560,"pid":15536,"hostname":"DESKTOP-HQ6B2T1","reqId":"req-b4","req":{"method":"GET","url":"[REDACTED]","host":"localhost:3001","remoteAddress":"127.0.0.1","remotePort":58028},"msg":"incoming request"}
@avlp/api:dev: {"timestamp":"2026-10-02T09:20:07.561Z","level":"info","event":"api.request_received","fields":{"correlationId":"01a0fbe9-ef88-73bb-b498-33c39acb887c","method":"GET","route":"/projects/:projectId/renders","service":"api"}}
@avlp/api:dev: {"level":30,"time":1790932807591,"pid":15536,"hostname":"DESKTOP-HQ6B2T1","reqId":"req-b4","res":{"statusCode":200},"responseTime":30.949299999978393,"msg":"request completed"}
@avlp/api:dev: {"level":30,"time":1790932816555,"pid":15536,"hostname":"DESKTOP-HQ6B2T1","reqId":"req-b5","req":{"method":"GET","url":"[REDACTED]","host":"localhost:3001","remoteAddress":"127.0.0.1","remotePort":49886},"msg":"incoming request"}
@avlp/api:dev: {"timestamp":"2026-10-02T09:20:16.555Z","level":"info","event":"api.request_received","fields":{"correlationId":"01a0fbea-12ab-7d52-8ae0-13ab1eac96cd","method":"GET","route":"/projects/:projectId/renders","service":"api"}}
@avlp/api:dev: {"level":30,"time":1790932816598,"pid":15536,"hostname":"DESKTOP-HQ6B2T1","reqId":"req-b5","res":{"statusCode":200},"responseTime":42.87040000036359,"msg":"request completed"}
@avlp/api:dev: {"level":30,"time":1790932825557,"pid":15536,"hostname":"DESKTOP-HQ6B2T1","reqId":"req-b6","req":{"method":"GET","url":"[REDACTED]","host":"localhost:3001","remoteAddress":"127.0.0.1","remotePort":49886},"msg":"incoming request"}
@avlp/api:dev: {"timestamp":"2026-10-02T09:20:25.557Z","level":"info","event":"api.request_received","fields":{"correlationId":"01a0fbea-35d5-782d-a9fb-630ec16ccf58","method":"GET","route":"/projects/:projectId/renders","service":"api"}}
@avlp/api:dev: {"level":30,"time":1790932825589,"pid":15536,"hostname":"DESKTOP-HQ6B2T1","reqId":"req-b6","res":{"statusCode":200},"responseTime":31.9714999999851,"msg":"request completed"}
@avlp/api:dev: {"level":30,"time":1790932834548,"pid":15536,"hostname":"DESKTOP-HQ6B2T1","reqId":"req-b7","req":{"method":"GET","url":"[REDACTED]","host":"localhost:3001","remoteAddress":"127.0.0.1","remotePort":49886},"msg":"incoming request"}
@avlp/api:dev: {"timestamp":"2026-10-02T09:20:34.549Z","level":"info","event":"api.request_received","fields":{"correlationId":"01a0fbea-58f5-7b4b-96ec-ce3de8b3e2af","method":"GET","route":"/projects/:projectId/renders","service":"api"}}
@avlp/api:dev: {"level":30,"time":1790932834577,"pid":15536,"hostname":"DESKTOP-HQ6B2T1","reqId":"req-b7","res":{"statusCode":200},"responseTime":28.78109999978915,"msg":"request completed"}
@avlp/api:dev: {"level":30,"time":1790932843549,"pid":15536,"hostname":"DESKTOP-HQ6B2T1","reqId":"req-b8","req":{"method":"GET","url":"[REDACTED]","host":"localhost:3001","remoteAddress":"127.0.0.1","remotePort":49886},"msg":"incoming request"}
@avlp/api:dev: {"timestamp":"2026-10-02T09:20:43.549Z","level":"info","event":"api.request_received","fields":{"correlationId":"01a0fbea-7c1d-7ee3-add0-f01a597c553a","method":"GET","route":"/projects/:projectId/renders","service":"api"}}
@avlp/api:dev: {"level":30,"time":1790932843581,"pid":15536,"hostname":"DESKTOP-HQ6B2T1","reqId":"req-b8","res":{"statusCode":200},"responseTime":32.163100000005215,"msg":"request completed"}
@avlp/api:dev: {"level":30,"time":1790932852556,"pid":15536,"hostname":"DESKTOP-HQ6B2T1","reqId":"req-b9","req":{"method":"GET","url":"[REDACTED]","host":"localhost:3001","remoteAddress":"127.0.0.1","remotePort":49886},"msg":"incoming request"}
@avlp/api:dev: {"timestamp":"2026-10-02T09:20:52.556Z","level":"info","event":"api.request_received","fields":{"correlationId":"01a0fbea-9f4c-79bd-9de9-8be8859798e9","method":"GET","route":"/projects/:projectId/renders","service":"api"}}
@avlp/api:dev: {"level":30,"time":1790932852587,"pid":15536,"hostname":"DESKTOP-HQ6B2T1","reqId":"req-b9","res":{"statusCode":200},"responseTime":31.104700000025332,"msg":"request completed"}
@avlp/api:dev: {"level":30,"time":1790932861558,"pid":15536,"hostname":"DESKTOP-HQ6B2T1","reqId":"req-ba","req":{"method":"GET","url":"[REDACTED]","host":"localhost:3001","remoteAddress":"127.0.0.1","remotePort":49886},"msg":"incoming request"}
@avlp/api:dev: {"timestamp":"2026-10-02T09:21:01.558Z","level":"info","event":"api.request_received","fields":{"correlationId":"01a0fbea-c276-731a-b37c-064097eef9fc","method":"GET","route":"/projects/:projectId/renders","service":"api"}}
@avlp/api:dev: {"level":30,"time":1790932861587,"pid":15536,"hostname":"DESKTOP-HQ6B2T1","reqId":"req-ba","res":{"statusCode":200},"responseTime":29.38650000002235,"msg":"request completed"}
@avlp/api:dev: {"level":30,"time":1790932870557,"pid":15536,"hostname":"DESKTOP-HQ6B2T1","reqId":"req-bb","req":{"method":"GET","url":"[REDACTED]","host":"localhost:3001","remoteAddress":"127.0.0.1","remotePort":49886},"msg":"incoming request"}
@avlp/api:dev: {"timestamp":"2026-10-02T09:21:10.558Z","level":"info","event":"api.request_received","fields":{"correlationId":"01a0fbea-e59d-732c-abad-a969180dacc3","method":"GET","route":"/projects/:projectId/renders","service":"api"}}
@avlp/api:dev: {"level":30,"time":1790932870588,"pid":15536,"hostname":"DESKTOP-HQ6B2T1","reqId":"req-bb","res":{"statusCode":200},"responseTime":30.19039999973029,"msg":"request completed"}
@avlp/api:dev: {"level":30,"time":1790932879558,"pid":15536,"hostname":"DESKTOP-HQ6B2T1","reqId":"req-bc","req":{"method":"GET","url":"[REDACTED]","host":"localhost:3001","remoteAddress":"127.0.0.1","remotePort":49886},"msg":"incoming request"}
@avlp/api:dev: {"timestamp":"2026-10-02T09:21:19.735Z","level":"info","event":"api.request_received","fields":{"correlationId":"01a0fbeb-08c6-76b7-851c-3c05441728dc","method":"GET","route":"/projects/:projectId/renders","service":"api"}}
@avlp/api:dev: {"level":30,"time":1790932879776,"pid":15536,"hostname":"DESKTOP-HQ6B2T1","reqId":"req-bc","res":{"statusCode":200},"responseTime":218.06220000004396,"msg":"request completed"}
@avlp/api:dev: {"level":30,"time":1790932888553,"pid":15536,"hostname":"DESKTOP-HQ6B2T1","reqId":"req-bd","req":{"method":"GET","url":"[REDACTED]","host":"localhost:3001","remoteAddress":"127.0.0.1","remotePort":49886},"msg":"incoming request"}
@avlp/api:dev: {"timestamp":"2026-10-02T09:21:28.554Z","level":"info","event":"api.request_received","fields":{"correlationId":"01a0fbeb-2be9-75cb-8375-05bda6713a83","method":"GET","route":"/projects/:projectId/renders","service":"api"}}
@avlp/api:dev: {"level":30,"time":1790932888587,"pid":15536,"hostname":"DESKTOP-HQ6B2T1","reqId":"req-bd","res":{"statusCode":200},"responseTime":33.32990000024438,"msg":"request completed"}
@avlp/api:dev: {"level":30,"time":1790932897554,"pid":15536,"hostname":"DESKTOP-HQ6B2T1","reqId":"req-be","req":{"method":"GET","url":"[REDACTED]","host":"localhost:3001","remoteAddress":"127.0.0.1","remotePort":49886},"msg":"incoming request"}
@avlp/api:dev: {"timestamp":"2026-10-02T09:21:37.555Z","level":"info","event":"api.request_received","fields":{"correlationId":"01a0fbeb-4f13-77aa-a5ff-b58fb2140f90","method":"GET","route":"/projects/:projectId/renders","service":"api"}}
@avlp/api:dev: {"level":30,"time":1790932897585,"pid":15536,"hostname":"DESKTOP-HQ6B2T1","reqId":"req-be","res":{"statusCode":200},"responseTime":30.6960999998264,"msg":"request completed"}
@avlp/api:dev: {"level":30,"time":1790932906551,"pid":15536,"hostname":"DESKTOP-HQ6B2T1","reqId":"req-bf","req":{"method":"GET","url":"[REDACTED]","host":"localhost:3001","remoteAddress":"127.0.0.1","remotePort":49886},"msg":"incoming request"}
@avlp/api:dev: {"timestamp":"2026-10-02T09:21:46.551Z","level":"info","event":"api.request_received","fields":{"correlationId":"01a0fbeb-7237-79ee-a1e3-086ae7a93d72","method":"GET","route":"/projects/:projectId/renders","service":"api"}}
@avlp/api:dev: {"level":30,"time":1790932906583,"pid":15536,"hostname":"DESKTOP-HQ6B2T1","reqId":"req-bf","res":{"statusCode":200},"responseTime":32.151899999938905,"msg":"request completed"}
@avlp/api:dev: {"level":30,"time":1790932915554,"pid":15536,"hostname":"DESKTOP-HQ6B2T1","reqId":"req-bg","req":{"method":"GET","url":"[REDACTED]","host":"localhost:3001","remoteAddress":"127.0.0.1","remotePort":49886},"msg":"incoming request"}
@avlp/api:dev: {"timestamp":"2026-10-02T09:21:55.555Z","level":"info","event":"api.request_received","fields":{"correlationId":"01a0fbeb-9562-703c-8c85-304293a2663a","method":"GET","route":"/projects/:projectId/renders","service":"api"}}
@avlp/api:dev: {"level":30,"time":1790932915585,"pid":15536,"hostname":"DESKTOP-HQ6B2T1","reqId":"req-bg","res":{"statusCode":200},"responseTime":30.247700000181794,"msg":"request completed"}
@avlp/api:dev: {"level":30,"time":1790932924551,"pid":15536,"hostname":"DESKTOP-HQ6B2T1","reqId":"req-bh","req":{"method":"GET","url":"[REDACTED]","host":"localhost:3001","remoteAddress":"127.0.0.1","remotePort":49886},"msg":"incoming request"}
@avlp/api:dev: {"timestamp":"2026-10-02T09:22:04.551Z","level":"info","event":"api.request_received","fields":{"correlationId":"01a0fbeb-b887-7c6b-a367-5466e5e2d264","method":"GET","route":"/projects/:projectId/renders","service":"api"}}
@avlp/api:dev: {"level":30,"time":1790932924581,"pid":15536,"hostname":"DESKTOP-HQ6B2T1","reqId":"req-bh","res":{"statusCode":200},"responseTime":29.89589999988675,"msg":"request completed"}
@avlp/api:dev: {"level":30,"time":1790932933556,"pid":15536,"hostname":"DESKTOP-HQ6B2T1","reqId":"req-bi","req":{"method":"GET","url":"[REDACTED]","host":"localhost:3001","remoteAddress":"127.0.0.1","remotePort":49886},"msg":"incoming request"}
@avlp/api:dev: {"timestamp":"2026-10-02T09:22:13.556Z","level":"info","event":"api.request_received","fields":{"correlationId":"01a0fbeb-dbb4-7b15-a284-a9f113c9ce56","method":"GET","route":"/projects/:projectId/renders","service":"api"}}
@avlp/api:dev: {"level":30,"time":1790932933584,"pid":15536,"hostname":"DESKTOP-HQ6B2T1","reqId":"req-bi","res":{"statusCode":200},"responseTime":28.280500000342727,"msg":"request completed"}
@avlp/api:dev: {"level":30,"time":1790932942550,"pid":15536,"hostname":"DESKTOP-HQ6B2T1","reqId":"req-bj","req":{"method":"GET","url":"[REDACTED]","host":"localhost:3001","remoteAddress":"127.0.0.1","remotePort":49886},"msg":"incoming request"}
@avlp/api:dev: {"timestamp":"2026-10-02T09:22:22.550Z","level":"info","event":"api.request_received","fields":{"correlationId":"01a0fbeb-fed6-71ed-b09b-8703a25d54f2","method":"GET","route":"/projects/:projectId/renders","service":"api"}}
@avlp/api:dev: {"level":30,"time":1790932942584,"pid":15536,"hostname":"DESKTOP-HQ6B2T1","reqId":"req-bj","res":{"statusCode":200},"responseTime":33.622700000181794,"msg":"request completed"}
@avlp/api:dev: {"level":30,"time":1790932951551,"pid":15536,"hostname":"DESKTOP-HQ6B2T1","reqId":"req-bk","req":{"method":"GET","url":"[REDACTED]","host":"localhost:3001","remoteAddress":"127.0.0.1","remotePort":49886},"msg":"incoming request"}
@avlp/api:dev: {"timestamp":"2026-10-02T09:22:31.551Z","level":"info","event":"api.request_received","fields":{"correlationId":"01a0fbec-21ff-73e4-a752-3347b072937b","method":"GET","route":"/projects/:projectId/renders","service":"api"}}
@avlp/api:dev: {"level":30,"time":1790932951584,"pid":15536,"hostname":"DESKTOP-HQ6B2T1","reqId":"req-bk","res":{"statusCode":200},"responseTime":32.96320000011474,"msg":"request completed"}
@avlp/api:dev: {"level":30,"time":1790932960551,"pid":15536,"hostname":"DESKTOP-HQ6B2T1","reqId":"req-bl","req":{"method":"GET","url":"[REDACTED]","host":"localhost:3001","remoteAddress":"127.0.0.1","remotePort":49886},"msg":"incoming request"}
@avlp/api:dev: {"timestamp":"2026-10-02T09:22:40.551Z","level":"info","event":"api.request_received","fields":{"correlationId":"01a0fbec-4527-7dd6-b584-caa29eea8876","method":"GET","route":"/projects/:projectId/renders","service":"api"}}
@avlp/api:dev: {"level":30,"time":1790932960583,"pid":15536,"hostname":"DESKTOP-HQ6B2T1","reqId":"req-bl","res":{"statusCode":200},"responseTime":31.869799999985844,"msg":"request completed"}
@avlp/api:dev: {"level":30,"time":1790932969545,"pid":15536,"hostname":"DESKTOP-HQ6B2T1","reqId":"req-bm","req":{"method":"GET","url":"[REDACTED]","host":"localhost:3001","remoteAddress":"127.0.0.1","remotePort":49886},"msg":"incoming request"}
@avlp/api:dev: {"timestamp":"2026-10-02T09:22:49.546Z","level":"info","event":"api.request_received","fields":{"correlationId":"01a0fbec-6849-75a3-ad7f-44be49abab61","method":"GET","route":"/projects/:projectId/renders","service":"api"}}
@avlp/api:dev: {"level":30,"time":1790932969606,"pid":15536,"hostname":"DESKTOP-HQ6B2T1","reqId":"req-bm","res":{"statusCode":200},"responseTime":60.42060000030324,"msg":"request completed"}
@avlp/api:dev: {"level":30,"time":1790932978560,"pid":15536,"hostname":"DESKTOP-HQ6B2T1","reqId":"req-bn","req":{"method":"GET","url":"[REDACTED]","host":"localhost:3001","remoteAddress":"127.0.0.1","remotePort":49886},"msg":"incoming request"}
@avlp/api:dev: {"timestamp":"2026-10-02T09:22:58.560Z","level":"info","event":"api.request_received","fields":{"correlationId":"01a0fbec-8b80-7ff9-8a64-e48123c35ad5","method":"GET","route":"/projects/:projectId/renders","service":"api"}}
@avlp/api:dev: {"level":30,"time":1790932978590,"pid":15536,"hostname":"DESKTOP-HQ6B2T1","reqId":"req-bn","res":{"statusCode":200},"responseTime":30.46529999980703,"msg":"request completed"}
@avlp/api:dev: {"level":30,"time":1790932987551,"pid":15536,"hostname":"DESKTOP-HQ6B2T1","reqId":"req-bo","req":{"method":"GET","url":"[REDACTED]","host":"localhost:3001","remoteAddress":"127.0.0.1","remotePort":49886},"msg":"incoming request"}
@avlp/api:dev: {"timestamp":"2026-10-02T09:23:07.551Z","level":"info","event":"api.request_received","fields":{"correlationId":"01a0fbec-ae9f-71b2-b9c5-715f86201524","method":"GET","route":"/projects/:projectId/renders","service":"api"}}
@avlp/api:dev: {"level":30,"time":1790932987581,"pid":15536,"hostname":"DESKTOP-HQ6B2T1","reqId":"req-bo","res":{"statusCode":200},"responseTime":30.538799999747425,"msg":"request completed"}
@avlp/api:dev: {"level":30,"time":1790932996551,"pid":15536,"hostname":"DESKTOP-HQ6B2T1","reqId":"req-bp","req":{"method":"GET","url":"[REDACTED]","host":"localhost:3001","remoteAddress":"127.0.0.1","remotePort":49886},"msg":"incoming request"}
@avlp/api:dev: {"timestamp":"2026-10-02T09:23:16.551Z","level":"info","event":"api.request_received","fields":{"correlationId":"01a0fbec-d1c7-7be9-83a8-ca6cb15f1ab4","method":"GET","route":"/projects/:projectId/renders","service":"api"}}
@avlp/api:dev: {"level":30,"time":1790932996582,"pid":15536,"hostname":"DESKTOP-HQ6B2T1","reqId":"req-bp","res":{"statusCode":200},"responseTime":31.04149999981746,"msg":"request completed"}
@avlp/api:dev: {"level":30,"time":1790933005559,"pid":15536,"hostname":"DESKTOP-HQ6B2T1","reqId":"req-bq","req":{"method":"GET","url":"[REDACTED]","host":"localhost:3001","remoteAddress":"127.0.0.1","remotePort":49886},"msg":"incoming request"}
@avlp/api:dev: {"timestamp":"2026-10-02T09:23:25.559Z","level":"info","event":"api.request_received","fields":{"correlationId":"01a0fbec-f4f7-750d-9f79-6cc90566b332","method":"GET","route":"/projects/:projectId/renders","service":"api"}}
@avlp/api:dev: {"level":30,"time":1790933005593,"pid":15536,"hostname":"DESKTOP-HQ6B2T1","reqId":"req-bq","res":{"statusCode":200},"responseTime":34.411700000055134,"msg":"request completed"}
@avlp/api:dev: {"level":30,"time":1790933014546,"pid":15536,"hostname":"DESKTOP-HQ6B2T1","reqId":"req-br","req":{"method":"GET","url":"[REDACTED]","host":"localhost:3001","remoteAddress":"127.0.0.1","remotePort":49886},"msg":"incoming request"}
@avlp/api:dev: {"timestamp":"2026-10-02T09:23:34.547Z","level":"info","event":"api.request_received","fields":{"correlationId":"01a0fbed-1812-741d-bae9-522ec5cd74b2","method":"GET","route":"/projects/:projectId/renders","service":"api"}}
@avlp/api:dev: {"level":30,"time":1790933014578,"pid":15536,"hostname":"DESKTOP-HQ6B2T1","reqId":"req-br","res":{"statusCode":200},"responseTime":31.4234000002034,"msg":"request completed"}
@avlp/api:dev: {"level":30,"time":1790933023553,"pid":15536,"hostname":"DESKTOP-HQ6B2T1","reqId":"req-bs","req":{"method":"GET","url":"[REDACTED]","host":"localhost:3001","remoteAddress":"127.0.0.1","remotePort":49886},"msg":"incoming request"}
@avlp/api:dev: {"timestamp":"2026-10-02T09:23:43.553Z","level":"info","event":"api.request_received","fields":{"correlationId":"01a0fbed-3b41-7649-9623-0599c8674db7","method":"GET","route":"/projects/:projectId/renders","service":"api"}}
@avlp/api:dev: {"level":30,"time":1790933023583,"pid":15536,"hostname":"DESKTOP-HQ6B2T1","reqId":"req-bs","res":{"statusCode":200},"responseTime":30.044700000435114,"msg":"request completed"}
@avlp/api:dev: {"level":30,"time":1790933032559,"pid":15536,"hostname":"DESKTOP-HQ6B2T1","reqId":"req-bt","req":{"method":"GET","url":"[REDACTED]","host":"localhost:3001","remoteAddress":"127.0.0.1","remotePort":49886},"msg":"incoming request"}
@avlp/api:dev: {"timestamp":"2026-10-02T09:23:52.560Z","level":"info","event":"api.request_received","fields":{"correlationId":"01a0fbed-5e6f-75e6-b389-0a6c5b6ac8eb","method":"GET","route":"/projects/:projectId/renders","service":"api"}}
@avlp/api:dev: {"level":30,"time":1790933032592,"pid":15536,"hostname":"DESKTOP-HQ6B2T1","reqId":"req-bt","res":{"statusCode":200},"responseTime":32.66800000006333,"msg":"request completed"}
@avlp/api:dev: {"level":30,"time":1790933041545,"pid":15536,"hostname":"DESKTOP-HQ6B2T1","reqId":"req-bu","req":{"method":"GET","url":"[REDACTED]","host":"localhost:3001","remoteAddress":"127.0.0.1","remotePort":49886},"msg":"incoming request"}
@avlp/api:dev: {"timestamp":"2026-10-02T09:24:01.545Z","level":"info","event":"api.request_received","fields":{"correlationId":"01a0fbed-8189-72f9-8a90-e75a8508bb2b","method":"GET","route":"/projects/:projectId/renders","service":"api"}}
@avlp/api:dev: {"level":30,"time":1790933041575,"pid":15536,"hostname":"DESKTOP-HQ6B2T1","reqId":"req-bu","res":{"statusCode":200},"responseTime":30.59900000039488,"msg":"request completed"}
@avlp/api:dev: {"level":30,"time":1790933050544,"pid":15536,"hostname":"DESKTOP-HQ6B2T1","reqId":"req-bv","req":{"method":"GET","url":"[REDACTED]","host":"localhost:3001","remoteAddress":"127.0.0.1","remotePort":49886},"msg":"incoming request"}
@avlp/api:dev: {"timestamp":"2026-10-02T09:24:10.544Z","level":"info","event":"api.request_received","fields":{"correlationId":"01a0fbed-a4b0-72b7-ab23-1ad4b345a222","method":"GET","route":"/projects/:projectId/renders","service":"api"}}
@avlp/api:dev: {"level":30,"time":1790933050574,"pid":15536,"hostname":"DESKTOP-HQ6B2T1","reqId":"req-bv","res":{"statusCode":200},"responseTime":29.61379999993369,"msg":"request completed"}
@avlp/api:dev: {"level":30,"time":1790933059554,"pid":15536,"hostname":"DESKTOP-HQ6B2T1","reqId":"req-bw","req":{"method":"GET","url":"[REDACTED]","host":"localhost:3001","remoteAddress":"127.0.0.1","remotePort":49886},"msg":"incoming request"}
@avlp/api:dev: {"timestamp":"2026-10-02T09:24:19.555Z","level":"info","event":"api.request_received","fields":{"correlationId":"01a0fbed-c7e2-7de6-903e-d5058e51abef","method":"GET","route":"/projects/:projectId/renders","service":"api"}}
@avlp/api:dev: {"level":30,"time":1790933059586,"pid":15536,"hostname":"DESKTOP-HQ6B2T1","reqId":"req-bw","res":{"statusCode":200},"responseTime":31.96029999991879,"msg":"request completed"}
@avlp/api:dev: {"level":30,"time":1790933068553,"pid":15536,"hostname":"DESKTOP-HQ6B2T1","reqId":"req-bx","req":{"method":"GET","url":"[REDACTED]","host":"localhost:3001","remoteAddress":"127.0.0.1","remotePort":49886},"msg":"incoming request"}
@avlp/api:dev: {"timestamp":"2026-10-02T09:24:28.553Z","level":"info","event":"api.request_received","fields":{"correlationId":"01a0fbed-eb09-7ebe-8ab2-d39d77bb1384","method":"GET","route":"/projects/:projectId/renders","service":"api"}}
@avlp/api:dev: {"level":30,"time":1790933068586,"pid":15536,"hostname":"DESKTOP-HQ6B2T1","reqId":"req-bx","res":{"statusCode":200},"responseTime":33.22860000003129,"msg":"request completed"}
@avlp/api:dev: {"level":30,"time":1790933077550,"pid":15536,"hostname":"DESKTOP-HQ6B2T1","reqId":"req-by","req":{"method":"GET","url":"[REDACTED]","host":"localhost:3001","remoteAddress":"127.0.0.1","remotePort":49886},"msg":"incoming request"}
@avlp/api:dev: {"timestamp":"2026-10-02T09:24:37.551Z","level":"info","event":"api.request_received","fields":{"correlationId":"01a0fbee-0e2e-74a6-9be4-84874c9b67e4","method":"GET","route":"/projects/:projectId/renders","service":"api"}}
@avlp/api:dev: {"level":30,"time":1790933077582,"pid":15536,"hostname":"DESKTOP-HQ6B2T1","reqId":"req-by","res":{"statusCode":200},"responseTime":31.308100000023842,"msg":"request completed"}
@avlp/api:dev: {"level":30,"time":1790933086550,"pid":15536,"hostname":"DESKTOP-HQ6B2T1","reqId":"req-bz","req":{"method":"GET","url":"[REDACTED]","host":"localhost:3001","remoteAddress":"127.0.0.1","remotePort":49886},"msg":"incoming request"}
@avlp/api:dev: {"timestamp":"2026-10-02T09:24:46.551Z","level":"info","event":"api.request_received","fields":{"correlationId":"01a0fbee-3157-73eb-ab4d-ebd6a2d578d5","method":"GET","route":"/projects/:projectId/renders","service":"api"}}
@avlp/api:dev: {"level":30,"time":1790933086617,"pid":15536,"hostname":"DESKTOP-HQ6B2T1","reqId":"req-bz","res":{"statusCode":200},"responseTime":66.36899999994785,"msg":"request completed"}
@avlp/api:dev: {"level":30,"time":1790933095547,"pid":15536,"hostname":"DESKTOP-HQ6B2T1","reqId":"req-c0","req":{"method":"GET","url":"[REDACTED]","host":"localhost:3001","remoteAddress":"127.0.0.1","remotePort":49886},"msg":"incoming request"}
@avlp/api:dev: {"timestamp":"2026-10-02T09:24:55.547Z","level":"info","event":"api.request_received","fields":{"correlationId":"01a0fbee-547b-7bd4-a2c4-315e1225c165","method":"GET","route":"/projects/:projectId/renders","service":"api"}}
@avlp/api:dev: {"level":30,"time":1790933095580,"pid":15536,"hostname":"DESKTOP-HQ6B2T1","reqId":"req-c0","res":{"statusCode":200},"responseTime":32.44950000010431,"msg":"request completed"}
@avlp/api:dev: {"level":30,"time":1790933104560,"pid":15536,"hostname":"DESKTOP-HQ6B2T1","reqId":"req-c1","req":{"method":"GET","url":"[REDACTED]","host":"localhost:3001","remoteAddress":"127.0.0.1","remotePort":49886},"msg":"incoming request"}
@avlp/api:dev: {"timestamp":"2026-10-02T09:25:04.560Z","level":"info","event":"api.request_received","fields":{"correlationId":"01a0fbee-77b0-79e2-948a-30b6defdcb0f","method":"GET","route":"/projects/:projectId/renders","service":"api"}}
@avlp/api:dev: {"level":30,"time":1790933104591,"pid":15536,"hostname":"DESKTOP-HQ6B2T1","reqId":"req-c1","res":{"statusCode":200},"responseTime":30.69149999972433,"msg":"request completed"}
@avlp/api:dev: {"level":30,"time":1790933113549,"pid":15536,"hostname":"DESKTOP-HQ6B2T1","reqId":"req-c2","req":{"method":"GET","url":"[REDACTED]","host":"localhost:3001","remoteAddress":"127.0.0.1","remotePort":49886},"msg":"incoming request"}
@avlp/api:dev: {"timestamp":"2026-10-02T09:25:13.549Z","level":"info","event":"api.request_received","fields":{"correlationId":"01a0fbee-9acd-745c-8388-9a68778abf8c","method":"GET","route":"/projects/:projectId/renders","service":"api"}}
@avlp/api:dev: {"level":30,"time":1790933113623,"pid":15536,"hostname":"DESKTOP-HQ6B2T1","reqId":"req-c2","res":{"statusCode":200},"responseTime":73.83490000013262,"msg":"request completed"}
@avlp/api:dev: {"level":30,"time":1790933122558,"pid":15536,"hostname":"DESKTOP-HQ6B2T1","reqId":"req-c3","req":{"method":"GET","url":"[REDACTED]","host":"localhost:3001","remoteAddress":"127.0.0.1","remotePort":49886},"msg":"incoming request"}
@avlp/api:dev: {"timestamp":"2026-10-02T09:25:22.558Z","level":"info","event":"api.request_received","fields":{"correlationId":"01a0fbee-bdfe-7a47-88fe-ca48bacee79c","method":"GET","route":"/projects/:projectId/renders","service":"api"}}
@avlp/api:dev: {"level":30,"time":1790933122588,"pid":15536,"hostname":"DESKTOP-HQ6B2T1","reqId":"req-c3","res":{"statusCode":200},"responseTime":29.81720000039786,"msg":"request completed"}
@avlp/api:dev: {"level":30,"time":1790933131552,"pid":15536,"hostname":"DESKTOP-HQ6B2T1","reqId":"req-c4","req":{"method":"GET","url":"[REDACTED]","host":"localhost:3001","remoteAddress":"127.0.0.1","remotePort":49886},"msg":"incoming request"}
@avlp/api:dev: {"timestamp":"2026-10-02T09:25:31.553Z","level":"info","event":"api.request_received","fields":{"correlationId":"01a0fbee-e120-7578-9ccd-28b847c025d6","method":"GET","route":"/projects/:projectId/renders","service":"api"}}
@avlp/api:dev: {"level":30,"time":1790933131582,"pid":15536,"hostname":"DESKTOP-HQ6B2T1","reqId":"req-c4","res":{"statusCode":200},"responseTime":29.961899999529123,"msg":"request completed"}
@avlp/api:dev: {"level":30,"time":1790933140554,"pid":15536,"hostname":"DESKTOP-HQ6B2T1","reqId":"req-c5","req":{"method":"GET","url":"[REDACTED]","host":"localhost:3001","remoteAddress":"127.0.0.1","remotePort":49886},"msg":"incoming request"}
@avlp/api:dev: {"timestamp":"2026-10-02T09:25:40.555Z","level":"info","event":"api.request_received","fields":{"correlationId":"01a0fbef-044a-74a4-8964-64176aa6cc16","method":"GET","route":"/projects/:projectId/renders","service":"api"}}
@avlp/api:dev: {"level":30,"time":1790933140584,"pid":15536,"hostname":"DESKTOP-HQ6B2T1","reqId":"req-c5","res":{"statusCode":200},"responseTime":29.47429999988526,"msg":"request completed"}
@avlp/api:dev: {"level":30,"time":1790933149546,"pid":15536,"hostname":"DESKTOP-HQ6B2T1","reqId":"req-c6","req":{"method":"GET","url":"[REDACTED]","host":"localhost:3001","remoteAddress":"127.0.0.1","remotePort":49886},"msg":"incoming request"}
@avlp/api:dev: {"timestamp":"2026-10-02T09:25:49.546Z","level":"info","event":"api.request_received","fields":{"correlationId":"01a0fbef-276a-78d0-8a8e-017a1c1e33c1","method":"GET","route":"/projects/:projectId/renders","service":"api"}}
@avlp/api:dev: {"level":30,"time":1790933149578,"pid":15536,"hostname":"DESKTOP-HQ6B2T1","reqId":"req-c6","res":{"statusCode":200},"responseTime":31.80200000014156,"msg":"request completed"}
@avlp/api:dev: {"level":30,"time":1790933158551,"pid":15536,"hostname":"DESKTOP-HQ6B2T1","reqId":"req-c7","req":{"method":"GET","url":"[REDACTED]","host":"localhost:3001","remoteAddress":"127.0.0.1","remotePort":49886},"msg":"incoming request"}
@avlp/api:dev: {"timestamp":"2026-10-02T09:25:58.552Z","level":"info","event":"api.request_received","fields":{"correlationId":"01a0fbef-4a97-7ff6-ade3-f2b8477bb316","method":"GET","route":"/projects/:projectId/renders","service":"api"}}
@avlp/api:dev: {"level":30,"time":1790933158583,"pid":15536,"hostname":"DESKTOP-HQ6B2T1","reqId":"req-c7","res":{"statusCode":200},"responseTime":31.417500000447035,"msg":"request completed"}
@avlp/api:dev: {"level":30,"time":1790933167549,"pid":15536,"hostname":"DESKTOP-HQ6B2T1","reqId":"req-c8","req":{"method":"GET","url":"[REDACTED]","host":"localhost:3001","remoteAddress":"127.0.0.1","remotePort":49886},"msg":"incoming request"}
@avlp/api:dev: {"timestamp":"2026-10-02T09:26:07.549Z","level":"info","event":"api.request_received","fields":{"correlationId":"01a0fbef-6dbd-718a-acaa-e5ac5d92014e","method":"GET","route":"/projects/:projectId/renders","service":"api"}}
@avlp/api:dev: {"level":30,"time":1790933167580,"pid":15536,"hostname":"DESKTOP-HQ6B2T1","reqId":"req-c8","res":{"statusCode":200},"responseTime":30.933699999935925,"msg":"request completed"}
@avlp/api:dev: {"level":30,"time":1790933176553,"pid":15536,"hostname":"DESKTOP-HQ6B2T1","reqId":"req-c9","req":{"method":"GET","url":"[REDACTED]","host":"localhost:3001","remoteAddress":"127.0.0.1","remotePort":49886},"msg":"incoming request"}
@avlp/api:dev: {"timestamp":"2026-10-02T09:26:16.553Z","level":"info","event":"api.request_received","fields":{"correlationId":"01a0fbef-90e9-72c0-bcf3-98e11d782d52","method":"GET","route":"/projects/:projectId/renders","service":"api"}}
@avlp/api:dev: {"level":30,"time":1790933176584,"pid":15536,"hostname":"DESKTOP-HQ6B2T1","reqId":"req-c9","res":{"statusCode":200},"responseTime":30.524100000038743,"msg":"request completed"}
@avlp/api:dev: {"level":30,"time":1790933185552,"pid":15536,"hostname":"DESKTOP-HQ6B2T1","reqId":"req-ca","req":{"method":"GET","url":"[REDACTED]","host":"localhost:3001","remoteAddress":"127.0.0.1","remotePort":49886},"msg":"incoming request"}
@avlp/api:dev: {"timestamp":"2026-10-02T09:26:25.552Z","level":"info","event":"api.request_received","fields":{"correlationId":"01a0fbef-b410-7c8e-8949-9406fea770ee","method":"GET","route":"/projects/:projectId/renders","service":"api"}}
@avlp/api:dev: {"level":30,"time":1790933185580,"pid":15536,"hostname":"DESKTOP-HQ6B2T1","reqId":"req-ca","res":{"statusCode":200},"responseTime":28.27749999985099,"msg":"request completed"}
@avlp/api:dev: {"level":30,"time":1790933194550,"pid":15536,"hostname":"DESKTOP-HQ6B2T1","reqId":"req-cb","req":{"method":"GET","url":"[REDACTED]","host":"localhost:3001","remoteAddress":"127.0.0.1","remotePort":49886},"msg":"incoming request"}
@avlp/api:dev: {"timestamp":"2026-10-02T09:26:34.550Z","level":"info","event":"api.request_received","fields":{"correlationId":"01a0fbef-d736-7a2c-b82e-71f7c87552a0","method":"GET","route":"/projects/:projectId/renders","service":"api"}}
@avlp/api:dev: {"level":30,"time":1790933194581,"pid":15536,"hostname":"DESKTOP-HQ6B2T1","reqId":"req-cb","res":{"statusCode":200},"responseTime":31.463599999435246,"msg":"request completed"}
@avlp/api:dev: {"level":30,"time":1790933203555,"pid":15536,"hostname":"DESKTOP-HQ6B2T1","reqId":"req-cc","req":{"method":"GET","url":"[REDACTED]","host":"localhost:3001","remoteAddress":"127.0.0.1","remotePort":49886},"msg":"incoming request"}
@avlp/api:dev: {"timestamp":"2026-10-02T09:26:43.555Z","level":"info","event":"api.request_received","fields":{"correlationId":"01a0fbef-fa63-76ec-a1d1-87bb88a5c92d","method":"GET","route":"/projects/:projectId/renders","service":"api"}}
@avlp/api:dev: {"level":30,"time":1790933203586,"pid":15536,"hostname":"DESKTOP-HQ6B2T1","reqId":"req-cc","res":{"statusCode":200},"responseTime":31.31749999988824,"msg":"request completed"}
@avlp/api:dev: {"level":30,"time":1790933212559,"pid":15536,"hostname":"DESKTOP-HQ6B2T1","reqId":"req-cd","req":{"method":"GET","url":"[REDACTED]","host":"localhost:3001","remoteAddress":"127.0.0.1","remotePort":49886},"msg":"incoming request"}
@avlp/api:dev: {"timestamp":"2026-10-02T09:26:52.559Z","level":"info","event":"api.request_received","fields":{"correlationId":"01a0fbf0-1d8f-71b9-ae9a-e4e79c1ffe6c","method":"GET","route":"/projects/:projectId/renders","service":"api"}}
@avlp/api:dev: {"level":30,"time":1790933212589,"pid":15536,"hostname":"DESKTOP-HQ6B2T1","reqId":"req-cd","res":{"statusCode":200},"responseTime":30.2214999999851,"msg":"request completed"}
@avlp/api:dev: {"level":30,"time":1790933221553,"pid":15536,"hostname":"DESKTOP-HQ6B2T1","reqId":"req-ce","req":{"method":"GET","url":"[REDACTED]","host":"localhost:3001","remoteAddress":"127.0.0.1","remotePort":49886},"msg":"incoming request"}
@avlp/api:dev: {"timestamp":"2026-10-02T09:27:01.553Z","level":"info","event":"api.request_received","fields":{"correlationId":"01a0fbf0-40b1-7484-9221-f80e332fa6c4","method":"GET","route":"/projects/:projectId/renders","service":"api"}}
@avlp/api:dev: {"level":30,"time":1790933221584,"pid":15536,"hostname":"DESKTOP-HQ6B2T1","reqId":"req-ce","res":{"statusCode":200},"responseTime":30.904099999926984,"msg":"request completed"}
@avlp/api:dev: {"level":30,"time":1790933230549,"pid":15536,"hostname":"DESKTOP-HQ6B2T1","reqId":"req-cf","req":{"method":"GET","url":"[REDACTED]","host":"localhost:3001","remoteAddress":"127.0.0.1","remotePort":49886},"msg":"incoming request"}
@avlp/api:dev: {"timestamp":"2026-10-02T09:27:10.549Z","level":"info","event":"api.request_received","fields":{"correlationId":"01a0fbf0-63d5-72a3-b50c-637d7cc93ec0","method":"GET","route":"/projects/:projectId/renders","service":"api"}}
@avlp/api:dev: {"level":30,"time":1790933230580,"pid":15536,"hostname":"DESKTOP-HQ6B2T1","reqId":"req-cf","res":{"statusCode":200},"responseTime":30.86159999947995,"msg":"request completed"}
@avlp/api:dev: {"level":30,"time":1790933239555,"pid":15536,"hostname":"DESKTOP-HQ6B2T1","reqId":"req-cg","req":{"method":"GET","url":"[REDACTED]","host":"localhost:3001","remoteAddress":"127.0.0.1","remotePort":49886},"msg":"incoming request"}
@avlp/api:dev: {"timestamp":"2026-10-02T09:27:19.555Z","level":"info","event":"api.request_received","fields":{"correlationId":"01a0fbf0-8703-7613-9d13-8f4a1a09955a","method":"GET","route":"/projects/:projectId/renders","service":"api"}}
@avlp/api:dev: {"level":30,"time":1790933239584,"pid":15536,"hostname":"DESKTOP-HQ6B2T1","reqId":"req-cg","res":{"statusCode":200},"responseTime":29.595499999821186,"msg":"request completed"}
@avlp/api:dev: {"level":30,"time":1790933248551,"pid":15536,"hostname":"DESKTOP-HQ6B2T1","reqId":"req-ch","req":{"method":"GET","url":"[REDACTED]","host":"localhost:3001","remoteAddress":"127.0.0.1","remotePort":49886},"msg":"incoming request"}
@avlp/api:dev: {"timestamp":"2026-10-02T09:27:28.551Z","level":"info","event":"api.request_received","fields":{"correlationId":"01a0fbf0-aa27-7a7e-ba36-88623c637fea","method":"GET","route":"/projects/:projectId/renders","service":"api"}}
@avlp/api:dev: {"level":30,"time":1790933248582,"pid":15536,"hostname":"DESKTOP-HQ6B2T1","reqId":"req-ch","res":{"statusCode":200},"responseTime":30.73629999998957,"msg":"request completed"}
@avlp/api:dev: {"level":30,"time":1790933257544,"pid":15536,"hostname":"DESKTOP-HQ6B2T1","reqId":"req-ci","req":{"method":"GET","url":"[REDACTED]","host":"localhost:3001","remoteAddress":"127.0.0.1","remotePort":49886},"msg":"incoming request"}
@avlp/api:dev: {"timestamp":"2026-10-02T09:27:37.544Z","level":"info","event":"api.request_received","fields":{"correlationId":"01a0fbf0-cd48-7a46-a56e-747564e4d88c","method":"GET","route":"/projects/:projectId/renders","service":"api"}}
@avlp/api:dev: {"level":30,"time":1790933257576,"pid":15536,"hostname":"DESKTOP-HQ6B2T1","reqId":"req-ci","res":{"statusCode":200},"responseTime":31.54850000049919,"msg":"request completed"}
@avlp/api:dev: {"level":30,"time":1790933266548,"pid":15536,"hostname":"DESKTOP-HQ6B2T1","reqId":"req-cj","req":{"method":"GET","url":"[REDACTED]","host":"localhost:3001","remoteAddress":"127.0.0.1","remotePort":49886},"msg":"incoming request"}
@avlp/api:dev: {"timestamp":"2026-10-02T09:27:46.549Z","level":"info","event":"api.request_received","fields":{"correlationId":"01a0fbf0-f075-7d22-8dc7-3113c9475d9c","method":"GET","route":"/projects/:projectId/renders","service":"api"}}
@avlp/api:dev: {"level":30,"time":1790933266587,"pid":15536,"hostname":"DESKTOP-HQ6B2T1","reqId":"req-cj","res":{"statusCode":200},"responseTime":38.683800000697374,"msg":"request completed"}
@avlp/api:dev: {"level":30,"time":1790933275551,"pid":15536,"hostname":"DESKTOP-HQ6B2T1","reqId":"req-ck","req":{"method":"GET","url":"[REDACTED]","host":"localhost:3001","remoteAddress":"127.0.0.1","remotePort":49886},"msg":"incoming request"}
@avlp/api:dev: {"timestamp":"2026-10-02T09:27:55.551Z","level":"info","event":"api.request_received","fields":{"correlationId":"01a0fbf1-139f-707a-a32d-64b4d7b977bd","method":"GET","route":"/projects/:projectId/renders","service":"api"}}
@avlp/api:dev: {"level":30,"time":1790933275582,"pid":15536,"hostname":"DESKTOP-HQ6B2T1","reqId":"req-ck","res":{"statusCode":200},"responseTime":31.141900000162423,"msg":"request completed"}
@avlp/api:dev: {"level":30,"time":1790933284541,"pid":15536,"hostname":"DESKTOP-HQ6B2T1","reqId":"req-cl","req":{"method":"GET","url":"[REDACTED]","host":"localhost:3001","remoteAddress":"127.0.0.1","remotePort":49886},"msg":"incoming request"}
@avlp/api:dev: {"timestamp":"2026-10-02T09:28:04.542Z","level":"info","event":"api.request_received","fields":{"correlationId":"01a0fbf1-36be-764f-a5aa-b9bfc7cd55cc","method":"GET","route":"/projects/:projectId/renders","service":"api"}}
@avlp/api:dev: {"level":30,"time":1790933284575,"pid":15536,"hostname":"DESKTOP-HQ6B2T1","reqId":"req-cl","res":{"statusCode":200},"responseTime":33.59719999972731,"msg":"request completed"}
@avlp/api:dev: {"level":30,"time":1790933293549,"pid":15536,"hostname":"DESKTOP-HQ6B2T1","reqId":"req-cm","req":{"method":"GET","url":"[REDACTED]","host":"localhost:3001","remoteAddress":"127.0.0.1","remotePort":49886},"msg":"incoming request"}
@avlp/api:dev: {"timestamp":"2026-10-02T09:28:13.549Z","level":"info","event":"api.request_received","fields":{"correlationId":"01a0fbf1-59ed-79eb-9fb1-6aed7dd0f182","method":"GET","route":"/projects/:projectId/renders","service":"api"}}
@avlp/api:dev: {"level":30,"time":1790933293580,"pid":15536,"hostname":"DESKTOP-HQ6B2T1","reqId":"req-cm","res":{"statusCode":200},"responseTime":31.230999999679625,"msg":"request completed"}
@avlp/api:dev: {"level":30,"time":1790933302548,"pid":15536,"hostname":"DESKTOP-HQ6B2T1","reqId":"req-cn","req":{"method":"GET","url":"[REDACTED]","host":"localhost:3001","remoteAddress":"127.0.0.1","remotePort":49886},"msg":"incoming request"}
@avlp/api:dev: {"timestamp":"2026-10-02T09:28:22.549Z","level":"info","event":"api.request_received","fields":{"correlationId":"01a0fbf1-7d14-714e-a0c9-155fe2a6191f","method":"GET","route":"/projects/:projectId/renders","service":"api"}}
@avlp/api:dev: {"level":30,"time":1790933302578,"pid":15536,"hostname":"DESKTOP-HQ6B2T1","reqId":"req-cn","res":{"statusCode":200},"responseTime":30.130900000222027,"msg":"request completed"}
@avlp/api:dev: {"level":30,"time":1790933311551,"pid":15536,"hostname":"DESKTOP-HQ6B2T1","reqId":"req-co","req":{"method":"GET","url":"[REDACTED]","host":"localhost:3001","remoteAddress":"127.0.0.1","remotePort":49886},"msg":"incoming request"}
@avlp/api:dev: {"timestamp":"2026-10-02T09:28:31.552Z","level":"info","event":"api.request_received","fields":{"correlationId":"01a0fbf1-a03f-7437-bd8a-31fc06846bd2","method":"GET","route":"/projects/:projectId/renders","service":"api"}}
@avlp/api:dev: {"level":30,"time":1790933311583,"pid":15536,"hostname":"DESKTOP-HQ6B2T1","reqId":"req-co","res":{"statusCode":200},"responseTime":31.355299999937415,"msg":"request completed"}
@avlp/api:dev: {"level":30,"time":1790933320555,"pid":15536,"hostname":"DESKTOP-HQ6B2T1","reqId":"req-cp","req":{"method":"GET","url":"[REDACTED]","host":"localhost:3001","remoteAddress":"127.0.0.1","remotePort":49886},"msg":"incoming request"}
@avlp/api:dev: {"timestamp":"2026-10-02T09:28:40.556Z","level":"info","event":"api.request_received","fields":{"correlationId":"01a0fbf1-c36b-71a6-b4ad-8b9511f0f750","method":"GET","route":"/projects/:projectId/renders","service":"api"}}
@avlp/api:dev: {"level":30,"time":1790933320587,"pid":15536,"hostname":"DESKTOP-HQ6B2T1","reqId":"req-cp","res":{"statusCode":200},"responseTime":31.270999999716878,"msg":"request completed"}
@avlp/api:dev: {"level":30,"time":1790933329559,"pid":15536,"hostname":"DESKTOP-HQ6B2T1","reqId":"req-cq","req":{"method":"GET","url":"[REDACTED]","host":"localhost:3001","remoteAddress":"127.0.0.1","remotePort":49886},"msg":"incoming request"}
@avlp/api:dev: {"timestamp":"2026-10-02T09:28:49.559Z","level":"info","event":"api.request_received","fields":{"correlationId":"01a0fbf1-e697-7cea-983a-d872b1644fed","method":"GET","route":"/projects/:projectId/renders","service":"api"}}
@avlp/api:dev: {"level":30,"time":1790933329589,"pid":15536,"hostname":"DESKTOP-HQ6B2T1","reqId":"req-cq","res":{"statusCode":200},"responseTime":29.679100000299513,"msg":"request completed"}
@avlp/api:dev: {"level":30,"time":1790933338552,"pid":15536,"hostname":"DESKTOP-HQ6B2T1","reqId":"req-cr","req":{"method":"GET","url":"[REDACTED]","host":"localhost:3001","remoteAddress":"127.0.0.1","remotePort":49886},"msg":"incoming request"}
@avlp/api:dev: {"timestamp":"2026-10-02T09:28:58.552Z","level":"info","event":"api.request_received","fields":{"correlationId":"01a0fbf2-09b8-765a-9b44-f5b0c6b60ab1","method":"GET","route":"/projects/:projectId/renders","service":"api"}}
@avlp/api:dev: {"level":30,"time":1790933338722,"pid":15536,"hostname":"DESKTOP-HQ6B2T1","reqId":"req-cr","res":{"statusCode":200},"responseTime":169.9371999995783,"msg":"request completed"}
@avlp/api:dev: {"level":30,"time":1790933347545,"pid":15536,"hostname":"DESKTOP-HQ6B2T1","reqId":"req-cs","req":{"method":"GET","url":"[REDACTED]","host":"localhost:3001","remoteAddress":"127.0.0.1","remotePort":49886},"msg":"incoming request"}
@avlp/api:dev: {"timestamp":"2026-10-02T09:29:07.546Z","level":"info","event":"api.request_received","fields":{"correlationId":"01a0fbf2-2cd9-78a0-9405-cef770d8c456","method":"GET","route":"/projects/:projectId/renders","service":"api"}}
@avlp/api:dev: {"level":30,"time":1790933347579,"pid":15536,"hostname":"DESKTOP-HQ6B2T1","reqId":"req-cs","res":{"statusCode":200},"responseTime":33.43059999961406,"msg":"request completed"}
@avlp/api:dev: {"level":30,"time":1790933356550,"pid":15536,"hostname":"DESKTOP-HQ6B2T1","reqId":"req-ct","req":{"method":"GET","url":"[REDACTED]","host":"localhost:3001","remoteAddress":"127.0.0.1","remotePort":49886},"msg":"incoming request"}
@avlp/api:dev: {"timestamp":"2026-10-02T09:29:16.550Z","level":"info","event":"api.request_received","fields":{"correlationId":"01a0fbf2-5006-7c75-8123-3b67df6564c7","method":"GET","route":"/projects/:projectId/renders","service":"api"}}
@avlp/api:dev: {"level":30,"time":1790933356583,"pid":15536,"hostname":"DESKTOP-HQ6B2T1","reqId":"req-ct","res":{"statusCode":200},"responseTime":32.876600000075996,"msg":"request completed"}
@avlp/api:dev: {"level":30,"time":1790933365543,"pid":15536,"hostname":"DESKTOP-HQ6B2T1","reqId":"req-cu","req":{"method":"GET","url":"[REDACTED]","host":"localhost:3001","remoteAddress":"127.0.0.1","remotePort":49886},"msg":"incoming request"}
@avlp/api:dev: {"timestamp":"2026-10-02T09:29:25.544Z","level":"info","event":"api.request_received","fields":{"correlationId":"01a0fbf2-7327-7cc7-a73e-ebcb6080eb8b","method":"GET","route":"/projects/:projectId/renders","service":"api"}}
@avlp/api:dev: {"level":30,"time":1790933365575,"pid":15536,"hostname":"DESKTOP-HQ6B2T1","reqId":"req-cu","res":{"statusCode":200},"responseTime":31.574200000613928,"msg":"request completed"}
@avlp/api:dev: {"level":30,"time":1790933374541,"pid":15536,"hostname":"DESKTOP-HQ6B2T1","reqId":"req-cv","req":{"method":"GET","url":"[REDACTED]","host":"localhost:3001","remoteAddress":"127.0.0.1","remotePort":49886},"msg":"incoming request"}
@avlp/api:dev: {"timestamp":"2026-10-02T09:29:34.542Z","level":"info","event":"api.request_received","fields":{"correlationId":"01a0fbf2-964d-7093-827d-b0d15c715c1e","method":"GET","route":"/projects/:projectId/renders","service":"api"}}
@avlp/api:dev: {"level":30,"time":1790933374572,"pid":15536,"hostname":"DESKTOP-HQ6B2T1","reqId":"req-cv","res":{"statusCode":200},"responseTime":31.00219999998808,"msg":"request completed"}
@avlp/api:dev: {"level":30,"time":1790933383544,"pid":15536,"hostname":"DESKTOP-HQ6B2T1","reqId":"req-cw","req":{"method":"GET","url":"[REDACTED]","host":"localhost:3001","remoteAddress":"127.0.0.1","remotePort":49886},"msg":"incoming request"}
@avlp/api:dev: {"timestamp":"2026-10-02T09:29:43.544Z","level":"info","event":"api.request_received","fields":{"correlationId":"01a0fbf2-b978-7558-8d5b-166019f6a0e0","method":"GET","route":"/projects/:projectId/renders","service":"api"}}
@avlp/api:dev: {"level":30,"time":1790933383575,"pid":15536,"hostname":"DESKTOP-HQ6B2T1","reqId":"req-cw","res":{"statusCode":200},"responseTime":31.076800000853837,"msg":"request completed"}
@avlp/api:dev: {"level":30,"time":1790933392552,"pid":15536,"hostname":"DESKTOP-HQ6B2T1","reqId":"req-cx","req":{"method":"GET","url":"[REDACTED]","host":"localhost:3001","remoteAddress":"127.0.0.1","remotePort":49886},"msg":"incoming request"}
@avlp/api:dev: {"timestamp":"2026-10-02T09:29:52.553Z","level":"info","event":"api.request_received","fields":{"correlationId":"01a0fbf2-dca8-7d37-98ed-a87d8d753afd","method":"GET","route":"/projects/:projectId/renders","service":"api"}}
@avlp/api:dev: {"level":30,"time":1790933392582,"pid":15536,"hostname":"DESKTOP-HQ6B2T1","reqId":"req-cx","res":{"statusCode":200},"responseTime":29.80819999985397,"msg":"request completed"}
@avlp/api:dev: {"level":30,"time":1790933401547,"pid":15536,"hostname":"DESKTOP-HQ6B2T1","reqId":"req-cy","req":{"method":"GET","url":"[REDACTED]","host":"localhost:3001","remoteAddress":"127.0.0.1","remotePort":49886},"msg":"incoming request"}
@avlp/api:dev: {"timestamp":"2026-10-02T09:30:01.547Z","level":"info","event":"api.request_received","fields":{"correlationId":"01a0fbf2-ffcb-7609-ad74-57c2435e8013","method":"GET","route":"/projects/:projectId/renders","service":"api"}}
@avlp/api:dev: {"level":30,"time":1790933401580,"pid":15536,"hostname":"DESKTOP-HQ6B2T1","reqId":"req-cy","res":{"statusCode":200},"responseTime":33.30530000012368,"msg":"request completed"}
@avlp/api:dev: {"level":30,"time":1790933410538,"pid":15536,"hostname":"DESKTOP-HQ6B2T1","reqId":"req-cz","req":{"method":"GET","url":"[REDACTED]","host":"localhost:3001","remoteAddress":"127.0.0.1","remotePort":49886},"msg":"incoming request"}
@avlp/api:dev: {"timestamp":"2026-10-02T09:30:10.538Z","level":"info","event":"api.request_received","fields":{"correlationId":"01a0fbf3-22ea-7488-a409-a34c5cb33bb1","method":"GET","route":"/projects/:projectId/renders","service":"api"}}
@avlp/api:dev: {"level":30,"time":1790933410569,"pid":15536,"hostname":"DESKTOP-HQ6B2T1","reqId":"req-cz","res":{"statusCode":200},"responseTime":31.59070000052452,"msg":"request completed"}
@avlp/api:dev: {"level":30,"time":1790933419547,"pid":15536,"hostname":"DESKTOP-HQ6B2T1","reqId":"req-d0","req":{"method":"GET","url":"[REDACTED]","host":"localhost:3001","remoteAddress":"127.0.0.1","remotePort":49886},"msg":"incoming request"}
@avlp/api:dev: {"timestamp":"2026-10-02T09:30:19.547Z","level":"info","event":"api.request_received","fields":{"correlationId":"01a0fbf3-461b-7e48-8433-eb1708c408d6","method":"GET","route":"/projects/:projectId/renders","service":"api"}}
@avlp/api:dev: {"level":30,"time":1790933419577,"pid":15536,"hostname":"DESKTOP-HQ6B2T1","reqId":"req-d0","res":{"statusCode":200},"responseTime":30.35690000001341,"msg":"request completed"}
@avlp/api:dev: {"level":30,"time":1790933428536,"pid":15536,"hostname":"DESKTOP-HQ6B2T1","reqId":"req-d1","req":{"method":"GET","url":"[REDACTED]","host":"localhost:3001","remoteAddress":"127.0.0.1","remotePort":49886},"msg":"incoming request"}
@avlp/api:dev: {"timestamp":"2026-10-02T09:30:28.536Z","level":"info","event":"api.request_received","fields":{"correlationId":"01a0fbf3-6938-74ae-aa80-f44a8e9793ad","method":"GET","route":"/projects/:projectId/renders","service":"api"}}
@avlp/api:dev: {"level":30,"time":1790933428563,"pid":15536,"hostname":"DESKTOP-HQ6B2T1","reqId":"req-d1","res":{"statusCode":200},"responseTime":27.033900000154972,"msg":"request completed"}
@avlp/api:dev: {"level":30,"time":1790933437537,"pid":15536,"hostname":"DESKTOP-HQ6B2T1","reqId":"req-d2","req":{"method":"GET","url":"[REDACTED]","host":"localhost:3001","remoteAddress":"127.0.0.1","remotePort":49886},"msg":"incoming request"}
@avlp/api:dev: {"timestamp":"2026-10-02T09:30:37.537Z","level":"info","event":"api.request_received","fields":{"correlationId":"01a0fbf3-8c61-70ec-926e-64dcf3f2b063","method":"GET","route":"/projects/:projectId/renders","service":"api"}}
@avlp/api:dev: {"level":30,"time":1790933437567,"pid":15536,"hostname":"DESKTOP-HQ6B2T1","reqId":"req-d2","res":{"statusCode":200},"responseTime":29.396600000560284,"msg":"request completed"}
@avlp/api:dev: {"level":30,"time":1790933446540,"pid":15536,"hostname":"DESKTOP-HQ6B2T1","reqId":"req-d3","req":{"method":"GET","url":"[REDACTED]","host":"localhost:3001","remoteAddress":"127.0.0.1","remotePort":49886},"msg":"incoming request"}
@avlp/api:dev: {"timestamp":"2026-10-02T09:30:46.540Z","level":"info","event":"api.request_received","fields":{"correlationId":"01a0fbf3-af8c-73d2-ae55-0b2fa11e1086","method":"GET","route":"/projects/:projectId/renders","service":"api"}}
@avlp/api:dev: {"level":30,"time":1790933446568,"pid":15536,"hostname":"DESKTOP-HQ6B2T1","reqId":"req-d3","res":{"statusCode":200},"responseTime":27.98020000010729,"msg":"request completed"}
@avlp/api:dev: {"level":30,"time":1790933455538,"pid":15536,"hostname":"DESKTOP-HQ6B2T1","reqId":"req-d4","req":{"method":"GET","url":"[REDACTED]","host":"localhost:3001","remoteAddress":"127.0.0.1","remotePort":49886},"msg":"incoming request"}
@avlp/api:dev: {"timestamp":"2026-10-02T09:30:55.539Z","level":"info","event":"api.request_received","fields":{"correlationId":"01a0fbf3-d2b2-76d9-9e71-4ad368b6a126","method":"GET","route":"/projects/:projectId/renders","service":"api"}}
@avlp/api:dev: {"level":30,"time":1790933455568,"pid":15536,"hostname":"DESKTOP-HQ6B2T1","reqId":"req-d4","res":{"statusCode":200},"responseTime":29.50620000064373,"msg":"request completed"}
@avlp/api:dev: {"level":30,"time":1790933464538,"pid":15536,"hostname":"DESKTOP-HQ6B2T1","reqId":"req-d5","req":{"method":"GET","url":"[REDACTED]","host":"localhost:3001","remoteAddress":"127.0.0.1","remotePort":49886},"msg":"incoming request"}
@avlp/api:dev: {"timestamp":"2026-10-02T09:31:04.539Z","level":"info","event":"api.request_received","fields":{"correlationId":"01a0fbf3-f5da-7c56-962a-9a6c7f5281d2","method":"GET","route":"/projects/:projectId/renders","service":"api"}}
@avlp/api:dev: {"level":30,"time":1790933464567,"pid":15536,"hostname":"DESKTOP-HQ6B2T1","reqId":"req-d5","res":{"statusCode":200},"responseTime":28.41330000013113,"msg":"request completed"}
@avlp/api:dev: {"level":30,"time":1790933473544,"pid":15536,"hostname":"DESKTOP-HQ6B2T1","reqId":"req-d6","req":{"method":"GET","url":"[REDACTED]","host":"localhost:3001","remoteAddress":"127.0.0.1","remotePort":49886},"msg":"incoming request"}
@avlp/api:dev: {"timestamp":"2026-10-02T09:31:13.544Z","level":"info","event":"api.request_received","fields":{"correlationId":"01a0fbf4-1908-70e8-bdf1-b434c08a7b66","method":"GET","route":"/projects/:projectId/renders","service":"api"}}
@avlp/api:dev: {"level":30,"time":1790933473575,"pid":15536,"hostname":"DESKTOP-HQ6B2T1","reqId":"req-d6","res":{"statusCode":200},"responseTime":30.592000000178814,"msg":"request completed"}
@avlp/api:dev: {"level":30,"time":1790933482548,"pid":15536,"hostname":"DESKTOP-HQ6B2T1","reqId":"req-d7","req":{"method":"GET","url":"[REDACTED]","host":"localhost:3001","remoteAddress":"127.0.0.1","remotePort":49886},"msg":"incoming request"}
@avlp/api:dev: {"timestamp":"2026-10-02T09:31:22.549Z","level":"info","event":"api.request_received","fields":{"correlationId":"01a0fbf4-3c34-74e0-9dcd-f8fe29a527b6","method":"GET","route":"/projects/:projectId/renders","service":"api"}}
@avlp/api:dev: {"level":30,"time":1790933482580,"pid":15536,"hostname":"DESKTOP-HQ6B2T1","reqId":"req-d7","res":{"statusCode":200},"responseTime":31.356099999509752,"msg":"request completed"}
@avlp/api:dev: {"level":30,"time":1790933491541,"pid":15536,"hostname":"DESKTOP-HQ6B2T1","reqId":"req-d8","req":{"method":"GET","url":"[REDACTED]","host":"localhost:3001","remoteAddress":"127.0.0.1","remotePort":49886},"msg":"incoming request"}
@avlp/api:dev: {"timestamp":"2026-10-02T09:31:31.541Z","level":"info","event":"api.request_received","fields":{"correlationId":"01a0fbf4-5f55-7269-bb98-89aa3e3a8d27","method":"GET","route":"/projects/:projectId/renders","service":"api"}}
@avlp/api:dev: {"level":30,"time":1790933491575,"pid":15536,"hostname":"DESKTOP-HQ6B2T1","reqId":"req-d8","res":{"statusCode":200},"responseTime":34.445600000210106,"msg":"request completed"}
@avlp/api:dev: {"level":30,"time":1790933500549,"pid":15536,"hostname":"DESKTOP-HQ6B2T1","reqId":"req-d9","req":{"method":"GET","url":"[REDACTED]","host":"localhost:3001","remoteAddress":"127.0.0.1","remotePort":49886},"msg":"incoming request"}
@avlp/api:dev: {"timestamp":"2026-10-02T09:31:40.550Z","level":"info","event":"api.request_received","fields":{"correlationId":"01a0fbf4-8286-72c9-a62e-b0affb176619","method":"GET","route":"/projects/:projectId/renders","service":"api"}}
@avlp/api:dev: {"level":30,"time":1790933500579,"pid":15536,"hostname":"DESKTOP-HQ6B2T1","reqId":"req-d9","res":{"statusCode":200},"responseTime":29.24049999937415,"msg":"request completed"}
@avlp/api:dev: {"level":30,"time":1790933509548,"pid":15536,"hostname":"DESKTOP-HQ6B2T1","reqId":"req-da","req":{"method":"GET","url":"[REDACTED]","host":"localhost:3001","remoteAddress":"127.0.0.1","remotePort":49886},"msg":"incoming request"}
@avlp/api:dev: {"timestamp":"2026-10-02T09:31:49.549Z","level":"info","event":"api.request_received","fields":{"correlationId":"01a0fbf4-a5ac-7426-8bd5-4f09c0d6d9f7","method":"GET","route":"/projects/:projectId/renders","service":"api"}}
@avlp/api:dev: {"level":30,"time":1790933509581,"pid":15536,"hostname":"DESKTOP-HQ6B2T1","reqId":"req-da","res":{"statusCode":200},"responseTime":32.66500000003725,"msg":"request completed"}
@avlp/api:dev: {"level":30,"time":1790933518549,"pid":15536,"hostname":"DESKTOP-HQ6B2T1","reqId":"req-db","req":{"method":"GET","url":"[REDACTED]","host":"localhost:3001","remoteAddress":"127.0.0.1","remotePort":49886},"msg":"incoming request"}
@avlp/api:dev: {"timestamp":"2026-10-02T09:31:58.550Z","level":"info","event":"api.request_received","fields":{"correlationId":"01a0fbf4-c8d5-7a77-8df3-22badb6e49e3","method":"GET","route":"/projects/:projectId/renders","service":"api"}}
@avlp/api:dev: {"level":30,"time":1790933518580,"pid":15536,"hostname":"DESKTOP-HQ6B2T1","reqId":"req-db","res":{"statusCode":200},"responseTime":30.167099999263883,"msg":"request completed"}
@avlp/api:dev: {"level":30,"time":1790933527549,"pid":15536,"hostname":"DESKTOP-HQ6B2T1","reqId":"req-dc","req":{"method":"GET","url":"[REDACTED]","host":"localhost:3001","remoteAddress":"127.0.0.1","remotePort":49886},"msg":"incoming request"}
@avlp/api:dev: {"timestamp":"2026-10-02T09:32:07.549Z","level":"info","event":"api.request_received","fields":{"correlationId":"01a0fbf4-ebfd-7d35-86d7-57ef4a95396a","method":"GET","route":"/projects/:projectId/renders","service":"api"}}
@avlp/api:dev: {"level":30,"time":1790933527578,"pid":15536,"hostname":"DESKTOP-HQ6B2T1","reqId":"req-dc","res":{"statusCode":200},"responseTime":29.00370000023395,"msg":"request completed"}
@avlp/api:dev: {"level":30,"time":1790933536541,"pid":15536,"hostname":"DESKTOP-HQ6B2T1","reqId":"req-dd","req":{"method":"GET","url":"[REDACTED]","host":"localhost:3001","remoteAddress":"127.0.0.1","remotePort":64579},"msg":"incoming request"}
@avlp/api:dev: {"timestamp":"2026-10-02T09:32:16.542Z","level":"info","event":"api.request_received","fields":{"correlationId":"01a0fbf5-0f1e-7f8d-949f-cf79ddaa997e","method":"GET","route":"/projects/:projectId/renders","service":"api"}}
@avlp/api:dev: {"level":30,"time":1790933536575,"pid":15536,"hostname":"DESKTOP-HQ6B2T1","reqId":"req-dd","res":{"statusCode":200},"responseTime":33.87069999985397,"msg":"request completed"}
@avlp/api:dev: {"level":30,"time":1790933545540,"pid":15536,"hostname":"DESKTOP-HQ6B2T1","reqId":"req-de","req":{"method":"GET","url":"[REDACTED]","host":"localhost:3001","remoteAddress":"127.0.0.1","remotePort":64579},"msg":"incoming request"}
@avlp/api:dev: {"timestamp":"2026-10-02T09:32:25.540Z","level":"info","event":"api.request_received","fields":{"correlationId":"01a0fbf5-3244-7e8a-a3d7-c304361acff5","method":"GET","route":"/projects/:projectId/renders","service":"api"}}
@avlp/api:dev: {"level":30,"time":1790933545568,"pid":15536,"hostname":"DESKTOP-HQ6B2T1","reqId":"req-de","res":{"statusCode":200},"responseTime":28.1949999993667,"msg":"request completed"}
@avlp/api:dev: {"level":30,"time":1790933554550,"pid":15536,"hostname":"DESKTOP-HQ6B2T1","reqId":"req-df","req":{"method":"GET","url":"[REDACTED]","host":"localhost:3001","remoteAddress":"127.0.0.1","remotePort":64579},"msg":"incoming request"}
@avlp/api:dev: {"timestamp":"2026-10-02T09:32:34.551Z","level":"info","event":"api.request_received","fields":{"correlationId":"01a0fbf5-5576-72a7-bc21-475e41f4572f","method":"GET","route":"/projects/:projectId/renders","service":"api"}}
@avlp/api:dev: {"level":30,"time":1790933554583,"pid":15536,"hostname":"DESKTOP-HQ6B2T1","reqId":"req-df","res":{"statusCode":200},"responseTime":32.17200000025332,"msg":"request completed"}
@avlp/api:dev: {"level":30,"time":1790933563548,"pid":15536,"hostname":"DESKTOP-HQ6B2T1","reqId":"req-dg","req":{"method":"GET","url":"[REDACTED]","host":"localhost:3001","remoteAddress":"127.0.0.1","remotePort":64579},"msg":"incoming request"}
@avlp/api:dev: {"timestamp":"2026-10-02T09:32:43.548Z","level":"info","event":"api.request_received","fields":{"correlationId":"01a0fbf5-789c-7e5c-89c2-a309f70b52c3","method":"GET","route":"/projects/:projectId/renders","service":"api"}}
@avlp/api:dev: {"level":30,"time":1790933563576,"pid":15536,"hostname":"DESKTOP-HQ6B2T1","reqId":"req-dg","res":{"statusCode":200},"responseTime":28.591799999587238,"msg":"request completed"}
@avlp/api:dev: {"level":30,"time":1790933572546,"pid":15536,"hostname":"DESKTOP-HQ6B2T1","reqId":"req-dh","req":{"method":"GET","url":"[REDACTED]","host":"localhost:3001","remoteAddress":"127.0.0.1","remotePort":64579},"msg":"incoming request"}
@avlp/api:dev: {"timestamp":"2026-10-02T09:32:52.546Z","level":"info","event":"api.request_received","fields":{"correlationId":"01a0fbf5-9bc2-7308-807f-55342beadecc","method":"GET","route":"/projects/:projectId/renders","service":"api"}}
@avlp/api:dev: {"level":30,"time":1790933572576,"pid":15536,"hostname":"DESKTOP-HQ6B2T1","reqId":"req-dh","res":{"statusCode":200},"responseTime":30.04879999998957,"msg":"request completed"}
@avlp/api:dev: {"level":30,"time":1790933581551,"pid":15536,"hostname":"DESKTOP-HQ6B2T1","reqId":"req-di","req":{"method":"GET","url":"[REDACTED]","host":"localhost:3001","remoteAddress":"127.0.0.1","remotePort":64579},"msg":"incoming request"}
@avlp/api:dev: {"timestamp":"2026-10-02T09:33:01.551Z","level":"info","event":"api.request_received","fields":{"correlationId":"01a0fbf5-beef-7ee5-b4d7-3f943a340205","method":"GET","route":"/projects/:projectId/renders","service":"api"}}
@avlp/api:dev: {"level":30,"time":1790933581580,"pid":15536,"hostname":"DESKTOP-HQ6B2T1","reqId":"req-di","res":{"statusCode":200},"responseTime":28.605299999937415,"msg":"request completed"}
@avlp/api:dev: {"level":30,"time":1790933590539,"pid":15536,"hostname":"DESKTOP-HQ6B2T1","reqId":"req-dj","req":{"method":"GET","url":"[REDACTED]","host":"localhost:3001","remoteAddress":"127.0.0.1","remotePort":64579},"msg":"incoming request"}
@avlp/api:dev: {"timestamp":"2026-10-02T09:33:10.539Z","level":"info","event":"api.request_received","fields":{"correlationId":"01a0fbf5-e20b-747d-bd47-59d76038cfb4","method":"GET","route":"/projects/:projectId/renders","service":"api"}}
@avlp/api:dev: {"level":30,"time":1790933590568,"pid":15536,"hostname":"DESKTOP-HQ6B2T1","reqId":"req-dj","res":{"statusCode":200},"responseTime":29.594399999827147,"msg":"request completed"}
@avlp/api:dev: {"level":30,"time":1790933599544,"pid":15536,"hostname":"DESKTOP-HQ6B2T1","reqId":"req-dk","req":{"method":"GET","url":"[REDACTED]","host":"localhost:3001","remoteAddress":"127.0.0.1","remotePort":64579},"msg":"incoming request"}
@avlp/api:dev: {"timestamp":"2026-10-02T09:33:19.544Z","level":"info","event":"api.request_received","fields":{"correlationId":"01a0fbf6-0538-7232-b7ad-2d9d796b263d","method":"GET","route":"/projects/:projectId/renders","service":"api"}}
@avlp/api:dev: {"level":30,"time":1790933599576,"pid":15536,"hostname":"DESKTOP-HQ6B2T1","reqId":"req-dk","res":{"statusCode":200},"responseTime":31.622200000099838,"msg":"request completed"}
@avlp/api:dev: {"level":30,"time":1790933608545,"pid":15536,"hostname":"DESKTOP-HQ6B2T1","reqId":"req-dl","req":{"method":"GET","url":"[REDACTED]","host":"localhost:3001","remoteAddress":"127.0.0.1","remotePort":64579},"msg":"incoming request"}
@avlp/api:dev: {"timestamp":"2026-10-02T09:33:28.545Z","level":"info","event":"api.request_received","fields":{"correlationId":"01a0fbf6-2861-764f-8a4d-93569e93ae80","method":"GET","route":"/projects/:projectId/renders","service":"api"}}
@avlp/api:dev: {"level":30,"time":1790933608575,"pid":15536,"hostname":"DESKTOP-HQ6B2T1","reqId":"req-dl","res":{"statusCode":200},"responseTime":30.304800000041723,"msg":"request completed"}
@avlp/api:dev: {"level":30,"time":1790933617550,"pid":15536,"hostname":"DESKTOP-HQ6B2T1","reqId":"req-dm","req":{"method":"GET","url":"[REDACTED]","host":"localhost:3001","remoteAddress":"127.0.0.1","remotePort":64579},"msg":"incoming request"}
@avlp/api:dev: {"timestamp":"2026-10-02T09:33:37.550Z","level":"info","event":"api.request_received","fields":{"correlationId":"01a0fbf6-4b8e-7343-875e-59f2f520ecdd","method":"GET","route":"/projects/:projectId/renders","service":"api"}}
@avlp/api:dev: {"level":30,"time":1790933617583,"pid":15536,"hostname":"DESKTOP-HQ6B2T1","reqId":"req-dm","res":{"statusCode":200},"responseTime":33.177199999801815,"msg":"request completed"}
@avlp/api:dev: {"level":30,"time":1790933626553,"pid":15536,"hostname":"DESKTOP-HQ6B2T1","reqId":"req-dn","req":{"method":"GET","url":"[REDACTED]","host":"localhost:3001","remoteAddress":"127.0.0.1","remotePort":64579},"msg":"incoming request"}
@avlp/api:dev: {"timestamp":"2026-10-02T09:33:46.553Z","level":"info","event":"api.request_received","fields":{"correlationId":"01a0fbf6-6eb9-79bd-b9b3-fe502b7b9747","method":"GET","route":"/projects/:projectId/renders","service":"api"}}
@avlp/api:dev: {"level":30,"time":1790933626584,"pid":15536,"hostname":"DESKTOP-HQ6B2T1","reqId":"req-dn","res":{"statusCode":200},"responseTime":30.816700000315905,"msg":"request completed"}
@avlp/api:dev: {"level":30,"time":1790933635541,"pid":15536,"hostname":"DESKTOP-HQ6B2T1","reqId":"req-do","req":{"method":"GET","url":"[REDACTED]","host":"localhost:3001","remoteAddress":"127.0.0.1","remotePort":64579},"msg":"incoming request"}
@avlp/api:dev: {"timestamp":"2026-10-02T09:33:55.541Z","level":"info","event":"api.request_received","fields":{"correlationId":"01a0fbf6-91d5-71d4-a4ac-d10382f4d76d","method":"GET","route":"/projects/:projectId/renders","service":"api"}}
@avlp/api:dev: {"level":30,"time":1790933635569,"pid":15536,"hostname":"DESKTOP-HQ6B2T1","reqId":"req-do","res":{"statusCode":200},"responseTime":27.953300000168383,"msg":"request completed"}
@avlp/api:dev: {"level":30,"time":1790933644545,"pid":15536,"hostname":"DESKTOP-HQ6B2T1","reqId":"req-dp","req":{"method":"GET","url":"[REDACTED]","host":"localhost:3001","remoteAddress":"127.0.0.1","remotePort":64579},"msg":"incoming request"}
@avlp/api:dev: {"timestamp":"2026-10-02T09:34:04.545Z","level":"info","event":"api.request_received","fields":{"correlationId":"01a0fbf6-b501-7715-9d03-432e22af3da4","method":"GET","route":"/projects/:projectId/renders","service":"api"}}
@avlp/api:dev: {"level":30,"time":1790933644573,"pid":15536,"hostname":"DESKTOP-HQ6B2T1","reqId":"req-dp","res":{"statusCode":200},"responseTime":27.54330000001937,"msg":"request completed"}
@avlp/api:dev: {"level":30,"time":1790933653550,"pid":15536,"hostname":"DESKTOP-HQ6B2T1","reqId":"req-dq","req":{"method":"GET","url":"[REDACTED]","host":"localhost:3001","remoteAddress":"127.0.0.1","remotePort":64579},"msg":"incoming request"}
@avlp/api:dev: {"timestamp":"2026-10-02T09:34:13.550Z","level":"info","event":"api.request_received","fields":{"correlationId":"01a0fbf6-d82e-7d5b-a529-ded360d81b0f","method":"GET","route":"/projects/:projectId/renders","service":"api"}}
@avlp/api:dev: {"level":30,"time":1790933653582,"pid":15536,"hostname":"DESKTOP-HQ6B2T1","reqId":"req-dq","res":{"statusCode":200},"responseTime":32.37089999951422,"msg":"request completed"}
@avlp/api:dev: {"level":30,"time":1790933662549,"pid":15536,"hostname":"DESKTOP-HQ6B2T1","reqId":"req-dr","req":{"method":"GET","url":"[REDACTED]","host":"localhost:3001","remoteAddress":"127.0.0.1","remotePort":64579},"msg":"incoming request"}
@avlp/api:dev: {"timestamp":"2026-10-02T09:34:22.549Z","level":"info","event":"api.request_received","fields":{"correlationId":"01a0fbf6-fb55-79a1-8acb-5dbb6e471266","method":"GET","route":"/projects/:projectId/renders","service":"api"}}
@avlp/api:dev: {"level":30,"time":1790933662577,"pid":15536,"hostname":"DESKTOP-HQ6B2T1","reqId":"req-dr","res":{"statusCode":200},"responseTime":27.848200000822544,"msg":"request completed"}
@avlp/api:dev: {"level":30,"time":1790933671547,"pid":15536,"hostname":"DESKTOP-HQ6B2T1","reqId":"req-ds","req":{"method":"GET","url":"[REDACTED]","host":"localhost:3001","remoteAddress":"127.0.0.1","remotePort":64579},"msg":"incoming request"}
@avlp/api:dev: {"timestamp":"2026-10-02T09:34:31.547Z","level":"info","event":"api.request_received","fields":{"correlationId":"01a0fbf7-1e7b-7c5c-bbd4-df875a99465b","method":"GET","route":"/projects/:projectId/renders","service":"api"}}
@avlp/api:dev: {"level":30,"time":1790933671583,"pid":15536,"hostname":"DESKTOP-HQ6B2T1","reqId":"req-ds","res":{"statusCode":200},"responseTime":36.11500000022352,"msg":"request completed"}
@avlp/api:dev: {"level":30,"time":1790933680547,"pid":15536,"hostname":"DESKTOP-HQ6B2T1","reqId":"req-dt","req":{"method":"GET","url":"[REDACTED]","host":"localhost:3001","remoteAddress":"127.0.0.1","remotePort":64579},"msg":"incoming request"}
@avlp/api:dev: {"timestamp":"2026-10-02T09:34:40.547Z","level":"info","event":"api.request_received","fields":{"correlationId":"01a0fbf7-41a3-7470-b394-9cb6a640e90d","method":"GET","route":"/projects/:projectId/renders","service":"api"}}
@avlp/api:dev: {"level":30,"time":1790933680578,"pid":15536,"hostname":"DESKTOP-HQ6B2T1","reqId":"req-dt","res":{"statusCode":200},"responseTime":31.028599999845028,"msg":"request completed"}
@avlp/api:dev: {"level":30,"time":1790933689552,"pid":15536,"hostname":"DESKTOP-HQ6B2T1","reqId":"req-du","req":{"method":"GET","url":"[REDACTED]","host":"localhost:3001","remoteAddress":"127.0.0.1","remotePort":64579},"msg":"incoming request"}
@avlp/api:dev: {"timestamp":"2026-10-02T09:34:49.553Z","level":"info","event":"api.request_received","fields":{"correlationId":"01a0fbf7-64d0-7205-8d1d-37d3d213a249","method":"GET","route":"/projects/:projectId/renders","service":"api"}}
@avlp/api:dev: {"level":30,"time":1790933689583,"pid":15536,"hostname":"DESKTOP-HQ6B2T1","reqId":"req-du","res":{"statusCode":200},"responseTime":30.477300000377,"msg":"request completed"}
@avlp/api:dev: {"level":30,"time":1790933698541,"pid":15536,"hostname":"DESKTOP-HQ6B2T1","reqId":"req-dv","req":{"method":"GET","url":"[REDACTED]","host":"localhost:3001","remoteAddress":"127.0.0.1","remotePort":64579},"msg":"incoming request"}
@avlp/api:dev: {"timestamp":"2026-10-02T09:34:58.541Z","level":"info","event":"api.request_received","fields":{"correlationId":"01a0fbf7-87ed-7c60-9426-22bf9f5fc793","method":"GET","route":"/projects/:projectId/renders","service":"api"}}
@avlp/api:dev: {"level":30,"time":1790933698574,"pid":15536,"hostname":"DESKTOP-HQ6B2T1","reqId":"req-dv","res":{"statusCode":200},"responseTime":33.00360000040382,"msg":"request completed"}
@avlp/api:dev: {"level":30,"time":1790933707539,"pid":15536,"hostname":"DESKTOP-HQ6B2T1","reqId":"req-dw","req":{"method":"GET","url":"[REDACTED]","host":"localhost:3001","remoteAddress":"127.0.0.1","remotePort":64579},"msg":"incoming request"}
@avlp/api:dev: {"timestamp":"2026-10-02T09:35:07.539Z","level":"info","event":"api.request_received","fields":{"correlationId":"01a0fbf7-ab13-7033-9ada-bc75a2b0637c","method":"GET","route":"/projects/:projectId/renders","service":"api"}}
@avlp/api:dev: {"level":30,"time":1790933707570,"pid":15536,"hostname":"DESKTOP-HQ6B2T1","reqId":"req-dw","res":{"statusCode":200},"responseTime":30.66899999976158,"msg":"request completed"}
@avlp/api:dev: {"level":30,"time":1790933716542,"pid":15536,"hostname":"DESKTOP-HQ6B2T1","reqId":"req-dx","req":{"method":"GET","url":"[REDACTED]","host":"localhost:3001","remoteAddress":"127.0.0.1","remotePort":64579},"msg":"incoming request"}
@avlp/api:dev: {"timestamp":"2026-10-02T09:35:16.543Z","level":"info","event":"api.request_received","fields":{"correlationId":"01a0fbf7-ce3e-71e9-ad32-27999030a23b","method":"GET","route":"/projects/:projectId/renders","service":"api"}}
@avlp/api:dev: {"level":30,"time":1790933716573,"pid":15536,"hostname":"DESKTOP-HQ6B2T1","reqId":"req-dx","res":{"statusCode":200},"responseTime":31.03679999988526,"msg":"request completed"}
@avlp/api:dev: {"level":30,"time":1790933725538,"pid":15536,"hostname":"DESKTOP-HQ6B2T1","reqId":"req-dy","req":{"method":"GET","url":"[REDACTED]","host":"localhost:3001","remoteAddress":"127.0.0.1","remotePort":64579},"msg":"incoming request"}
@avlp/api:dev: {"timestamp":"2026-10-02T09:35:25.539Z","level":"info","event":"api.request_received","fields":{"correlationId":"01a0fbf7-f163-7ed6-986f-be401161431d","method":"GET","route":"/projects/:projectId/renders","service":"api"}}
@avlp/api:dev: {"level":30,"time":1790933725567,"pid":15536,"hostname":"DESKTOP-HQ6B2T1","reqId":"req-dy","res":{"statusCode":200},"responseTime":28.898800000548363,"msg":"request completed"}
@avlp/api:dev: {"level":30,"time":1790933734550,"pid":15536,"hostname":"DESKTOP-HQ6B2T1","reqId":"req-dz","req":{"method":"GET","url":"[REDACTED]","host":"localhost:3001","remoteAddress":"127.0.0.1","remotePort":64579},"msg":"incoming request"}
@avlp/api:dev: {"timestamp":"2026-10-02T09:35:34.550Z","level":"info","event":"api.request_received","fields":{"correlationId":"01a0fbf8-1496-7b9d-b059-fb46c5041b36","method":"GET","route":"/projects/:projectId/renders","service":"api"}}
@avlp/api:dev: {"level":30,"time":1790933734579,"pid":15536,"hostname":"DESKTOP-HQ6B2T1","reqId":"req-dz","res":{"statusCode":200},"responseTime":29.102300000377,"msg":"request completed"}
@avlp/api:dev: {"level":30,"time":1790933743546,"pid":15536,"hostname":"DESKTOP-HQ6B2T1","reqId":"req-e0","req":{"method":"GET","url":"[REDACTED]","host":"localhost:3001","remoteAddress":"127.0.0.1","remotePort":64579},"msg":"incoming request"}
@avlp/api:dev: {"timestamp":"2026-10-02T09:35:43.547Z","level":"info","event":"api.request_received","fields":{"correlationId":"01a0fbf8-37bb-73ec-99ed-2b4d2936467b","method":"GET","route":"/projects/:projectId/renders","service":"api"}}
@avlp/api:dev: {"level":30,"time":1790933743574,"pid":15536,"hostname":"DESKTOP-HQ6B2T1","reqId":"req-e0","res":{"statusCode":200},"responseTime":27.90320000052452,"msg":"request completed"}
@avlp/api:dev: {"level":30,"time":1790933752546,"pid":15536,"hostname":"DESKTOP-HQ6B2T1","reqId":"req-e1","req":{"method":"GET","url":"[REDACTED]","host":"localhost:3001","remoteAddress":"127.0.0.1","remotePort":64579},"msg":"incoming request"}
@avlp/api:dev: {"timestamp":"2026-10-02T09:35:52.546Z","level":"info","event":"api.request_received","fields":{"correlationId":"01a0fbf8-5ae2-7372-b74c-57f8c523ac29","method":"GET","route":"/projects/:projectId/renders","service":"api"}}
@avlp/api:dev: {"level":30,"time":1790933752574,"pid":15536,"hostname":"DESKTOP-HQ6B2T1","reqId":"req-e1","res":{"statusCode":200},"responseTime":27.822200000286102,"msg":"request completed"}
@avlp/api:dev: {"level":30,"time":1790933761552,"pid":15536,"hostname":"DESKTOP-HQ6B2T1","reqId":"req-e2","req":{"method":"GET","url":"[REDACTED]","host":"localhost:3001","remoteAddress":"127.0.0.1","remotePort":64579},"msg":"incoming request"}
@avlp/api:dev: {"timestamp":"2026-10-02T09:36:01.552Z","level":"info","event":"api.request_received","fields":{"correlationId":"01a0fbf8-7e10-76b1-b2ab-5542e6fa3fa8","method":"GET","route":"/projects/:projectId/renders","service":"api"}}
@avlp/api:dev: {"level":30,"time":1790933761582,"pid":15536,"hostname":"DESKTOP-HQ6B2T1","reqId":"req-e2","res":{"statusCode":200},"responseTime":30.178899999707937,"msg":"request completed"}
@avlp/api:dev: {"level":30,"time":1790933770542,"pid":15536,"hostname":"DESKTOP-HQ6B2T1","reqId":"req-e3","req":{"method":"GET","url":"[REDACTED]","host":"localhost:3001","remoteAddress":"127.0.0.1","remotePort":64579},"msg":"incoming request"}
@avlp/api:dev: {"timestamp":"2026-10-02T09:36:10.543Z","level":"info","event":"api.request_received","fields":{"correlationId":"01a0fbf8-a12e-790b-b179-15840505eb43","method":"GET","route":"/projects/:projectId/renders","service":"api"}}
@avlp/api:dev: {"level":30,"time":1790933770572,"pid":15536,"hostname":"DESKTOP-HQ6B2T1","reqId":"req-e3","res":{"statusCode":200},"responseTime":29.652000000700355,"msg":"request completed"}
@avlp/api:dev: {"level":30,"time":1790933779548,"pid":15536,"hostname":"DESKTOP-HQ6B2T1","reqId":"req-e4","req":{"method":"GET","url":"[REDACTED]","host":"localhost:3001","remoteAddress":"127.0.0.1","remotePort":64579},"msg":"incoming request"}
@avlp/api:dev: {"timestamp":"2026-10-02T09:36:19.548Z","level":"info","event":"api.request_received","fields":{"correlationId":"01a0fbf8-c45c-747e-aeee-f35461162fda","method":"GET","route":"/projects/:projectId/renders","service":"api"}}
@avlp/api:dev: {"level":30,"time":1790933779577,"pid":15536,"hostname":"DESKTOP-HQ6B2T1","reqId":"req-e4","res":{"statusCode":200},"responseTime":28.774299999698997,"msg":"request completed"}
@avlp/api:dev: {"level":30,"time":1790933788547,"pid":15536,"hostname":"DESKTOP-HQ6B2T1","reqId":"req-e5","req":{"method":"GET","url":"[REDACTED]","host":"localhost:3001","remoteAddress":"127.0.0.1","remotePort":64579},"msg":"incoming request"}
@avlp/api:dev: {"timestamp":"2026-10-02T09:36:28.548Z","level":"info","event":"api.request_received","fields":{"correlationId":"01a0fbf8-e783-730c-b172-76039171da13","method":"GET","route":"/projects/:projectId/renders","service":"api"}}
@avlp/api:dev: {"level":30,"time":1790933788578,"pid":15536,"hostname":"DESKTOP-HQ6B2T1","reqId":"req-e5","res":{"statusCode":200},"responseTime":30.488599999807775,"msg":"request completed"}
@avlp/api:dev: {"level":30,"time":1790933797547,"pid":15536,"hostname":"DESKTOP-HQ6B2T1","reqId":"req-e6","req":{"method":"GET","url":"[REDACTED]","host":"localhost:3001","remoteAddress":"127.0.0.1","remotePort":64579},"msg":"incoming request"}
@avlp/api:dev: {"timestamp":"2026-10-02T09:36:37.547Z","level":"info","event":"api.request_received","fields":{"correlationId":"01a0fbf9-0aab-7c39-a00f-7d991486985e","method":"GET","route":"/projects/:projectId/renders","service":"api"}}
@avlp/api:dev: {"level":30,"time":1790933797579,"pid":15536,"hostname":"DESKTOP-HQ6B2T1","reqId":"req-e6","res":{"statusCode":200},"responseTime":31.777300000190735,"msg":"request completed"}
@avlp/api:dev: {"level":30,"time":1790933806543,"pid":15536,"hostname":"DESKTOP-HQ6B2T1","reqId":"req-e7","req":{"method":"GET","url":"[REDACTED]","host":"localhost:3001","remoteAddress":"127.0.0.1","remotePort":64579},"msg":"incoming request"}
@avlp/api:dev: {"timestamp":"2026-10-02T09:36:46.544Z","level":"info","event":"api.request_received","fields":{"correlationId":"01a0fbf9-2dd0-7ab7-b341-f7fcbb3f70ab","method":"GET","route":"/projects/:projectId/renders","service":"api"}}
@avlp/api:dev: {"level":30,"time":1790933806577,"pid":15536,"hostname":"DESKTOP-HQ6B2T1","reqId":"req-e7","res":{"statusCode":200},"responseTime":33.36269999947399,"msg":"request completed"}
@avlp/api:dev: {"level":30,"time":1790933815538,"pid":15536,"hostname":"DESKTOP-HQ6B2T1","reqId":"req-e8","req":{"method":"GET","url":"[REDACTED]","host":"localhost:3001","remoteAddress":"127.0.0.1","remotePort":64579},"msg":"incoming request"}
@avlp/api:dev: {"timestamp":"2026-10-02T09:36:55.539Z","level":"info","event":"api.request_received","fields":{"correlationId":"01a0fbf9-50f2-702a-adca-383b88622c76","method":"GET","route":"/projects/:projectId/renders","service":"api"}}
@avlp/api:dev: {"level":30,"time":1790933815595,"pid":15536,"hostname":"DESKTOP-HQ6B2T1","reqId":"req-e8","res":{"statusCode":200},"responseTime":56.44709999952465,"msg":"request completed"}
@avlp/api:dev: {"level":30,"time":1790933824550,"pid":15536,"hostname":"DESKTOP-HQ6B2T1","reqId":"req-e9","req":{"method":"GET","url":"[REDACTED]","host":"localhost:3001","remoteAddress":"127.0.0.1","remotePort":64579},"msg":"incoming request"}
@avlp/api:dev: {"timestamp":"2026-10-02T09:37:04.551Z","level":"info","event":"api.request_received","fields":{"correlationId":"01a0fbf9-7427-78af-bcdb-119d76203e6f","method":"GET","route":"/projects/:projectId/renders","service":"api"}}
@avlp/api:dev: {"level":30,"time":1790933824581,"pid":15536,"hostname":"DESKTOP-HQ6B2T1","reqId":"req-e9","res":{"statusCode":200},"responseTime":30.02960000000894,"msg":"request completed"}
@avlp/api:dev: {"level":30,"time":1790933833541,"pid":15536,"hostname":"DESKTOP-HQ6B2T1","reqId":"req-ea","req":{"method":"GET","url":"[REDACTED]","host":"localhost:3001","remoteAddress":"127.0.0.1","remotePort":64579},"msg":"incoming request"}
@avlp/api:dev: {"timestamp":"2026-10-02T09:37:13.541Z","level":"info","event":"api.request_received","fields":{"correlationId":"01a0fbf9-9745-7124-a595-350db2325989","method":"GET","route":"/projects/:projectId/renders","service":"api"}}
@avlp/api:dev: {"level":30,"time":1790933833573,"pid":15536,"hostname":"DESKTOP-HQ6B2T1","reqId":"req-ea","res":{"statusCode":200},"responseTime":31.51150000002235,"msg":"request completed"}
@avlp/api:dev: {"level":30,"time":1790933842546,"pid":15536,"hostname":"DESKTOP-HQ6B2T1","reqId":"req-eb","req":{"method":"GET","url":"[REDACTED]","host":"localhost:3001","remoteAddress":"127.0.0.1","remotePort":64579},"msg":"incoming request"}
@avlp/api:dev: {"timestamp":"2026-10-02T09:37:22.547Z","level":"info","event":"api.request_received","fields":{"correlationId":"01a0fbf9-ba72-752b-81e6-a0527d4ca7c1","method":"GET","route":"/projects/:projectId/renders","service":"api"}}
@avlp/api:dev: {"level":30,"time":1790933842580,"pid":15536,"hostname":"DESKTOP-HQ6B2T1","reqId":"req-eb","res":{"statusCode":200},"responseTime":33.484299999661744,"msg":"request completed"}
@avlp/api:dev: {"level":30,"time":1790933851551,"pid":15536,"hostname":"DESKTOP-HQ6B2T1","reqId":"req-ec","req":{"method":"GET","url":"[REDACTED]","host":"localhost:3001","remoteAddress":"127.0.0.1","remotePort":64579},"msg":"incoming request"}
@avlp/api:dev: {"timestamp":"2026-10-02T09:37:31.551Z","level":"info","event":"api.request_received","fields":{"correlationId":"01a0fbf9-dd9f-7b6d-a69e-3010e4a04b2c","method":"GET","route":"/projects/:projectId/renders","service":"api"}}
@avlp/api:dev: {"level":30,"time":1790933851580,"pid":15536,"hostname":"DESKTOP-HQ6B2T1","reqId":"req-ec","res":{"statusCode":200},"responseTime":29.228899999521673,"msg":"request completed"}
@avlp/api:dev: {"level":30,"time":1790933860547,"pid":15536,"hostname":"DESKTOP-HQ6B2T1","reqId":"req-ed","req":{"method":"GET","url":"[REDACTED]","host":"localhost:3001","remoteAddress":"127.0.0.1","remotePort":64579},"msg":"incoming request"}
@avlp/api:dev: {"timestamp":"2026-10-02T09:37:40.547Z","level":"info","event":"api.request_received","fields":{"correlationId":"01a0fbfa-00c3-7551-a12c-df92958897c4","method":"GET","route":"/projects/:projectId/renders","service":"api"}}
@avlp/api:dev: {"level":30,"time":1790933860581,"pid":15536,"hostname":"DESKTOP-HQ6B2T1","reqId":"req-ed","res":{"statusCode":200},"responseTime":34.517099999822676,"msg":"request completed"}
@avlp/api:dev: {"level":30,"time":1790933869536,"pid":15536,"hostname":"DESKTOP-HQ6B2T1","reqId":"req-ee","req":{"method":"GET","url":"[REDACTED]","host":"localhost:3001","remoteAddress":"127.0.0.1","remotePort":64579},"msg":"incoming request"}
@avlp/api:dev: {"timestamp":"2026-10-02T09:37:49.536Z","level":"info","event":"api.request_received","fields":{"correlationId":"01a0fbfa-23e0-7b68-9d0d-d2ddca787300","method":"GET","route":"/projects/:projectId/renders","service":"api"}}
@avlp/api:dev: {"level":30,"time":1790933869567,"pid":15536,"hostname":"DESKTOP-HQ6B2T1","reqId":"req-ee","res":{"statusCode":200},"responseTime":31.272499999962747,"msg":"request completed"}
@avlp/api:dev: {"level":30,"time":1790933878536,"pid":15536,"hostname":"DESKTOP-HQ6B2T1","reqId":"req-ef","req":{"method":"GET","url":"[REDACTED]","host":"localhost:3001","remoteAddress":"127.0.0.1","remotePort":64579},"msg":"incoming request"}
@avlp/api:dev: {"timestamp":"2026-10-02T09:37:58.537Z","level":"info","event":"api.request_received","fields":{"correlationId":"01a0fbfa-4708-76f8-83c2-43229a991958","method":"GET","route":"/projects/:projectId/renders","service":"api"}}
@avlp/api:dev: {"level":30,"time":1790933878583,"pid":15536,"hostname":"DESKTOP-HQ6B2T1","reqId":"req-ef","res":{"statusCode":200},"responseTime":46.97369999997318,"msg":"request completed"}
@avlp/api:dev: {"level":30,"time":1790933887546,"pid":15536,"hostname":"DESKTOP-HQ6B2T1","reqId":"req-eg","req":{"method":"GET","url":"[REDACTED]","host":"localhost:3001","remoteAddress":"127.0.0.1","remotePort":64579},"msg":"incoming request"}
@avlp/api:dev: {"timestamp":"2026-10-02T09:38:07.547Z","level":"info","event":"api.request_received","fields":{"correlationId":"01a0fbfa-6a3a-7a01-8c87-708243c60ee4","method":"GET","route":"/projects/:projectId/renders","service":"api"}}
@avlp/api:dev: {"level":30,"time":1790933887575,"pid":15536,"hostname":"DESKTOP-HQ6B2T1","reqId":"req-eg","res":{"statusCode":200},"responseTime":29.072099999524653,"msg":"request completed"}
@avlp/api:dev: {"level":30,"time":1790933896545,"pid":15536,"hostname":"DESKTOP-HQ6B2T1","reqId":"req-eh","req":{"method":"GET","url":"[REDACTED]","host":"localhost:3001","remoteAddress":"127.0.0.1","remotePort":64579},"msg":"incoming request"}
@avlp/api:dev: {"timestamp":"2026-10-02T09:38:16.545Z","level":"info","event":"api.request_received","fields":{"correlationId":"01a0fbfa-8d61-7abf-8bb3-37d3c534536b","method":"GET","route":"/projects/:projectId/renders","service":"api"}}
@avlp/api:dev: {"level":30,"time":1790933896575,"pid":15536,"hostname":"DESKTOP-HQ6B2T1","reqId":"req-eh","res":{"statusCode":200},"responseTime":29.611399999819696,"msg":"request completed"}
@avlp/api:dev: {"level":30,"time":1790933905550,"pid":15536,"hostname":"DESKTOP-HQ6B2T1","reqId":"req-ei","req":{"method":"GET","url":"[REDACTED]","host":"localhost:3001","remoteAddress":"127.0.0.1","remotePort":64579},"msg":"incoming request"}
@avlp/api:dev: {"timestamp":"2026-10-02T09:38:25.551Z","level":"info","event":"api.request_received","fields":{"correlationId":"01a0fbfa-b08f-72fd-bee9-e66e60f0a27c","method":"GET","route":"/projects/:projectId/renders","service":"api"}}
@avlp/api:dev: {"level":30,"time":1790933905581,"pid":15536,"hostname":"DESKTOP-HQ6B2T1","reqId":"req-ei","res":{"statusCode":200},"responseTime":30.713400000706315,"msg":"request completed"}
@avlp/api:dev: {"level":30,"time":1790933914544,"pid":15536,"hostname":"DESKTOP-HQ6B2T1","reqId":"req-ej","req":{"method":"GET","url":"[REDACTED]","host":"localhost:3001","remoteAddress":"127.0.0.1","remotePort":64579},"msg":"incoming request"}
@avlp/api:dev: {"timestamp":"2026-10-02T09:38:34.544Z","level":"info","event":"api.request_received","fields":{"correlationId":"01a0fbfa-d3b0-7866-a7f1-648ad720def9","method":"GET","route":"/projects/:projectId/renders","service":"api"}}
@avlp/api:dev: {"level":30,"time":1790933914571,"pid":15536,"hostname":"DESKTOP-HQ6B2T1","reqId":"req-ej","res":{"statusCode":200},"responseTime":26.94590000063181,"msg":"request completed"}
@avlp/api:dev: {"level":30,"time":1790933923542,"pid":15536,"hostname":"DESKTOP-HQ6B2T1","reqId":"req-ek","req":{"method":"GET","url":"[REDACTED]","host":"localhost:3001","remoteAddress":"127.0.0.1","remotePort":64579},"msg":"incoming request"}
@avlp/api:dev: {"timestamp":"2026-10-02T09:38:43.542Z","level":"info","event":"api.request_received","fields":{"correlationId":"01a0fbfa-f6d6-7e99-ba72-aa53736d4c3a","method":"GET","route":"/projects/:projectId/renders","service":"api"}}
@avlp/api:dev: {"level":30,"time":1790933923572,"pid":15536,"hostname":"DESKTOP-HQ6B2T1","reqId":"req-ek","res":{"statusCode":200},"responseTime":30.380700000561774,"msg":"request completed"}
@avlp/api:dev: {"level":30,"time":1790933932546,"pid":15536,"hostname":"DESKTOP-HQ6B2T1","reqId":"req-el","req":{"method":"GET","url":"[REDACTED]","host":"localhost:3001","remoteAddress":"127.0.0.1","remotePort":64579},"msg":"incoming request"}
@avlp/api:dev: {"timestamp":"2026-10-02T09:38:52.546Z","level":"info","event":"api.request_received","fields":{"correlationId":"01a0fbfb-1a02-7815-95f3-1e698d631d39","method":"GET","route":"/projects/:projectId/renders","service":"api"}}
@avlp/api:dev: {"level":30,"time":1790933932576,"pid":15536,"hostname":"DESKTOP-HQ6B2T1","reqId":"req-el","res":{"statusCode":200},"responseTime":29.64199999999255,"msg":"request completed"}
@avlp/api:dev: {"level":30,"time":1790933941551,"pid":15536,"hostname":"DESKTOP-HQ6B2T1","reqId":"req-em","req":{"method":"GET","url":"[REDACTED]","host":"localhost:3001","remoteAddress":"127.0.0.1","remotePort":64579},"msg":"incoming request"}
@avlp/api:dev: {"timestamp":"2026-10-02T09:39:01.552Z","level":"info","event":"api.request_received","fields":{"correlationId":"01a0fbfb-3d2f-75f5-a7ee-1581fc334ce8","method":"GET","route":"/projects/:projectId/renders","service":"api"}}
@avlp/api:dev: {"level":30,"time":1790933941581,"pid":15536,"hostname":"DESKTOP-HQ6B2T1","reqId":"req-em","res":{"statusCode":200},"responseTime":29.959999999962747,"msg":"request completed"}
@avlp/api:dev: {"level":30,"time":1790933950539,"pid":15536,"hostname":"DESKTOP-HQ6B2T1","reqId":"req-en","req":{"method":"GET","url":"[REDACTED]","host":"localhost:3001","remoteAddress":"127.0.0.1","remotePort":64579},"msg":"incoming request"}
@avlp/api:dev: {"timestamp":"2026-10-02T09:39:10.539Z","level":"info","event":"api.request_received","fields":{"correlationId":"01a0fbfb-604b-79d3-96da-320a5e79b5e6","method":"GET","route":"/projects/:projectId/renders","service":"api"}}
@avlp/api:dev: {"level":30,"time":1790933950571,"pid":15536,"hostname":"DESKTOP-HQ6B2T1","reqId":"req-en","res":{"statusCode":200},"responseTime":31.733700000680983,"msg":"request completed"}
@avlp/api:dev: {"level":30,"time":1790933959542,"pid":15536,"hostname":"DESKTOP-HQ6B2T1","reqId":"req-eo","req":{"method":"GET","url":"[REDACTED]","host":"localhost:3001","remoteAddress":"127.0.0.1","remotePort":64579},"msg":"incoming request"}
@avlp/api:dev: {"timestamp":"2026-10-02T09:39:19.542Z","level":"info","event":"api.request_received","fields":{"correlationId":"01a0fbfb-8376-79ca-8b27-6e5922bc5a7a","method":"GET","route":"/projects/:projectId/renders","service":"api"}}
@avlp/api:dev: {"level":30,"time":1790933959573,"pid":15536,"hostname":"DESKTOP-HQ6B2T1","reqId":"req-eo","res":{"statusCode":200},"responseTime":30.450599999167025,"msg":"request completed"}
@avlp/api:dev: {"level":30,"time":1790933968547,"pid":15536,"hostname":"DESKTOP-HQ6B2T1","reqId":"req-ep","req":{"method":"GET","url":"[REDACTED]","host":"localhost:3001","remoteAddress":"127.0.0.1","remotePort":64579},"msg":"incoming request"}
@avlp/api:dev: {"timestamp":"2026-10-02T09:39:28.547Z","level":"info","event":"api.request_received","fields":{"correlationId":"01a0fbfb-a6a3-7018-8946-705b1dddc2c3","method":"GET","route":"/projects/:projectId/renders","service":"api"}}
@avlp/api:dev: {"level":30,"time":1790933968586,"pid":15536,"hostname":"DESKTOP-HQ6B2T1","reqId":"req-ep","res":{"statusCode":200},"responseTime":38.503800000064075,"msg":"request completed"}
@avlp/api:dev: {"level":30,"time":1790933977535,"pid":15536,"hostname":"DESKTOP-HQ6B2T1","reqId":"req-eq","req":{"method":"GET","url":"[REDACTED]","host":"localhost:3001","remoteAddress":"127.0.0.1","remotePort":64579},"msg":"incoming request"}
@avlp/api:dev: {"timestamp":"2026-10-02T09:39:37.536Z","level":"info","event":"api.request_received","fields":{"correlationId":"01a0fbfb-c9c0-7722-b342-4565d167ef67","method":"GET","route":"/projects/:projectId/renders","service":"api"}}
@avlp/api:dev: {"level":30,"time":1790933977564,"pid":15536,"hostname":"DESKTOP-HQ6B2T1","reqId":"req-eq","res":{"statusCode":200},"responseTime":28.596699999645352,"msg":"request completed"}
@avlp/api:dev: {"level":30,"time":1790933986542,"pid":15536,"hostname":"DESKTOP-HQ6B2T1","reqId":"req-er","req":{"method":"GET","url":"[REDACTED]","host":"localhost:3001","remoteAddress":"127.0.0.1","remotePort":64579},"msg":"incoming request"}
@avlp/api:dev: {"timestamp":"2026-10-02T09:39:46.542Z","level":"info","event":"api.request_received","fields":{"correlationId":"01a0fbfb-ecee-7895-ad61-af8143a8ff33","method":"GET","route":"/projects/:projectId/renders","service":"api"}}
@avlp/api:dev: {"level":30,"time":1790933986568,"pid":15536,"hostname":"DESKTOP-HQ6B2T1","reqId":"req-er","res":{"statusCode":200},"responseTime":26.069099999964237,"msg":"request completed"}
@avlp/api:dev: {"level":30,"time":1790933995539,"pid":15536,"hostname":"DESKTOP-HQ6B2T1","reqId":"req-es","req":{"method":"GET","url":"[REDACTED]","host":"localhost:3001","remoteAddress":"127.0.0.1","remotePort":64579},"msg":"incoming request"}
@avlp/api:dev: {"timestamp":"2026-10-02T09:39:55.539Z","level":"info","event":"api.request_received","fields":{"correlationId":"01a0fbfc-1013-7b45-98ce-2221fd698d17","method":"GET","route":"/projects/:projectId/renders","service":"api"}}
@avlp/api:dev: {"level":30,"time":1790933995567,"pid":15536,"hostname":"DESKTOP-HQ6B2T1","reqId":"req-es","res":{"statusCode":200},"responseTime":28.005300000309944,"msg":"request completed"}
@avlp/api:dev: {"level":30,"time":1790934004543,"pid":15536,"hostname":"DESKTOP-HQ6B2T1","reqId":"req-et","req":{"method":"GET","url":"[REDACTED]","host":"localhost:3001","remoteAddress":"127.0.0.1","remotePort":64579},"msg":"incoming request"}
@avlp/api:dev: {"timestamp":"2026-10-02T09:40:04.544Z","level":"info","event":"api.request_received","fields":{"correlationId":"01a0fbfc-3340-787e-a882-a252caa672d6","method":"GET","route":"/projects/:projectId/renders","service":"api"}}
@avlp/api:dev: {"level":30,"time":1790934004572,"pid":15536,"hostname":"DESKTOP-HQ6B2T1","reqId":"req-et","res":{"statusCode":200},"responseTime":28.742599999532104,"msg":"request completed"}
@avlp/api:dev: {"level":30,"time":1790934013554,"pid":15536,"hostname":"DESKTOP-HQ6B2T1","reqId":"req-eu","req":{"method":"GET","url":"[REDACTED]","host":"localhost:3001","remoteAddress":"127.0.0.1","remotePort":64579},"msg":"incoming request"}
@avlp/api:dev: {"timestamp":"2026-10-02T09:40:13.555Z","level":"info","event":"api.request_received","fields":{"correlationId":"01a0fbfc-5672-75b7-bff7-eecd575caa4d","method":"GET","route":"/projects/:projectId/renders","service":"api"}}
@avlp/api:dev: {"level":30,"time":1790934013582,"pid":15536,"hostname":"DESKTOP-HQ6B2T1","reqId":"req-eu","res":{"statusCode":200},"responseTime":27.234600000083447,"msg":"request completed"}
@avlp/api:dev: {"level":30,"time":1790934022548,"pid":15536,"hostname":"DESKTOP-HQ6B2T1","reqId":"req-ev","req":{"method":"GET","url":"[REDACTED]","host":"localhost:3001","remoteAddress":"127.0.0.1","remotePort":64579},"msg":"incoming request"}
@avlp/api:dev: {"timestamp":"2026-10-02T09:40:22.548Z","level":"info","event":"api.request_received","fields":{"correlationId":"01a0fbfc-7994-7fcc-bb33-5be52cbcaf58","method":"GET","route":"/projects/:projectId/renders","service":"api"}}
@avlp/api:dev: {"level":30,"time":1790934022577,"pid":15536,"hostname":"DESKTOP-HQ6B2T1","reqId":"req-ev","res":{"statusCode":200},"responseTime":29.031299999915063,"msg":"request completed"}
@avlp/api:dev: {"level":30,"time":1790934031547,"pid":15536,"hostname":"DESKTOP-HQ6B2T1","reqId":"req-ew","req":{"method":"GET","url":"[REDACTED]","host":"localhost:3001","remoteAddress":"127.0.0.1","remotePort":64579},"msg":"incoming request"}
@avlp/api:dev: {"timestamp":"2026-10-02T09:40:31.547Z","level":"info","event":"api.request_received","fields":{"correlationId":"01a0fbfc-9cbb-754d-bb84-0bfe2f2ed938","method":"GET","route":"/projects/:projectId/renders","service":"api"}}
@avlp/api:dev: {"level":30,"time":1790934031578,"pid":15536,"hostname":"DESKTOP-HQ6B2T1","reqId":"req-ew","res":{"statusCode":200},"responseTime":30.98710000049323,"msg":"request completed"}
@avlp/api:dev: {"level":30,"time":1790934040549,"pid":15536,"hostname":"DESKTOP-HQ6B2T1","reqId":"req-ex","req":{"method":"GET","url":"[REDACTED]","host":"localhost:3001","remoteAddress":"127.0.0.1","remotePort":64579},"msg":"incoming request"}
@avlp/api:dev: {"timestamp":"2026-10-02T09:40:40.549Z","level":"info","event":"api.request_received","fields":{"correlationId":"01a0fbfc-bfe5-70f1-8ac8-4abdd5ae36cf","method":"GET","route":"/projects/:projectId/renders","service":"api"}}
@avlp/api:dev: {"level":30,"time":1790934040578,"pid":15536,"hostname":"DESKTOP-HQ6B2T1","reqId":"req-ex","res":{"statusCode":200},"responseTime":29.7746000001207,"msg":"request completed"}
@avlp/api:dev: {"level":30,"time":1790934049542,"pid":15536,"hostname":"DESKTOP-HQ6B2T1","reqId":"req-ey","req":{"method":"GET","url":"[REDACTED]","host":"localhost:3001","remoteAddress":"127.0.0.1","remotePort":64579},"msg":"incoming request"}
@avlp/api:dev: {"timestamp":"2026-10-02T09:40:49.542Z","level":"info","event":"api.request_received","fields":{"correlationId":"01a0fbfc-e306-729a-bc13-705f038348c0","method":"GET","route":"/projects/:projectId/renders","service":"api"}}
@avlp/api:dev: {"level":30,"time":1790934049571,"pid":15536,"hostname":"DESKTOP-HQ6B2T1","reqId":"req-ey","res":{"statusCode":200},"responseTime":29.440599999390543,"msg":"request completed"}
@avlp/api:dev: {"level":30,"time":1790934058542,"pid":15536,"hostname":"DESKTOP-HQ6B2T1","reqId":"req-ez","req":{"method":"GET","url":"[REDACTED]","host":"localhost:3001","remoteAddress":"127.0.0.1","remotePort":64579},"msg":"incoming request"}
@avlp/api:dev: {"timestamp":"2026-10-02T09:40:58.543Z","level":"info","event":"api.request_received","fields":{"correlationId":"01a0fbfd-062e-7d27-8113-69b0b61d2137","method":"GET","route":"/projects/:projectId/renders","service":"api"}}
@avlp/api:dev: {"level":30,"time":1790934058575,"pid":15536,"hostname":"DESKTOP-HQ6B2T1","reqId":"req-ez","res":{"statusCode":200},"responseTime":32.42169999983162,"msg":"request completed"}
@avlp/api:dev: {"level":30,"time":1790934067542,"pid":15536,"hostname":"DESKTOP-HQ6B2T1","reqId":"req-f0","req":{"method":"GET","url":"[REDACTED]","host":"localhost:3001","remoteAddress":"127.0.0.1","remotePort":64579},"msg":"incoming request"}
@avlp/api:dev: {"timestamp":"2026-10-02T09:41:07.542Z","level":"info","event":"api.request_received","fields":{"correlationId":"01a0fbfd-2956-7362-bd74-2fea996f9d50","method":"GET","route":"/projects/:projectId/renders","service":"api"}}
@avlp/api:dev: {"level":30,"time":1790934067572,"pid":15536,"hostname":"DESKTOP-HQ6B2T1","reqId":"req-f0","res":{"statusCode":200},"responseTime":30.198499999940395,"msg":"request completed"}
@avlp/api:dev: {"level":30,"time":1790934076546,"pid":15536,"hostname":"DESKTOP-HQ6B2T1","reqId":"req-f1","req":{"method":"GET","url":"[REDACTED]","host":"localhost:3001","remoteAddress":"127.0.0.1","remotePort":64579},"msg":"incoming request"}
@avlp/api:dev: {"timestamp":"2026-10-02T09:41:16.546Z","level":"info","event":"api.request_received","fields":{"correlationId":"01a0fbfd-4c82-70f4-aa6c-8130d632bdf7","method":"GET","route":"/projects/:projectId/renders","service":"api"}}
@avlp/api:dev: {"level":30,"time":1790934076576,"pid":15536,"hostname":"DESKTOP-HQ6B2T1","reqId":"req-f1","res":{"statusCode":200},"responseTime":30.166000000201166,"msg":"request completed"}
@avlp/api:dev: {"level":30,"time":1790934085535,"pid":15536,"hostname":"DESKTOP-HQ6B2T1","reqId":"req-f2","req":{"method":"GET","url":"[REDACTED]","host":"localhost:3001","remoteAddress":"127.0.0.1","remotePort":64579},"msg":"incoming request"}
@avlp/api:dev: {"timestamp":"2026-10-02T09:41:25.536Z","level":"info","event":"api.request_received","fields":{"correlationId":"01a0fbfd-6fa0-7e66-a0a4-d7f32264bc64","method":"GET","route":"/projects/:projectId/renders","service":"api"}}
@avlp/api:dev: {"level":30,"time":1790934085566,"pid":15536,"hostname":"DESKTOP-HQ6B2T1","reqId":"req-f2","res":{"statusCode":200},"responseTime":30.470300000160933,"msg":"request completed"}
@avlp/api:dev: {"level":30,"time":1790934094541,"pid":15536,"hostname":"DESKTOP-HQ6B2T1","reqId":"req-f3","req":{"method":"GET","url":"[REDACTED]","host":"localhost:3001","remoteAddress":"127.0.0.1","remotePort":64579},"msg":"incoming request"}
@avlp/api:dev: {"timestamp":"2026-10-02T09:41:34.541Z","level":"info","event":"api.request_received","fields":{"correlationId":"01a0fbfd-92cd-7a81-8b15-5a3856d2118b","method":"GET","route":"/projects/:projectId/renders","service":"api"}}
@avlp/api:dev: {"level":30,"time":1790934094572,"pid":15536,"hostname":"DESKTOP-HQ6B2T1","reqId":"req-f3","res":{"statusCode":200},"responseTime":30.88950000051409,"msg":"request completed"}
@avlp/api:dev: {"level":30,"time":1790934103543,"pid":15536,"hostname":"DESKTOP-HQ6B2T1","reqId":"req-f4","req":{"method":"GET","url":"[REDACTED]","host":"localhost:3001","remoteAddress":"127.0.0.1","remotePort":64579},"msg":"incoming request"}
@avlp/api:dev: {"timestamp":"2026-10-02T09:41:43.543Z","level":"info","event":"api.request_received","fields":{"correlationId":"01a0fbfd-b5f7-77c3-97da-bf29666b2ddf","method":"GET","route":"/projects/:projectId/renders","service":"api"}}
@avlp/api:dev: {"level":30,"time":1790934103572,"pid":15536,"hostname":"DESKTOP-HQ6B2T1","reqId":"req-f4","res":{"statusCode":200},"responseTime":28.908900000154972,"msg":"request completed"}
@avlp/api:dev: {"level":30,"time":1790934112548,"pid":15536,"hostname":"DESKTOP-HQ6B2T1","reqId":"req-f5","req":{"method":"GET","url":"[REDACTED]","host":"localhost:3001","remoteAddress":"127.0.0.1","remotePort":64579},"msg":"incoming request"}
@avlp/api:dev: {"timestamp":"2026-10-02T09:41:52.548Z","level":"info","event":"api.request_received","fields":{"correlationId":"01a0fbfd-d924-7e56-8178-4849d9cc6cd7","method":"GET","route":"/projects/:projectId/renders","service":"api"}}
@avlp/api:dev: {"level":30,"time":1790934112576,"pid":15536,"hostname":"DESKTOP-HQ6B2T1","reqId":"req-f5","res":{"statusCode":200},"responseTime":28.033399999141693,"msg":"request completed"}
@avlp/api:dev: {"level":30,"time":1790934121545,"pid":15536,"hostname":"DESKTOP-HQ6B2T1","reqId":"req-f6","req":{"method":"GET","url":"[REDACTED]","host":"localhost:3001","remoteAddress":"127.0.0.1","remotePort":64579},"msg":"incoming request"}
@avlp/api:dev: {"timestamp":"2026-10-02T09:42:01.545Z","level":"info","event":"api.request_received","fields":{"correlationId":"01a0fbfd-fc49-76a9-8144-381b63474a71","method":"GET","route":"/projects/:projectId/renders","service":"api"}}
@avlp/api:dev: {"level":30,"time":1790934121575,"pid":15536,"hostname":"DESKTOP-HQ6B2T1","reqId":"req-f6","res":{"statusCode":200},"responseTime":30.79050000011921,"msg":"request completed"}
@avlp/api:dev: {"level":30,"time":1790934130542,"pid":15536,"hostname":"DESKTOP-HQ6B2T1","reqId":"req-f7","req":{"method":"GET","url":"[REDACTED]","host":"localhost:3001","remoteAddress":"127.0.0.1","remotePort":64579},"msg":"incoming request"}
@avlp/api:dev: {"timestamp":"2026-10-02T09:42:10.543Z","level":"info","event":"api.request_received","fields":{"correlationId":"01a0fbfe-1f6e-74cf-a57d-cb89ab0a94a7","method":"GET","route":"/projects/:projectId/renders","service":"api"}}
@avlp/api:dev: {"level":30,"time":1790934130571,"pid":15536,"hostname":"DESKTOP-HQ6B2T1","reqId":"req-f7","res":{"statusCode":200},"responseTime":28.882000000216067,"msg":"request completed"}
@avlp/api:dev: {"level":30,"time":1790934139535,"pid":15536,"hostname":"DESKTOP-HQ6B2T1","reqId":"req-f8","req":{"method":"GET","url":"[REDACTED]","host":"localhost:3001","remoteAddress":"127.0.0.1","remotePort":64579},"msg":"incoming request"}
@avlp/api:dev: {"timestamp":"2026-10-02T09:42:19.535Z","level":"info","event":"api.request_received","fields":{"correlationId":"01a0fbfe-428f-761f-b6f1-2b0ac9d5c203","method":"GET","route":"/projects/:projectId/renders","service":"api"}}
@avlp/api:dev: {"level":30,"time":1790934139565,"pid":15536,"hostname":"DESKTOP-HQ6B2T1","reqId":"req-f8","res":{"statusCode":200},"responseTime":30.64930000063032,"msg":"request completed"}
@avlp/api:dev: {"level":30,"time":1790934148538,"pid":15536,"hostname":"DESKTOP-HQ6B2T1","reqId":"req-f9","req":{"method":"GET","url":"[REDACTED]","host":"localhost:3001","remoteAddress":"127.0.0.1","remotePort":64579},"msg":"incoming request"}
@avlp/api:dev: {"timestamp":"2026-10-02T09:42:28.539Z","level":"info","event":"api.request_received","fields":{"correlationId":"01a0fbfe-65ba-73bd-aded-03993c871423","method":"GET","route":"/projects/:projectId/renders","service":"api"}}
@avlp/api:dev: {"level":30,"time":1790934148567,"pid":15536,"hostname":"DESKTOP-HQ6B2T1","reqId":"req-f9","res":{"statusCode":200},"responseTime":28.208599999547005,"msg":"request completed"}
@avlp/api:dev: {"level":30,"time":1790934157548,"pid":15536,"hostname":"DESKTOP-HQ6B2T1","reqId":"req-fa","req":{"method":"GET","url":"[REDACTED]","host":"localhost:3001","remoteAddress":"127.0.0.1","remotePort":64579},"msg":"incoming request"}
@avlp/api:dev: {"timestamp":"2026-10-02T09:42:37.548Z","level":"info","event":"api.request_received","fields":{"correlationId":"01a0fbfe-88ec-781c-a5f7-b323867afdd7","method":"GET","route":"/projects/:projectId/renders","service":"api"}}
@avlp/api:dev: {"level":30,"time":1790934157576,"pid":15536,"hostname":"DESKTOP-HQ6B2T1","reqId":"req-fa","res":{"statusCode":200},"responseTime":28.48809999972582,"msg":"request completed"}
@avlp/api:dev: {"level":30,"time":1790934166536,"pid":15536,"hostname":"DESKTOP-HQ6B2T1","reqId":"req-fb","req":{"method":"GET","url":"[REDACTED]","host":"localhost:3001","remoteAddress":"127.0.0.1","remotePort":64579},"msg":"incoming request"}
@avlp/api:dev: {"timestamp":"2026-10-02T09:42:46.537Z","level":"info","event":"api.request_received","fields":{"correlationId":"01a0fbfe-ac08-791d-bc51-18db2f3cbad1","method":"GET","route":"/projects/:projectId/renders","service":"api"}}
@avlp/api:dev: {"level":30,"time":1790934166566,"pid":15536,"hostname":"DESKTOP-HQ6B2T1","reqId":"req-fb","res":{"statusCode":200},"responseTime":29.948800000362098,"msg":"request completed"}
@avlp/api:dev: {"level":30,"time":1790934175542,"pid":15536,"hostname":"DESKTOP-HQ6B2T1","reqId":"req-fc","req":{"method":"GET","url":"[REDACTED]","host":"localhost:3001","remoteAddress":"127.0.0.1","remotePort":64579},"msg":"incoming request"}
@avlp/api:dev: {"timestamp":"2026-10-02T09:42:55.542Z","level":"info","event":"api.request_received","fields":{"correlationId":"01a0fbfe-cf36-7f33-a61d-0dba2d68f62b","method":"GET","route":"/projects/:projectId/renders","service":"api"}}
@avlp/api:dev: {"level":30,"time":1790934175571,"pid":15536,"hostname":"DESKTOP-HQ6B2T1","reqId":"req-fc","res":{"statusCode":200},"responseTime":29.45189999975264,"msg":"request completed"}
@avlp/api:dev: {"level":30,"time":1790934184545,"pid":15536,"hostname":"DESKTOP-HQ6B2T1","reqId":"req-fd","req":{"method":"GET","url":"[REDACTED]","host":"localhost:3001","remoteAddress":"127.0.0.1","remotePort":64579},"msg":"incoming request"}
@avlp/api:dev: {"timestamp":"2026-10-02T09:43:04.545Z","level":"info","event":"api.request_received","fields":{"correlationId":"01a0fbfe-f261-7ae9-9702-414c71160549","method":"GET","route":"/projects/:projectId/renders","service":"api"}}
@avlp/api:dev: {"level":30,"time":1790934184574,"pid":15536,"hostname":"DESKTOP-HQ6B2T1","reqId":"req-fd","res":{"statusCode":200},"responseTime":29.420400000177324,"msg":"request completed"}
@avlp/api:dev: {"level":30,"time":1790934193541,"pid":15536,"hostname":"DESKTOP-HQ6B2T1","reqId":"req-fe","req":{"method":"GET","url":"[REDACTED]","host":"localhost:3001","remoteAddress":"127.0.0.1","remotePort":64579},"msg":"incoming request"}
@avlp/api:dev: {"timestamp":"2026-10-02T09:43:13.542Z","level":"info","event":"api.request_received","fields":{"correlationId":"01a0fbff-1585-7705-85ab-7830e6bba20a","method":"GET","route":"/projects/:projectId/renders","service":"api"}}
@avlp/api:dev: {"level":30,"time":1790934193572,"pid":15536,"hostname":"DESKTOP-HQ6B2T1","reqId":"req-fe","res":{"statusCode":200},"responseTime":30.36129999998957,"msg":"request completed"}
@avlp/api:dev: {"level":30,"time":1790934202545,"pid":15536,"hostname":"DESKTOP-HQ6B2T1","reqId":"req-ff","req":{"method":"GET","url":"[REDACTED]","host":"localhost:3001","remoteAddress":"127.0.0.1","remotePort":64579},"msg":"incoming request"}
@avlp/api:dev: {"timestamp":"2026-10-02T09:43:22.545Z","level":"info","event":"api.request_received","fields":{"correlationId":"01a0fbff-38b1-780a-8c9f-d3dc794560a4","method":"GET","route":"/projects/:projectId/renders","service":"api"}}
@avlp/api:dev: {"level":30,"time":1790934202580,"pid":15536,"hostname":"DESKTOP-HQ6B2T1","reqId":"req-ff","res":{"statusCode":200},"responseTime":35.61349999997765,"msg":"request completed"}
@avlp/api:dev: {"level":30,"time":1790934211539,"pid":15536,"hostname":"DESKTOP-HQ6B2T1","reqId":"req-fg","req":{"method":"GET","url":"[REDACTED]","host":"localhost:3001","remoteAddress":"127.0.0.1","remotePort":64579},"msg":"incoming request"}
@avlp/api:dev: {"timestamp":"2026-10-02T09:43:31.540Z","level":"info","event":"api.request_received","fields":{"correlationId":"01a0fbff-5bd3-7148-b30d-48f6ec7fad2e","method":"GET","route":"/projects/:projectId/renders","service":"api"}}
@avlp/api:dev: {"level":30,"time":1790934211571,"pid":15536,"hostname":"DESKTOP-HQ6B2T1","reqId":"req-fg","res":{"statusCode":200},"responseTime":31.68420000001788,"msg":"request completed"}
@avlp/api:dev: {"level":30,"time":1790934220535,"pid":15536,"hostname":"DESKTOP-HQ6B2T1","reqId":"req-fh","req":{"method":"GET","url":"[REDACTED]","host":"localhost:3001","remoteAddress":"127.0.0.1","remotePort":64579},"msg":"incoming request"}
@avlp/api:dev: {"timestamp":"2026-10-02T09:43:40.535Z","level":"info","event":"api.request_received","fields":{"correlationId":"01a0fbff-7ef7-78ba-a0d1-010845eaf097","method":"GET","route":"/projects/:projectId/renders","service":"api"}}
@avlp/api:dev: {"level":30,"time":1790934220584,"pid":15536,"hostname":"DESKTOP-HQ6B2T1","reqId":"req-fh","res":{"statusCode":200},"responseTime":49.31489999964833,"msg":"request completed"}
@avlp/api:dev: {"level":30,"time":1790934229547,"pid":15536,"hostname":"DESKTOP-HQ6B2T1","reqId":"req-fi","req":{"method":"GET","url":"[REDACTED]","host":"localhost:3001","remoteAddress":"127.0.0.1","remotePort":64579},"msg":"incoming request"}
@avlp/api:dev: {"timestamp":"2026-10-02T09:43:49.547Z","level":"info","event":"api.request_received","fields":{"correlationId":"01a0fbff-a22b-776f-aea3-945d7dffe8d6","method":"GET","route":"/projects/:projectId/renders","service":"api"}}
@avlp/api:dev: {"level":30,"time":1790934229575,"pid":15536,"hostname":"DESKTOP-HQ6B2T1","reqId":"req-fi","res":{"statusCode":200},"responseTime":28.060500000603497,"msg":"request completed"}
@avlp/api:dev: {"level":30,"time":1790934238542,"pid":15536,"hostname":"DESKTOP-HQ6B2T1","reqId":"req-fj","req":{"method":"GET","url":"[REDACTED]","host":"localhost:3001","remoteAddress":"127.0.0.1","remotePort":64579},"msg":"incoming request"}
@avlp/api:dev: {"timestamp":"2026-10-02T09:43:58.543Z","level":"info","event":"api.request_received","fields":{"correlationId":"01a0fbff-c54e-7fd5-bd2d-dde813cbce0b","method":"GET","route":"/projects/:projectId/renders","service":"api"}}
@avlp/api:dev: {"level":30,"time":1790934238575,"pid":15536,"hostname":"DESKTOP-HQ6B2T1","reqId":"req-fj","res":{"statusCode":200},"responseTime":33.188400000333786,"msg":"request completed"}
@avlp/api:dev: {"level":30,"time":1790934247544,"pid":15536,"hostname":"DESKTOP-HQ6B2T1","reqId":"req-fk","req":{"method":"GET","url":"[REDACTED]","host":"localhost:3001","remoteAddress":"127.0.0.1","remotePort":64579},"msg":"incoming request"}
@avlp/api:dev: {"timestamp":"2026-10-02T09:44:07.544Z","level":"info","event":"api.request_received","fields":{"correlationId":"01a0fbff-e878-7978-8352-306bf1987c99","method":"GET","route":"/projects/:projectId/renders","service":"api"}}
@avlp/api:dev: {"level":30,"time":1790934247569,"pid":15536,"hostname":"DESKTOP-HQ6B2T1","reqId":"req-fk","res":{"statusCode":200},"responseTime":25.15830000024289,"msg":"request completed"}
@avlp/api:dev: {"level":30,"time":1790934256539,"pid":15536,"hostname":"DESKTOP-HQ6B2T1","reqId":"req-fl","req":{"method":"GET","url":"[REDACTED]","host":"localhost:3001","remoteAddress":"127.0.0.1","remotePort":64579},"msg":"incoming request"}
@avlp/api:dev: {"timestamp":"2026-10-02T09:44:16.539Z","level":"info","event":"api.request_received","fields":{"correlationId":"01a0fc00-0b9b-767c-b117-594324cc08cb","method":"GET","route":"/projects/:projectId/renders","service":"api"}}
@avlp/api:dev: {"level":30,"time":1790934256568,"pid":15536,"hostname":"DESKTOP-HQ6B2T1","reqId":"req-fl","res":{"statusCode":200},"responseTime":29.346599999815226,"msg":"request completed"}
@avlp/api:dev: {"level":30,"time":1790934265544,"pid":15536,"hostname":"DESKTOP-HQ6B2T1","reqId":"req-fm","req":{"method":"GET","url":"[REDACTED]","host":"localhost:3001","remoteAddress":"127.0.0.1","remotePort":64579},"msg":"incoming request"}
@avlp/api:dev: {"timestamp":"2026-10-02T09:44:25.544Z","level":"info","event":"api.request_received","fields":{"correlationId":"01a0fc00-2ec8-7969-ac09-1c43e3f89620","method":"GET","route":"/projects/:projectId/renders","service":"api"}}
@avlp/api:dev: {"level":30,"time":1790934265575,"pid":15536,"hostname":"DESKTOP-HQ6B2T1","reqId":"req-fm","res":{"statusCode":200},"responseTime":31.303199999965727,"msg":"request completed"}
@avlp/api:dev: {"level":30,"time":1790934274538,"pid":15536,"hostname":"DESKTOP-HQ6B2T1","reqId":"req-fn","req":{"method":"GET","url":"[REDACTED]","host":"localhost:3001","remoteAddress":"127.0.0.1","remotePort":64579},"msg":"incoming request"}
@avlp/api:dev: {"timestamp":"2026-10-02T09:44:34.538Z","level":"info","event":"api.request_received","fields":{"correlationId":"01a0fc00-51ea-70f6-b88a-4d0ba24c6f47","method":"GET","route":"/projects/:projectId/renders","service":"api"}}
@avlp/api:dev: {"level":30,"time":1790934274569,"pid":15536,"hostname":"DESKTOP-HQ6B2T1","reqId":"req-fn","res":{"statusCode":200},"responseTime":30.47580000013113,"msg":"request completed"}
@avlp/api:dev: {"level":30,"time":1790934283536,"pid":15536,"hostname":"DESKTOP-HQ6B2T1","reqId":"req-fo","req":{"method":"GET","url":"[REDACTED]","host":"localhost:3001","remoteAddress":"127.0.0.1","remotePort":64579},"msg":"incoming request"}
@avlp/api:dev: {"timestamp":"2026-10-02T09:44:43.536Z","level":"info","event":"api.request_received","fields":{"correlationId":"01a0fc00-7510-71b4-8dfd-8ecd2f700247","method":"GET","route":"/projects/:projectId/renders","service":"api"}}
@avlp/api:dev: {"level":30,"time":1790934283565,"pid":15536,"hostname":"DESKTOP-HQ6B2T1","reqId":"req-fo","res":{"statusCode":200},"responseTime":29.822099999524653,"msg":"request completed"}
@avlp/api:dev: {"level":30,"time":1790934292535,"pid":15536,"hostname":"DESKTOP-HQ6B2T1","reqId":"req-fp","req":{"method":"GET","url":"[REDACTED]","host":"localhost:3001","remoteAddress":"127.0.0.1","remotePort":64579},"msg":"incoming request"}
@avlp/api:dev: {"timestamp":"2026-10-02T09:44:52.535Z","level":"info","event":"api.request_received","fields":{"correlationId":"01a0fc00-9837-7166-a83c-812caf4d5099","method":"GET","route":"/projects/:projectId/renders","service":"api"}}
@avlp/api:dev: {"level":30,"time":1790934292563,"pid":15536,"hostname":"DESKTOP-HQ6B2T1","reqId":"req-fp","res":{"statusCode":200},"responseTime":28.446500000543892,"msg":"request completed"}
@avlp/api:dev: {"level":30,"time":1790934301536,"pid":15536,"hostname":"DESKTOP-HQ6B2T1","reqId":"req-fq","req":{"method":"GET","url":"[REDACTED]","host":"localhost:3001","remoteAddress":"127.0.0.1","remotePort":64579},"msg":"incoming request"}
@avlp/api:dev: {"timestamp":"2026-10-02T09:45:01.536Z","level":"info","event":"api.request_received","fields":{"correlationId":"01a0fc00-bb60-7792-bff8-d1e88059f049","method":"GET","route":"/projects/:projectId/renders","service":"api"}}
@avlp/api:dev: {"level":30,"time":1790934301625,"pid":15536,"hostname":"DESKTOP-HQ6B2T1","reqId":"req-fq","res":{"statusCode":200},"responseTime":89.16329999919981,"msg":"request completed"}
@avlp/api:dev: {"level":30,"time":1790934310544,"pid":15536,"hostname":"DESKTOP-HQ6B2T1","reqId":"req-fr","req":{"method":"GET","url":"[REDACTED]","host":"localhost:3001","remoteAddress":"127.0.0.1","remotePort":64579},"msg":"incoming request"}
@avlp/api:dev: {"timestamp":"2026-10-02T09:45:10.544Z","level":"info","event":"api.request_received","fields":{"correlationId":"01a0fc00-de90-743d-a7c3-1f3d481651c4","method":"GET","route":"/projects/:projectId/renders","service":"api"}}
@avlp/api:dev: {"level":30,"time":1790934310573,"pid":15536,"hostname":"DESKTOP-HQ6B2T1","reqId":"req-fr","res":{"statusCode":200},"responseTime":28.847699999809265,"msg":"request completed"}
@avlp/api:dev: {"level":30,"time":1790934319544,"pid":15536,"hostname":"DESKTOP-HQ6B2T1","reqId":"req-fs","req":{"method":"GET","url":"[REDACTED]","host":"localhost:3001","remoteAddress":"127.0.0.1","remotePort":64579},"msg":"incoming request"}
@avlp/api:dev: {"timestamp":"2026-10-02T09:45:19.544Z","level":"info","event":"api.request_received","fields":{"correlationId":"01a0fc01-01b8-7ec3-92a3-58afa195ccd3","method":"GET","route":"/projects/:projectId/renders","service":"api"}}
@avlp/api:dev: {"level":30,"time":1790934319576,"pid":15536,"hostname":"DESKTOP-HQ6B2T1","reqId":"req-fs","res":{"statusCode":200},"responseTime":32.080800000578165,"msg":"request completed"}
@avlp/api:dev: {"level":30,"time":1790934328533,"pid":15536,"hostname":"DESKTOP-HQ6B2T1","reqId":"req-ft","req":{"method":"GET","url":"[REDACTED]","host":"localhost:3001","remoteAddress":"127.0.0.1","remotePort":64579},"msg":"incoming request"}
@avlp/api:dev: {"timestamp":"2026-10-02T09:45:28.534Z","level":"info","event":"api.request_received","fields":{"correlationId":"01a0fc01-24d6-7c7b-8172-b184ca801762","method":"GET","route":"/projects/:projectId/renders","service":"api"}}
@avlp/api:dev: {"level":30,"time":1790934328563,"pid":15536,"hostname":"DESKTOP-HQ6B2T1","reqId":"req-ft","res":{"statusCode":200},"responseTime":29.86089999973774,"msg":"request completed"}
@avlp/api:dev: {"level":30,"time":1790934337539,"pid":15536,"hostname":"DESKTOP-HQ6B2T1","reqId":"req-fu","req":{"method":"GET","url":"[REDACTED]","host":"localhost:3001","remoteAddress":"127.0.0.1","remotePort":64579},"msg":"incoming request"}
@avlp/api:dev: {"timestamp":"2026-10-02T09:45:37.540Z","level":"info","event":"api.request_received","fields":{"correlationId":"01a0fc01-4803-7806-8529-75189705f1f5","method":"GET","route":"/projects/:projectId/renders","service":"api"}}
@avlp/api:dev: {"level":30,"time":1790934337570,"pid":15536,"hostname":"DESKTOP-HQ6B2T1","reqId":"req-fu","res":{"statusCode":200},"responseTime":30.23920000065118,"msg":"request completed"}
@avlp/api:dev: {"level":30,"time":1790934346537,"pid":15536,"hostname":"DESKTOP-HQ6B2T1","reqId":"req-fv","req":{"method":"GET","url":"[REDACTED]","host":"localhost:3001","remoteAddress":"127.0.0.1","remotePort":64579},"msg":"incoming request"}
@avlp/api:dev: {"timestamp":"2026-10-02T09:45:46.537Z","level":"info","event":"api.request_received","fields":{"correlationId":"01a0fc01-6b29-7a0c-b81b-fe0f1077953f","method":"GET","route":"/projects/:projectId/renders","service":"api"}}
@avlp/api:dev: {"level":30,"time":1790934346569,"pid":15536,"hostname":"DESKTOP-HQ6B2T1","reqId":"req-fv","res":{"statusCode":200},"responseTime":31.84690000023693,"msg":"request completed"}
@avlp/api:dev: {"level":30,"time":1790934355539,"pid":15536,"hostname":"DESKTOP-HQ6B2T1","reqId":"req-fw","req":{"method":"GET","url":"[REDACTED]","host":"localhost:3001","remoteAddress":"127.0.0.1","remotePort":64579},"msg":"incoming request"}
@avlp/api:dev: {"timestamp":"2026-10-02T09:45:55.539Z","level":"info","event":"api.request_received","fields":{"correlationId":"01a0fc01-8e53-7089-934c-6b8600b8a501","method":"GET","route":"/projects/:projectId/renders","service":"api"}}
@avlp/api:dev: {"level":30,"time":1790934355569,"pid":15536,"hostname":"DESKTOP-HQ6B2T1","reqId":"req-fw","res":{"statusCode":200},"responseTime":30.518000000156462,"msg":"request completed"}
@avlp/api:dev: {"level":30,"time":1790934364543,"pid":15536,"hostname":"DESKTOP-HQ6B2T1","reqId":"req-fx","req":{"method":"GET","url":"[REDACTED]","host":"localhost:3001","remoteAddress":"127.0.0.1","remotePort":64579},"msg":"incoming request"}
@avlp/api:dev: {"timestamp":"2026-10-02T09:46:04.543Z","level":"info","event":"api.request_received","fields":{"correlationId":"01a0fc01-b17f-7990-8a96-4a2dd9607f0d","method":"GET","route":"/projects/:projectId/renders","service":"api"}}
@avlp/api:dev: {"level":30,"time":1790934364573,"pid":15536,"hostname":"DESKTOP-HQ6B2T1","reqId":"req-fx","res":{"statusCode":200},"responseTime":30.472699999809265,"msg":"request completed"}
@avlp/api:dev: {"level":30,"time":1790934373539,"pid":15536,"hostname":"DESKTOP-HQ6B2T1","reqId":"req-fy","req":{"method":"GET","url":"[REDACTED]","host":"localhost:3001","remoteAddress":"127.0.0.1","remotePort":64579},"msg":"incoming request"}
@avlp/api:dev: {"timestamp":"2026-10-02T09:46:13.539Z","level":"info","event":"api.request_received","fields":{"correlationId":"01a0fc01-d4a3-7e7e-8ca0-eb0bc0344864","method":"GET","route":"/projects/:projectId/renders","service":"api"}}
@avlp/api:dev: {"level":30,"time":1790934373569,"pid":15536,"hostname":"DESKTOP-HQ6B2T1","reqId":"req-fy","res":{"statusCode":200},"responseTime":30.637799999676645,"msg":"request completed"}
@avlp/api:dev: {"level":30,"time":1790934382536,"pid":15536,"hostname":"DESKTOP-HQ6B2T1","reqId":"req-fz","req":{"method":"GET","url":"[REDACTED]","host":"localhost:3001","remoteAddress":"127.0.0.1","remotePort":64579},"msg":"incoming request"}
@avlp/api:dev: {"timestamp":"2026-10-02T09:46:22.536Z","level":"info","event":"api.request_received","fields":{"correlationId":"01a0fc01-f7c8-738e-a48c-b33062197510","method":"GET","route":"/projects/:projectId/renders","service":"api"}}
@avlp/api:dev: {"level":30,"time":1790934382564,"pid":15536,"hostname":"DESKTOP-HQ6B2T1","reqId":"req-fz","res":{"statusCode":200},"responseTime":27.893699999898672,"msg":"request completed"}
@avlp/api:dev: {"level":30,"time":1790934391532,"pid":15536,"hostname":"DESKTOP-HQ6B2T1","reqId":"req-g0","req":{"method":"GET","url":"[REDACTED]","host":"localhost:3001","remoteAddress":"127.0.0.1","remotePort":64579},"msg":"incoming request"}
@avlp/api:dev: {"timestamp":"2026-10-02T09:46:31.533Z","level":"info","event":"api.request_received","fields":{"correlationId":"01a0fc02-1aec-74f5-a8d1-7ae8d327fc9b","method":"GET","route":"/projects/:projectId/renders","service":"api"}}
@avlp/api:dev: {"level":30,"time":1790934391563,"pid":15536,"hostname":"DESKTOP-HQ6B2T1","reqId":"req-g0","res":{"statusCode":200},"responseTime":30.83239999972284,"msg":"request completed"}
@avlp/api:dev: {"level":30,"time":1790934400535,"pid":15536,"hostname":"DESKTOP-HQ6B2T1","reqId":"req-g1","req":{"method":"GET","url":"[REDACTED]","host":"localhost:3001","remoteAddress":"127.0.0.1","remotePort":64579},"msg":"incoming request"}
@avlp/api:dev: {"timestamp":"2026-10-02T09:46:40.535Z","level":"info","event":"api.request_received","fields":{"correlationId":"01a0fc02-3e17-78a0-a009-ea6777c0d1c4","method":"GET","route":"/projects/:projectId/renders","service":"api"}}
@avlp/api:dev: {"level":30,"time":1790934400565,"pid":15536,"hostname":"DESKTOP-HQ6B2T1","reqId":"req-g1","res":{"statusCode":200},"responseTime":30.54769999999553,"msg":"request completed"}
@avlp/api:dev: {"level":30,"time":1790934409537,"pid":15536,"hostname":"DESKTOP-HQ6B2T1","reqId":"req-g2","req":{"method":"GET","url":"[REDACTED]","host":"localhost:3001","remoteAddress":"127.0.0.1","remotePort":64579},"msg":"incoming request"}
@avlp/api:dev: {"timestamp":"2026-10-02T09:46:49.538Z","level":"info","event":"api.request_received","fields":{"correlationId":"01a0fc02-6141-7483-b21e-3c258b4e441a","method":"GET","route":"/projects/:projectId/renders","service":"api"}}
@avlp/api:dev: {"level":30,"time":1790934409567,"pid":15536,"hostname":"DESKTOP-HQ6B2T1","reqId":"req-g2","res":{"statusCode":200},"responseTime":29.384000000543892,"msg":"request completed"}
@avlp/api:dev: {"level":30,"time":1790934418544,"pid":15536,"hostname":"DESKTOP-HQ6B2T1","reqId":"req-g3","req":{"method":"GET","url":"[REDACTED]","host":"localhost:3001","remoteAddress":"127.0.0.1","remotePort":64579},"msg":"incoming request"}
@avlp/api:dev: {"timestamp":"2026-10-02T09:46:58.544Z","level":"info","event":"api.request_received","fields":{"correlationId":"01a0fc02-8470-7668-afd2-b570b1d6e7ea","method":"GET","route":"/projects/:projectId/renders","service":"api"}}
@avlp/api:dev: {"level":30,"time":1790934418574,"pid":15536,"hostname":"DESKTOP-HQ6B2T1","reqId":"req-g3","res":{"statusCode":200},"responseTime":30.249499999918044,"msg":"request completed"}
@avlp/api:dev: {"level":30,"time":1790934427541,"pid":15536,"hostname":"DESKTOP-HQ6B2T1","reqId":"req-g4","req":{"method":"GET","url":"[REDACTED]","host":"localhost:3001","remoteAddress":"127.0.0.1","remotePort":64579},"msg":"incoming request"}
@avlp/api:dev: {"timestamp":"2026-10-02T09:47:07.542Z","level":"info","event":"api.request_received","fields":{"correlationId":"01a0fc02-a796-7789-91bc-17aa4152bae8","method":"GET","route":"/projects/:projectId/renders","service":"api"}}
@avlp/api:dev: {"level":30,"time":1790934427574,"pid":15536,"hostname":"DESKTOP-HQ6B2T1","reqId":"req-g4","res":{"statusCode":200},"responseTime":32.32319999951869,"msg":"request completed"}
@avlp/api:dev: {"level":30,"time":1790934436540,"pid":15536,"hostname":"DESKTOP-HQ6B2T1","reqId":"req-g5","req":{"method":"GET","url":"[REDACTED]","host":"localhost:3001","remoteAddress":"127.0.0.1","remotePort":64579},"msg":"incoming request"}
@avlp/api:dev: {"timestamp":"2026-10-02T09:47:16.541Z","level":"info","event":"api.request_received","fields":{"correlationId":"01a0fc02-cabd-79fc-9bfc-1cf727a5ae73","method":"GET","route":"/projects/:projectId/renders","service":"api"}}
@avlp/api:dev: {"level":30,"time":1790934436571,"pid":15536,"hostname":"DESKTOP-HQ6B2T1","reqId":"req-g5","res":{"statusCode":200},"responseTime":30.53899999987334,"msg":"request completed"}
@avlp/api:dev: {"level":30,"time":1790934445537,"pid":15536,"hostname":"DESKTOP-HQ6B2T1","reqId":"req-g6","req":{"method":"GET","url":"[REDACTED]","host":"localhost:3001","remoteAddress":"127.0.0.1","remotePort":64579},"msg":"incoming request"}
@avlp/api:dev: {"timestamp":"2026-10-02T09:47:25.537Z","level":"info","event":"api.request_received","fields":{"correlationId":"01a0fc02-ede1-7d9b-b76f-81ae1652a867","method":"GET","route":"/projects/:projectId/renders","service":"api"}}
@avlp/api:dev: {"level":30,"time":1790934445565,"pid":15536,"hostname":"DESKTOP-HQ6B2T1","reqId":"req-g6","res":{"statusCode":200},"responseTime":28.72179999947548,"msg":"request completed"}
@avlp/api:dev: {"level":30,"time":1790934454540,"pid":15536,"hostname":"DESKTOP-HQ6B2T1","reqId":"req-g7","req":{"method":"GET","url":"[REDACTED]","host":"localhost:3001","remoteAddress":"127.0.0.1","remotePort":64579},"msg":"incoming request"}
@avlp/api:dev: {"timestamp":"2026-10-02T09:47:34.540Z","level":"info","event":"api.request_received","fields":{"correlationId":"01a0fc03-110c-72be-8303-8c5804b5e8de","method":"GET","route":"/projects/:projectId/renders","service":"api"}}
@avlp/api:dev: {"level":30,"time":1790934454570,"pid":15536,"hostname":"DESKTOP-HQ6B2T1","reqId":"req-g7","res":{"statusCode":200},"responseTime":30.358599999919534,"msg":"request completed"}
@avlp/api:dev: {"level":30,"time":1790934463531,"pid":15536,"hostname":"DESKTOP-HQ6B2T1","reqId":"req-g8","req":{"method":"GET","url":"[REDACTED]","host":"localhost:3001","remoteAddress":"127.0.0.1","remotePort":64579},"msg":"incoming request"}
@avlp/api:dev: {"timestamp":"2026-10-02T09:47:43.532Z","level":"info","event":"api.request_received","fields":{"correlationId":"01a0fc03-342b-745b-89e7-e81901970879","method":"GET","route":"/projects/:projectId/renders","service":"api"}}
@avlp/api:dev: {"level":30,"time":1790934463561,"pid":15536,"hostname":"DESKTOP-HQ6B2T1","reqId":"req-g8","res":{"statusCode":200},"responseTime":29.855299999937415,"msg":"request completed"}
@avlp/api:dev: {"level":30,"time":1790934472545,"pid":15536,"hostname":"DESKTOP-HQ6B2T1","reqId":"req-g9","req":{"method":"GET","url":"[REDACTED]","host":"localhost:3001","remoteAddress":"127.0.0.1","remotePort":64579},"msg":"incoming request"}
@avlp/api:dev: {"timestamp":"2026-10-02T09:47:52.545Z","level":"info","event":"api.request_received","fields":{"correlationId":"01a0fc03-5761-783c-9fd5-242d2135f2c2","method":"GET","route":"/projects/:projectId/renders","service":"api"}}
@avlp/api:dev: {"level":30,"time":1790934472574,"pid":15536,"hostname":"DESKTOP-HQ6B2T1","reqId":"req-g9","res":{"statusCode":200},"responseTime":29.192800000309944,"msg":"request completed"}
@avlp/api:dev: {"level":30,"time":1790934481546,"pid":15536,"hostname":"DESKTOP-HQ6B2T1","reqId":"req-ga","req":{"method":"GET","url":"[REDACTED]","host":"localhost:3001","remoteAddress":"127.0.0.1","remotePort":64579},"msg":"incoming request"}
@avlp/api:dev: {"timestamp":"2026-10-02T09:48:01.546Z","level":"info","event":"api.request_received","fields":{"correlationId":"01a0fc03-7a8a-7517-9492-9f7bf5c5d17c","method":"GET","route":"/projects/:projectId/renders","service":"api"}}
@avlp/api:dev: {"level":30,"time":1790934481575,"pid":15536,"hostname":"DESKTOP-HQ6B2T1","reqId":"req-ga","res":{"statusCode":200},"responseTime":29.2843000004068,"msg":"request completed"}
@avlp/api:dev: {"level":30,"time":1790934490537,"pid":15536,"hostname":"DESKTOP-HQ6B2T1","reqId":"req-gb","req":{"method":"GET","url":"[REDACTED]","host":"localhost:3001","remoteAddress":"127.0.0.1","remotePort":64579},"msg":"incoming request"}
@avlp/api:dev: {"timestamp":"2026-10-02T09:48:10.538Z","level":"info","event":"api.request_received","fields":{"correlationId":"01a0fc03-9daa-7b96-9eda-ba4604ee1e2c","method":"GET","route":"/projects/:projectId/renders","service":"api"}}
@avlp/api:dev: {"level":30,"time":1790934490569,"pid":15536,"hostname":"DESKTOP-HQ6B2T1","reqId":"req-gb","res":{"statusCode":200},"responseTime":31.32850000075996,"msg":"request completed"}
@avlp/api:dev: {"level":30,"time":1790934499537,"pid":15536,"hostname":"DESKTOP-HQ6B2T1","reqId":"req-gc","req":{"method":"GET","url":"[REDACTED]","host":"localhost:3001","remoteAddress":"127.0.0.1","remotePort":64579},"msg":"incoming request"}
@avlp/api:dev: {"timestamp":"2026-10-02T09:48:19.537Z","level":"info","event":"api.request_received","fields":{"correlationId":"01a0fc03-c0d1-7f0d-9251-a3ecad934421","method":"GET","route":"/projects/:projectId/renders","service":"api"}}
@avlp/api:dev: {"level":30,"time":1790934499562,"pid":15536,"hostname":"DESKTOP-HQ6B2T1","reqId":"req-gc","res":{"statusCode":200},"responseTime":24.512099999934435,"msg":"request completed"}
@avlp/api:dev: {"level":30,"time":1790934508538,"pid":15536,"hostname":"DESKTOP-HQ6B2T1","reqId":"req-gd","req":{"method":"GET","url":"[REDACTED]","host":"localhost:3001","remoteAddress":"127.0.0.1","remotePort":64579},"msg":"incoming request"}
@avlp/api:dev: {"timestamp":"2026-10-02T09:48:28.538Z","level":"info","event":"api.request_received","fields":{"correlationId":"01a0fc03-e3fa-704f-8598-efe58887fda2","method":"GET","route":"/projects/:projectId/renders","service":"api"}}
@avlp/api:dev: {"level":30,"time":1790934508577,"pid":15536,"hostname":"DESKTOP-HQ6B2T1","reqId":"req-gd","res":{"statusCode":200},"responseTime":39.56519999913871,"msg":"request completed"}
@avlp/api:dev: {"level":30,"time":1790934517532,"pid":15536,"hostname":"DESKTOP-HQ6B2T1","reqId":"req-ge","req":{"method":"GET","url":"[REDACTED]","host":"localhost:3001","remoteAddress":"127.0.0.1","remotePort":64579},"msg":"incoming request"}
@avlp/api:dev: {"timestamp":"2026-10-02T09:48:37.533Z","level":"info","event":"api.request_received","fields":{"correlationId":"01a0fc04-071c-77ea-8c69-43d251864b0a","method":"GET","route":"/projects/:projectId/renders","service":"api"}}
@avlp/api:dev: {"level":30,"time":1790934517563,"pid":15536,"hostname":"DESKTOP-HQ6B2T1","reqId":"req-ge","res":{"statusCode":200},"responseTime":30.432700000703335,"msg":"request completed"}
@avlp/api:dev: {"level":30,"time":1790934526531,"pid":15536,"hostname":"DESKTOP-HQ6B2T1","reqId":"req-gf","req":{"method":"GET","url":"[REDACTED]","host":"localhost:3001","remoteAddress":"127.0.0.1","remotePort":64579},"msg":"incoming request"}
@avlp/api:dev: {"timestamp":"2026-10-02T09:48:46.532Z","level":"info","event":"api.request_received","fields":{"correlationId":"01a0fc04-2a43-771b-b69b-d3d177d73dab","method":"GET","route":"/projects/:projectId/renders","service":"api"}}
@avlp/api:dev: {"level":30,"time":1790934526561,"pid":15536,"hostname":"DESKTOP-HQ6B2T1","reqId":"req-gf","res":{"statusCode":200},"responseTime":30.05379999987781,"msg":"request completed"}
@avlp/api:dev: {"level":30,"time":1790934535540,"pid":15536,"hostname":"DESKTOP-HQ6B2T1","reqId":"req-gg","req":{"method":"GET","url":"[REDACTED]","host":"localhost:3001","remoteAddress":"127.0.0.1","remotePort":64579},"msg":"incoming request"}
@avlp/api:dev: {"timestamp":"2026-10-02T09:48:55.540Z","level":"info","event":"api.request_received","fields":{"correlationId":"01a0fc04-4d74-7c1e-b10c-1c30bb7a15dc","method":"GET","route":"/projects/:projectId/renders","service":"api"}}
@avlp/api:dev: {"level":30,"time":1790934535570,"pid":15536,"hostname":"DESKTOP-HQ6B2T1","reqId":"req-gg","res":{"statusCode":200},"responseTime":29.938399999402463,"msg":"request completed"}
@avlp/api:dev: {"level":30,"time":1790934544541,"pid":15536,"hostname":"DESKTOP-HQ6B2T1","reqId":"req-gh","req":{"method":"GET","url":"[REDACTED]","host":"localhost:3001","remoteAddress":"127.0.0.1","remotePort":64579},"msg":"incoming request"}
@avlp/api:dev: {"timestamp":"2026-10-02T09:49:04.542Z","level":"info","event":"api.request_received","fields":{"correlationId":"01a0fc04-709e-79f0-bb9b-4835225e88e6","method":"GET","route":"/projects/:projectId/renders","service":"api"}}
@avlp/api:dev: {"level":30,"time":1790934544570,"pid":15536,"hostname":"DESKTOP-HQ6B2T1","reqId":"req-gh","res":{"statusCode":200},"responseTime":28.700699999928474,"msg":"request completed"}
@avlp/api:dev: {"level":30,"time":1790934553534,"pid":15536,"hostname":"DESKTOP-HQ6B2T1","reqId":"req-gi","req":{"method":"GET","url":"[REDACTED]","host":"localhost:3001","remoteAddress":"127.0.0.1","remotePort":64579},"msg":"incoming request"}
@avlp/api:dev: {"timestamp":"2026-10-02T09:49:13.535Z","level":"info","event":"api.request_received","fields":{"correlationId":"01a0fc04-93bf-7fca-99af-e8b371e8e804","method":"GET","route":"/projects/:projectId/renders","service":"api"}}
@avlp/api:dev: {"level":30,"time":1790934553577,"pid":15536,"hostname":"DESKTOP-HQ6B2T1","reqId":"req-gi","res":{"statusCode":200},"responseTime":42.35830000042915,"msg":"request completed"}
@avlp/api:dev: {"level":30,"time":1790934562539,"pid":15536,"hostname":"DESKTOP-HQ6B2T1","reqId":"req-gj","req":{"method":"GET","url":"[REDACTED]","host":"localhost:3001","remoteAddress":"127.0.0.1","remotePort":64579},"msg":"incoming request"}
@avlp/api:dev: {"timestamp":"2026-10-02T09:49:22.539Z","level":"info","event":"api.request_received","fields":{"correlationId":"01a0fc04-b6eb-7365-a08f-aa98ec68e663","method":"GET","route":"/projects/:projectId/renders","service":"api"}}
@avlp/api:dev: {"level":30,"time":1790934562567,"pid":15536,"hostname":"DESKTOP-HQ6B2T1","reqId":"req-gj","res":{"statusCode":200},"responseTime":28.42519999947399,"msg":"request completed"}
@avlp/api:dev: {"level":30,"time":1790934571536,"pid":15536,"hostname":"DESKTOP-HQ6B2T1","reqId":"req-gk","req":{"method":"GET","url":"[REDACTED]","host":"localhost:3001","remoteAddress":"127.0.0.1","remotePort":64579},"msg":"incoming request"}
@avlp/api:dev: {"timestamp":"2026-10-02T09:49:31.537Z","level":"info","event":"api.request_received","fields":{"correlationId":"01a0fc04-da10-7dfb-8555-298024cc5336","method":"GET","route":"/projects/:projectId/renders","service":"api"}}
@avlp/api:dev: {"level":30,"time":1790934571565,"pid":15536,"hostname":"DESKTOP-HQ6B2T1","reqId":"req-gk","res":{"statusCode":200},"responseTime":29.044999999925494,"msg":"request completed"}
@avlp/api:dev: {"level":30,"time":1790934580539,"pid":15536,"hostname":"DESKTOP-HQ6B2T1","reqId":"req-gl","req":{"method":"GET","url":"[REDACTED]","host":"localhost:3001","remoteAddress":"127.0.0.1","remotePort":64579},"msg":"incoming request"}
@avlp/api:dev: {"timestamp":"2026-10-02T09:49:40.539Z","level":"info","event":"api.request_received","fields":{"correlationId":"01a0fc04-fd3b-7b73-b939-de9fe6626544","method":"GET","route":"/projects/:projectId/renders","service":"api"}}
@avlp/api:dev: {"level":30,"time":1790934580567,"pid":15536,"hostname":"DESKTOP-HQ6B2T1","reqId":"req-gl","res":{"statusCode":200},"responseTime":27.598000000230968,"msg":"request completed"}
@avlp/api:dev: {"level":30,"time":1790934589545,"pid":15536,"hostname":"DESKTOP-HQ6B2T1","reqId":"req-gm","req":{"method":"GET","url":"[REDACTED]","host":"localhost:3001","remoteAddress":"127.0.0.1","remotePort":64579},"msg":"incoming request"}
@avlp/api:dev: {"timestamp":"2026-10-02T09:49:49.545Z","level":"info","event":"api.request_received","fields":{"correlationId":"01a0fc05-2069-7977-893a-252f5940ac5e","method":"GET","route":"/projects/:projectId/renders","service":"api"}}
@avlp/api:dev: {"level":30,"time":1790934589573,"pid":15536,"hostname":"DESKTOP-HQ6B2T1","reqId":"req-gm","res":{"statusCode":200},"responseTime":28.549999999813735,"msg":"request completed"}
@avlp/api:dev: {"level":30,"time":1790934598533,"pid":15536,"hostname":"DESKTOP-HQ6B2T1","reqId":"req-gn","req":{"method":"GET","url":"[REDACTED]","host":"localhost:3001","remoteAddress":"127.0.0.1","remotePort":64579},"msg":"incoming request"}
@avlp/api:dev: {"timestamp":"2026-10-02T09:49:58.534Z","level":"info","event":"api.request_received","fields":{"correlationId":"01a0fc05-4385-7475-b2f6-2fb40dc340fa","method":"GET","route":"/projects/:projectId/renders","service":"api"}}
@avlp/api:dev: {"level":30,"time":1790934598564,"pid":15536,"hostname":"DESKTOP-HQ6B2T1","reqId":"req-gn","res":{"statusCode":200},"responseTime":30.2992000002414,"msg":"request completed"}
@avlp/api:dev: {"level":30,"time":1790934607533,"pid":15536,"hostname":"DESKTOP-HQ6B2T1","reqId":"req-go","req":{"method":"GET","url":"[REDACTED]","host":"localhost:3001","remoteAddress":"127.0.0.1","remotePort":64579},"msg":"incoming request"}
@avlp/api:dev: {"timestamp":"2026-10-02T09:50:07.533Z","level":"info","event":"api.request_received","fields":{"correlationId":"01a0fc05-66ad-7279-8a03-c0ccc53badc3","method":"GET","route":"/projects/:projectId/renders","service":"api"}}
@avlp/api:dev: {"level":30,"time":1790934607562,"pid":15536,"hostname":"DESKTOP-HQ6B2T1","reqId":"req-go","res":{"statusCode":200},"responseTime":29.21629999950528,"msg":"request completed"}
@avlp/api:dev: {"level":30,"time":1790934616537,"pid":15536,"hostname":"DESKTOP-HQ6B2T1","reqId":"req-gp","req":{"method":"GET","url":"[REDACTED]","host":"localhost:3001","remoteAddress":"127.0.0.1","remotePort":63207},"msg":"incoming request"}
@avlp/api:dev: {"timestamp":"2026-10-02T09:50:16.538Z","level":"info","event":"api.request_received","fields":{"correlationId":"01a0fc05-89da-7772-8c9d-90fffce479e4","method":"GET","route":"/projects/:projectId/renders","service":"api"}}
@avlp/api:dev: {"level":30,"time":1790934616570,"pid":15536,"hostname":"DESKTOP-HQ6B2T1","reqId":"req-gp","res":{"statusCode":200},"responseTime":32.543200000189245,"msg":"request completed"}
@avlp/api:dev: {"level":30,"time":1790934625543,"pid":15536,"hostname":"DESKTOP-HQ6B2T1","reqId":"req-gq","req":{"method":"GET","url":"[REDACTED]","host":"localhost:3001","remoteAddress":"127.0.0.1","remotePort":63207},"msg":"incoming request"}
@avlp/api:dev: {"timestamp":"2026-10-02T09:50:25.543Z","level":"info","event":"api.request_received","fields":{"correlationId":"01a0fc05-ad07-7e2f-9d70-17df317ae105","method":"GET","route":"/projects/:projectId/renders","service":"api"}}
@avlp/api:dev: {"level":30,"time":1790934625573,"pid":15536,"hostname":"DESKTOP-HQ6B2T1","reqId":"req-gq","res":{"statusCode":200},"responseTime":30.491899999789894,"msg":"request completed"}
@avlp/api:dev: {"level":30,"time":1790934634533,"pid":15536,"hostname":"DESKTOP-HQ6B2T1","reqId":"req-gr","req":{"method":"GET","url":"[REDACTED]","host":"localhost:3001","remoteAddress":"127.0.0.1","remotePort":63207},"msg":"incoming request"}
@avlp/api:dev: {"timestamp":"2026-10-02T09:50:34.534Z","level":"info","event":"api.request_received","fields":{"correlationId":"01a0fc05-d026-7457-b8fa-c6ac144bcf97","method":"GET","route":"/projects/:projectId/renders","service":"api"}}
@avlp/api:dev: {"level":30,"time":1790934634565,"pid":15536,"hostname":"DESKTOP-HQ6B2T1","reqId":"req-gr","res":{"statusCode":200},"responseTime":31.76009999960661,"msg":"request completed"}
@avlp/api:dev: {"level":30,"time":1790934643533,"pid":15536,"hostname":"DESKTOP-HQ6B2T1","reqId":"req-gs","req":{"method":"GET","url":"[REDACTED]","host":"localhost:3001","remoteAddress":"127.0.0.1","remotePort":63207},"msg":"incoming request"}
@avlp/api:dev: {"timestamp":"2026-10-02T09:50:43.533Z","level":"info","event":"api.request_received","fields":{"correlationId":"01a0fc05-f34d-73e5-8c35-b0b73a56286d","method":"GET","route":"/projects/:projectId/renders","service":"api"}}
@avlp/api:dev: {"level":30,"time":1790934643562,"pid":15536,"hostname":"DESKTOP-HQ6B2T1","reqId":"req-gs","res":{"statusCode":200},"responseTime":28.8086000001058,"msg":"request completed"}
@avlp/api:dev: {"level":30,"time":1790934652540,"pid":15536,"hostname":"DESKTOP-HQ6B2T1","reqId":"req-gt","req":{"method":"GET","url":"[REDACTED]","host":"localhost:3001","remoteAddress":"127.0.0.1","remotePort":63207},"msg":"incoming request"}
@avlp/api:dev: {"timestamp":"2026-10-02T09:50:52.541Z","level":"info","event":"api.request_received","fields":{"correlationId":"01a0fc06-167c-7d5b-aa40-e2a59f4d6037","method":"GET","route":"/projects/:projectId/renders","service":"api"}}
@avlp/api:dev: {"level":30,"time":1790934652578,"pid":15536,"hostname":"DESKTOP-HQ6B2T1","reqId":"req-gt","res":{"statusCode":200},"responseTime":37.4031999995932,"msg":"request completed"}
@avlp/api:dev: {"level":30,"time":1790934661539,"pid":15536,"hostname":"DESKTOP-HQ6B2T1","reqId":"req-gu","req":{"method":"GET","url":"[REDACTED]","host":"localhost:3001","remoteAddress":"127.0.0.1","remotePort":63207},"msg":"incoming request"}
@avlp/api:dev: {"timestamp":"2026-10-02T09:51:01.540Z","level":"info","event":"api.request_received","fields":{"correlationId":"01a0fc06-39a3-7113-9258-3c89b1612a6c","method":"GET","route":"/projects/:projectId/renders","service":"api"}}
@avlp/api:dev: {"level":30,"time":1790934661568,"pid":15536,"hostname":"DESKTOP-HQ6B2T1","reqId":"req-gu","res":{"statusCode":200},"responseTime":28.860799999907613,"msg":"request completed"}
@avlp/api:dev: {"level":30,"time":1790934670533,"pid":15536,"hostname":"DESKTOP-HQ6B2T1","reqId":"req-gv","req":{"method":"GET","url":"[REDACTED]","host":"localhost:3001","remoteAddress":"127.0.0.1","remotePort":63207},"msg":"incoming request"}
@avlp/api:dev: {"timestamp":"2026-10-02T09:51:10.534Z","level":"info","event":"api.request_received","fields":{"correlationId":"01a0fc06-5cc5-779a-95f2-bc7090e86120","method":"GET","route":"/projects/:projectId/renders","service":"api"}}
@avlp/api:dev: {"level":30,"time":1790934670563,"pid":15536,"hostname":"DESKTOP-HQ6B2T1","reqId":"req-gv","res":{"statusCode":200},"responseTime":29.704700000584126,"msg":"request completed"}
@avlp/api:dev: {"level":30,"time":1790934679543,"pid":15536,"hostname":"DESKTOP-HQ6B2T1","reqId":"req-gw","req":{"method":"GET","url":"[REDACTED]","host":"localhost:3001","remoteAddress":"127.0.0.1","remotePort":63207},"msg":"incoming request"}
@avlp/api:dev: {"timestamp":"2026-10-02T09:51:19.543Z","level":"info","event":"api.request_received","fields":{"correlationId":"01a0fc06-7ff7-7619-8427-eb1f05662973","method":"GET","route":"/projects/:projectId/renders","service":"api"}}
@avlp/api:dev: {"level":30,"time":1790934679572,"pid":15536,"hostname":"DESKTOP-HQ6B2T1","reqId":"req-gw","res":{"statusCode":200},"responseTime":28.312300000339746,"msg":"request completed"}
@avlp/api:dev: {"level":30,"time":1790934688543,"pid":15536,"hostname":"DESKTOP-HQ6B2T1","reqId":"req-gx","req":{"method":"GET","url":"[REDACTED]","host":"localhost:3001","remoteAddress":"127.0.0.1","remotePort":63207},"msg":"incoming request"}
@avlp/api:dev: {"timestamp":"2026-10-02T09:51:28.544Z","level":"info","event":"api.request_received","fields":{"correlationId":"01a0fc06-a31f-7828-9b8c-e40c8845a54a","method":"GET","route":"/projects/:projectId/renders","service":"api"}}
@avlp/api:dev: {"level":30,"time":1790934688574,"pid":15536,"hostname":"DESKTOP-HQ6B2T1","reqId":"req-gx","res":{"statusCode":200},"responseTime":30.98410000000149,"msg":"request completed"}
@avlp/api:dev: {"level":30,"time":1790934697533,"pid":15536,"hostname":"DESKTOP-HQ6B2T1","reqId":"req-gy","req":{"method":"GET","url":"[REDACTED]","host":"localhost:3001","remoteAddress":"127.0.0.1","remotePort":63207},"msg":"incoming request"}
@avlp/api:dev: {"timestamp":"2026-10-02T09:51:37.533Z","level":"info","event":"api.request_received","fields":{"correlationId":"01a0fc06-c63d-789a-a7bc-38aeec3d24cd","method":"GET","route":"/projects/:projectId/renders","service":"api"}}
@avlp/api:dev: {"level":30,"time":1790934697562,"pid":15536,"hostname":"DESKTOP-HQ6B2T1","reqId":"req-gy","res":{"statusCode":200},"responseTime":29.150099999271333,"msg":"request completed"}
@avlp/api:dev: {"level":30,"time":1790934706534,"pid":15536,"hostname":"DESKTOP-HQ6B2T1","reqId":"req-gz","req":{"method":"GET","url":"[REDACTED]","host":"localhost:3001","remoteAddress":"127.0.0.1","remotePort":63207},"msg":"incoming request"}
@avlp/api:dev: {"timestamp":"2026-10-02T09:51:46.534Z","level":"info","event":"api.request_received","fields":{"correlationId":"01a0fc06-e966-7aec-9c94-24f798878103","method":"GET","route":"/projects/:projectId/renders","service":"api"}}
@avlp/api:dev: {"level":30,"time":1790934706569,"pid":15536,"hostname":"DESKTOP-HQ6B2T1","reqId":"req-gz","res":{"statusCode":200},"responseTime":35.290300000458956,"msg":"request completed"}
@avlp/api:dev: {"level":30,"time":1790934715534,"pid":15536,"hostname":"DESKTOP-HQ6B2T1","reqId":"req-h0","req":{"method":"GET","url":"[REDACTED]","host":"localhost:3001","remoteAddress":"127.0.0.1","remotePort":63207},"msg":"incoming request"}
@avlp/api:dev: {"timestamp":"2026-10-02T09:51:55.535Z","level":"info","event":"api.request_received","fields":{"correlationId":"01a0fc07-0c8e-7415-8ce1-e165ae23876c","method":"GET","route":"/projects/:projectId/renders","service":"api"}}
@avlp/api:dev: {"level":30,"time":1790934715567,"pid":15536,"hostname":"DESKTOP-HQ6B2T1","reqId":"req-h0","res":{"statusCode":200},"responseTime":32.86210000049323,"msg":"request completed"}
@avlp/api:dev: {"level":30,"time":1790934724533,"pid":15536,"hostname":"DESKTOP-HQ6B2T1","reqId":"req-h1","req":{"method":"GET","url":"[REDACTED]","host":"localhost:3001","remoteAddress":"127.0.0.1","remotePort":63207},"msg":"incoming request"}
@avlp/api:dev: {"timestamp":"2026-10-02T09:52:04.533Z","level":"info","event":"api.request_received","fields":{"correlationId":"01a0fc07-2fb5-7619-a71e-719f9a2b4c00","method":"GET","route":"/projects/:projectId/renders","service":"api"}}
@avlp/api:dev: {"level":30,"time":1790934724564,"pid":15536,"hostname":"DESKTOP-HQ6B2T1","reqId":"req-h1","res":{"statusCode":200},"responseTime":31.691199999302626,"msg":"request completed"}
@avlp/api:dev: {"level":30,"time":1790934733541,"pid":15536,"hostname":"DESKTOP-HQ6B2T1","reqId":"req-h2","req":{"method":"GET","url":"[REDACTED]","host":"localhost:3001","remoteAddress":"127.0.0.1","remotePort":63207},"msg":"incoming request"}
@avlp/api:dev: {"timestamp":"2026-10-02T09:52:13.542Z","level":"info","event":"api.request_received","fields":{"correlationId":"01a0fc07-52e5-7429-954b-5d8db2ed940a","method":"GET","route":"/projects/:projectId/renders","service":"api"}}
@avlp/api:dev: {"level":30,"time":1790934733571,"pid":15536,"hostname":"DESKTOP-HQ6B2T1","reqId":"req-h2","res":{"statusCode":200},"responseTime":29.83960000053048,"msg":"request completed"}
@avlp/api:dev: {"level":30,"time":1790934742531,"pid":15536,"hostname":"DESKTOP-HQ6B2T1","reqId":"req-h3","req":{"method":"GET","url":"[REDACTED]","host":"localhost:3001","remoteAddress":"127.0.0.1","remotePort":63207},"msg":"incoming request"}
@avlp/api:dev: {"timestamp":"2026-10-02T09:52:22.531Z","level":"info","event":"api.request_received","fields":{"correlationId":"01a0fc07-7603-72b9-ba59-8d4b6653078e","method":"GET","route":"/projects/:projectId/renders","service":"api"}}
@avlp/api:dev: {"level":30,"time":1790934742559,"pid":15536,"hostname":"DESKTOP-HQ6B2T1","reqId":"req-h3","res":{"statusCode":200},"responseTime":28.156700000166893,"msg":"request completed"}
@avlp/api:dev: {"level":30,"time":1790934751530,"pid":15536,"hostname":"DESKTOP-HQ6B2T1","reqId":"req-h4","req":{"method":"GET","url":"[REDACTED]","host":"localhost:3001","remoteAddress":"127.0.0.1","remotePort":63207},"msg":"incoming request"}
@avlp/api:dev: {"timestamp":"2026-10-02T09:52:31.530Z","level":"info","event":"api.request_received","fields":{"correlationId":"01a0fc07-992a-7701-b57a-0641019251c8","method":"GET","route":"/projects/:projectId/renders","service":"api"}}
@avlp/api:dev: {"level":30,"time":1790934751560,"pid":15536,"hostname":"DESKTOP-HQ6B2T1","reqId":"req-h4","res":{"statusCode":200},"responseTime":29.801699999719858,"msg":"request completed"}
@avlp/api:dev: {"level":30,"time":1790934760537,"pid":15536,"hostname":"DESKTOP-HQ6B2T1","reqId":"req-h5","req":{"method":"GET","url":"[REDACTED]","host":"localhost:3001","remoteAddress":"127.0.0.1","remotePort":63207},"msg":"incoming request"}
@avlp/api:dev: {"timestamp":"2026-10-02T09:52:40.538Z","level":"info","event":"api.request_received","fields":{"correlationId":"01a0fc07-bc59-72dd-935e-a90e0ba0cf75","method":"GET","route":"/projects/:projectId/renders","service":"api"}}
@avlp/api:dev: {"level":30,"time":1790934760564,"pid":15536,"hostname":"DESKTOP-HQ6B2T1","reqId":"req-h5","res":{"statusCode":200},"responseTime":27.04039999935776,"msg":"request completed"}
@avlp/api:dev: {"level":30,"time":1790934769542,"pid":15536,"hostname":"DESKTOP-HQ6B2T1","reqId":"req-h6","req":{"method":"GET","url":"[REDACTED]","host":"localhost:3001","remoteAddress":"127.0.0.1","remotePort":63207},"msg":"incoming request"}
@avlp/api:dev: {"timestamp":"2026-10-02T09:52:49.542Z","level":"info","event":"api.request_received","fields":{"correlationId":"01a0fc07-df86-71ed-8086-9a31f54d57f3","method":"GET","route":"/projects/:projectId/renders","service":"api"}}
@avlp/api:dev: {"level":30,"time":1790934769573,"pid":15536,"hostname":"DESKTOP-HQ6B2T1","reqId":"req-h6","res":{"statusCode":200},"responseTime":30.71710000000894,"msg":"request completed"}
@avlp/api:dev: {"level":30,"time":1790934778539,"pid":15536,"hostname":"DESKTOP-HQ6B2T1","reqId":"req-h7","req":{"method":"GET","url":"[REDACTED]","host":"localhost:3001","remoteAddress":"127.0.0.1","remotePort":63207},"msg":"incoming request"}
@avlp/api:dev: {"timestamp":"2026-10-02T09:52:58.539Z","level":"info","event":"api.request_received","fields":{"correlationId":"01a0fc08-02ab-71c7-b40e-1b135241bb47","method":"GET","route":"/projects/:projectId/renders","service":"api"}}
@avlp/api:dev: {"level":30,"time":1790934778570,"pid":15536,"hostname":"DESKTOP-HQ6B2T1","reqId":"req-h7","res":{"statusCode":200},"responseTime":30.99320000037551,"msg":"request completed"}
@avlp/api:dev: {"level":30,"time":1790934787532,"pid":15536,"hostname":"DESKTOP-HQ6B2T1","reqId":"req-h8","req":{"method":"GET","url":"[REDACTED]","host":"localhost:3001","remoteAddress":"127.0.0.1","remotePort":63207},"msg":"incoming request"}
@avlp/api:dev: {"timestamp":"2026-10-02T09:53:07.533Z","level":"info","event":"api.request_received","fields":{"correlationId":"01a0fc08-25cd-76a9-a0df-bc7964a56ef9","method":"GET","route":"/projects/:projectId/renders","service":"api"}}
@avlp/api:dev: {"level":30,"time":1790934787562,"pid":15536,"hostname":"DESKTOP-HQ6B2T1","reqId":"req-h8","res":{"statusCode":200},"responseTime":29.46279999986291,"msg":"request completed"}
@avlp/api:dev: {"level":30,"time":1790934796532,"pid":15536,"hostname":"DESKTOP-HQ6B2T1","reqId":"req-h9","req":{"method":"GET","url":"[REDACTED]","host":"localhost:3001","remoteAddress":"127.0.0.1","remotePort":63207},"msg":"incoming request"}
@avlp/api:dev: {"timestamp":"2026-10-02T09:53:16.532Z","level":"info","event":"api.request_received","fields":{"correlationId":"01a0fc08-48f4-7c5f-812c-0d9c39ce8b5a","method":"GET","route":"/projects/:projectId/renders","service":"api"}}
@avlp/api:dev: {"level":30,"time":1790934796560,"pid":15536,"hostname":"DESKTOP-HQ6B2T1","reqId":"req-h9","res":{"statusCode":200},"responseTime":28.215600000694394,"msg":"request completed"}
@avlp/api:dev: {"level":30,"time":1790934805538,"pid":15536,"hostname":"DESKTOP-HQ6B2T1","reqId":"req-ha","req":{"method":"GET","url":"[REDACTED]","host":"localhost:3001","remoteAddress":"127.0.0.1","remotePort":63207},"msg":"incoming request"}
@avlp/api:dev: {"timestamp":"2026-10-02T09:53:25.538Z","level":"info","event":"api.request_received","fields":{"correlationId":"01a0fc08-6c22-700b-b272-e45494b3552e","method":"GET","route":"/projects/:projectId/renders","service":"api"}}
@avlp/api:dev: {"level":30,"time":1790934805570,"pid":15536,"hostname":"DESKTOP-HQ6B2T1","reqId":"req-ha","res":{"statusCode":200},"responseTime":31.406999999657273,"msg":"request completed"}
@avlp/api:dev: {"level":30,"time":1790934814534,"pid":15536,"hostname":"DESKTOP-HQ6B2T1","reqId":"req-hb","req":{"method":"GET","url":"[REDACTED]","host":"localhost:3001","remoteAddress":"127.0.0.1","remotePort":63207},"msg":"incoming request"}
@avlp/api:dev: {"timestamp":"2026-10-02T09:53:34.534Z","level":"info","event":"api.request_received","fields":{"correlationId":"01a0fc08-8f46-7d59-8b91-46d59833fd78","method":"GET","route":"/projects/:projectId/renders","service":"api"}}
@avlp/api:dev: {"level":30,"time":1790934814566,"pid":15536,"hostname":"DESKTOP-HQ6B2T1","reqId":"req-hb","res":{"statusCode":200},"responseTime":31.955399999395013,"msg":"request completed"}
@avlp/api:dev: {"level":30,"time":1790934823529,"pid":15536,"hostname":"DESKTOP-HQ6B2T1","reqId":"req-hc","req":{"method":"GET","url":"[REDACTED]","host":"localhost:3001","remoteAddress":"127.0.0.1","remotePort":63207},"msg":"incoming request"}
@avlp/api:dev: {"timestamp":"2026-10-02T09:53:43.530Z","level":"info","event":"api.request_received","fields":{"correlationId":"01a0fc08-b269-7b9a-8f74-07f3e3ee491a","method":"GET","route":"/projects/:projectId/renders","service":"api"}}
@avlp/api:dev: {"level":30,"time":1790934823561,"pid":15536,"hostname":"DESKTOP-HQ6B2T1","reqId":"req-hc","res":{"statusCode":200},"responseTime":31.344800000078976,"msg":"request completed"}
@avlp/api:dev: {"level":30,"time":1790934832543,"pid":15536,"hostname":"DESKTOP-HQ6B2T1","reqId":"req-hd","req":{"method":"GET","url":"[REDACTED]","host":"localhost:3001","remoteAddress":"127.0.0.1","remotePort":63207},"msg":"incoming request"}
@avlp/api:dev: {"timestamp":"2026-10-02T09:53:52.543Z","level":"info","event":"api.request_received","fields":{"correlationId":"01a0fc08-d59f-7e5e-bfe6-9051638d9f6f","method":"GET","route":"/projects/:projectId/renders","service":"api"}}
@avlp/api:dev: {"level":30,"time":1790934832573,"pid":15536,"hostname":"DESKTOP-HQ6B2T1","reqId":"req-hd","res":{"statusCode":200},"responseTime":29.46059999987483,"msg":"request completed"}
@avlp/api:dev: {"level":30,"time":1790934841530,"pid":15536,"hostname":"DESKTOP-HQ6B2T1","reqId":"req-he","req":{"method":"GET","url":"[REDACTED]","host":"localhost:3001","remoteAddress":"127.0.0.1","remotePort":63207},"msg":"incoming request"}
@avlp/api:dev: {"timestamp":"2026-10-02T09:54:01.531Z","level":"info","event":"api.request_received","fields":{"correlationId":"01a0fc08-f8ba-7b66-ba12-1637d9192af1","method":"GET","route":"/projects/:projectId/renders","service":"api"}}
@avlp/api:dev: {"level":30,"time":1790934841560,"pid":15536,"hostname":"DESKTOP-HQ6B2T1","reqId":"req-he","res":{"statusCode":200},"responseTime":29.46389999985695,"msg":"request completed"}
@avlp/api:dev: {"level":30,"time":1790934850534,"pid":15536,"hostname":"DESKTOP-HQ6B2T1","reqId":"req-hf","req":{"method":"GET","url":"[REDACTED]","host":"localhost:3001","remoteAddress":"127.0.0.1","remotePort":63207},"msg":"incoming request"}
@avlp/api:dev: {"timestamp":"2026-10-02T09:54:10.534Z","level":"info","event":"api.request_received","fields":{"correlationId":"01a0fc09-1be6-7bc6-9cd9-148dd126333b","method":"GET","route":"/projects/:projectId/renders","service":"api"}}
@avlp/api:dev: {"level":30,"time":1790934850563,"pid":15536,"hostname":"DESKTOP-HQ6B2T1","reqId":"req-hf","res":{"statusCode":200},"responseTime":29.113000000827014,"msg":"request completed"}
@avlp/api:dev: {"level":30,"time":1790934859532,"pid":15536,"hostname":"DESKTOP-HQ6B2T1","reqId":"req-hg","req":{"method":"GET","url":"[REDACTED]","host":"localhost:3001","remoteAddress":"127.0.0.1","remotePort":63207},"msg":"incoming request"}
@avlp/api:dev: {"timestamp":"2026-10-02T09:54:19.532Z","level":"info","event":"api.request_received","fields":{"correlationId":"01a0fc09-3f0c-7122-965f-635a1926cf95","method":"GET","route":"/projects/:projectId/renders","service":"api"}}
@avlp/api:dev: {"level":30,"time":1790934859561,"pid":15536,"hostname":"DESKTOP-HQ6B2T1","reqId":"req-hg","res":{"statusCode":200},"responseTime":28.55790000036359,"msg":"request completed"}
@avlp/api:dev: {"level":30,"time":1790934868537,"pid":15536,"hostname":"DESKTOP-HQ6B2T1","reqId":"req-hh","req":{"method":"GET","url":"[REDACTED]","host":"localhost:3001","remoteAddress":"127.0.0.1","remotePort":63207},"msg":"incoming request"}
@avlp/api:dev: {"timestamp":"2026-10-02T09:54:28.537Z","level":"info","event":"api.request_received","fields":{"correlationId":"01a0fc09-6239-77de-8dec-ea5962300dda","method":"GET","route":"/projects/:projectId/renders","service":"api"}}
@avlp/api:dev: {"level":30,"time":1790934868568,"pid":15536,"hostname":"DESKTOP-HQ6B2T1","reqId":"req-hh","res":{"statusCode":200},"responseTime":31.453000000678003,"msg":"request completed"}
@avlp/api:dev: {"level":30,"time":1790934877539,"pid":15536,"hostname":"DESKTOP-HQ6B2T1","reqId":"req-hi","req":{"method":"GET","url":"[REDACTED]","host":"localhost:3001","remoteAddress":"127.0.0.1","remotePort":63207},"msg":"incoming request"}
@avlp/api:dev: {"timestamp":"2026-10-02T09:54:37.539Z","level":"info","event":"api.request_received","fields":{"correlationId":"01a0fc09-8563-7989-8122-297fe5da3c46","method":"GET","route":"/projects/:projectId/renders","service":"api"}}
@avlp/api:dev: {"level":30,"time":1790934877567,"pid":15536,"hostname":"DESKTOP-HQ6B2T1","reqId":"req-hi","res":{"statusCode":200},"responseTime":27.96680000051856,"msg":"request completed"}
@avlp/api:dev: {"level":30,"time":1790934886542,"pid":15536,"hostname":"DESKTOP-HQ6B2T1","reqId":"req-hj","req":{"method":"GET","url":"[REDACTED]","host":"localhost:3001","remoteAddress":"127.0.0.1","remotePort":63207},"msg":"incoming request"}
@avlp/api:dev: {"timestamp":"2026-10-02T09:54:46.543Z","level":"info","event":"api.request_received","fields":{"correlationId":"01a0fc09-a88e-7434-b197-cbf47b97a82c","method":"GET","route":"/projects/:projectId/renders","service":"api"}}
@avlp/api:dev: {"level":30,"time":1790934886574,"pid":15536,"hostname":"DESKTOP-HQ6B2T1","reqId":"req-hj","res":{"statusCode":200},"responseTime":31.172799999825656,"msg":"request completed"}
@avlp/api:dev: {"level":30,"time":1790934895528,"pid":15536,"hostname":"DESKTOP-HQ6B2T1","reqId":"req-hk","req":{"method":"GET","url":"[REDACTED]","host":"localhost:3001","remoteAddress":"127.0.0.1","remotePort":63207},"msg":"incoming request"}
@avlp/api:dev: {"timestamp":"2026-10-02T09:54:55.529Z","level":"info","event":"api.request_received","fields":{"correlationId":"01a0fc09-cba8-73ed-b5c3-16820ef37d5d","method":"GET","route":"/projects/:projectId/renders","service":"api"}}
@avlp/api:dev: {"level":30,"time":1790934895559,"pid":15536,"hostname":"DESKTOP-HQ6B2T1","reqId":"req-hk","res":{"statusCode":200},"responseTime":30.83589999936521,"msg":"request completed"}
@avlp/api:dev: {"level":30,"time":1790934904530,"pid":15536,"hostname":"DESKTOP-HQ6B2T1","reqId":"req-hl","req":{"method":"GET","url":"[REDACTED]","host":"localhost:3001","remoteAddress":"127.0.0.1","remotePort":63207},"msg":"incoming request"}
@avlp/api:dev: {"timestamp":"2026-10-02T09:55:04.530Z","level":"info","event":"api.request_received","fields":{"correlationId":"01a0fc09-eed2-7d1b-9d1e-72f8599094bb","method":"GET","route":"/projects/:projectId/renders","service":"api"}}
@avlp/api:dev: {"level":30,"time":1790934904558,"pid":15536,"hostname":"DESKTOP-HQ6B2T1","reqId":"req-hl","res":{"statusCode":200},"responseTime":27.725300000049174,"msg":"request completed"}
@avlp/api:dev: {"level":30,"time":1790934913528,"pid":15536,"hostname":"DESKTOP-HQ6B2T1","reqId":"req-hm","req":{"method":"GET","url":"[REDACTED]","host":"localhost:3001","remoteAddress":"127.0.0.1","remotePort":63207},"msg":"incoming request"}
@avlp/api:dev: {"timestamp":"2026-10-02T09:55:13.528Z","level":"info","event":"api.request_received","fields":{"correlationId":"01a0fc0a-11f8-7f51-a314-bb94ed68393b","method":"GET","route":"/projects/:projectId/renders","service":"api"}}
@avlp/api:dev: {"level":30,"time":1790934913557,"pid":15536,"hostname":"DESKTOP-HQ6B2T1","reqId":"req-hm","res":{"statusCode":200},"responseTime":29.06019999925047,"msg":"request completed"}
@avlp/api:dev: {"level":30,"time":1790934922547,"pid":15536,"hostname":"DESKTOP-HQ6B2T1","reqId":"req-hn","req":{"method":"GET","url":"[REDACTED]","host":"localhost:3001","remoteAddress":"127.0.0.1","remotePort":63207},"msg":"incoming request"}
@avlp/api:dev: {"timestamp":"2026-10-02T09:55:22.548Z","level":"info","event":"api.request_received","fields":{"correlationId":"01a0fc0a-3534-761c-82e9-6d69559b7806","method":"GET","route":"/projects/:projectId/renders","service":"api"}}
@avlp/api:dev: {"level":30,"time":1790934922577,"pid":15536,"hostname":"DESKTOP-HQ6B2T1","reqId":"req-hn","res":{"statusCode":200},"responseTime":29.37870000023395,"msg":"request completed"}
@avlp/api:dev: {"level":30,"time":1790934931541,"pid":15536,"hostname":"DESKTOP-HQ6B2T1","reqId":"req-ho","req":{"method":"GET","url":"[REDACTED]","host":"localhost:3001","remoteAddress":"127.0.0.1","remotePort":63207},"msg":"incoming request"}
@avlp/api:dev: {"timestamp":"2026-10-02T09:55:31.542Z","level":"info","event":"api.request_received","fields":{"correlationId":"01a0fc0a-5855-7377-a7c5-9a4a8888bca6","method":"GET","route":"/projects/:projectId/renders","service":"api"}}
@avlp/api:dev: {"level":30,"time":1790934931569,"pid":15536,"hostname":"DESKTOP-HQ6B2T1","reqId":"req-ho","res":{"statusCode":200},"responseTime":27.976300000213087,"msg":"request completed"}
@avlp/api:dev: {"level":30,"time":1790934940539,"pid":15536,"hostname":"DESKTOP-HQ6B2T1","reqId":"req-hp","req":{"method":"GET","url":"[REDACTED]","host":"localhost:3001","remoteAddress":"127.0.0.1","remotePort":63207},"msg":"incoming request"}
@avlp/api:dev: {"timestamp":"2026-10-02T09:55:40.539Z","level":"info","event":"api.request_received","fields":{"correlationId":"01a0fc0a-7b7b-7c07-86de-d4b6c7d1b2cc","method":"GET","route":"/projects/:projectId/renders","service":"api"}}
@avlp/api:dev: {"level":30,"time":1790934940568,"pid":15536,"hostname":"DESKTOP-HQ6B2T1","reqId":"req-hp","res":{"statusCode":200},"responseTime":29.267500000074506,"msg":"request completed"}
@avlp/api:dev: {"level":30,"time":1790934949536,"pid":15536,"hostname":"DESKTOP-HQ6B2T1","reqId":"req-hq","req":{"method":"GET","url":"[REDACTED]","host":"localhost:3001","remoteAddress":"127.0.0.1","remotePort":63207},"msg":"incoming request"}
@avlp/api:dev: {"timestamp":"2026-10-02T09:55:49.537Z","level":"info","event":"api.request_received","fields":{"correlationId":"01a0fc0a-9ea1-7df3-8cd8-036b363fc410","method":"GET","route":"/projects/:projectId/renders","service":"api"}}
@avlp/api:dev: {"level":30,"time":1790934949566,"pid":15536,"hostname":"DESKTOP-HQ6B2T1","reqId":"req-hq","res":{"statusCode":200},"responseTime":29.398400000296533,"msg":"request completed"}
@avlp/api:dev: {"level":30,"time":1790934958530,"pid":15536,"hostname":"DESKTOP-HQ6B2T1","reqId":"req-hr","req":{"method":"GET","url":"[REDACTED]","host":"localhost:3001","remoteAddress":"127.0.0.1","remotePort":63207},"msg":"incoming request"}
@avlp/api:dev: {"timestamp":"2026-10-02T09:55:58.530Z","level":"info","event":"api.request_received","fields":{"correlationId":"01a0fc0a-c1c2-7eb3-b636-e04acf671392","method":"GET","route":"/projects/:projectId/renders","service":"api"}}
@avlp/api:dev: {"level":30,"time":1790934958560,"pid":15536,"hostname":"DESKTOP-HQ6B2T1","reqId":"req-hr","res":{"statusCode":200},"responseTime":29.94429999962449,"msg":"request completed"}
@avlp/api:dev: {"level":30,"time":1790934967537,"pid":15536,"hostname":"DESKTOP-HQ6B2T1","reqId":"req-hs","req":{"method":"GET","url":"[REDACTED]","host":"localhost:3001","remoteAddress":"127.0.0.1","remotePort":63207},"msg":"incoming request"}
@avlp/api:dev: {"timestamp":"2026-10-02T09:56:07.538Z","level":"info","event":"api.request_received","fields":{"correlationId":"01a0fc0a-e4f1-7232-a272-0decf062b87e","method":"GET","route":"/projects/:projectId/renders","service":"api"}}
@avlp/api:dev: {"level":30,"time":1790934967567,"pid":15536,"hostname":"DESKTOP-HQ6B2T1","reqId":"req-hs","res":{"statusCode":200},"responseTime":29.900899999774992,"msg":"request completed"}
@avlp/api:dev: {"level":30,"time":1790934976528,"pid":15536,"hostname":"DESKTOP-HQ6B2T1","reqId":"req-ht","req":{"method":"GET","url":"[REDACTED]","host":"localhost:3001","remoteAddress":"127.0.0.1","remotePort":63207},"msg":"incoming request"}
@avlp/api:dev: {"timestamp":"2026-10-02T09:56:16.529Z","level":"info","event":"api.request_received","fields":{"correlationId":"01a0fc0b-0811-7091-8f03-7645f332d694","method":"GET","route":"/projects/:projectId/renders","service":"api"}}
@avlp/api:dev: {"level":30,"time":1790934976556,"pid":15536,"hostname":"DESKTOP-HQ6B2T1","reqId":"req-ht","res":{"statusCode":200},"responseTime":27.23329999949783,"msg":"request completed"}
@avlp/api:dev: {"level":30,"time":1790934985538,"pid":15536,"hostname":"DESKTOP-HQ6B2T1","reqId":"req-hu","req":{"method":"GET","url":"[REDACTED]","host":"localhost:3001","remoteAddress":"127.0.0.1","remotePort":63207},"msg":"incoming request"}
@avlp/api:dev: {"timestamp":"2026-10-02T09:56:25.538Z","level":"info","event":"api.request_received","fields":{"correlationId":"01a0fc0b-2b42-7139-a1d1-c7484c64e8bd","method":"GET","route":"/projects/:projectId/renders","service":"api"}}
@avlp/api:dev: {"level":30,"time":1790934985571,"pid":15536,"hostname":"DESKTOP-HQ6B2T1","reqId":"req-hu","res":{"statusCode":200},"responseTime":33.34499999973923,"msg":"request completed"}
@avlp/api:dev: {"level":30,"time":1790934994529,"pid":15536,"hostname":"DESKTOP-HQ6B2T1","reqId":"req-hv","req":{"method":"GET","url":"[REDACTED]","host":"localhost:3001","remoteAddress":"127.0.0.1","remotePort":63207},"msg":"incoming request"}
@avlp/api:dev: {"timestamp":"2026-10-02T09:56:34.529Z","level":"info","event":"api.request_received","fields":{"correlationId":"01a0fc0b-4e61-7364-a00e-252d583751d1","method":"GET","route":"/projects/:projectId/renders","service":"api"}}
@avlp/api:dev: {"level":30,"time":1790934994614,"pid":15536,"hostname":"DESKTOP-HQ6B2T1","reqId":"req-hv","res":{"statusCode":200},"responseTime":85.43219999969006,"msg":"request completed"}
@avlp/api:dev: {"level":30,"time":1790935003535,"pid":15536,"hostname":"DESKTOP-HQ6B2T1","reqId":"req-hw","req":{"method":"GET","url":"[REDACTED]","host":"localhost:3001","remoteAddress":"127.0.0.1","remotePort":63207},"msg":"incoming request"}
@avlp/api:dev: {"timestamp":"2026-10-02T09:56:43.535Z","level":"info","event":"api.request_received","fields":{"correlationId":"01a0fc0b-718f-7f2f-bcac-0b118c10fd22","method":"GET","route":"/projects/:projectId/renders","service":"api"}}
@avlp/api:dev: {"level":30,"time":1790935003565,"pid":15536,"hostname":"DESKTOP-HQ6B2T1","reqId":"req-hw","res":{"statusCode":200},"responseTime":30.568400000222027,"msg":"request completed"}
@avlp/api:dev: {"level":30,"time":1790935012530,"pid":15536,"hostname":"DESKTOP-HQ6B2T1","reqId":"req-hx","req":{"method":"GET","url":"[REDACTED]","host":"localhost:3001","remoteAddress":"127.0.0.1","remotePort":63207},"msg":"incoming request"}
@avlp/api:dev: {"timestamp":"2026-10-02T09:56:52.531Z","level":"info","event":"api.request_received","fields":{"correlationId":"01a0fc0b-94b2-7e47-9bc9-33e102b10cac","method":"GET","route":"/projects/:projectId/renders","service":"api"}}
@avlp/api:dev: {"level":30,"time":1790935012561,"pid":15536,"hostname":"DESKTOP-HQ6B2T1","reqId":"req-hx","res":{"statusCode":200},"responseTime":30.30259999912232,"msg":"request completed"}
@avlp/api:dev: {"level":30,"time":1790935021542,"pid":15536,"hostname":"DESKTOP-HQ6B2T1","reqId":"req-hy","req":{"method":"GET","url":"[REDACTED]","host":"localhost:3001","remoteAddress":"127.0.0.1","remotePort":63207},"msg":"incoming request"}
@avlp/api:dev: {"timestamp":"2026-10-02T09:57:01.542Z","level":"info","event":"api.request_received","fields":{"correlationId":"01a0fc0b-b7e6-7367-84d3-53eea9bb6eb6","method":"GET","route":"/projects/:projectId/renders","service":"api"}}
@avlp/api:dev: {"level":30,"time":1790935021570,"pid":15536,"hostname":"DESKTOP-HQ6B2T1","reqId":"req-hy","res":{"statusCode":200},"responseTime":28.01410000026226,"msg":"request completed"}
@avlp/api:dev: {"level":30,"time":1790935030538,"pid":15536,"hostname":"DESKTOP-HQ6B2T1","reqId":"req-hz","req":{"method":"GET","url":"[REDACTED]","host":"localhost:3001","remoteAddress":"127.0.0.1","remotePort":63207},"msg":"incoming request"}
@avlp/api:dev: {"timestamp":"2026-10-02T09:57:10.538Z","level":"info","event":"api.request_received","fields":{"correlationId":"01a0fc0b-db0a-7fe4-804c-6dd537c1f8fc","method":"GET","route":"/projects/:projectId/renders","service":"api"}}
@avlp/api:dev: {"level":30,"time":1790935030570,"pid":15536,"hostname":"DESKTOP-HQ6B2T1","reqId":"req-hz","res":{"statusCode":200},"responseTime":31.604000000283122,"msg":"request completed"}
@avlp/api:dev: {"level":30,"time":1790935039540,"pid":15536,"hostname":"DESKTOP-HQ6B2T1","reqId":"req-i0","req":{"method":"GET","url":"[REDACTED]","host":"localhost:3001","remoteAddress":"127.0.0.1","remotePort":63207},"msg":"incoming request"}
@avlp/api:dev: {"timestamp":"2026-10-02T09:57:19.540Z","level":"info","event":"api.request_received","fields":{"correlationId":"01a0fc0b-fe34-7cd4-b64f-3b93641f7a07","method":"GET","route":"/projects/:projectId/renders","service":"api"}}
@avlp/api:dev: {"level":30,"time":1790935039570,"pid":15536,"hostname":"DESKTOP-HQ6B2T1","reqId":"req-i0","res":{"statusCode":200},"responseTime":30.27430000063032,"msg":"request completed"}
@avlp/api:dev: {"level":30,"time":1790935048534,"pid":15536,"hostname":"DESKTOP-HQ6B2T1","reqId":"req-i1","req":{"method":"GET","url":"[REDACTED]","host":"localhost:3001","remoteAddress":"127.0.0.1","remotePort":63207},"msg":"incoming request"}
@avlp/api:dev: {"timestamp":"2026-10-02T09:57:28.535Z","level":"info","event":"api.request_received","fields":{"correlationId":"01a0fc0c-2156-70ab-839e-e7e0ea5cc7bd","method":"GET","route":"/projects/:projectId/renders","service":"api"}}
@avlp/api:dev: {"level":30,"time":1790935048565,"pid":15536,"hostname":"DESKTOP-HQ6B2T1","reqId":"req-i1","res":{"statusCode":200},"responseTime":30.429399999789894,"msg":"request completed"}
@avlp/api:dev: {"level":30,"time":1790935057529,"pid":15536,"hostname":"DESKTOP-HQ6B2T1","reqId":"req-i2","req":{"method":"GET","url":"[REDACTED]","host":"localhost:3001","remoteAddress":"127.0.0.1","remotePort":63207},"msg":"incoming request"}
@avlp/api:dev: {"timestamp":"2026-10-02T09:57:37.530Z","level":"info","event":"api.request_received","fields":{"correlationId":"01a0fc0c-4479-7601-bb4d-6cdec5d04aea","method":"GET","route":"/projects/:projectId/renders","service":"api"}}
@avlp/api:dev: {"level":30,"time":1790935057556,"pid":15536,"hostname":"DESKTOP-HQ6B2T1","reqId":"req-i2","res":{"statusCode":200},"responseTime":26.49710000026971,"msg":"request completed"}
@avlp/api:dev: {"level":30,"time":1790935066536,"pid":15536,"hostname":"DESKTOP-HQ6B2T1","reqId":"req-i3","req":{"method":"GET","url":"[REDACTED]","host":"localhost:3001","remoteAddress":"127.0.0.1","remotePort":63207},"msg":"incoming request"}
@avlp/api:dev: {"timestamp":"2026-10-02T09:57:46.536Z","level":"info","event":"api.request_received","fields":{"correlationId":"01a0fc0c-67a8-7c6d-82bf-dd9e551137fa","method":"GET","route":"/projects/:projectId/renders","service":"api"}}
@avlp/api:dev: {"level":30,"time":1790935066566,"pid":15536,"hostname":"DESKTOP-HQ6B2T1","reqId":"req-i3","res":{"statusCode":200},"responseTime":30.387699999846518,"msg":"request completed"}
@avlp/api:dev: {"level":30,"time":1790935075536,"pid":15536,"hostname":"DESKTOP-HQ6B2T1","reqId":"req-i4","req":{"method":"GET","url":"[REDACTED]","host":"localhost:3001","remoteAddress":"127.0.0.1","remotePort":63207},"msg":"incoming request"}
@avlp/api:dev: {"timestamp":"2026-10-02T09:57:55.537Z","level":"info","event":"api.request_received","fields":{"correlationId":"01a0fc0c-8ad0-7d4d-a450-d04ac2f478cf","method":"GET","route":"/projects/:projectId/renders","service":"api"}}
@avlp/api:dev: {"level":30,"time":1790935075568,"pid":15536,"hostname":"DESKTOP-HQ6B2T1","reqId":"req-i4","res":{"statusCode":200},"responseTime":31.661700000055134,"msg":"request completed"}
@avlp/api:dev: {"level":30,"time":1790935084540,"pid":15536,"hostname":"DESKTOP-HQ6B2T1","reqId":"req-i5","req":{"method":"GET","url":"[REDACTED]","host":"localhost:3001","remoteAddress":"127.0.0.1","remotePort":63207},"msg":"incoming request"}
@avlp/api:dev: {"timestamp":"2026-10-02T09:58:04.540Z","level":"info","event":"api.request_received","fields":{"correlationId":"01a0fc0c-adfc-770a-bd3f-d3c189943041","method":"GET","route":"/projects/:projectId/renders","service":"api"}}
@avlp/api:dev: {"level":30,"time":1790935084569,"pid":15536,"hostname":"DESKTOP-HQ6B2T1","reqId":"req-i5","res":{"statusCode":200},"responseTime":29.46529999934137,"msg":"request completed"}
@avlp/api:dev: {"level":30,"time":1790935093531,"pid":15536,"hostname":"DESKTOP-HQ6B2T1","reqId":"req-i6","req":{"method":"GET","url":"[REDACTED]","host":"localhost:3001","remoteAddress":"127.0.0.1","remotePort":63207},"msg":"incoming request"}
@avlp/api:dev: {"timestamp":"2026-10-02T09:58:13.532Z","level":"info","event":"api.request_received","fields":{"correlationId":"01a0fc0c-d11b-71cb-85c6-e36069ef7c4d","method":"GET","route":"/projects/:projectId/renders","service":"api"}}
@avlp/api:dev: {"level":30,"time":1790935093559,"pid":15536,"hostname":"DESKTOP-HQ6B2T1","reqId":"req-i6","res":{"statusCode":200},"responseTime":27.45010000001639,"msg":"request completed"}
@avlp/api:dev: {"level":30,"time":1790935102543,"pid":15536,"hostname":"DESKTOP-HQ6B2T1","reqId":"req-i7","req":{"method":"GET","url":"[REDACTED]","host":"localhost:3001","remoteAddress":"127.0.0.1","remotePort":63207},"msg":"incoming request"}
@avlp/api:dev: {"timestamp":"2026-10-02T09:58:22.544Z","level":"info","event":"api.request_received","fields":{"correlationId":"01a0fc0c-f44f-7461-a587-f9e742910f6b","method":"GET","route":"/projects/:projectId/renders","service":"api"}}
@avlp/api:dev: {"level":30,"time":1790935102571,"pid":15536,"hostname":"DESKTOP-HQ6B2T1","reqId":"req-i7","res":{"statusCode":200},"responseTime":27.83699999935925,"msg":"request completed"}
@avlp/api:dev: {"level":30,"time":1790935111532,"pid":15536,"hostname":"DESKTOP-HQ6B2T1","reqId":"req-i8","req":{"method":"GET","url":"[REDACTED]","host":"localhost:3001","remoteAddress":"127.0.0.1","remotePort":63207},"msg":"incoming request"}
@avlp/api:dev: {"timestamp":"2026-10-02T09:58:31.532Z","level":"info","event":"api.request_received","fields":{"correlationId":"01a0fc0d-176c-721b-9748-b74e94e1f90a","method":"GET","route":"/projects/:projectId/renders","service":"api"}}
@avlp/api:dev: {"level":30,"time":1790935111563,"pid":15536,"hostname":"DESKTOP-HQ6B2T1","reqId":"req-i8","res":{"statusCode":200},"responseTime":31.453999999910593,"msg":"request completed"}
@avlp/api:dev: {"level":30,"time":1790935120542,"pid":15536,"hostname":"DESKTOP-HQ6B2T1","reqId":"req-i9","req":{"method":"GET","url":"[REDACTED]","host":"localhost:3001","remoteAddress":"127.0.0.1","remotePort":63207},"msg":"incoming request"}
@avlp/api:dev: {"timestamp":"2026-10-02T09:58:40.542Z","level":"info","event":"api.request_received","fields":{"correlationId":"01a0fc0d-3a9e-7f4f-9c7b-4a4d94a96f68","method":"GET","route":"/projects/:projectId/renders","service":"api"}}
@avlp/api:dev: {"level":30,"time":1790935120570,"pid":15536,"hostname":"DESKTOP-HQ6B2T1","reqId":"req-i9","res":{"statusCode":200},"responseTime":28.248000000603497,"msg":"request completed"}
@avlp/api:dev: {"level":30,"time":1790935129540,"pid":15536,"hostname":"DESKTOP-HQ6B2T1","reqId":"req-ia","req":{"method":"GET","url":"[REDACTED]","host":"localhost:3001","remoteAddress":"127.0.0.1","remotePort":63207},"msg":"incoming request"}
@avlp/api:dev: {"timestamp":"2026-10-02T09:58:49.541Z","level":"info","event":"api.request_received","fields":{"correlationId":"01a0fc0d-5dc4-7e4a-91dc-459a06438226","method":"GET","route":"/projects/:projectId/renders","service":"api"}}
@avlp/api:dev: {"level":30,"time":1790935129570,"pid":15536,"hostname":"DESKTOP-HQ6B2T1","reqId":"req-ia","res":{"statusCode":200},"responseTime":29.689600000157952,"msg":"request completed"}
@avlp/api:dev: {"level":30,"time":1790935138535,"pid":15536,"hostname":"DESKTOP-HQ6B2T1","reqId":"req-ib","req":{"method":"GET","url":"[REDACTED]","host":"localhost:3001","remoteAddress":"127.0.0.1","remotePort":63207},"msg":"incoming request"}
@avlp/api:dev: {"timestamp":"2026-10-02T09:58:58.535Z","level":"info","event":"api.request_received","fields":{"correlationId":"01a0fc0d-80e7-7d41-97ed-948072708227","method":"GET","route":"/projects/:projectId/renders","service":"api"}}
@avlp/api:dev: {"level":30,"time":1790935138564,"pid":15536,"hostname":"DESKTOP-HQ6B2T1","reqId":"req-ib","res":{"statusCode":200},"responseTime":29.17700000014156,"msg":"request completed"}
@avlp/api:dev: {"level":30,"time":1790935147536,"pid":15536,"hostname":"DESKTOP-HQ6B2T1","reqId":"req-ic","req":{"method":"GET","url":"[REDACTED]","host":"localhost:3001","remoteAddress":"127.0.0.1","remotePort":63207},"msg":"incoming request"}
@avlp/api:dev: {"timestamp":"2026-10-02T09:59:07.537Z","level":"info","event":"api.request_received","fields":{"correlationId":"01a0fc0d-a410-791b-a203-a39a6d19a66e","method":"GET","route":"/projects/:projectId/renders","service":"api"}}
@avlp/api:dev: {"level":30,"time":1790935147563,"pid":15536,"hostname":"DESKTOP-HQ6B2T1","reqId":"req-ic","res":{"statusCode":200},"responseTime":26.8581000007689,"msg":"request completed"}
@avlp/api:dev: {"level":30,"time":1790935156529,"pid":15536,"hostname":"DESKTOP-HQ6B2T1","reqId":"req-id","req":{"method":"GET","url":"[REDACTED]","host":"localhost:3001","remoteAddress":"127.0.0.1","remotePort":63207},"msg":"incoming request"}
@avlp/api:dev: {"timestamp":"2026-10-02T09:59:16.530Z","level":"info","event":"api.request_received","fields":{"correlationId":"01a0fc0d-c731-70c9-8830-7c97c196d87c","method":"GET","route":"/projects/:projectId/renders","service":"api"}}
@avlp/api:dev: {"level":30,"time":1790935156560,"pid":15536,"hostname":"DESKTOP-HQ6B2T1","reqId":"req-id","res":{"statusCode":200},"responseTime":31.046299999579787,"msg":"request completed"}
@avlp/api:dev: {"level":30,"time":1790935165532,"pid":15536,"hostname":"DESKTOP-HQ6B2T1","reqId":"req-ie","req":{"method":"GET","url":"[REDACTED]","host":"localhost:3001","remoteAddress":"127.0.0.1","remotePort":63207},"msg":"incoming request"}
@avlp/api:dev: {"timestamp":"2026-10-02T09:59:25.533Z","level":"info","event":"api.request_received","fields":{"correlationId":"01a0fc0d-ea5d-7428-a24d-8a27d493de33","method":"GET","route":"/projects/:projectId/renders","service":"api"}}
@avlp/api:dev: {"level":30,"time":1790935165563,"pid":15536,"hostname":"DESKTOP-HQ6B2T1","reqId":"req-ie","res":{"statusCode":200},"responseTime":30.172100000083447,"msg":"request completed"}
@avlp/api:dev: {"level":30,"time":1790935174528,"pid":15536,"hostname":"DESKTOP-HQ6B2T1","reqId":"req-if","req":{"method":"GET","url":"[REDACTED]","host":"localhost:3001","remoteAddress":"127.0.0.1","remotePort":63207},"msg":"incoming request"}
@avlp/api:dev: {"timestamp":"2026-10-02T09:59:34.528Z","level":"info","event":"api.request_received","fields":{"correlationId":"01a0fc0e-0d80-7c05-a73a-face752e4032","method":"GET","route":"/projects/:projectId/renders","service":"api"}}
@avlp/api:dev: {"level":30,"time":1790935174560,"pid":15536,"hostname":"DESKTOP-HQ6B2T1","reqId":"req-if","res":{"statusCode":200},"responseTime":32.13910000026226,"msg":"request completed"}
@avlp/api:dev: {"level":30,"time":1790935183533,"pid":15536,"hostname":"DESKTOP-HQ6B2T1","reqId":"req-ig","req":{"method":"GET","url":"[REDACTED]","host":"localhost:3001","remoteAddress":"127.0.0.1","remotePort":63207},"msg":"incoming request"}
@avlp/api:dev: {"timestamp":"2026-10-02T09:59:43.534Z","level":"info","event":"api.request_received","fields":{"correlationId":"01a0fc0e-30ad-743d-becf-8d41bf2cc764","method":"GET","route":"/projects/:projectId/renders","service":"api"}}
@avlp/api:dev: {"level":30,"time":1790935183565,"pid":15536,"hostname":"DESKTOP-HQ6B2T1","reqId":"req-ig","res":{"statusCode":200},"responseTime":31.077399999834597,"msg":"request completed"}
@avlp/api:dev: {"level":30,"time":1790935192541,"pid":15536,"hostname":"DESKTOP-HQ6B2T1","reqId":"req-ih","req":{"method":"GET","url":"[REDACTED]","host":"localhost:3001","remoteAddress":"127.0.0.1","remotePort":63207},"msg":"incoming request"}
@avlp/api:dev: {"timestamp":"2026-10-02T09:59:52.541Z","level":"info","event":"api.request_received","fields":{"correlationId":"01a0fc0e-53dd-7629-a5d1-f52fd0ff2859","method":"GET","route":"/projects/:projectId/renders","service":"api"}}
@avlp/api:dev: {"level":30,"time":1790935192571,"pid":15536,"hostname":"DESKTOP-HQ6B2T1","reqId":"req-ih","res":{"statusCode":200},"responseTime":29.891699999570847,"msg":"request completed"}
@avlp/api:dev: {"level":30,"time":1790935201535,"pid":15536,"hostname":"DESKTOP-HQ6B2T1","reqId":"req-ii","req":{"method":"GET","url":"[REDACTED]","host":"localhost:3001","remoteAddress":"127.0.0.1","remotePort":63207},"msg":"incoming request"}
@avlp/api:dev: {"timestamp":"2026-10-02T10:00:01.535Z","level":"info","event":"api.request_received","fields":{"correlationId":"01a0fc0e-76ff-7d3b-b648-46338a15514f","method":"GET","route":"/projects/:projectId/renders","service":"api"}}
@avlp/api:dev: {"level":30,"time":1790935201581,"pid":15536,"hostname":"DESKTOP-HQ6B2T1","reqId":"req-ii","res":{"statusCode":200},"responseTime":46.26580000016838,"msg":"request completed"}
@avlp/api:dev: {"level":30,"time":1790935210537,"pid":15536,"hostname":"DESKTOP-HQ6B2T1","reqId":"req-ij","req":{"method":"GET","url":"[REDACTED]","host":"localhost:3001","remoteAddress":"127.0.0.1","remotePort":63207},"msg":"incoming request"}
@avlp/api:dev: {"timestamp":"2026-10-02T10:00:10.537Z","level":"info","event":"api.request_received","fields":{"correlationId":"01a0fc0e-9a29-74fb-b94f-2ad124d6335c","method":"GET","route":"/projects/:projectId/renders","service":"api"}}
@avlp/api:dev: {"level":30,"time":1790935210567,"pid":15536,"hostname":"DESKTOP-HQ6B2T1","reqId":"req-ij","res":{"statusCode":200},"responseTime":29.377700000070035,"msg":"request completed"}
@avlp/api:dev: {"level":30,"time":1790935219538,"pid":15536,"hostname":"DESKTOP-HQ6B2T1","reqId":"req-ik","req":{"method":"GET","url":"[REDACTED]","host":"localhost:3001","remoteAddress":"127.0.0.1","remotePort":63207},"msg":"incoming request"}
@avlp/api:dev: {"timestamp":"2026-10-02T10:00:19.539Z","level":"info","event":"api.request_received","fields":{"correlationId":"01a0fc0e-bd52-7903-a62b-0acde7908208","method":"GET","route":"/projects/:projectId/renders","service":"api"}}
@avlp/api:dev: {"level":30,"time":1790935219570,"pid":15536,"hostname":"DESKTOP-HQ6B2T1","reqId":"req-ik","res":{"statusCode":200},"responseTime":31.336200000718236,"msg":"request completed"}
@avlp/api:dev: {"level":30,"time":1790935228537,"pid":15536,"hostname":"DESKTOP-HQ6B2T1","reqId":"req-il","req":{"method":"GET","url":"[REDACTED]","host":"localhost:3001","remoteAddress":"127.0.0.1","remotePort":63207},"msg":"incoming request"}
@avlp/api:dev: {"timestamp":"2026-10-02T10:00:28.537Z","level":"info","event":"api.request_received","fields":{"correlationId":"01a0fc0e-e079-7fc1-9cab-6ab797f35f39","method":"GET","route":"/projects/:projectId/renders","service":"api"}}
@avlp/api:dev: {"level":30,"time":1790935228567,"pid":15536,"hostname":"DESKTOP-HQ6B2T1","reqId":"req-il","res":{"statusCode":200},"responseTime":29.80059999972582,"msg":"request completed"}
@avlp/api:dev: {"level":30,"time":1790935237529,"pid":15536,"hostname":"DESKTOP-HQ6B2T1","reqId":"req-im","req":{"method":"GET","url":"[REDACTED]","host":"localhost:3001","remoteAddress":"127.0.0.1","remotePort":63207},"msg":"incoming request"}
@avlp/api:dev: {"timestamp":"2026-10-02T10:00:37.529Z","level":"info","event":"api.request_received","fields":{"correlationId":"01a0fc0f-0399-7473-ab67-417b434a515b","method":"GET","route":"/projects/:projectId/renders","service":"api"}}
@avlp/api:dev: {"level":30,"time":1790935237557,"pid":15536,"hostname":"DESKTOP-HQ6B2T1","reqId":"req-im","res":{"statusCode":200},"responseTime":27.425299999304116,"msg":"request completed"}
@avlp/api:dev: {"level":30,"time":1790935246528,"pid":15536,"hostname":"DESKTOP-HQ6B2T1","reqId":"req-in","req":{"method":"GET","url":"[REDACTED]","host":"localhost:3001","remoteAddress":"127.0.0.1","remotePort":63207},"msg":"incoming request"}
@avlp/api:dev: {"timestamp":"2026-10-02T10:00:46.529Z","level":"info","event":"api.request_received","fields":{"correlationId":"01a0fc0f-26c0-7ede-94e0-3db9eea35b91","method":"GET","route":"/projects/:projectId/renders","service":"api"}}
@avlp/api:dev: {"level":30,"time":1790935246558,"pid":15536,"hostname":"DESKTOP-HQ6B2T1","reqId":"req-in","res":{"statusCode":200},"responseTime":29.86019999999553,"msg":"request completed"}
@avlp/api:dev: {"level":30,"time":1790935255540,"pid":15536,"hostname":"DESKTOP-HQ6B2T1","reqId":"req-io","req":{"method":"GET","url":"[REDACTED]","host":"localhost:3001","remoteAddress":"127.0.0.1","remotePort":63207},"msg":"incoming request"}
@avlp/api:dev: {"timestamp":"2026-10-02T10:00:55.540Z","level":"info","event":"api.request_received","fields":{"correlationId":"01a0fc0f-49f4-7504-b39f-634a63c6ecd3","method":"GET","route":"/projects/:projectId/renders","service":"api"}}
@avlp/api:dev: {"level":30,"time":1790935255570,"pid":15536,"hostname":"DESKTOP-HQ6B2T1","reqId":"req-io","res":{"statusCode":200},"responseTime":29.760800000280142,"msg":"request completed"}
@avlp/api:dev: {"level":30,"time":1790935264535,"pid":15536,"hostname":"DESKTOP-HQ6B2T1","reqId":"req-ip","req":{"method":"GET","url":"[REDACTED]","host":"localhost:3001","remoteAddress":"127.0.0.1","remotePort":63207},"msg":"incoming request"}
@avlp/api:dev: {"timestamp":"2026-10-02T10:01:04.536Z","level":"info","event":"api.request_received","fields":{"correlationId":"01a0fc0f-6d17-7d9b-9b8e-92d001955102","method":"GET","route":"/projects/:projectId/renders","service":"api"}}
@avlp/api:dev: {"level":30,"time":1790935264566,"pid":15536,"hostname":"DESKTOP-HQ6B2T1","reqId":"req-ip","res":{"statusCode":200},"responseTime":30.37400000076741,"msg":"request completed"}
@avlp/api:dev: {"level":30,"time":1790935273535,"pid":15536,"hostname":"DESKTOP-HQ6B2T1","reqId":"req-iq","req":{"method":"GET","url":"[REDACTED]","host":"localhost:3001","remoteAddress":"127.0.0.1","remotePort":63207},"msg":"incoming request"}
@avlp/api:dev: {"timestamp":"2026-10-02T10:01:13.535Z","level":"info","event":"api.request_received","fields":{"correlationId":"01a0fc0f-903f-7f73-a791-58c8aeeb0a14","method":"GET","route":"/projects/:projectId/renders","service":"api"}}
@avlp/api:dev: {"level":30,"time":1790935273563,"pid":15536,"hostname":"DESKTOP-HQ6B2T1","reqId":"req-iq","res":{"statusCode":200},"responseTime":28.221299999393523,"msg":"request completed"}
@avlp/api:dev: {"level":30,"time":1790935282542,"pid":15536,"hostname":"DESKTOP-HQ6B2T1","reqId":"req-ir","req":{"method":"GET","url":"[REDACTED]","host":"localhost:3001","remoteAddress":"127.0.0.1","remotePort":63207},"msg":"incoming request"}
@avlp/api:dev: {"timestamp":"2026-10-02T10:01:22.542Z","level":"info","event":"api.request_received","fields":{"correlationId":"01a0fc0f-b36e-77b7-8b67-37d331bd8ede","method":"GET","route":"/projects/:projectId/renders","service":"api"}}
@avlp/api:dev: {"level":30,"time":1790935282571,"pid":15536,"hostname":"DESKTOP-HQ6B2T1","reqId":"req-ir","res":{"statusCode":200},"responseTime":29.155600000172853,"msg":"request completed"}
@avlp/api:dev: {"level":30,"time":1790935291531,"pid":15536,"hostname":"DESKTOP-HQ6B2T1","reqId":"req-is","req":{"method":"GET","url":"[REDACTED]","host":"localhost:3001","remoteAddress":"127.0.0.1","remotePort":63207},"msg":"incoming request"}
@avlp/api:dev: {"timestamp":"2026-10-02T10:01:31.531Z","level":"info","event":"api.request_received","fields":{"correlationId":"01a0fc0f-d68b-7f57-9c78-2142b0b27e25","method":"GET","route":"/projects/:projectId/renders","service":"api"}}
@avlp/api:dev: {"level":30,"time":1790935291561,"pid":15536,"hostname":"DESKTOP-HQ6B2T1","reqId":"req-is","res":{"statusCode":200},"responseTime":30.008600000292063,"msg":"request completed"}
@avlp/api:dev: {"level":30,"time":1790935300531,"pid":15536,"hostname":"DESKTOP-HQ6B2T1","reqId":"req-it","req":{"method":"GET","url":"[REDACTED]","host":"localhost:3001","remoteAddress":"127.0.0.1","remotePort":63207},"msg":"incoming request"}
@avlp/api:dev: {"timestamp":"2026-10-02T10:01:40.532Z","level":"info","event":"api.request_received","fields":{"correlationId":"01a0fc0f-f9b4-7c50-9e35-8f59d5792ffc","method":"GET","route":"/projects/:projectId/renders","service":"api"}}
@avlp/api:dev: {"level":30,"time":1790935300562,"pid":15536,"hostname":"DESKTOP-HQ6B2T1","reqId":"req-it","res":{"statusCode":200},"responseTime":30.632400000467896,"msg":"request completed"}
@avlp/api:dev: {"level":30,"time":1790935309528,"pid":15536,"hostname":"DESKTOP-HQ6B2T1","reqId":"req-iu","req":{"method":"GET","url":"[REDACTED]","host":"localhost:3001","remoteAddress":"127.0.0.1","remotePort":63207},"msg":"incoming request"}
@avlp/api:dev: {"timestamp":"2026-10-02T10:01:49.528Z","level":"info","event":"api.request_received","fields":{"correlationId":"01a0fc10-1cd8-7f56-adda-a5c9f2df9b8f","method":"GET","route":"/projects/:projectId/renders","service":"api"}}
@avlp/api:dev: {"level":30,"time":1790935309570,"pid":15536,"hostname":"DESKTOP-HQ6B2T1","reqId":"req-iu","res":{"statusCode":200},"responseTime":41.67709999997169,"msg":"request completed"}
@avlp/api:dev: {"level":30,"time":1790935318530,"pid":15536,"hostname":"DESKTOP-HQ6B2T1","reqId":"req-iv","req":{"method":"GET","url":"[REDACTED]","host":"localhost:3001","remoteAddress":"127.0.0.1","remotePort":63207},"msg":"incoming request"}
@avlp/api:dev: {"timestamp":"2026-10-02T10:01:58.531Z","level":"info","event":"api.request_received","fields":{"correlationId":"01a0fc10-4002-7550-a977-3cc694f58b89","method":"GET","route":"/projects/:projectId/renders","service":"api"}}
@avlp/api:dev: {"level":30,"time":1790935318563,"pid":15536,"hostname":"DESKTOP-HQ6B2T1","reqId":"req-iv","res":{"statusCode":200},"responseTime":32.95970000047237,"msg":"request completed"}
@avlp/api:dev: {"level":30,"time":1790935327531,"pid":15536,"hostname":"DESKTOP-HQ6B2T1","reqId":"req-iw","req":{"method":"GET","url":"[REDACTED]","host":"localhost:3001","remoteAddress":"127.0.0.1","remotePort":63207},"msg":"incoming request"}
@avlp/api:dev: {"timestamp":"2026-10-02T10:02:07.531Z","level":"info","event":"api.request_received","fields":{"correlationId":"01a0fc10-632b-7886-9a37-77444687bbb2","method":"GET","route":"/projects/:projectId/renders","service":"api"}}
@avlp/api:dev: {"level":30,"time":1790935327558,"pid":15536,"hostname":"DESKTOP-HQ6B2T1","reqId":"req-iw","res":{"statusCode":200},"responseTime":27.284199999645352,"msg":"request completed"}
@avlp/api:dev: {"level":30,"time":1790935336527,"pid":15536,"hostname":"DESKTOP-HQ6B2T1","reqId":"req-ix","req":{"method":"GET","url":"[REDACTED]","host":"localhost:3001","remoteAddress":"127.0.0.1","remotePort":63207},"msg":"incoming request"}
@avlp/api:dev: {"timestamp":"2026-10-02T10:02:16.528Z","level":"info","event":"api.request_received","fields":{"correlationId":"01a0fc10-8650-7551-b145-e32702ae6422","method":"GET","route":"/projects/:projectId/renders","service":"api"}}
@avlp/api:dev: {"level":30,"time":1790935336559,"pid":15536,"hostname":"DESKTOP-HQ6B2T1","reqId":"req-ix","res":{"statusCode":200},"responseTime":31.149399999529123,"msg":"request completed"}
@avlp/api:dev: {"level":30,"time":1790935345538,"pid":15536,"hostname":"DESKTOP-HQ6B2T1","reqId":"req-iy","req":{"method":"GET","url":"[REDACTED]","host":"localhost:3001","remoteAddress":"127.0.0.1","remotePort":63207},"msg":"incoming request"}
@avlp/api:dev: {"timestamp":"2026-10-02T10:02:25.538Z","level":"info","event":"api.request_received","fields":{"correlationId":"01a0fc10-a982-78de-a75e-23dd5b77ccef","method":"GET","route":"/projects/:projectId/renders","service":"api"}}
@avlp/api:dev: {"level":30,"time":1790935345569,"pid":15536,"hostname":"DESKTOP-HQ6B2T1","reqId":"req-iy","res":{"statusCode":200},"responseTime":31.234199999831617,"msg":"request completed"}
@avlp/api:dev: {"level":30,"time":1790935354526,"pid":15536,"hostname":"DESKTOP-HQ6B2T1","reqId":"req-iz","req":{"method":"GET","url":"[REDACTED]","host":"localhost:3001","remoteAddress":"127.0.0.1","remotePort":63207},"msg":"incoming request"}
@avlp/api:dev: {"timestamp":"2026-10-02T10:02:34.526Z","level":"info","event":"api.request_received","fields":{"correlationId":"01a0fc10-cc9e-755c-9459-4701a6e87497","method":"GET","route":"/projects/:projectId/renders","service":"api"}}
@avlp/api:dev: {"level":30,"time":1790935354555,"pid":15536,"hostname":"DESKTOP-HQ6B2T1","reqId":"req-iz","res":{"statusCode":200},"responseTime":28.97950000036508,"msg":"request completed"}
@avlp/api:dev: {"level":30,"time":1790935363543,"pid":15536,"hostname":"DESKTOP-HQ6B2T1","reqId":"req-j0","req":{"method":"GET","url":"[REDACTED]","host":"localhost:3001","remoteAddress":"127.0.0.1","remotePort":63207},"msg":"incoming request"}
@avlp/api:dev: {"timestamp":"2026-10-02T10:02:43.543Z","level":"info","event":"api.request_received","fields":{"correlationId":"01a0fc10-efd7-75e0-9141-6819cffdc69a","method":"GET","route":"/projects/:projectId/renders","service":"api"}}
@avlp/api:dev: {"level":30,"time":1790935363572,"pid":15536,"hostname":"DESKTOP-HQ6B2T1","reqId":"req-j0","res":{"statusCode":200},"responseTime":28.662800000049174,"msg":"request completed"}
@avlp/api:dev: {"level":30,"time":1790935372528,"pid":15536,"hostname":"DESKTOP-HQ6B2T1","reqId":"req-j1","req":{"method":"GET","url":"[REDACTED]","host":"localhost:3001","remoteAddress":"127.0.0.1","remotePort":63207},"msg":"incoming request"}
@avlp/api:dev: {"timestamp":"2026-10-02T10:02:52.528Z","level":"info","event":"api.request_received","fields":{"correlationId":"01a0fc11-12f0-768d-9cc1-df2ef139071c","method":"GET","route":"/projects/:projectId/renders","service":"api"}}
@avlp/api:dev: {"level":30,"time":1790935372561,"pid":15536,"hostname":"DESKTOP-HQ6B2T1","reqId":"req-j1","res":{"statusCode":200},"responseTime":32.5679999999702,"msg":"request completed"}
@avlp/api:dev: {"level":30,"time":1790935381526,"pid":15536,"hostname":"DESKTOP-HQ6B2T1","reqId":"req-j2","req":{"method":"GET","url":"[REDACTED]","host":"localhost:3001","remoteAddress":"127.0.0.1","remotePort":63207},"msg":"incoming request"}
@avlp/api:dev: {"timestamp":"2026-10-02T10:03:01.526Z","level":"info","event":"api.request_received","fields":{"correlationId":"01a0fc11-3616-77a9-a4cd-6e852d19c53d","method":"GET","route":"/projects/:projectId/renders","service":"api"}}
@avlp/api:dev: {"level":30,"time":1790935381555,"pid":15536,"hostname":"DESKTOP-HQ6B2T1","reqId":"req-j2","res":{"statusCode":200},"responseTime":29.207200000062585,"msg":"request completed"}
@avlp/api:dev: {"level":30,"time":1790935390525,"pid":15536,"hostname":"DESKTOP-HQ6B2T1","reqId":"req-j3","req":{"method":"GET","url":"[REDACTED]","host":"localhost:3001","remoteAddress":"127.0.0.1","remotePort":63207},"msg":"incoming request"}
@avlp/api:dev: {"timestamp":"2026-10-02T10:03:10.525Z","level":"info","event":"api.request_received","fields":{"correlationId":"01a0fc11-593d-791e-abac-8a2b1413e6f4","method":"GET","route":"/projects/:projectId/renders","service":"api"}}
@avlp/api:dev: {"level":30,"time":1790935390553,"pid":15536,"hostname":"DESKTOP-HQ6B2T1","reqId":"req-j3","res":{"statusCode":200},"responseTime":27.441300000064075,"msg":"request completed"}
@avlp/api:dev: {"level":30,"time":1790935399531,"pid":15536,"hostname":"DESKTOP-HQ6B2T1","reqId":"req-j4","req":{"method":"GET","url":"[REDACTED]","host":"localhost:3001","remoteAddress":"127.0.0.1","remotePort":63207},"msg":"incoming request"}
@avlp/api:dev: {"timestamp":"2026-10-02T10:03:19.532Z","level":"info","event":"api.request_received","fields":{"correlationId":"01a0fc11-7c6c-7340-b3f3-26f8e7d5cd6e","method":"GET","route":"/projects/:projectId/renders","service":"api"}}
@avlp/api:dev: {"level":30,"time":1790935399567,"pid":15536,"hostname":"DESKTOP-HQ6B2T1","reqId":"req-j4","res":{"statusCode":200},"responseTime":35.43809999991208,"msg":"request completed"}
@avlp/api:dev: {"level":30,"time":1790935409577,"pid":15536,"hostname":"DESKTOP-HQ6B2T1","reqId":"req-j5","req":{"method":"GET","url":"[REDACTED]","host":"localhost:3001","remoteAddress":"127.0.0.1","remotePort":63207},"msg":"incoming request"}
@avlp/api:dev: {"timestamp":"2026-10-02T10:03:29.578Z","level":"info","event":"api.request_received","fields":{"correlationId":"01a0fc11-a3aa-79b8-a884-af3c856aff52","method":"GET","route":"/projects/:projectId/renders","service":"api"}}
@avlp/api:dev: {"level":30,"time":1790935409610,"pid":15536,"hostname":"DESKTOP-HQ6B2T1","reqId":"req-j5","res":{"statusCode":200},"responseTime":31.99540000036359,"msg":"request completed"}
@avlp/renderer:dev: {"timestamp":"2026-10-02T10:03:45.246Z","level":"error","event":"worker.consumer_failed","fields":{"queueName":"render","service":"renderer"}}
@avlp/api:dev: {"level":30,"time":1790942793086,"pid":15536,"hostname":"DESKTOP-HQ6B2T1","reqId":"req-j6","req":{"method":"GET","url":"[REDACTED]","host":"localhost:3001","remoteAddress":"127.0.0.1","remotePort":59591},"msg":"incoming request"}
@avlp/api:dev: {"timestamp":"2026-10-02T12:06:33.255Z","level":"info","event":"api.request_received","fields":{"correlationId":"01a0fc82-4d7f-7c3b-8431-4ecfe252eb36","method":"GET","route":"/projects/:projectId/renders","service":"api"}}
@avlp/api:dev: {"level":30,"time":1790942797507,"pid":15536,"hostname":"DESKTOP-HQ6B2T1","reqId":"req-j7","req":{"method":"GET","url":"[REDACTED]","host":"localhost:3001","remoteAddress":"127.0.0.1","remotePort":59811},"msg":"incoming request"}
@avlp/api:dev: {"timestamp":"2026-10-02T12:06:37.508Z","level":"info","event":"api.request_received","fields":{"correlationId":"01a0fc82-5ec3-7747-8c86-ac41f024ea06","method":"GET","route":"/projects/:projectId/renders","service":"api"}}
@avlp/api:dev: {"level":30,"time":1790942798777,"pid":15536,"hostname":"DESKTOP-HQ6B2T1","reqId":"req-j8","req":{"method":"GET","url":"[REDACTED]","host":"localhost:3001","remoteAddress":"127.0.0.1","remotePort":56551},"msg":"incoming request"}
@avlp/api:dev: {"timestamp":"2026-10-02T12:06:38.778Z","level":"info","event":"api.request_received","fields":{"correlationId":"01a0fc82-63b9-7af5-8a1f-801cc058f9f8","method":"GET","route":"/projects/:projectId/renders","service":"api"}}
@avlp/api:dev: {"level":30,"time":1790942804792,"pid":15536,"hostname":"DESKTOP-HQ6B2T1","reqId":"req-j6","res":{"statusCode":500},"responseTime":11705.241700001061,"msg":"request completed"}
@avlp/api:dev: {"level":30,"time":1790942806747,"pid":15536,"hostname":"DESKTOP-HQ6B2T1","reqId":"req-j9","req":{"method":"GET","url":"[REDACTED]","host":"localhost:3001","remoteAddress":"127.0.0.1","remotePort":61412},"msg":"incoming request"}
@avlp/api:dev: {"timestamp":"2026-10-02T12:06:46.747Z","level":"info","event":"api.request_received","fields":{"correlationId":"01a0fc82-82db-7a8c-8f7f-0fc6a186f51c","method":"GET","route":"/projects/:projectId/renders","service":"api"}}
@avlp/api:dev: {"level":30,"time":1790942807525,"pid":15536,"hostname":"DESKTOP-HQ6B2T1","reqId":"req-j7","res":{"statusCode":500},"responseTime":10017.832299999893,"msg":"request completed"}
@avlp/api:dev: {"level":30,"time":1790942808792,"pid":15536,"hostname":"DESKTOP-HQ6B2T1","reqId":"req-j8","res":{"statusCode":500},"responseTime":10014.957499999553,"msg":"request completed"}
@avlp/api:dev: {"level":30,"time":1790942814742,"pid":15536,"hostname":"DESKTOP-HQ6B2T1","reqId":"req-ja","req":{"method":"GET","url":"[REDACTED]","host":"localhost:3001","remoteAddress":"127.0.0.1","remotePort":58396},"msg":"incoming request"}
@avlp/api:dev: {"timestamp":"2026-10-02T12:06:54.743Z","level":"info","event":"api.request_received","fields":{"correlationId":"01a0fc82-a216-77ee-9e93-c51d1b2b11a8","method":"GET","route":"/projects/:projectId/renders","service":"api"}}
@avlp/api:dev: {"level":30,"time":1790942822518,"pid":15536,"hostname":"DESKTOP-HQ6B2T1","reqId":"req-j9","res":{"statusCode":200},"responseTime":15771.604800000787,"msg":"request completed"}
@avlp/api:dev: {"level":30,"time":1790942825161,"pid":15536,"hostname":"DESKTOP-HQ6B2T1","reqId":"req-ja","res":{"statusCode":200},"responseTime":10418.30150000006,"msg":"request completed"}
@avlp/api:dev: {"level":30,"time":1790942833743,"pid":15536,"hostname":"DESKTOP-HQ6B2T1","reqId":"req-jb","req":{"method":"GET","url":"[REDACTED]","host":"localhost:3001","remoteAddress":"127.0.0.1","remotePort":58396},"msg":"incoming request"}
@avlp/api:dev: {"timestamp":"2026-10-02T12:07:13.743Z","level":"info","event":"api.request_received","fields":{"correlationId":"01a0fc82-ec4f-7a61-92e5-c7f09bc02043","method":"GET","route":"/projects/:projectId/renders","service":"api"}}
@avlp/api:dev: {"level":30,"time":1790942837251,"pid":15536,"hostname":"DESKTOP-HQ6B2T1","reqId":"req-jb","res":{"statusCode":200},"responseTime":3507.4151000007987,"msg":"request completed"}
@avlp/api:dev: {"level":30,"time":1790942845749,"pid":15536,"hostname":"DESKTOP-HQ6B2T1","reqId":"req-jc","req":{"method":"GET","url":"[REDACTED]","host":"localhost:3001","remoteAddress":"127.0.0.1","remotePort":58396},"msg":"incoming request"}
@avlp/api:dev: {"timestamp":"2026-10-02T12:07:25.750Z","level":"info","event":"api.request_received","fields":{"correlationId":"01a0fc83-1b36-7393-b0aa-a99c8fc652ab","method":"GET","route":"/projects/:projectId/renders","service":"api"}}
@avlp/api:dev: {"level":30,"time":1790942849603,"pid":15536,"hostname":"DESKTOP-HQ6B2T1","reqId":"req-jc","res":{"statusCode":200},"responseTime":3853.023299999535,"msg":"request completed"}
@avlp/api:dev: {"level":30,"time":1790942857749,"pid":15536,"hostname":"DESKTOP-HQ6B2T1","reqId":"req-jd","req":{"method":"GET","url":"[REDACTED]","host":"localhost:3001","remoteAddress":"127.0.0.1","remotePort":58396},"msg":"incoming request"}
@avlp/api:dev: {"timestamp":"2026-10-02T12:07:37.749Z","level":"info","event":"api.request_received","fields":{"correlationId":"01a0fc83-4a15-76d7-a164-4e46e7d9503e","method":"GET","route":"/projects/:projectId/renders","service":"api"}}
@avlp/api:dev: {"level":30,"time":1790942857916,"pid":15536,"hostname":"DESKTOP-HQ6B2T1","reqId":"req-jd","res":{"statusCode":200},"responseTime":166.74459999985993,"msg":"request completed"}
@avlp/api:dev: {"level":30,"time":1790942866739,"pid":15536,"hostname":"DESKTOP-HQ6B2T1","reqId":"req-je","req":{"method":"GET","url":"[REDACTED]","host":"localhost:3001","remoteAddress":"127.0.0.1","remotePort":58396},"msg":"incoming request"}
@avlp/api:dev: {"timestamp":"2026-10-02T12:07:46.740Z","level":"info","event":"api.request_received","fields":{"correlationId":"01a0fc83-6d33-7da7-842a-95423f7861be","method":"GET","route":"/projects/:projectId/renders","service":"api"}}
@avlp/api:dev: {"level":30,"time":1790942866772,"pid":15536,"hostname":"DESKTOP-HQ6B2T1","reqId":"req-je","res":{"statusCode":200},"responseTime":32.711500000208616,"msg":"request completed"}
@avlp/api:dev: {"level":30,"time":1790942875742,"pid":15536,"hostname":"DESKTOP-HQ6B2T1","reqId":"req-jf","req":{"method":"GET","url":"[REDACTED]","host":"localhost:3001","remoteAddress":"127.0.0.1","remotePort":58396},"msg":"incoming request"}
@avlp/api:dev: {"timestamp":"2026-10-02T12:07:55.743Z","level":"info","event":"api.request_received","fields":{"correlationId":"01a0fc83-905e-7ccd-8fd3-b9c8816ed7e6","method":"GET","route":"/projects/:projectId/renders","service":"api"}}
@avlp/api:dev: {"level":30,"time":1790942875799,"pid":15536,"hostname":"DESKTOP-HQ6B2T1","reqId":"req-jf","res":{"statusCode":200},"responseTime":56.20140000060201,"msg":"request completed"}
@avlp/api:dev: {"timestamp":"2026-10-02T12:08:04.796Z","level":"info","event":"api.request_received","fields":{"correlationId":"01a0fc83-b3bb-7c68-a864-c04f5193e24f","method":"GET","route":"/projects/:projectId/renders","service":"api"}}
@avlp/api:dev: {"level":30,"time":1790942884795,"pid":15536,"hostname":"DESKTOP-HQ6B2T1","reqId":"req-jg","req":{"method":"GET","url":"[REDACTED]","host":"localhost:3001","remoteAddress":"127.0.0.1","remotePort":58396},"msg":"incoming request"}
@avlp/api:dev: {"level":30,"time":1790942884875,"pid":15536,"hostname":"DESKTOP-HQ6B2T1","reqId":"req-jg","res":{"statusCode":200},"responseTime":79.4297000002116,"msg":"request completed"}
@avlp/api:dev: {"level":30,"time":1790942893742,"pid":15536,"hostname":"DESKTOP-HQ6B2T1","reqId":"req-jh","req":{"method":"GET","url":"[REDACTED]","host":"localhost:3001","remoteAddress":"127.0.0.1","remotePort":58396},"msg":"incoming request"}
@avlp/api:dev: {"timestamp":"2026-10-02T12:08:13.742Z","level":"info","event":"api.request_received","fields":{"correlationId":"01a0fc83-d6ae-7183-9a48-6da51356b920","method":"GET","route":"/projects/:projectId/renders","service":"api"}}
@avlp/api:dev: {"level":30,"time":1790942894237,"pid":15536,"hostname":"DESKTOP-HQ6B2T1","reqId":"req-jh","res":{"statusCode":200},"responseTime":495.71900000050664,"msg":"request completed"}
@avlp/api:dev: {"level":30,"time":1790942902754,"pid":15536,"hostname":"DESKTOP-HQ6B2T1","reqId":"req-ji","req":{"method":"GET","url":"[REDACTED]","host":"localhost:3001","remoteAddress":"127.0.0.1","remotePort":58396},"msg":"incoming request"}
@avlp/api:dev: {"timestamp":"2026-10-02T12:08:22.755Z","level":"info","event":"api.request_received","fields":{"correlationId":"01a0fc83-f9e3-7b13-9612-5d30e7c2edd6","method":"GET","route":"/projects/:projectId/renders","service":"api"}}
@avlp/api:dev: {"level":30,"time":1790942902809,"pid":15536,"hostname":"DESKTOP-HQ6B2T1","reqId":"req-ji","res":{"statusCode":200},"responseTime":54.08369999937713,"msg":"request completed"}
@avlp/api:dev: {"level":30,"time":1790942911748,"pid":15536,"hostname":"DESKTOP-HQ6B2T1","reqId":"req-jj","req":{"method":"GET","url":"[REDACTED]","host":"localhost:3001","remoteAddress":"127.0.0.1","remotePort":58396},"msg":"incoming request"}
@avlp/api:dev: {"timestamp":"2026-10-02T12:08:31.748Z","level":"info","event":"api.request_received","fields":{"correlationId":"01a0fc84-1d04-713f-aa00-adf9de913763","method":"GET","route":"/projects/:projectId/renders","service":"api"}}
@avlp/api:dev: {"level":30,"time":1790942911820,"pid":15536,"hostname":"DESKTOP-HQ6B2T1","reqId":"req-jj","res":{"statusCode":200},"responseTime":71.7949999999255,"msg":"request completed"}
@avlp/api:dev: {"level":30,"time":1790942920740,"pid":15536,"hostname":"DESKTOP-HQ6B2T1","reqId":"req-jk","req":{"method":"GET","url":"[REDACTED]","host":"localhost:3001","remoteAddress":"127.0.0.1","remotePort":58396},"msg":"incoming request"}
@avlp/api:dev: {"timestamp":"2026-10-02T12:08:40.741Z","level":"info","event":"api.request_received","fields":{"correlationId":"01a0fc84-4024-74ee-9c87-d0b17874d423","method":"GET","route":"/projects/:projectId/renders","service":"api"}}
@avlp/api:dev: {"level":30,"time":1790942920806,"pid":15536,"hostname":"DESKTOP-HQ6B2T1","reqId":"req-jk","res":{"statusCode":200},"responseTime":65.5893000010401,"msg":"request completed"}
@avlp/api:dev: {"level":30,"time":1790942929754,"pid":15536,"hostname":"DESKTOP-HQ6B2T1","reqId":"req-jl","req":{"method":"GET","url":"[REDACTED]","host":"localhost:3001","remoteAddress":"127.0.0.1","remotePort":58396},"msg":"incoming request"}
@avlp/api:dev: {"timestamp":"2026-10-02T12:08:49.754Z","level":"info","event":"api.request_received","fields":{"correlationId":"01a0fc84-635a-7b49-b571-46de36bd0c28","method":"GET","route":"/projects/:projectId/renders","service":"api"}}
@avlp/api:dev: {"level":30,"time":1790942929897,"pid":15536,"hostname":"DESKTOP-HQ6B2T1","reqId":"req-jl","res":{"statusCode":200},"responseTime":143.31940000131726,"msg":"request completed"}
@avlp/api:dev: {"level":30,"time":1790942938745,"pid":15536,"hostname":"DESKTOP-HQ6B2T1","reqId":"req-jm","req":{"method":"GET","url":"[REDACTED]","host":"localhost:3001","remoteAddress":"127.0.0.1","remotePort":58396},"msg":"incoming request"}
@avlp/api:dev: {"timestamp":"2026-10-02T12:08:58.745Z","level":"info","event":"api.request_received","fields":{"correlationId":"01a0fc84-8679-7371-accf-d95b53522c0d","method":"GET","route":"/projects/:projectId/renders","service":"api"}}
@avlp/api:dev: {"level":30,"time":1790942940392,"pid":15536,"hostname":"DESKTOP-HQ6B2T1","reqId":"req-jm","res":{"statusCode":200},"responseTime":1647.362099999562,"msg":"request completed"}
@avlp/api:dev: {"level":30,"time":1790942948745,"pid":15536,"hostname":"DESKTOP-HQ6B2T1","reqId":"req-jn","req":{"method":"GET","url":"[REDACTED]","host":"localhost:3001","remoteAddress":"127.0.0.1","remotePort":58396},"msg":"incoming request"}
@avlp/api:dev: {"timestamp":"2026-10-02T12:09:08.746Z","level":"info","event":"api.request_received","fields":{"correlationId":"01a0fc84-ad8a-782b-b3df-8a2c2d2886e1","method":"GET","route":"/projects/:projectId/renders","service":"api"}}
@avlp/api:dev: {"level":30,"time":1790942948809,"pid":15536,"hostname":"DESKTOP-HQ6B2T1","reqId":"req-jn","res":{"statusCode":200},"responseTime":63.50120000168681,"msg":"request completed"}
@avlp/api:dev: {"level":30,"time":1790942957747,"pid":15536,"hostname":"DESKTOP-HQ6B2T1","reqId":"req-jo","req":{"method":"GET","url":"[REDACTED]","host":"localhost:3001","remoteAddress":"127.0.0.1","remotePort":58396},"msg":"incoming request"}
@avlp/api:dev: {"timestamp":"2026-10-02T12:09:17.748Z","level":"info","event":"api.request_received","fields":{"correlationId":"01a0fc84-d0b3-7528-b7a6-ea763063f05e","method":"GET","route":"/projects/:projectId/renders","service":"api"}}
@avlp/api:dev: {"level":30,"time":1790942957804,"pid":15536,"hostname":"DESKTOP-HQ6B2T1","reqId":"req-jo","res":{"statusCode":200},"responseTime":56.838700000196695,"msg":"request completed"}
@avlp/api:dev: {"level":30,"time":1790942966745,"pid":15536,"hostname":"DESKTOP-HQ6B2T1","reqId":"req-jp","req":{"method":"GET","url":"[REDACTED]","host":"localhost:3001","remoteAddress":"127.0.0.1","remotePort":58396},"msg":"incoming request"}
@avlp/api:dev: {"timestamp":"2026-10-02T12:09:26.746Z","level":"info","event":"api.request_received","fields":{"correlationId":"01a0fc84-f3d9-7e89-a0e3-fe194c3b15ba","method":"GET","route":"/projects/:projectId/renders","service":"api"}}
@avlp/api:dev: {"level":30,"time":1790942966811,"pid":15536,"hostname":"DESKTOP-HQ6B2T1","reqId":"req-jp","res":{"statusCode":200},"responseTime":65.82740000076592,"msg":"request completed"}
@avlp/api:dev: {"level":30,"time":1790942975744,"pid":15536,"hostname":"DESKTOP-HQ6B2T1","reqId":"req-jq","req":{"method":"GET","url":"[REDACTED]","host":"localhost:3001","remoteAddress":"127.0.0.1","remotePort":58396},"msg":"incoming request"}
@avlp/api:dev: {"timestamp":"2026-10-02T12:09:35.745Z","level":"info","event":"api.request_received","fields":{"correlationId":"01a0fc85-1700-751e-94c4-4f65a4770a09","method":"GET","route":"/projects/:projectId/renders","service":"api"}}
@avlp/api:dev: {"level":30,"time":1790942975802,"pid":15536,"hostname":"DESKTOP-HQ6B2T1","reqId":"req-jq","res":{"statusCode":200},"responseTime":58.05649999901652,"msg":"request completed"}
@avlp/api:dev: {"level":30,"time":1790942985575,"pid":15536,"hostname":"DESKTOP-HQ6B2T1","reqId":"req-jr","req":{"method":"GET","url":"[REDACTED]","host":"localhost:3001","remoteAddress":"127.0.0.1","remotePort":58396},"msg":"incoming request"}
@avlp/api:dev: {"timestamp":"2026-10-02T12:09:45.576Z","level":"info","event":"api.request_received","fields":{"correlationId":"01a0fc85-3d67-7d33-aeb8-e74af158bfdf","method":"GET","route":"/projects/:projectId/renders","service":"api"}}
@avlp/api:dev: {"level":30,"time":1790942986729,"pid":15536,"hostname":"DESKTOP-HQ6B2T1","reqId":"req-jr","res":{"statusCode":200},"responseTime":1153.6451999992132,"msg":"request completed"}
@avlp/api:dev: {"level":30,"time":1790942995752,"pid":15536,"hostname":"DESKTOP-HQ6B2T1","reqId":"req-js","req":{"method":"GET","url":"[REDACTED]","host":"localhost:3001","remoteAddress":"127.0.0.1","remotePort":58396},"msg":"incoming request"}
@avlp/api:dev: {"timestamp":"2026-10-02T12:09:55.752Z","level":"info","event":"api.request_received","fields":{"correlationId":"01a0fc85-6528-7212-a313-cd42f985178f","method":"GET","route":"/projects/:projectId/renders","service":"api"}}
@avlp/api:dev: {"level":30,"time":1790942995821,"pid":15536,"hostname":"DESKTOP-HQ6B2T1","reqId":"req-js","res":{"statusCode":200},"responseTime":69.06970000080764,"msg":"request completed"}
@avlp/api:dev: {"level":30,"time":1790943004750,"pid":15536,"hostname":"DESKTOP-HQ6B2T1","reqId":"req-jt","req":{"method":"GET","url":"[REDACTED]","host":"localhost:3001","remoteAddress":"127.0.0.1","remotePort":58396},"msg":"incoming request"}
@avlp/api:dev: {"timestamp":"2026-10-02T12:10:04.751Z","level":"info","event":"api.request_received","fields":{"correlationId":"01a0fc85-884f-7892-b084-2a6c45e774ef","method":"GET","route":"/projects/:projectId/renders","service":"api"}}
@avlp/api:dev: {"level":30,"time":1790943007837,"pid":15536,"hostname":"DESKTOP-HQ6B2T1","reqId":"req-jt","res":{"statusCode":200},"responseTime":3085.9929999988526,"msg":"request completed"}
@avlp/api:dev: {"level":30,"time":1790943016753,"pid":15536,"hostname":"DESKTOP-HQ6B2T1","reqId":"req-ju","req":{"method":"GET","url":"[REDACTED]","host":"localhost:3001","remoteAddress":"127.0.0.1","remotePort":58396},"msg":"incoming request"}
@avlp/api:dev: {"timestamp":"2026-10-02T12:10:16.754Z","level":"info","event":"api.request_received","fields":{"correlationId":"01a0fc85-b732-75b6-b76b-e820a08a48f7","method":"GET","route":"/projects/:projectId/renders","service":"api"}}
@avlp/api:dev: {"level":30,"time":1790943016812,"pid":15536,"hostname":"DESKTOP-HQ6B2T1","reqId":"req-ju","res":{"statusCode":200},"responseTime":58.597699999809265,"msg":"request completed"}
@avlp/api:dev: {"level":30,"time":1790943025753,"pid":15536,"hostname":"DESKTOP-HQ6B2T1","reqId":"req-jv","req":{"method":"GET","url":"[REDACTED]","host":"localhost:3001","remoteAddress":"127.0.0.1","remotePort":58396},"msg":"incoming request"}
@avlp/api:dev: {"timestamp":"2026-10-02T12:10:25.754Z","level":"info","event":"api.request_received","fields":{"correlationId":"01a0fc85-da59-7346-b9bc-e8eabdc1337a","method":"GET","route":"/projects/:projectId/renders","service":"api"}}
@avlp/api:dev: {"level":30,"time":1790943027358,"pid":15536,"hostname":"DESKTOP-HQ6B2T1","reqId":"req-jv","res":{"statusCode":200},"responseTime":1604.7888000011444,"msg":"request completed"}
@avlp/api:dev: {"level":30,"time":1790943035744,"pid":15536,"hostname":"DESKTOP-HQ6B2T1","reqId":"req-jw","req":{"method":"GET","url":"[REDACTED]","host":"localhost:3001","remoteAddress":"127.0.0.1","remotePort":58396},"msg":"incoming request"}
@avlp/api:dev: {"timestamp":"2026-10-02T12:10:35.744Z","level":"info","event":"api.request_received","fields":{"correlationId":"01a0fc86-0160-75b5-a24d-5cfee44f1eb7","method":"GET","route":"/projects/:projectId/renders","service":"api"}}
@avlp/api:dev: {"level":30,"time":1790943035799,"pid":15536,"hostname":"DESKTOP-HQ6B2T1","reqId":"req-jw","res":{"statusCode":200},"responseTime":55.7438999991864,"msg":"request completed"}
@avlp/api:dev: {"level":30,"time":1790943044746,"pid":15536,"hostname":"DESKTOP-HQ6B2T1","reqId":"req-jx","req":{"method":"GET","url":"[REDACTED]","host":"localhost:3001","remoteAddress":"127.0.0.1","remotePort":58396},"msg":"incoming request"}
@avlp/api:dev: {"timestamp":"2026-10-02T12:10:44.747Z","level":"info","event":"api.request_received","fields":{"correlationId":"01a0fc86-248a-7e54-9c8e-87bb373b9b4e","method":"GET","route":"/projects/:projectId/renders","service":"api"}}
@avlp/api:dev: {"level":30,"time":1790943044815,"pid":15536,"hostname":"DESKTOP-HQ6B2T1","reqId":"req-jx","res":{"statusCode":200},"responseTime":69.38150000013411,"msg":"request completed"}
@avlp/api:dev: {"level":30,"time":1790943053756,"pid":15536,"hostname":"DESKTOP-HQ6B2T1","reqId":"req-jy","req":{"method":"GET","url":"[REDACTED]","host":"localhost:3001","remoteAddress":"127.0.0.1","remotePort":58396},"msg":"incoming request"}
@avlp/api:dev: {"timestamp":"2026-10-02T12:10:53.757Z","level":"info","event":"api.request_received","fields":{"correlationId":"01a0fc86-47bc-7e33-a5f2-29d9a11a2dc5","method":"GET","route":"/projects/:projectId/renders","service":"api"}}
@avlp/api:dev: {"level":30,"time":1790943054157,"pid":15536,"hostname":"DESKTOP-HQ6B2T1","reqId":"req-jy","res":{"statusCode":200},"responseTime":401.0635000001639,"msg":"request completed"}
@avlp/api:dev: {"level":30,"time":1790943062746,"pid":15536,"hostname":"DESKTOP-HQ6B2T1","reqId":"req-jz","req":{"method":"GET","url":"[REDACTED]","host":"localhost:3001","remoteAddress":"127.0.0.1","remotePort":58396},"msg":"incoming request"}
@avlp/api:dev: {"timestamp":"2026-10-02T12:11:02.746Z","level":"info","event":"api.request_received","fields":{"correlationId":"01a0fc86-6ada-7c5c-9601-ed7d822b15f4","method":"GET","route":"/projects/:projectId/renders","service":"api"}}
@avlp/api:dev: {"level":30,"time":1790943062806,"pid":15536,"hostname":"DESKTOP-HQ6B2T1","reqId":"req-jz","res":{"statusCode":200},"responseTime":60.00069999881089,"msg":"request completed"}
@avlp/api:dev: {"level":30,"time":1790943071745,"pid":15536,"hostname":"DESKTOP-HQ6B2T1","reqId":"req-k0","req":{"method":"GET","url":"[REDACTED]","host":"localhost:3001","remoteAddress":"127.0.0.1","remotePort":58396},"msg":"incoming request"}
@avlp/api:dev: {"timestamp":"2026-10-02T12:11:11.745Z","level":"info","event":"api.request_received","fields":{"correlationId":"01a0fc86-8e01-765d-bd4a-860284be8c44","method":"GET","route":"/projects/:projectId/renders","service":"api"}}
@avlp/api:dev: {"level":30,"time":1790943071810,"pid":15536,"hostname":"DESKTOP-HQ6B2T1","reqId":"req-k0","res":{"statusCode":200},"responseTime":64.91179999895394,"msg":"request completed"}
@avlp/api:dev: {"level":30,"time":1790943080752,"pid":15536,"hostname":"DESKTOP-HQ6B2T1","reqId":"req-k1","req":{"method":"GET","url":"[REDACTED]","host":"localhost:3001","remoteAddress":"127.0.0.1","remotePort":58396},"msg":"incoming request"}
@avlp/api:dev: {"timestamp":"2026-10-02T12:11:20.753Z","level":"info","event":"api.request_received","fields":{"correlationId":"01a0fc86-b130-7625-b0f5-895747921922","method":"GET","route":"/projects/:projectId/renders","service":"api"}}
@avlp/api:dev: {"level":30,"time":1790943080811,"pid":15536,"hostname":"DESKTOP-HQ6B2T1","reqId":"req-k1","res":{"statusCode":200},"responseTime":59.05929999984801,"msg":"request completed"}
@avlp/api:dev: {"level":30,"time":1790943089751,"pid":15536,"hostname":"DESKTOP-HQ6B2T1","reqId":"req-k2","req":{"method":"GET","url":"[REDACTED]","host":"localhost:3001","remoteAddress":"127.0.0.1","remotePort":58396},"msg":"incoming request"}
@avlp/api:dev: {"timestamp":"2026-10-02T12:11:29.752Z","level":"info","event":"api.request_received","fields":{"correlationId":"01a0fc86-d457-735a-b0d8-646e170ce916","method":"GET","route":"/projects/:projectId/renders","service":"api"}}
@avlp/api:dev: {"level":30,"time":1790943089822,"pid":15536,"hostname":"DESKTOP-HQ6B2T1","reqId":"req-k2","res":{"statusCode":200},"responseTime":70.89489999972284,"msg":"request completed"}
@avlp/api:dev: {"level":30,"time":1790943098745,"pid":15536,"hostname":"DESKTOP-HQ6B2T1","reqId":"req-k3","req":{"method":"GET","url":"[REDACTED]","host":"localhost:3001","remoteAddress":"127.0.0.1","remotePort":58396},"msg":"incoming request"}
@avlp/api:dev: {"timestamp":"2026-10-02T12:11:38.745Z","level":"info","event":"api.request_received","fields":{"correlationId":"01a0fc86-f779-7a6b-a5c7-476d31eb7ef5","method":"GET","route":"/projects/:projectId/renders","service":"api"}}
@avlp/api:dev: {"level":30,"time":1790943098801,"pid":15536,"hostname":"DESKTOP-HQ6B2T1","reqId":"req-k3","res":{"statusCode":200},"responseTime":56.23939999938011,"msg":"request completed"}
@avlp/api:dev: {"level":30,"time":1790943107741,"pid":15536,"hostname":"DESKTOP-HQ6B2T1","reqId":"req-k4","req":{"method":"GET","url":"[REDACTED]","host":"localhost:3001","remoteAddress":"127.0.0.1","remotePort":58396},"msg":"incoming request"}
@avlp/api:dev: {"timestamp":"2026-10-02T12:11:47.741Z","level":"info","event":"api.request_received","fields":{"correlationId":"01a0fc87-1a9d-73fa-ac01-6db1a3d2f707","method":"GET","route":"/projects/:projectId/renders","service":"api"}}
@avlp/api:dev: {"level":30,"time":1790943108020,"pid":15536,"hostname":"DESKTOP-HQ6B2T1","reqId":"req-k4","res":{"statusCode":200},"responseTime":279.09210000000894,"msg":"request completed"}
@avlp/api:dev: {"level":30,"time":1790943116741,"pid":15536,"hostname":"DESKTOP-HQ6B2T1","reqId":"req-k5","req":{"method":"GET","url":"[REDACTED]","host":"localhost:3001","remoteAddress":"127.0.0.1","remotePort":58396},"msg":"incoming request"}
@avlp/api:dev: {"timestamp":"2026-10-02T12:11:56.742Z","level":"info","event":"api.request_received","fields":{"correlationId":"01a0fc87-3dc6-70a5-a1d4-5e80a0d00556","method":"GET","route":"/projects/:projectId/renders","service":"api"}}
@avlp/api:dev: {"level":30,"time":1790943116807,"pid":15536,"hostname":"DESKTOP-HQ6B2T1","reqId":"req-k5","res":{"statusCode":200},"responseTime":65.09929999895394,"msg":"request completed"}
@avlp/api:dev: {"level":30,"time":1790943125749,"pid":15536,"hostname":"DESKTOP-HQ6B2T1","reqId":"req-k6","req":{"method":"GET","url":"[REDACTED]","host":"localhost:3001","remoteAddress":"127.0.0.1","remotePort":58396},"msg":"incoming request"}
@avlp/api:dev: {"timestamp":"2026-10-02T12:12:05.750Z","level":"info","event":"api.request_received","fields":{"correlationId":"01a0fc87-60f5-7df6-a06d-c8be49668573","method":"GET","route":"/projects/:projectId/renders","service":"api"}}
@avlp/api:dev: {"level":30,"time":1790943125827,"pid":15536,"hostname":"DESKTOP-HQ6B2T1","reqId":"req-k6","res":{"statusCode":200},"responseTime":77.17989999987185,"msg":"request completed"}
@avlp/api:dev: {"level":30,"time":1790943134749,"pid":15536,"hostname":"DESKTOP-HQ6B2T1","reqId":"req-k7","req":{"method":"GET","url":"[REDACTED]","host":"localhost:3001","remoteAddress":"127.0.0.1","remotePort":58396},"msg":"incoming request"}
@avlp/api:dev: {"timestamp":"2026-10-02T12:12:14.750Z","level":"info","event":"api.request_received","fields":{"correlationId":"01a0fc87-841d-7388-8e5f-c60aff94d118","method":"GET","route":"/projects/:projectId/renders","service":"api"}}
@avlp/api:dev: {"level":30,"time":1790943135077,"pid":15536,"hostname":"DESKTOP-HQ6B2T1","reqId":"req-k7","res":{"statusCode":200},"responseTime":327.51059999875724,"msg":"request completed"}
@avlp/api:dev: {"level":30,"time":1790943143740,"pid":15536,"hostname":"DESKTOP-HQ6B2T1","reqId":"req-k8","req":{"method":"GET","url":"[REDACTED]","host":"localhost:3001","remoteAddress":"127.0.0.1","remotePort":58396},"msg":"incoming request"}
@avlp/api:dev: {"timestamp":"2026-10-02T12:12:23.741Z","level":"info","event":"api.request_received","fields":{"correlationId":"01a0fc87-a73d-76db-9a23-5011139798aa","method":"GET","route":"/projects/:projectId/renders","service":"api"}}
@avlp/api:dev: {"level":30,"time":1790943143801,"pid":15536,"hostname":"DESKTOP-HQ6B2T1","reqId":"req-k8","res":{"statusCode":200},"responseTime":60.91289999894798,"msg":"request completed"}
@avlp/api:dev: {"level":30,"time":1790943152744,"pid":15536,"hostname":"DESKTOP-HQ6B2T1","reqId":"req-k9","req":{"method":"GET","url":"[REDACTED]","host":"localhost:3001","remoteAddress":"127.0.0.1","remotePort":58396},"msg":"incoming request"}
@avlp/api:dev: {"timestamp":"2026-10-02T12:12:32.745Z","level":"info","event":"api.request_received","fields":{"correlationId":"01a0fc87-ca69-759e-bf33-c0492da23351","method":"GET","route":"/projects/:projectId/renders","service":"api"}}
@avlp/api:dev: {"level":30,"time":1790943152800,"pid":15536,"hostname":"DESKTOP-HQ6B2T1","reqId":"req-k9","res":{"statusCode":200},"responseTime":55.13500000163913,"msg":"request completed"}
@avlp/api:dev: {"level":30,"time":1790943161753,"pid":15536,"hostname":"DESKTOP-HQ6B2T1","reqId":"req-ka","req":{"method":"GET","url":"[REDACTED]","host":"localhost:3001","remoteAddress":"127.0.0.1","remotePort":58396},"msg":"incoming request"}
@avlp/api:dev: {"timestamp":"2026-10-02T12:12:41.753Z","level":"info","event":"api.request_received","fields":{"correlationId":"01a0fc87-ed99-79df-b64b-d7f3dd54eb8c","method":"GET","route":"/projects/:projectId/renders","service":"api"}}
@avlp/api:dev: {"level":30,"time":1790943161811,"pid":15536,"hostname":"DESKTOP-HQ6B2T1","reqId":"req-ka","res":{"statusCode":200},"responseTime":58.53509999997914,"msg":"request completed"}
@avlp/api:dev: {"level":30,"time":1790943170746,"pid":15536,"hostname":"DESKTOP-HQ6B2T1","reqId":"req-kb","req":{"method":"GET","url":"[REDACTED]","host":"localhost:3001","remoteAddress":"127.0.0.1","remotePort":58396},"msg":"incoming request"}
@avlp/api:dev: {"timestamp":"2026-10-02T12:12:50.746Z","level":"info","event":"api.request_received","fields":{"correlationId":"01a0fc88-10ba-733a-9c20-181ccfd107af","method":"GET","route":"/projects/:projectId/renders","service":"api"}}
@avlp/api:dev: {"level":30,"time":1790943170810,"pid":15536,"hostname":"DESKTOP-HQ6B2T1","reqId":"req-kb","res":{"statusCode":200},"responseTime":63.970200000330806,"msg":"request completed"}
@avlp/api:dev: {"level":30,"time":1790943179755,"pid":15536,"hostname":"DESKTOP-HQ6B2T1","reqId":"req-kc","req":{"method":"GET","url":"[REDACTED]","host":"localhost:3001","remoteAddress":"127.0.0.1","remotePort":58396},"msg":"incoming request"}
@avlp/api:dev: {"timestamp":"2026-10-02T12:12:59.755Z","level":"info","event":"api.request_received","fields":{"correlationId":"01a0fc88-33eb-7769-af51-7fa29f27039c","method":"GET","route":"/projects/:projectId/renders","service":"api"}}
@avlp/api:dev: {"level":30,"time":1790943179821,"pid":15536,"hostname":"DESKTOP-HQ6B2T1","reqId":"req-kc","res":{"statusCode":200},"responseTime":65.97629999928176,"msg":"request completed"}
@avlp/api:dev: {"level":30,"time":1790943188754,"pid":15536,"hostname":"DESKTOP-HQ6B2T1","reqId":"req-kd","req":{"method":"GET","url":"[REDACTED]","host":"localhost:3001","remoteAddress":"127.0.0.1","remotePort":58396},"msg":"incoming request"}
@avlp/api:dev: {"timestamp":"2026-10-02T12:13:08.755Z","level":"info","event":"api.request_received","fields":{"correlationId":"01a0fc88-5713-7d1d-a5ae-da800f9cb641","method":"GET","route":"/projects/:projectId/renders","service":"api"}}
@avlp/api:dev: {"level":30,"time":1790943188824,"pid":15536,"hostname":"DESKTOP-HQ6B2T1","reqId":"req-kd","res":{"statusCode":200},"responseTime":69.29389999993145,"msg":"request completed"}
@avlp/api:dev: {"level":30,"time":1790943197741,"pid":15536,"hostname":"DESKTOP-HQ6B2T1","reqId":"req-ke","req":{"method":"GET","url":"[REDACTED]","host":"localhost:3001","remoteAddress":"127.0.0.1","remotePort":58396},"msg":"incoming request"}
@avlp/api:dev: {"timestamp":"2026-10-02T12:13:17.742Z","level":"info","event":"api.request_received","fields":{"correlationId":"01a0fc88-7a2d-7aff-a0ae-8cdb4b99e138","method":"GET","route":"/projects/:projectId/renders","service":"api"}}
@avlp/api:dev: {"level":30,"time":1790943197813,"pid":15536,"hostname":"DESKTOP-HQ6B2T1","reqId":"req-ke","res":{"statusCode":200},"responseTime":71.52590000070632,"msg":"request completed"}
@avlp/api:dev: {"level":30,"time":1790943206741,"pid":15536,"hostname":"DESKTOP-HQ6B2T1","reqId":"req-kf","req":{"method":"GET","url":"[REDACTED]","host":"localhost:3001","remoteAddress":"127.0.0.1","remotePort":58396},"msg":"incoming request"}
@avlp/api:dev: {"timestamp":"2026-10-02T12:13:26.742Z","level":"info","event":"api.request_received","fields":{"correlationId":"01a0fc88-9d56-7873-8159-6bd465ff23c9","method":"GET","route":"/projects/:projectId/renders","service":"api"}}
@avlp/api:dev: {"level":30,"time":1790943206822,"pid":15536,"hostname":"DESKTOP-HQ6B2T1","reqId":"req-kf","res":{"statusCode":200},"responseTime":80.2305999994278,"msg":"request completed"}
@avlp/api:dev: {"level":30,"time":1790943215739,"pid":15536,"hostname":"DESKTOP-HQ6B2T1","reqId":"req-kg","req":{"method":"GET","url":"[REDACTED]","host":"localhost:3001","remoteAddress":"127.0.0.1","remotePort":58396},"msg":"incoming request"}
@avlp/api:dev: {"timestamp":"2026-10-02T12:13:35.740Z","level":"info","event":"api.request_received","fields":{"correlationId":"01a0fc88-c07c-7801-9f12-28c0c7788cd3","method":"GET","route":"/projects/:projectId/renders","service":"api"}}
@avlp/api:dev: {"level":30,"time":1790943215807,"pid":15536,"hostname":"DESKTOP-HQ6B2T1","reqId":"req-kg","res":{"statusCode":200},"responseTime":67.72470000013709,"msg":"request completed"}
@avlp/api:dev: {"level":30,"time":1790943224748,"pid":15536,"hostname":"DESKTOP-HQ6B2T1","reqId":"req-kh","req":{"method":"GET","url":"[REDACTED]","host":"localhost:3001","remoteAddress":"127.0.0.1","remotePort":58396},"msg":"incoming request"}
@avlp/api:dev: {"timestamp":"2026-10-02T12:13:44.749Z","level":"info","event":"api.request_received","fields":{"correlationId":"01a0fc88-e3ad-7b27-9acd-340149c3d714","method":"GET","route":"/projects/:projectId/renders","service":"api"}}
@avlp/api:dev: {"level":30,"time":1790943224812,"pid":15536,"hostname":"DESKTOP-HQ6B2T1","reqId":"req-kh","res":{"statusCode":200},"responseTime":63.677899999544024,"msg":"request completed"}
@avlp/api:dev: {"level":30,"time":1790943233752,"pid":15536,"hostname":"DESKTOP-HQ6B2T1","reqId":"req-ki","req":{"method":"GET","url":"[REDACTED]","host":"localhost:3001","remoteAddress":"127.0.0.1","remotePort":58396},"msg":"incoming request"}
@avlp/api:dev: {"timestamp":"2026-10-02T12:13:53.753Z","level":"info","event":"api.request_received","fields":{"correlationId":"01a0fc89-06d8-70b6-b85f-d38c5c9e605f","method":"GET","route":"/projects/:projectId/renders","service":"api"}}
@avlp/api:dev: {"level":30,"time":1790943233811,"pid":15536,"hostname":"DESKTOP-HQ6B2T1","reqId":"req-ki","res":{"statusCode":200},"responseTime":58.96580000035465,"msg":"request completed"}
@avlp/api:dev: {"level":30,"time":1790943242747,"pid":15536,"hostname":"DESKTOP-HQ6B2T1","reqId":"req-kj","req":{"method":"GET","url":"[REDACTED]","host":"localhost:3001","remoteAddress":"127.0.0.1","remotePort":58396},"msg":"incoming request"}
@avlp/api:dev: {"timestamp":"2026-10-02T12:14:02.747Z","level":"info","event":"api.request_received","fields":{"correlationId":"01a0fc89-29fb-782d-ae67-738352ade4ea","method":"GET","route":"/projects/:projectId/renders","service":"api"}}
@avlp/api:dev: {"level":30,"time":1790943242810,"pid":15536,"hostname":"DESKTOP-HQ6B2T1","reqId":"req-kj","res":{"statusCode":200},"responseTime":62.76759999990463,"msg":"request completed"}
@avlp/api:dev: {"level":30,"time":1790943251746,"pid":15536,"hostname":"DESKTOP-HQ6B2T1","reqId":"req-kk","req":{"method":"GET","url":"[REDACTED]","host":"localhost:3001","remoteAddress":"127.0.0.1","remotePort":58396},"msg":"incoming request"}
@avlp/api:dev: {"timestamp":"2026-10-02T12:14:11.747Z","level":"info","event":"api.request_received","fields":{"correlationId":"01a0fc89-4d22-7ddf-b10d-eaa7e89da164","method":"GET","route":"/projects/:projectId/renders","service":"api"}}
@avlp/api:dev: {"level":30,"time":1790943258330,"pid":15536,"hostname":"DESKTOP-HQ6B2T1","reqId":"req-kk","res":{"statusCode":200},"responseTime":6584.065400000662,"msg":"request completed"}
@avlp/api:dev: {"level":30,"time":1790943266743,"pid":15536,"hostname":"DESKTOP-HQ6B2T1","reqId":"req-kl","req":{"method":"GET","url":"[REDACTED]","host":"localhost:3001","remoteAddress":"127.0.0.1","remotePort":58396},"msg":"incoming request"}
@avlp/api:dev: {"timestamp":"2026-10-02T12:14:26.744Z","level":"info","event":"api.request_received","fields":{"correlationId":"01a0fc89-87b8-78bd-9f25-e6b232824d77","method":"GET","route":"/projects/:projectId/renders","service":"api"}}
@avlp/api:dev: {"level":30,"time":1790943266838,"pid":15536,"hostname":"DESKTOP-HQ6B2T1","reqId":"req-kl","res":{"statusCode":200},"responseTime":94.9543999992311,"msg":"request completed"}
@avlp/api:dev: {"level":30,"time":1790943275744,"pid":15536,"hostname":"DESKTOP-HQ6B2T1","reqId":"req-km","req":{"method":"GET","url":"[REDACTED]","host":"localhost:3001","remoteAddress":"127.0.0.1","remotePort":58396},"msg":"incoming request"}
@avlp/api:dev: {"timestamp":"2026-10-02T12:14:35.744Z","level":"info","event":"api.request_received","fields":{"correlationId":"01a0fc89-aae0-7ac7-83df-85f3261b2771","method":"GET","route":"/projects/:projectId/renders","service":"api"}}
@avlp/api:dev: {"level":30,"time":1790943275816,"pid":15536,"hostname":"DESKTOP-HQ6B2T1","reqId":"req-km","res":{"statusCode":200},"responseTime":72.3063999991864,"msg":"request completed"}
@avlp/api:dev: {"level":30,"time":1790943284754,"pid":15536,"hostname":"DESKTOP-HQ6B2T1","reqId":"req-kn","req":{"method":"GET","url":"[REDACTED]","host":"localhost:3001","remoteAddress":"127.0.0.1","remotePort":58396},"msg":"incoming request"}
@avlp/api:dev: {"timestamp":"2026-10-02T12:14:44.755Z","level":"info","event":"api.request_received","fields":{"correlationId":"01a0fc89-ce12-76fd-a839-c29f192eea24","method":"GET","route":"/projects/:projectId/renders","service":"api"}}
@avlp/api:dev: {"level":30,"time":1790943284812,"pid":15536,"hostname":"DESKTOP-HQ6B2T1","reqId":"req-kn","res":{"statusCode":200},"responseTime":58.17239999957383,"msg":"request completed"}
@avlp/api:dev: {"level":30,"time":1790943293752,"pid":15536,"hostname":"DESKTOP-HQ6B2T1","reqId":"req-ko","req":{"method":"GET","url":"[REDACTED]","host":"localhost:3001","remoteAddress":"127.0.0.1","remotePort":58396},"msg":"incoming request"}
@avlp/api:dev: {"timestamp":"2026-10-02T12:14:53.752Z","level":"info","event":"api.request_received","fields":{"correlationId":"01a0fc89-f138-7f6c-b25c-3dc54ccaf460","method":"GET","route":"/projects/:projectId/renders","service":"api"}}
@avlp/api:dev: {"level":30,"time":1790943294053,"pid":15536,"hostname":"DESKTOP-HQ6B2T1","reqId":"req-ko","res":{"statusCode":200},"responseTime":301.2657000012696,"msg":"request completed"}
@avlp/api:dev: {"level":30,"time":1790943302746,"pid":15536,"hostname":"DESKTOP-HQ6B2T1","reqId":"req-kp","req":{"method":"GET","url":"[REDACTED]","host":"localhost:3001","remoteAddress":"127.0.0.1","remotePort":58396},"msg":"incoming request"}
@avlp/api:dev: {"timestamp":"2026-10-02T12:15:02.746Z","level":"info","event":"api.request_received","fields":{"correlationId":"01a0fc8a-145a-756d-b1d7-64127d88c690","method":"GET","route":"/projects/:projectId/renders","service":"api"}}
@avlp/api:dev: {"level":30,"time":1790943307343,"pid":15536,"hostname":"DESKTOP-HQ6B2T1","reqId":"req-kp","res":{"statusCode":200},"responseTime":4597.104700000957,"msg":"request completed"}
@avlp/api:dev: {"level":30,"time":1790943315749,"pid":15536,"hostname":"DESKTOP-HQ6B2T1","reqId":"req-kq","req":{"method":"GET","url":"[REDACTED]","host":"localhost:3001","remoteAddress":"127.0.0.1","remotePort":58396},"msg":"incoming request"}
@avlp/api:dev: {"timestamp":"2026-10-02T12:15:15.750Z","level":"info","event":"api.request_received","fields":{"correlationId":"01a0fc8a-4726-7d12-9c0b-5ed7d532e1c5","method":"GET","route":"/projects/:projectId/renders","service":"api"}}
@avlp/api:dev: {"level":30,"time":1790943318705,"pid":15536,"hostname":"DESKTOP-HQ6B2T1","reqId":"req-kq","res":{"statusCode":200},"responseTime":2955.2388000003994,"msg":"request completed"}
@avlp/api:dev: {"level":30,"time":1790943326753,"pid":15536,"hostname":"DESKTOP-HQ6B2T1","reqId":"req-kr","req":{"method":"GET","url":"[REDACTED]","host":"localhost:3001","remoteAddress":"127.0.0.1","remotePort":58396},"msg":"incoming request"}
@avlp/api:dev: {"timestamp":"2026-10-02T12:15:26.753Z","level":"info","event":"api.request_received","fields":{"correlationId":"01a0fc8a-7221-7cc3-b050-a3033443d23e","method":"GET","route":"/projects/:projectId/renders","service":"api"}}
@avlp/api:dev: {"level":30,"time":1790943326850,"pid":15536,"hostname":"DESKTOP-HQ6B2T1","reqId":"req-kr","res":{"statusCode":200},"responseTime":96.90750000067055,"msg":"request completed"}
@avlp/api:dev: {"level":30,"time":1790943335745,"pid":15536,"hostname":"DESKTOP-HQ6B2T1","reqId":"req-ks","req":{"method":"GET","url":"[REDACTED]","host":"localhost:3001","remoteAddress":"127.0.0.1","remotePort":58396},"msg":"incoming request"}
@avlp/api:dev: {"timestamp":"2026-10-02T12:15:35.745Z","level":"info","event":"api.request_received","fields":{"correlationId":"01a0fc8a-9541-7efc-bb9f-2d747f1fb478","method":"GET","route":"/projects/:projectId/renders","service":"api"}}
@avlp/api:dev: {"level":30,"time":1790943335812,"pid":15536,"hostname":"DESKTOP-HQ6B2T1","reqId":"req-ks","res":{"statusCode":200},"responseTime":66.8574999999255,"msg":"request completed"}
@avlp/api:dev: {"level":30,"time":1790943344740,"pid":15536,"hostname":"DESKTOP-HQ6B2T1","reqId":"req-kt","req":{"method":"GET","url":"[REDACTED]","host":"localhost:3001","remoteAddress":"127.0.0.1","remotePort":58396},"msg":"incoming request"}
@avlp/api:dev: {"timestamp":"2026-10-02T12:15:44.740Z","level":"info","event":"api.request_received","fields":{"correlationId":"01a0fc8a-b864-792b-af1f-ed06af6a4501","method":"GET","route":"/projects/:projectId/renders","service":"api"}}
@avlp/api:dev: {"level":30,"time":1790943344796,"pid":15536,"hostname":"DESKTOP-HQ6B2T1","reqId":"req-kt","res":{"statusCode":200},"responseTime":55.541999999433756,"msg":"request completed"}
@avlp/api:dev: {"level":30,"time":1790943353755,"pid":15536,"hostname":"DESKTOP-HQ6B2T1","reqId":"req-ku","req":{"method":"GET","url":"[REDACTED]","host":"localhost:3001","remoteAddress":"127.0.0.1","remotePort":58396},"msg":"incoming request"}
@avlp/api:dev: {"timestamp":"2026-10-02T12:15:53.756Z","level":"info","event":"api.request_received","fields":{"correlationId":"01a0fc8a-db9c-7082-97cb-92f61da3c862","method":"GET","route":"/projects/:projectId/renders","service":"api"}}
@avlp/api:dev: {"level":30,"time":1790943353820,"pid":15536,"hostname":"DESKTOP-HQ6B2T1","reqId":"req-ku","res":{"statusCode":200},"responseTime":64.3487999998033,"msg":"request completed"}
@avlp/api:dev: {"level":30,"time":1790943362753,"pid":15536,"hostname":"DESKTOP-HQ6B2T1","reqId":"req-kv","req":{"method":"GET","url":"[REDACTED]","host":"localhost:3001","remoteAddress":"127.0.0.1","remotePort":58396},"msg":"incoming request"}
@avlp/api:dev: {"timestamp":"2026-10-02T12:16:02.753Z","level":"info","event":"api.request_received","fields":{"correlationId":"01a0fc8a-fec1-7272-8615-f619b525161a","method":"GET","route":"/projects/:projectId/renders","service":"api"}}
@avlp/api:dev: {"level":30,"time":1790943362846,"pid":15536,"hostname":"DESKTOP-HQ6B2T1","reqId":"req-kv","res":{"statusCode":200},"responseTime":93.05260000005364,"msg":"request completed"}
@avlp/api:dev: {"level":30,"time":1790943371753,"pid":15536,"hostname":"DESKTOP-HQ6B2T1","reqId":"req-kw","req":{"method":"GET","url":"[REDACTED]","host":"localhost:3001","remoteAddress":"127.0.0.1","remotePort":58396},"msg":"incoming request"}
@avlp/api:dev: {"timestamp":"2026-10-02T12:16:11.754Z","level":"info","event":"api.request_received","fields":{"correlationId":"01a0fc8b-21e9-768e-b45c-a201964859e3","method":"GET","route":"/projects/:projectId/renders","service":"api"}}
@avlp/api:dev: {"level":30,"time":1790943371812,"pid":15536,"hostname":"DESKTOP-HQ6B2T1","reqId":"req-kw","res":{"statusCode":200},"responseTime":59.16599999926984,"msg":"request completed"}
@avlp/api:dev: {"level":30,"time":1790943380750,"pid":15536,"hostname":"DESKTOP-HQ6B2T1","reqId":"req-kx","req":{"method":"GET","url":"[REDACTED]","host":"localhost:3001","remoteAddress":"127.0.0.1","remotePort":58396},"msg":"incoming request"}
@avlp/api:dev: {"timestamp":"2026-10-02T12:16:20.750Z","level":"info","event":"api.request_received","fields":{"correlationId":"01a0fc8b-450e-7c44-b63f-48847f537af0","method":"GET","route":"/projects/:projectId/renders","service":"api"}}
@avlp/api:dev: {"level":30,"time":1790943380815,"pid":15536,"hostname":"DESKTOP-HQ6B2T1","reqId":"req-kx","res":{"statusCode":200},"responseTime":65.55020000040531,"msg":"request completed"}
@avlp/api:dev: {"level":30,"time":1790943389742,"pid":15536,"hostname":"DESKTOP-HQ6B2T1","reqId":"req-ky","req":{"method":"GET","url":"[REDACTED]","host":"localhost:3001","remoteAddress":"127.0.0.1","remotePort":58396},"msg":"incoming request"}
@avlp/api:dev: {"timestamp":"2026-10-02T12:16:29.743Z","level":"info","event":"api.request_received","fields":{"correlationId":"01a0fc8b-682e-72fa-8ce9-500cb0205f63","method":"GET","route":"/projects/:projectId/renders","service":"api"}}
@avlp/api:dev: {"level":30,"time":1790943389814,"pid":15536,"hostname":"DESKTOP-HQ6B2T1","reqId":"req-ky","res":{"statusCode":200},"responseTime":71.74839999899268,"msg":"request completed"}
@avlp/api:dev: {"level":30,"time":1790943398748,"pid":15536,"hostname":"DESKTOP-HQ6B2T1","reqId":"req-kz","req":{"method":"GET","url":"[REDACTED]","host":"localhost:3001","remoteAddress":"127.0.0.1","remotePort":58396},"msg":"incoming request"}
@avlp/api:dev: {"timestamp":"2026-10-02T12:16:38.748Z","level":"info","event":"api.request_received","fields":{"correlationId":"01a0fc8b-8b5c-7bb0-9a24-9b5cfe2f9bf0","method":"GET","route":"/projects/:projectId/renders","service":"api"}}
@avlp/api:dev: {"level":30,"time":1790943399642,"pid":15536,"hostname":"DESKTOP-HQ6B2T1","reqId":"req-kz","res":{"statusCode":200},"responseTime":893.7075000014156,"msg":"request completed"}
@avlp/api:dev: {"level":30,"time":1790943407741,"pid":15536,"hostname":"DESKTOP-HQ6B2T1","reqId":"req-l0","req":{"method":"GET","url":"[REDACTED]","host":"localhost:3001","remoteAddress":"127.0.0.1","remotePort":58396},"msg":"incoming request"}
@avlp/api:dev: {"timestamp":"2026-10-02T12:16:47.742Z","level":"info","event":"api.request_received","fields":{"correlationId":"01a0fc8b-ae7d-759a-b417-b46a49a30f0f","method":"GET","route":"/projects/:projectId/renders","service":"api"}}
@avlp/api:dev: {"level":30,"time":1790943407808,"pid":15536,"hostname":"DESKTOP-HQ6B2T1","reqId":"req-l0","res":{"statusCode":200},"responseTime":67.09510000050068,"msg":"request completed"}
@avlp/api:dev: {"level":30,"time":1790943416748,"pid":15536,"hostname":"DESKTOP-HQ6B2T1","reqId":"req-l1","req":{"method":"GET","url":"[REDACTED]","host":"localhost:3001","remoteAddress":"127.0.0.1","remotePort":58396},"msg":"incoming request"}
@avlp/api:dev: {"timestamp":"2026-10-02T12:16:56.749Z","level":"info","event":"api.request_received","fields":{"correlationId":"01a0fc8b-d1ad-7d14-8f0e-0fc8859215c8","method":"GET","route":"/projects/:projectId/renders","service":"api"}}
@avlp/api:dev: {"level":30,"time":1790944192023,"pid":15536,"hostname":"DESKTOP-HQ6B2T1","reqId":"req-l2","req":{"method":"GET","url":"[REDACTED]","host":"localhost:3001","remoteAddress":"127.0.0.1","remotePort":52711},"msg":"incoming request"}
@avlp/api:dev: {"timestamp":"2026-10-02T12:29:52.024Z","level":"info","event":"api.request_received","fields":{"correlationId":"01a0fc97-a618-7df8-b0c6-822810bb5d40","method":"GET","route":"/projects/:projectId/renders","service":"api"}}
@avlp/api:dev: {"level":30,"time":1790944194124,"pid":15536,"hostname":"DESKTOP-HQ6B2T1","reqId":"req-l2","res":{"statusCode":200},"responseTime":2100.9793999996036,"msg":"request completed"}
@avlp/api:dev: {"level":30,"time":1790944194736,"pid":15536,"hostname":"DESKTOP-HQ6B2T1","reqId":"req-l3","req":{"method":"GET","url":"[REDACTED]","host":"localhost:3001","remoteAddress":"127.0.0.1","remotePort":55609},"msg":"incoming request"}
@avlp/api:dev: {"timestamp":"2026-10-02T12:29:54.737Z","level":"info","event":"api.request_received","fields":{"correlationId":"01a0fc97-b0b0-7cf5-8adc-c0824d2c950e","method":"GET","route":"/projects/:projectId/renders","service":"api"}}
@avlp/api:dev: {"level":30,"time":1790944195179,"pid":15536,"hostname":"DESKTOP-HQ6B2T1","reqId":"req-l3","res":{"statusCode":200},"responseTime":442.5209999997169,"msg":"request completed"}
@avlp/api:dev: {"level":30,"time":1790944203659,"pid":15536,"hostname":"DESKTOP-HQ6B2T1","reqId":"req-l4","req":{"method":"GET","url":"[REDACTED]","host":"localhost:3001","remoteAddress":"127.0.0.1","remotePort":55055},"msg":"incoming request"}
@avlp/api:dev: {"timestamp":"2026-10-02T12:30:03.659Z","level":"info","event":"api.request_received","fields":{"correlationId":"01a0fc97-d38b-769c-b2d6-e2924d1006dd","method":"GET","route":"/projects/:projectId/renders","service":"api"}}
@avlp/api:dev: {"level":30,"time":1790944203708,"pid":15536,"hostname":"DESKTOP-HQ6B2T1","reqId":"req-l4","res":{"statusCode":200},"responseTime":49.02019999921322,"msg":"request completed"}
