
> @avlp/renderer@0.0.0 dev C:\Users\eoaikhina\Documents\repos\product-app\apps\renderer
> tsx watch --env-file=../../.env src/main.ts

{"timestamp":"2026-09-12T08:52:30.091Z","level":"info","event":"worker.started","fields":{"service":"renderer"}}
11:34:07 AM [tsx] change in ./..\..\packages\design-system\dist\index.js Restarting...
{"timestamp":"2026-09-12T10:34:27.836Z","level":"info","event":"worker.started","fields":{"service":"renderer"}}
11:34:29 AM [tsx] change in ./..\..\packages\scene-library\dist\definition-scene.fixtures.js Restarting...
11:34:29 AM [tsx] change in ./..\..\packages\scene-library\dist\full-lesson.js Restarting...
11:34:31 AM [tsx] change in ./..\..\packages\scene-library\dist\scene-preview.js Restarting...
11:34:31 AM [tsx] change in ./..\..\packages\scene-library\dist\index.js Restarting...
{"timestamp":"2026-09-12T10:35:08.165Z","level":"info","event":"worker.started","fields":{"service":"renderer"}}
11:35:55 AM [tsx] change in ./..\..\packages\design-system\dist\index.js Restarting...
{"timestamp":"2026-09-12T10:36:12.424Z","level":"info","event":"worker.started","fields":{"service":"renderer"}}
11:36:16 AM [tsx] change in ./..\..\packages\scene-library\dist\definition-scene.fixtures.js Restarting...
11:36:17 AM [tsx] change in ./..\..\packages\scene-library\dist\full-lesson.js Restarting...
11:36:18 AM [tsx] change in ./..\..\packages\scene-library\dist\full-lesson.fixture.js Restarting...
11:36:19 AM [tsx] change in ./..\..\packages\scene-library\dist\process-scene.fixtures.js Restarting...
11:36:19 AM [tsx] change in ./..\..\packages\scene-library\dist\scene-preview.js Restarting...
11:36:19 AM [tsx] change in ./..\..\packages\scene-library\dist\index.js Restarting...
{"timestamp":"2026-09-12T10:36:39.579Z","level":"info","event":"worker.started","fields":{"service":"renderer"}}
11:37:55 AM [tsx] change in ./..\..\packages\design-system\dist\video-theme.js Restarting...
{"timestamp":"2026-09-12T10:38:16.609Z","level":"info","event":"worker.started","fields":{"service":"renderer"}}
11:38:19 AM [tsx] change in ./..\..\packages\scene-library\dist\diagram-layout.js Restarting...
11:38:19 AM [tsx] change in ./..\..\packages\scene-library\dist\summary-scene.js Restarting...
11:38:19 AM [tsx] change in ./..\..\packages\scene-library\dist\scene-registry.js Restarting...
11:38:20 AM [tsx] change in ./..\..\packages\scene-library\dist\definition-scene.fixtures.js Restarting...
11:38:20 AM [tsx] change in ./..\..\packages\scene-library\dist\full-lesson.js Restarting...
11:38:22 AM [tsx] change in ./..\..\packages\scene-library\dist\full-lesson.fixture.js Restarting...
11:38:22 AM [tsx] change in ./..\..\packages\scene-library\dist\scene-preview-composition.js Restarting...
11:38:22 AM [tsx] change in ./..\..\packages\scene-library\dist\process-scene.fixtures.js Restarting...
11:38:23 AM [tsx] change in ./..\..\packages\scene-library\dist\scene-preview.js Restarting...
11:38:24 AM [tsx] change in ./..\..\packages\scene-library\dist\index.js Restarting...
{"timestamp":"2026-09-12T10:38:42.273Z","level":"info","event":"worker.started","fields":{"service":"renderer"}}
{"timestamp":"2026-09-12T11:21:13.304Z","level":"error","event":"worker.consumer_failed","fields":{"queueName":"render","service":"renderer"}}
{"timestamp":"2026-09-12T11:21:13.358Z","level":"error","event":"worker.consumer_failed","fields":{"queueName":"render","service":"renderer"}}
{"timestamp":"2026-09-12T11:21:16.873Z","level":"error","event":"worker.consumer_failed","fields":{"queueName":"render","service":"renderer"}}
{"timestamp":"2026-09-12T11:21:16.874Z","level":"error","event":"worker.consumer_failed","fields":{"queueName":"render","service":"renderer"}}
{"timestamp":"2026-09-12T11:21:17.937Z","level":"error","event":"worker.consumer_failed","fields":{"queueName":"render","service":"renderer"}}
{"timestamp":"2026-09-12T11:21:17.939Z","level":"error","event":"worker.consumer_failed","fields":{"queueName":"render","service":"renderer"}}
{"timestamp":"2026-09-12T11:21:18.957Z","level":"error","event":"worker.consumer_failed","fields":{"queueName":"render","service":"renderer"}}
{"timestamp":"2026-09-12T11:21:18.958Z","level":"error","event":"worker.consumer_failed","fields":{"queueName":"render","service":"renderer"}}
{"timestamp":"2026-09-12T11:21:19.967Z","level":"error","event":"worker.consumer_failed","fields":{"queueName":"render","service":"renderer"}}
{"timestamp":"2026-09-12T11:21:19.969Z","level":"error","event":"worker.consumer_failed","fields":{"queueName":"render","service":"renderer"}}
{"timestamp":"2026-09-12T11:21:20.976Z","level":"error","event":"worker.consumer_failed","fields":{"queueName":"render","service":"renderer"}}
{"timestamp":"2026-09-12T11:21:20.977Z","level":"error","event":"worker.consumer_failed","fields":{"queueName":"render","service":"renderer"}}
{"timestamp":"2026-09-12T11:21:22.082Z","level":"error","event":"worker.consumer_failed","fields":{"queueName":"render","service":"renderer"}}
{"timestamp":"2026-09-12T11:21:22.083Z","level":"error","event":"worker.consumer_failed","fields":{"queueName":"render","service":"renderer"}}
{"timestamp":"2026-09-12T11:21:25.094Z","level":"error","event":"worker.consumer_failed","fields":{"queueName":"render","service":"renderer"}}
{"timestamp":"2026-09-12T11:21:25.098Z","level":"error","event":"worker.consumer_failed","fields":{"queueName":"render","service":"renderer"}}
{"timestamp":"2026-09-12T11:21:33.224Z","level":"error","event":"worker.consumer_failed","fields":{"queueName":"render","service":"renderer"}}
{"timestamp":"2026-09-12T11:21:33.229Z","level":"error","event":"worker.consumer_failed","fields":{"queueName":"render","service":"renderer"}}
{"timestamp":"2026-09-12T11:21:53.242Z","level":"error","event":"worker.consumer_failed","fields":{"queueName":"render","service":"renderer"}}
{"timestamp":"2026-09-12T11:21:53.244Z","level":"error","event":"worker.consumer_failed","fields":{"queueName":"render","service":"renderer"}}
{"timestamp":"2026-09-12T11:22:13.253Z","level":"error","event":"worker.consumer_failed","fields":{"queueName":"render","service":"renderer"}}
{"timestamp":"2026-09-12T11:22:13.260Z","level":"error","event":"worker.consumer_failed","fields":{"queueName":"render","service":"renderer"}}
{"timestamp":"2026-09-12T11:22:33.278Z","level":"error","event":"worker.consumer_failed","fields":{"queueName":"render","service":"renderer"}}
{"timestamp":"2026-09-12T11:22:33.282Z","level":"error","event":"worker.consumer_failed","fields":{"queueName":"render","service":"renderer"}}
{"timestamp":"2026-09-12T11:22:53.300Z","level":"error","event":"worker.consumer_failed","fields":{"queueName":"render","service":"renderer"}}
{"timestamp":"2026-09-12T11:22:53.315Z","level":"error","event":"worker.consumer_failed","fields":{"queueName":"render","service":"renderer"}}
{"timestamp":"2026-09-12T11:23:13.330Z","level":"error","event":"worker.consumer_failed","fields":{"queueName":"render","service":"renderer"}}
{"timestamp":"2026-09-12T11:23:13.355Z","level":"error","event":"worker.consumer_failed","fields":{"queueName":"render","service":"renderer"}}
{"timestamp":"2026-09-12T11:23:33.345Z","level":"error","event":"worker.consumer_failed","fields":{"queueName":"render","service":"renderer"}}
{"timestamp":"2026-09-12T11:23:33.376Z","level":"error","event":"worker.consumer_failed","fields":{"queueName":"render","service":"renderer"}}
{"timestamp":"2026-09-12T11:23:53.362Z","level":"error","event":"worker.consumer_failed","fields":{"queueName":"render","service":"renderer"}}
{"timestamp":"2026-09-12T11:23:53.405Z","level":"error","event":"worker.consumer_failed","fields":{"queueName":"render","service":"renderer"}}
{"timestamp":"2026-09-12T11:24:13.394Z","level":"error","event":"worker.consumer_failed","fields":{"queueName":"render","service":"renderer"}}
{"timestamp":"2026-09-12T11:24:13.420Z","level":"error","event":"worker.consumer_failed","fields":{"queueName":"render","service":"renderer"}}
{"timestamp":"2026-09-12T11:24:33.424Z","level":"error","event":"worker.consumer_failed","fields":{"queueName":"render","service":"renderer"}}
{"timestamp":"2026-09-12T11:24:33.451Z","level":"error","event":"worker.consumer_failed","fields":{"queueName":"render","service":"renderer"}}
{"timestamp":"2026-09-12T11:24:53.446Z","level":"error","event":"worker.consumer_failed","fields":{"queueName":"render","service":"renderer"}}
{"timestamp":"2026-09-12T11:24:53.476Z","level":"error","event":"worker.consumer_failed","fields":{"queueName":"render","service":"renderer"}}
{"timestamp":"2026-09-12T11:25:13.488Z","level":"error","event":"worker.consumer_failed","fields":{"queueName":"render","service":"renderer"}}
{"timestamp":"2026-09-12T11:25:13.491Z","level":"error","event":"worker.consumer_failed","fields":{"queueName":"render","service":"renderer"}}
{"timestamp":"2026-09-12T11:25:33.495Z","level":"error","event":"worker.consumer_failed","fields":{"queueName":"render","service":"renderer"}}
{"timestamp":"2026-09-12T11:25:33.499Z","level":"error","event":"worker.consumer_failed","fields":{"queueName":"render","service":"renderer"}}
{"timestamp":"2026-09-12T11:25:53.504Z","level":"error","event":"worker.consumer_failed","fields":{"queueName":"render","service":"renderer"}}
{"timestamp":"2026-09-12T11:25:53.510Z","level":"error","event":"worker.consumer_failed","fields":{"queueName":"render","service":"renderer"}}
{"timestamp":"2026-09-12T11:26:13.527Z","level":"error","event":"worker.consumer_failed","fields":{"queueName":"render","service":"renderer"}}
{"timestamp":"2026-09-12T11:26:13.529Z","level":"error","event":"worker.consumer_failed","fields":{"queueName":"render","service":"renderer"}}
{"timestamp":"2026-09-12T11:26:33.537Z","level":"error","event":"worker.consumer_failed","fields":{"queueName":"render","service":"renderer"}}
{"timestamp":"2026-09-12T11:26:33.544Z","level":"error","event":"worker.consumer_failed","fields":{"queueName":"render","service":"renderer"}}
{"timestamp":"2026-09-12T11:26:53.544Z","level":"error","event":"worker.consumer_failed","fields":{"queueName":"render","service":"renderer"}}
{"timestamp":"2026-09-12T11:26:53.550Z","level":"error","event":"worker.consumer_failed","fields":{"queueName":"render","service":"renderer"}}
{"timestamp":"2026-09-12T11:27:13.553Z","level":"error","event":"worker.consumer_failed","fields":{"queueName":"render","service":"renderer"}}
{"timestamp":"2026-09-12T11:27:13.559Z","level":"error","event":"worker.consumer_failed","fields":{"queueName":"render","service":"renderer"}}
{"timestamp":"2026-09-12T11:27:33.562Z","level":"error","event":"worker.consumer_failed","fields":{"queueName":"render","service":"renderer"}}
{"timestamp":"2026-09-12T11:27:33.568Z","level":"error","event":"worker.consumer_failed","fields":{"queueName":"render","service":"renderer"}}
{"timestamp":"2026-09-12T11:27:53.568Z","level":"error","event":"worker.consumer_failed","fields":{"queueName":"render","service":"renderer"}}
{"timestamp":"2026-09-12T11:27:53.573Z","level":"error","event":"worker.consumer_failed","fields":{"queueName":"render","service":"renderer"}}
{"timestamp":"2026-09-12T11:28:13.584Z","level":"error","event":"worker.consumer_failed","fields":{"queueName":"render","service":"renderer"}}
{"timestamp":"2026-09-12T11:28:13.590Z","level":"error","event":"worker.consumer_failed","fields":{"queueName":"render","service":"renderer"}}
{"timestamp":"2026-09-12T11:28:33.595Z","level":"error","event":"worker.consumer_failed","fields":{"queueName":"render","service":"renderer"}}
{"timestamp":"2026-09-12T11:28:33.601Z","level":"error","event":"worker.consumer_failed","fields":{"queueName":"render","service":"renderer"}}
{"timestamp":"2026-09-12T11:28:53.619Z","level":"error","event":"worker.consumer_failed","fields":{"queueName":"render","service":"renderer"}}
{"timestamp":"2026-09-12T11:28:53.620Z","level":"error","event":"worker.consumer_failed","fields":{"queueName":"render","service":"renderer"}}
{"timestamp":"2026-09-12T11:29:13.633Z","level":"error","event":"worker.consumer_failed","fields":{"queueName":"render","service":"renderer"}}
{"timestamp":"2026-09-12T11:29:13.636Z","level":"error","event":"worker.consumer_failed","fields":{"queueName":"render","service":"renderer"}}
{"timestamp":"2026-09-12T11:29:33.641Z","level":"error","event":"worker.consumer_failed","fields":{"queueName":"render","service":"renderer"}}
{"timestamp":"2026-09-12T11:29:33.722Z","level":"error","event":"worker.consumer_failed","fields":{"queueName":"render","service":"renderer"}}
{"timestamp":"2026-09-12T11:29:53.736Z","level":"error","event":"worker.consumer_failed","fields":{"queueName":"render","service":"renderer"}}
{"timestamp":"2026-09-12T11:29:53.740Z","level":"error","event":"worker.consumer_failed","fields":{"queueName":"render","service":"renderer"}}
{"timestamp":"2026-09-12T11:30:13.759Z","level":"error","event":"worker.consumer_failed","fields":{"queueName":"render","service":"renderer"}}
{"timestamp":"2026-09-12T11:30:13.762Z","level":"error","event":"worker.consumer_failed","fields":{"queueName":"render","service":"renderer"}}
{"timestamp":"2026-09-12T11:30:33.788Z","level":"error","event":"worker.consumer_failed","fields":{"queueName":"render","service":"renderer"}}
{"timestamp":"2026-09-12T11:30:33.793Z","level":"error","event":"worker.consumer_failed","fields":{"queueName":"render","service":"renderer"}}
{"timestamp":"2026-09-12T11:30:53.806Z","level":"error","event":"worker.consumer_failed","fields":{"queueName":"render","service":"renderer"}}
{"timestamp":"2026-09-12T11:30:53.809Z","level":"error","event":"worker.consumer_failed","fields":{"queueName":"render","service":"renderer"}}
{"timestamp":"2026-09-12T11:31:13.822Z","level":"error","event":"worker.consumer_failed","fields":{"queueName":"render","service":"renderer"}}
{"timestamp":"2026-09-12T11:31:13.824Z","level":"error","event":"worker.consumer_failed","fields":{"queueName":"render","service":"renderer"}}
{"timestamp":"2026-09-12T11:31:33.840Z","level":"error","event":"worker.consumer_failed","fields":{"queueName":"render","service":"renderer"}}
{"timestamp":"2026-09-12T11:31:33.843Z","level":"error","event":"worker.consumer_failed","fields":{"queueName":"render","service":"renderer"}}
{"timestamp":"2026-09-12T11:31:53.855Z","level":"error","event":"worker.consumer_failed","fields":{"queueName":"render","service":"renderer"}}
{"timestamp":"2026-09-12T11:31:53.858Z","level":"error","event":"worker.consumer_failed","fields":{"queueName":"render","service":"renderer"}}
{"timestamp":"2026-09-12T11:32:13.873Z","level":"error","event":"worker.consumer_failed","fields":{"queueName":"render","service":"renderer"}}
{"timestamp":"2026-09-12T11:32:13.875Z","level":"error","event":"worker.consumer_failed","fields":{"queueName":"render","service":"renderer"}}
{"timestamp":"2026-09-12T11:32:33.891Z","level":"error","event":"worker.consumer_failed","fields":{"queueName":"render","service":"renderer"}}
{"timestamp":"2026-09-12T11:32:33.896Z","level":"error","event":"worker.consumer_failed","fields":{"queueName":"render","service":"renderer"}}
{"timestamp":"2026-09-12T11:32:53.918Z","level":"error","event":"worker.consumer_failed","fields":{"queueName":"render","service":"renderer"}}
{"timestamp":"2026-09-12T11:32:53.935Z","level":"error","event":"worker.consumer_failed","fields":{"queueName":"render","service":"renderer"}}
{"timestamp":"2026-09-12T11:33:13.955Z","level":"error","event":"worker.consumer_failed","fields":{"queueName":"render","service":"renderer"}}
{"timestamp":"2026-09-12T11:33:13.958Z","level":"error","event":"worker.consumer_failed","fields":{"queueName":"render","service":"renderer"}}
{"timestamp":"2026-09-12T11:33:33.975Z","level":"error","event":"worker.consumer_failed","fields":{"queueName":"render","service":"renderer"}}
{"timestamp":"2026-09-12T11:33:33.978Z","level":"error","event":"worker.consumer_failed","fields":{"queueName":"render","service":"renderer"}}
{"timestamp":"2026-09-12T11:33:53.988Z","level":"error","event":"worker.consumer_failed","fields":{"queueName":"render","service":"renderer"}}
{"timestamp":"2026-09-12T11:33:53.990Z","level":"error","event":"worker.consumer_failed","fields":{"queueName":"render","service":"renderer"}}
{"timestamp":"2026-09-12T11:34:14.003Z","level":"error","event":"worker.consumer_failed","fields":{"queueName":"render","service":"renderer"}}
{"timestamp":"2026-09-12T11:34:14.008Z","level":"error","event":"worker.consumer_failed","fields":{"queueName":"render","service":"renderer"}}
{"timestamp":"2026-09-12T11:34:34.021Z","level":"error","event":"worker.consumer_failed","fields":{"queueName":"render","service":"renderer"}}
{"timestamp":"2026-09-12T11:34:34.024Z","level":"error","event":"worker.consumer_failed","fields":{"queueName":"render","service":"renderer"}}
{"timestamp":"2026-09-12T11:34:54.040Z","level":"error","event":"worker.consumer_failed","fields":{"queueName":"render","service":"renderer"}}
{"timestamp":"2026-09-12T11:34:54.043Z","level":"error","event":"worker.consumer_failed","fields":{"queueName":"render","service":"renderer"}}
{"timestamp":"2026-09-12T11:35:14.055Z","level":"error","event":"worker.consumer_failed","fields":{"queueName":"render","service":"renderer"}}
{"timestamp":"2026-09-12T11:35:14.058Z","level":"error","event":"worker.consumer_failed","fields":{"queueName":"render","service":"renderer"}}
{"timestamp":"2026-09-12T11:35:34.078Z","level":"error","event":"worker.consumer_failed","fields":{"queueName":"render","service":"renderer"}}
{"timestamp":"2026-09-12T11:35:34.082Z","level":"error","event":"worker.consumer_failed","fields":{"queueName":"render","service":"renderer"}}
{"timestamp":"2026-09-12T11:35:54.098Z","level":"error","event":"worker.consumer_failed","fields":{"queueName":"render","service":"renderer"}}
{"timestamp":"2026-09-12T11:35:54.102Z","level":"error","event":"worker.consumer_failed","fields":{"queueName":"render","service":"renderer"}}
{"timestamp":"2026-09-12T11:36:14.124Z","level":"error","event":"worker.consumer_failed","fields":{"queueName":"render","service":"renderer"}}
{"timestamp":"2026-09-12T11:36:14.127Z","level":"error","event":"worker.consumer_failed","fields":{"queueName":"render","service":"renderer"}}
{"timestamp":"2026-09-12T11:36:34.151Z","level":"error","event":"worker.consumer_failed","fields":{"queueName":"render","service":"renderer"}}
{"timestamp":"2026-09-12T11:36:34.158Z","level":"error","event":"worker.consumer_failed","fields":{"queueName":"render","service":"renderer"}}
{"timestamp":"2026-09-12T11:36:54.176Z","level":"error","event":"worker.consumer_failed","fields":{"queueName":"render","service":"renderer"}}
{"timestamp":"2026-09-12T11:36:54.178Z","level":"error","event":"worker.consumer_failed","fields":{"queueName":"render","service":"renderer"}}
{"timestamp":"2026-09-12T11:37:14.186Z","level":"error","event":"worker.consumer_failed","fields":{"queueName":"render","service":"renderer"}}
{"timestamp":"2026-09-12T11:37:14.190Z","level":"error","event":"worker.consumer_failed","fields":{"queueName":"render","service":"renderer"}}
{"timestamp":"2026-09-12T11:37:34.205Z","level":"error","event":"worker.consumer_failed","fields":{"queueName":"render","service":"renderer"}}
{"timestamp":"2026-09-12T11:37:34.209Z","level":"error","event":"worker.consumer_failed","fields":{"queueName":"render","service":"renderer"}}
{"timestamp":"2026-09-12T11:37:54.227Z","level":"error","event":"worker.consumer_failed","fields":{"queueName":"render","service":"renderer"}}
{"timestamp":"2026-09-12T11:37:54.231Z","level":"error","event":"worker.consumer_failed","fields":{"queueName":"render","service":"renderer"}}
{"timestamp":"2026-09-12T11:38:14.252Z","level":"error","event":"worker.consumer_failed","fields":{"queueName":"render","service":"renderer"}}
{"timestamp":"2026-09-12T11:38:14.256Z","level":"error","event":"worker.consumer_failed","fields":{"queueName":"render","service":"renderer"}}
{"timestamp":"2026-09-12T11:38:34.278Z","level":"error","event":"worker.consumer_failed","fields":{"queueName":"render","service":"renderer"}}
{"timestamp":"2026-09-12T11:38:34.282Z","level":"error","event":"worker.consumer_failed","fields":{"queueName":"render","service":"renderer"}}
{"timestamp":"2026-09-12T11:38:54.306Z","level":"error","event":"worker.consumer_failed","fields":{"queueName":"render","service":"renderer"}}
{"timestamp":"2026-09-12T11:38:54.311Z","level":"error","event":"worker.consumer_failed","fields":{"queueName":"render","service":"renderer"}}
{"timestamp":"2026-09-12T11:39:14.326Z","level":"error","event":"worker.consumer_failed","fields":{"queueName":"render","service":"renderer"}}
{"timestamp":"2026-09-12T11:39:14.330Z","level":"error","event":"worker.consumer_failed","fields":{"queueName":"render","service":"renderer"}}
{"timestamp":"2026-09-12T11:39:34.336Z","level":"error","event":"worker.consumer_failed","fields":{"queueName":"render","service":"renderer"}}
{"timestamp":"2026-09-12T11:39:34.345Z","level":"error","event":"worker.consumer_failed","fields":{"queueName":"render","service":"renderer"}}
{"timestamp":"2026-09-12T11:39:54.357Z","level":"error","event":"worker.consumer_failed","fields":{"queueName":"render","service":"renderer"}}
{"timestamp":"2026-09-12T11:39:54.361Z","level":"error","event":"worker.consumer_failed","fields":{"queueName":"render","service":"renderer"}}
{"timestamp":"2026-09-12T11:40:14.378Z","level":"error","event":"worker.consumer_failed","fields":{"queueName":"render","service":"renderer"}}
{"timestamp":"2026-09-12T11:40:14.382Z","level":"error","event":"worker.consumer_failed","fields":{"queueName":"render","service":"renderer"}}
{"timestamp":"2026-09-12T11:40:34.402Z","level":"error","event":"worker.consumer_failed","fields":{"queueName":"render","service":"renderer"}}
{"timestamp":"2026-09-12T11:40:34.405Z","level":"error","event":"worker.consumer_failed","fields":{"queueName":"render","service":"renderer"}}
{"timestamp":"2026-09-12T11:40:54.415Z","level":"error","event":"worker.consumer_failed","fields":{"queueName":"render","service":"renderer"}}
{"timestamp":"2026-09-12T11:40:54.419Z","level":"error","event":"worker.consumer_failed","fields":{"queueName":"render","service":"renderer"}}
{"timestamp":"2026-09-12T11:41:14.434Z","level":"error","event":"worker.consumer_failed","fields":{"queueName":"render","service":"renderer"}}
{"timestamp":"2026-09-12T11:41:14.437Z","level":"error","event":"worker.consumer_failed","fields":{"queueName":"render","service":"renderer"}}
{"timestamp":"2026-09-12T11:41:34.446Z","level":"error","event":"worker.consumer_failed","fields":{"queueName":"render","service":"renderer"}}
{"timestamp":"2026-09-12T11:41:34.450Z","level":"error","event":"worker.consumer_failed","fields":{"queueName":"render","service":"renderer"}}
{"timestamp":"2026-09-12T11:41:54.458Z","level":"error","event":"worker.consumer_failed","fields":{"queueName":"render","service":"renderer"}}
{"timestamp":"2026-09-12T11:41:54.462Z","level":"error","event":"worker.consumer_failed","fields":{"queueName":"render","service":"renderer"}}
{"timestamp":"2026-09-12T11:42:14.478Z","level":"error","event":"worker.consumer_failed","fields":{"queueName":"render","service":"renderer"}}
{"timestamp":"2026-09-12T11:42:14.482Z","level":"error","event":"worker.consumer_failed","fields":{"queueName":"render","service":"renderer"}}
{"timestamp":"2026-09-12T11:42:34.498Z","level":"error","event":"worker.consumer_failed","fields":{"queueName":"render","service":"renderer"}}
{"timestamp":"2026-09-12T11:42:34.500Z","level":"error","event":"worker.consumer_failed","fields":{"queueName":"render","service":"renderer"}}
{"timestamp":"2026-09-12T11:42:54.508Z","level":"error","event":"worker.consumer_failed","fields":{"queueName":"render","service":"renderer"}}
{"timestamp":"2026-09-12T11:42:54.512Z","level":"error","event":"worker.consumer_failed","fields":{"queueName":"render","service":"renderer"}}
{"timestamp":"2026-09-12T11:43:14.529Z","level":"error","event":"worker.consumer_failed","fields":{"queueName":"render","service":"renderer"}}
{"timestamp":"2026-09-12T11:43:14.540Z","level":"error","event":"worker.consumer_failed","fields":{"queueName":"render","service":"renderer"}}
{"timestamp":"2026-09-12T11:43:34.559Z","level":"error","event":"worker.consumer_failed","fields":{"queueName":"render","service":"renderer"}}
{"timestamp":"2026-09-12T11:43:34.565Z","level":"error","event":"worker.consumer_failed","fields":{"queueName":"render","service":"renderer"}}
{"timestamp":"2026-09-12T11:43:54.581Z","level":"error","event":"worker.consumer_failed","fields":{"queueName":"render","service":"renderer"}}
{"timestamp":"2026-09-12T11:43:54.584Z","level":"error","event":"worker.consumer_failed","fields":{"queueName":"render","service":"renderer"}}
{"timestamp":"2026-09-12T11:44:14.595Z","level":"error","event":"worker.consumer_failed","fields":{"queueName":"render","service":"renderer"}}
{"timestamp":"2026-09-12T11:44:14.597Z","level":"error","event":"worker.consumer_failed","fields":{"queueName":"render","service":"renderer"}}
{"timestamp":"2026-09-12T11:44:34.613Z","level":"error","event":"worker.consumer_failed","fields":{"queueName":"render","service":"renderer"}}
{"timestamp":"2026-09-12T11:44:34.614Z","level":"error","event":"worker.consumer_failed","fields":{"queueName":"render","service":"renderer"}}
{"timestamp":"2026-09-12T11:44:54.628Z","level":"error","event":"worker.consumer_failed","fields":{"queueName":"render","service":"renderer"}}
{"timestamp":"2026-09-12T11:44:54.632Z","level":"error","event":"worker.consumer_failed","fields":{"queueName":"render","service":"renderer"}}
{"timestamp":"2026-09-12T11:45:14.642Z","level":"error","event":"worker.consumer_failed","fields":{"queueName":"render","service":"renderer"}}
{"timestamp":"2026-09-12T11:45:14.646Z","level":"error","event":"worker.consumer_failed","fields":{"queueName":"render","service":"renderer"}}
{"timestamp":"2026-09-12T11:45:34.662Z","level":"error","event":"worker.consumer_failed","fields":{"queueName":"render","service":"renderer"}}
{"timestamp":"2026-09-12T11:45:34.664Z","level":"error","event":"worker.consumer_failed","fields":{"queueName":"render","service":"renderer"}}
{"timestamp":"2026-09-12T11:45:54.680Z","level":"error","event":"worker.consumer_failed","fields":{"queueName":"render","service":"renderer"}}
{"timestamp":"2026-09-12T11:45:54.683Z","level":"error","event":"worker.consumer_failed","fields":{"queueName":"render","service":"renderer"}}
{"timestamp":"2026-09-12T11:46:14.706Z","level":"error","event":"worker.consumer_failed","fields":{"queueName":"render","service":"renderer"}}
{"timestamp":"2026-09-12T11:46:14.711Z","level":"error","event":"worker.consumer_failed","fields":{"queueName":"render","service":"renderer"}}
{"timestamp":"2026-09-12T11:46:34.720Z","level":"error","event":"worker.consumer_failed","fields":{"queueName":"render","service":"renderer"}}
{"timestamp":"2026-09-12T11:46:34.725Z","level":"error","event":"worker.consumer_failed","fields":{"queueName":"render","service":"renderer"}}
{"timestamp":"2026-09-12T11:46:54.734Z","level":"error","event":"worker.consumer_failed","fields":{"queueName":"render","service":"renderer"}}
{"timestamp":"2026-09-12T11:46:54.735Z","level":"error","event":"worker.consumer_failed","fields":{"queueName":"render","service":"renderer"}}
{"timestamp":"2026-09-12T11:47:14.777Z","level":"error","event":"worker.consumer_failed","fields":{"queueName":"render","service":"renderer"}}
{"timestamp":"2026-09-12T11:47:14.784Z","level":"error","event":"worker.consumer_failed","fields":{"queueName":"render","service":"renderer"}}
{"timestamp":"2026-09-12T11:47:34.794Z","level":"error","event":"worker.consumer_failed","fields":{"queueName":"render","service":"renderer"}}
{"timestamp":"2026-09-12T11:47:34.801Z","level":"error","event":"worker.consumer_failed","fields":{"queueName":"render","service":"renderer"}}
{"timestamp":"2026-09-12T11:47:54.815Z","level":"error","event":"worker.consumer_failed","fields":{"queueName":"render","service":"renderer"}}
{"timestamp":"2026-09-12T11:47:54.819Z","level":"error","event":"worker.consumer_failed","fields":{"queueName":"render","service":"renderer"}}
{"timestamp":"2026-09-12T11:48:14.826Z","level":"error","event":"worker.consumer_failed","fields":{"queueName":"render","service":"renderer"}}
{"timestamp":"2026-09-12T11:48:14.830Z","level":"error","event":"worker.consumer_failed","fields":{"queueName":"render","service":"renderer"}}
{"timestamp":"2026-09-12T11:48:34.840Z","level":"error","event":"worker.consumer_failed","fields":{"queueName":"render","service":"renderer"}}
{"timestamp":"2026-09-12T11:48:34.841Z","level":"error","event":"worker.consumer_failed","fields":{"queueName":"render","service":"renderer"}}
{"timestamp":"2026-09-12T11:48:54.850Z","level":"error","event":"worker.consumer_failed","fields":{"queueName":"render","service":"renderer"}}
{"timestamp":"2026-09-12T11:48:54.854Z","level":"error","event":"worker.consumer_failed","fields":{"queueName":"render","service":"renderer"}}
{"timestamp":"2026-09-12T11:49:14.860Z","level":"error","event":"worker.consumer_failed","fields":{"queueName":"render","service":"renderer"}}
{"timestamp":"2026-09-12T11:49:14.863Z","level":"error","event":"worker.consumer_failed","fields":{"queueName":"render","service":"renderer"}}
{"timestamp":"2026-09-12T11:49:34.884Z","level":"error","event":"worker.consumer_failed","fields":{"queueName":"render","service":"renderer"}}
{"timestamp":"2026-09-12T11:49:34.888Z","level":"error","event":"worker.consumer_failed","fields":{"queueName":"render","service":"renderer"}}
{"timestamp":"2026-09-12T11:49:54.908Z","level":"error","event":"worker.consumer_failed","fields":{"queueName":"render","service":"renderer"}}
{"timestamp":"2026-09-12T11:49:54.911Z","level":"error","event":"worker.consumer_failed","fields":{"queueName":"render","service":"renderer"}}
{"timestamp":"2026-09-12T11:50:14.921Z","level":"error","event":"worker.consumer_failed","fields":{"queueName":"render","service":"renderer"}}
{"timestamp":"2026-09-12T11:50:14.925Z","level":"error","event":"worker.consumer_failed","fields":{"queueName":"render","service":"renderer"}}
{"timestamp":"2026-09-12T11:50:34.933Z","level":"error","event":"worker.consumer_failed","fields":{"queueName":"render","service":"renderer"}}
{"timestamp":"2026-09-12T11:50:34.936Z","level":"error","event":"worker.consumer_failed","fields":{"queueName":"render","service":"renderer"}}
{"timestamp":"2026-09-12T11:50:54.942Z","level":"error","event":"worker.consumer_failed","fields":{"queueName":"render","service":"renderer"}}
{"timestamp":"2026-09-12T11:50:54.945Z","level":"error","event":"worker.consumer_failed","fields":{"queueName":"render","service":"renderer"}}
{"timestamp":"2026-09-12T11:51:14.957Z","level":"error","event":"worker.consumer_failed","fields":{"queueName":"render","service":"renderer"}}
{"timestamp":"2026-09-12T11:51:14.961Z","level":"error","event":"worker.consumer_failed","fields":{"queueName":"render","service":"renderer"}}
{"timestamp":"2026-09-12T11:51:34.984Z","level":"error","event":"worker.consumer_failed","fields":{"queueName":"render","service":"renderer"}}
{"timestamp":"2026-09-12T11:51:34.988Z","level":"error","event":"worker.consumer_failed","fields":{"queueName":"render","service":"renderer"}}
{"timestamp":"2026-09-12T11:51:55.003Z","level":"error","event":"worker.consumer_failed","fields":{"queueName":"render","service":"renderer"}}
{"timestamp":"2026-09-12T11:51:55.007Z","level":"error","event":"worker.consumer_failed","fields":{"queueName":"render","service":"renderer"}}
{"timestamp":"2026-09-12T11:52:15.023Z","level":"error","event":"worker.consumer_failed","fields":{"queueName":"render","service":"renderer"}}
{"timestamp":"2026-09-12T11:52:15.027Z","level":"error","event":"worker.consumer_failed","fields":{"queueName":"render","service":"renderer"}}
{"timestamp":"2026-09-12T11:52:35.039Z","level":"error","event":"worker.consumer_failed","fields":{"queueName":"render","service":"renderer"}}
{"timestamp":"2026-09-12T11:52:35.043Z","level":"error","event":"worker.consumer_failed","fields":{"queueName":"render","service":"renderer"}}
{"timestamp":"2026-09-12T11:52:55.062Z","level":"error","event":"worker.consumer_failed","fields":{"queueName":"render","service":"renderer"}}
{"timestamp":"2026-09-12T11:52:55.066Z","level":"error","event":"worker.consumer_failed","fields":{"queueName":"render","service":"renderer"}}
{"timestamp":"2026-09-12T11:53:15.074Z","level":"error","event":"worker.consumer_failed","fields":{"queueName":"render","service":"renderer"}}
{"timestamp":"2026-09-12T11:53:15.075Z","level":"error","event":"worker.consumer_failed","fields":{"queueName":"render","service":"renderer"}}
{"timestamp":"2026-09-12T11:53:35.094Z","level":"error","event":"worker.consumer_failed","fields":{"queueName":"render","service":"renderer"}}
{"timestamp":"2026-09-12T11:53:35.096Z","level":"error","event":"worker.consumer_failed","fields":{"queueName":"render","service":"renderer"}}
{"timestamp":"2026-09-12T11:53:55.118Z","level":"error","event":"worker.consumer_failed","fields":{"queueName":"render","service":"renderer"}}
{"timestamp":"2026-09-12T11:53:55.121Z","level":"error","event":"worker.consumer_failed","fields":{"queueName":"render","service":"renderer"}}
{"timestamp":"2026-09-12T11:54:15.138Z","level":"error","event":"worker.consumer_failed","fields":{"queueName":"render","service":"renderer"}}
{"timestamp":"2026-09-12T11:54:15.141Z","level":"error","event":"worker.consumer_failed","fields":{"queueName":"render","service":"renderer"}}
{"timestamp":"2026-09-12T11:54:35.167Z","level":"error","event":"worker.consumer_failed","fields":{"queueName":"render","service":"renderer"}}
{"timestamp":"2026-09-12T11:54:35.172Z","level":"error","event":"worker.consumer_failed","fields":{"queueName":"render","service":"renderer"}}
{"timestamp":"2026-09-12T11:54:55.189Z","level":"error","event":"worker.consumer_failed","fields":{"queueName":"render","service":"renderer"}}
{"timestamp":"2026-09-12T11:54:55.191Z","level":"error","event":"worker.consumer_failed","fields":{"queueName":"render","service":"renderer"}}
{"timestamp":"2026-09-12T11:55:15.204Z","level":"error","event":"worker.consumer_failed","fields":{"queueName":"render","service":"renderer"}}
{"timestamp":"2026-09-12T11:55:15.205Z","level":"error","event":"worker.consumer_failed","fields":{"queueName":"render","service":"renderer"}}
{"timestamp":"2026-09-12T11:55:35.226Z","level":"error","event":"worker.consumer_failed","fields":{"queueName":"render","service":"renderer"}}
{"timestamp":"2026-09-12T11:55:35.229Z","level":"error","event":"worker.consumer_failed","fields":{"queueName":"render","service":"renderer"}}
{"timestamp":"2026-09-12T11:55:55.239Z","level":"error","event":"worker.consumer_failed","fields":{"queueName":"render","service":"renderer"}}
{"timestamp":"2026-09-12T11:55:55.240Z","level":"error","event":"worker.consumer_failed","fields":{"queueName":"render","service":"renderer"}}
{"timestamp":"2026-09-12T11:56:15.257Z","level":"error","event":"worker.consumer_failed","fields":{"queueName":"render","service":"renderer"}}
{"timestamp":"2026-09-12T11:56:15.261Z","level":"error","event":"worker.consumer_failed","fields":{"queueName":"render","service":"renderer"}}
{"timestamp":"2026-09-12T11:56:35.279Z","level":"error","event":"worker.consumer_failed","fields":{"queueName":"render","service":"renderer"}}
{"timestamp":"2026-09-12T11:56:35.281Z","level":"error","event":"worker.consumer_failed","fields":{"queueName":"render","service":"renderer"}}
{"timestamp":"2026-09-12T11:56:55.296Z","level":"error","event":"worker.consumer_failed","fields":{"queueName":"render","service":"renderer"}}
{"timestamp":"2026-09-12T11:56:55.298Z","level":"error","event":"worker.consumer_failed","fields":{"queueName":"render","service":"renderer"}}
{"timestamp":"2026-09-12T11:57:15.308Z","level":"error","event":"worker.consumer_failed","fields":{"queueName":"render","service":"renderer"}}
{"timestamp":"2026-09-12T11:57:15.310Z","level":"error","event":"worker.consumer_failed","fields":{"queueName":"render","service":"renderer"}}
{"timestamp":"2026-09-12T11:57:35.332Z","level":"error","event":"worker.consumer_failed","fields":{"queueName":"render","service":"renderer"}}
{"timestamp":"2026-09-12T11:57:35.335Z","level":"error","event":"worker.consumer_failed","fields":{"queueName":"render","service":"renderer"}}
{"timestamp":"2026-09-12T11:57:55.341Z","level":"error","event":"worker.consumer_failed","fields":{"queueName":"render","service":"renderer"}}
{"timestamp":"2026-09-12T11:57:55.346Z","level":"error","event":"worker.consumer_failed","fields":{"queueName":"render","service":"renderer"}}
{"timestamp":"2026-09-12T11:58:15.358Z","level":"error","event":"worker.consumer_failed","fields":{"queueName":"render","service":"renderer"}}
{"timestamp":"2026-09-12T11:58:15.360Z","level":"error","event":"worker.consumer_failed","fields":{"queueName":"render","service":"renderer"}}
{"timestamp":"2026-09-12T11:58:35.389Z","level":"error","event":"worker.consumer_failed","fields":{"queueName":"render","service":"renderer"}}
{"timestamp":"2026-09-12T11:58:35.392Z","level":"error","event":"worker.consumer_failed","fields":{"queueName":"render","service":"renderer"}}
{"timestamp":"2026-09-12T11:58:55.402Z","level":"error","event":"worker.consumer_failed","fields":{"queueName":"render","service":"renderer"}}
{"timestamp":"2026-09-12T11:58:55.404Z","level":"error","event":"worker.consumer_failed","fields":{"queueName":"render","service":"renderer"}}
{"timestamp":"2026-09-12T11:59:15.418Z","level":"error","event":"worker.consumer_failed","fields":{"queueName":"render","service":"renderer"}}
{"timestamp":"2026-09-12T11:59:15.420Z","level":"error","event":"worker.consumer_failed","fields":{"queueName":"render","service":"renderer"}}
{"timestamp":"2026-09-12T11:59:35.434Z","level":"error","event":"worker.consumer_failed","fields":{"queueName":"render","service":"renderer"}}
{"timestamp":"2026-09-12T11:59:35.436Z","level":"error","event":"worker.consumer_failed","fields":{"queueName":"render","service":"renderer"}}
{"timestamp":"2026-09-12T11:59:55.453Z","level":"error","event":"worker.consumer_failed","fields":{"queueName":"render","service":"renderer"}}
{"timestamp":"2026-09-12T11:59:55.454Z","level":"error","event":"worker.consumer_failed","fields":{"queueName":"render","service":"renderer"}}
{"timestamp":"2026-09-12T12:00:15.470Z","level":"error","event":"worker.consumer_failed","fields":{"queueName":"render","service":"renderer"}}
{"timestamp":"2026-09-12T12:00:15.473Z","level":"error","event":"worker.consumer_failed","fields":{"queueName":"render","service":"renderer"}}
{"timestamp":"2026-09-12T12:00:35.481Z","level":"error","event":"worker.consumer_failed","fields":{"queueName":"render","service":"renderer"}}
{"timestamp":"2026-09-12T12:00:35.482Z","level":"error","event":"worker.consumer_failed","fields":{"queueName":"render","service":"renderer"}}
{"timestamp":"2026-09-12T12:00:55.497Z","level":"error","event":"worker.consumer_failed","fields":{"queueName":"render","service":"renderer"}}
{"timestamp":"2026-09-12T12:00:55.505Z","level":"error","event":"worker.consumer_failed","fields":{"queueName":"render","service":"renderer"}}
{"timestamp":"2026-09-12T12:01:15.503Z","level":"error","event":"worker.consumer_failed","fields":{"queueName":"render","service":"renderer"}}
{"timestamp":"2026-09-12T12:01:15.518Z","level":"error","event":"worker.consumer_failed","fields":{"queueName":"render","service":"renderer"}}
{"timestamp":"2026-09-12T12:01:35.508Z","level":"error","event":"worker.consumer_failed","fields":{"queueName":"render","service":"renderer"}}
{"timestamp":"2026-09-12T12:01:35.525Z","level":"error","event":"worker.consumer_failed","fields":{"queueName":"render","service":"renderer"}}
{"timestamp":"2026-09-12T12:01:55.518Z","level":"error","event":"worker.consumer_failed","fields":{"queueName":"render","service":"renderer"}}
{"timestamp":"2026-09-12T12:01:55.536Z","level":"error","event":"worker.consumer_failed","fields":{"queueName":"render","service":"renderer"}}
{"timestamp":"2026-09-12T12:02:15.539Z","level":"error","event":"worker.consumer_failed","fields":{"queueName":"render","service":"renderer"}}
{"timestamp":"2026-09-12T12:02:15.542Z","level":"error","event":"worker.consumer_failed","fields":{"queueName":"render","service":"renderer"}}
{"timestamp":"2026-09-12T12:02:35.554Z","level":"error","event":"worker.consumer_failed","fields":{"queueName":"render","service":"renderer"}}
{"timestamp":"2026-09-12T12:02:35.558Z","level":"error","event":"worker.consumer_failed","fields":{"queueName":"render","service":"renderer"}}
{"timestamp":"2026-09-12T12:02:55.572Z","level":"error","event":"worker.consumer_failed","fields":{"queueName":"render","service":"renderer"}}
{"timestamp":"2026-09-12T12:02:55.583Z","level":"error","event":"worker.consumer_failed","fields":{"queueName":"render","service":"renderer"}}
{"timestamp":"2026-09-12T12:03:15.592Z","level":"error","event":"worker.consumer_failed","fields":{"queueName":"render","service":"renderer"}}
{"timestamp":"2026-09-12T12:03:15.601Z","level":"error","event":"worker.consumer_failed","fields":{"queueName":"render","service":"renderer"}}
{"timestamp":"2026-09-12T12:03:35.630Z","level":"error","event":"worker.consumer_failed","fields":{"queueName":"render","service":"renderer"}}
{"timestamp":"2026-09-12T12:03:35.646Z","level":"error","event":"worker.consumer_failed","fields":{"queueName":"render","service":"renderer"}}
{"timestamp":"2026-09-12T12:03:55.655Z","level":"error","event":"worker.consumer_failed","fields":{"queueName":"render","service":"renderer"}}
{"timestamp":"2026-09-12T12:03:55.658Z","level":"error","event":"worker.consumer_failed","fields":{"queueName":"render","service":"renderer"}}
{"timestamp":"2026-09-12T12:04:15.674Z","level":"error","event":"worker.consumer_failed","fields":{"queueName":"render","service":"renderer"}}
{"timestamp":"2026-09-12T12:04:15.683Z","level":"error","event":"worker.consumer_failed","fields":{"queueName":"render","service":"renderer"}}
{"timestamp":"2026-09-12T12:04:35.700Z","level":"error","event":"worker.consumer_failed","fields":{"queueName":"render","service":"renderer"}}
{"timestamp":"2026-09-12T12:04:35.708Z","level":"error","event":"worker.consumer_failed","fields":{"queueName":"render","service":"renderer"}}
{"timestamp":"2026-09-12T12:04:55.717Z","level":"error","event":"worker.consumer_failed","fields":{"queueName":"render","service":"renderer"}}
{"timestamp":"2026-09-12T12:04:55.730Z","level":"error","event":"worker.consumer_failed","fields":{"queueName":"render","service":"renderer"}}
{"timestamp":"2026-09-12T12:05:15.738Z","level":"error","event":"worker.consumer_failed","fields":{"queueName":"render","service":"renderer"}}
{"timestamp":"2026-09-12T12:05:15.740Z","level":"error","event":"worker.consumer_failed","fields":{"queueName":"render","service":"renderer"}}
{"timestamp":"2026-09-12T12:05:35.756Z","level":"error","event":"worker.consumer_failed","fields":{"queueName":"render","service":"renderer"}}
{"timestamp":"2026-09-12T12:05:35.761Z","level":"error","event":"worker.consumer_failed","fields":{"queueName":"render","service":"renderer"}}
{"timestamp":"2026-09-12T12:05:55.780Z","level":"error","event":"worker.consumer_failed","fields":{"queueName":"render","service":"renderer"}}
{"timestamp":"2026-09-12T12:05:55.782Z","level":"error","event":"worker.consumer_failed","fields":{"queueName":"render","service":"renderer"}}
{"timestamp":"2026-09-12T12:06:15.801Z","level":"error","event":"worker.consumer_failed","fields":{"queueName":"render","service":"renderer"}}
{"timestamp":"2026-09-12T12:06:15.804Z","level":"error","event":"worker.consumer_failed","fields":{"queueName":"render","service":"renderer"}}
{"timestamp":"2026-09-12T12:06:35.818Z","level":"error","event":"worker.consumer_failed","fields":{"queueName":"render","service":"renderer"}}
{"timestamp":"2026-09-12T12:06:35.823Z","level":"error","event":"worker.consumer_failed","fields":{"queueName":"render","service":"renderer"}}
{"timestamp":"2026-09-12T12:06:55.840Z","level":"error","event":"worker.consumer_failed","fields":{"queueName":"render","service":"renderer"}}
{"timestamp":"2026-09-12T12:06:55.844Z","level":"error","event":"worker.consumer_failed","fields":{"queueName":"render","service":"renderer"}}
{"timestamp":"2026-09-12T12:07:15.863Z","level":"error","event":"worker.consumer_failed","fields":{"queueName":"render","service":"renderer"}}
{"timestamp":"2026-09-12T12:07:15.866Z","level":"error","event":"worker.consumer_failed","fields":{"queueName":"render","service":"renderer"}}
{"timestamp":"2026-09-12T12:07:35.881Z","level":"error","event":"worker.consumer_failed","fields":{"queueName":"render","service":"renderer"}}
{"timestamp":"2026-09-12T12:07:35.882Z","level":"error","event":"worker.consumer_failed","fields":{"queueName":"render","service":"renderer"}}
{"timestamp":"2026-09-12T12:07:55.898Z","level":"error","event":"worker.consumer_failed","fields":{"queueName":"render","service":"renderer"}}
{"timestamp":"2026-09-12T12:07:55.902Z","level":"error","event":"worker.consumer_failed","fields":{"queueName":"render","service":"renderer"}}
{"timestamp":"2026-09-12T12:08:15.911Z","level":"error","event":"worker.consumer_failed","fields":{"queueName":"render","service":"renderer"}}
{"timestamp":"2026-09-12T12:08:15.913Z","level":"error","event":"worker.consumer_failed","fields":{"queueName":"render","service":"renderer"}}
{"timestamp":"2026-09-12T12:08:35.926Z","level":"error","event":"worker.consumer_failed","fields":{"queueName":"render","service":"renderer"}}
{"timestamp":"2026-09-12T12:08:35.930Z","level":"error","event":"worker.consumer_failed","fields":{"queueName":"render","service":"renderer"}}
{"timestamp":"2026-09-12T12:08:55.944Z","level":"error","event":"worker.consumer_failed","fields":{"queueName":"render","service":"renderer"}}
{"timestamp":"2026-09-12T12:08:55.951Z","level":"error","event":"worker.consumer_failed","fields":{"queueName":"render","service":"renderer"}}
{"timestamp":"2026-09-12T12:09:15.963Z","level":"error","event":"worker.consumer_failed","fields":{"queueName":"render","service":"renderer"}}
{"timestamp":"2026-09-12T12:09:15.965Z","level":"error","event":"worker.consumer_failed","fields":{"queueName":"render","service":"renderer"}}
{"timestamp":"2026-09-12T12:09:35.980Z","level":"error","event":"worker.consumer_failed","fields":{"queueName":"render","service":"renderer"}}
{"timestamp":"2026-09-12T12:09:35.985Z","level":"error","event":"worker.consumer_failed","fields":{"queueName":"render","service":"renderer"}}
{"timestamp":"2026-09-12T12:09:55.999Z","level":"error","event":"worker.consumer_failed","fields":{"queueName":"render","service":"renderer"}}
{"timestamp":"2026-09-12T12:09:56.001Z","level":"error","event":"worker.consumer_failed","fields":{"queueName":"render","service":"renderer"}}
{"timestamp":"2026-09-12T12:10:16.021Z","level":"error","event":"worker.consumer_failed","fields":{"queueName":"render","service":"renderer"}}
{"timestamp":"2026-09-12T12:10:16.023Z","level":"error","event":"worker.consumer_failed","fields":{"queueName":"render","service":"renderer"}}
{"timestamp":"2026-09-12T12:10:36.036Z","level":"error","event":"worker.consumer_failed","fields":{"queueName":"render","service":"renderer"}}
{"timestamp":"2026-09-12T12:10:36.043Z","level":"error","event":"worker.consumer_failed","fields":{"queueName":"render","service":"renderer"}}
{"timestamp":"2026-09-12T12:10:56.052Z","level":"error","event":"worker.consumer_failed","fields":{"queueName":"render","service":"renderer"}}
{"timestamp":"2026-09-12T12:10:56.072Z","level":"error","event":"worker.consumer_failed","fields":{"queueName":"render","service":"renderer"}}
{"timestamp":"2026-09-12T12:11:16.077Z","level":"error","event":"worker.consumer_failed","fields":{"queueName":"render","service":"renderer"}}
{"timestamp":"2026-09-12T12:11:16.082Z","level":"error","event":"worker.consumer_failed","fields":{"queueName":"render","service":"renderer"}}
{"timestamp":"2026-09-12T12:11:36.102Z","level":"error","event":"worker.consumer_failed","fields":{"queueName":"render","service":"renderer"}}
{"timestamp":"2026-09-12T12:11:36.104Z","level":"error","event":"worker.consumer_failed","fields":{"queueName":"render","service":"renderer"}}
{"timestamp":"2026-09-12T12:11:56.127Z","level":"error","event":"worker.consumer_failed","fields":{"queueName":"render","service":"renderer"}}
{"timestamp":"2026-09-12T12:11:56.130Z","level":"error","event":"worker.consumer_failed","fields":{"queueName":"render","service":"renderer"}}
{"timestamp":"2026-09-12T12:12:16.148Z","level":"error","event":"worker.consumer_failed","fields":{"queueName":"render","service":"renderer"}}
{"timestamp":"2026-09-12T12:12:16.151Z","level":"error","event":"worker.consumer_failed","fields":{"queueName":"render","service":"renderer"}}
{"timestamp":"2026-09-12T12:12:36.167Z","level":"error","event":"worker.consumer_failed","fields":{"queueName":"render","service":"renderer"}}
{"timestamp":"2026-09-12T12:12:36.174Z","level":"error","event":"worker.consumer_failed","fields":{"queueName":"render","service":"renderer"}}
{"timestamp":"2026-09-12T12:12:56.181Z","level":"error","event":"worker.consumer_failed","fields":{"queueName":"render","service":"renderer"}}
{"timestamp":"2026-09-12T12:12:56.183Z","level":"error","event":"worker.consumer_failed","fields":{"queueName":"render","service":"renderer"}}
{"timestamp":"2026-09-12T12:13:16.191Z","level":"error","event":"worker.consumer_failed","fields":{"queueName":"render","service":"renderer"}}
{"timestamp":"2026-09-12T12:13:16.193Z","level":"error","event":"worker.consumer_failed","fields":{"queueName":"render","service":"renderer"}}
{"timestamp":"2026-09-12T12:13:36.208Z","level":"error","event":"worker.consumer_failed","fields":{"queueName":"render","service":"renderer"}}
{"timestamp":"2026-09-12T12:13:36.211Z","level":"error","event":"worker.consumer_failed","fields":{"queueName":"render","service":"renderer"}}
{"timestamp":"2026-09-12T12:13:56.238Z","level":"error","event":"worker.consumer_failed","fields":{"queueName":"render","service":"renderer"}}
{"timestamp":"2026-09-12T12:13:56.244Z","level":"error","event":"worker.consumer_failed","fields":{"queueName":"render","service":"renderer"}}
{"timestamp":"2026-09-12T12:14:16.552Z","level":"error","event":"worker.consumer_failed","fields":{"queueName":"render","service":"renderer"}}
{"timestamp":"2026-09-12T12:14:17.150Z","level":"error","event":"worker.consumer_failed","fields":{"queueName":"render","service":"renderer"}}
{"timestamp":"2026-09-12T12:14:37.158Z","level":"error","event":"worker.consumer_failed","fields":{"queueName":"render","service":"renderer"}}
{"timestamp":"2026-09-12T12:14:37.770Z","level":"error","event":"worker.consumer_failed","fields":{"queueName":"render","service":"renderer"}}
{"timestamp":"2026-09-12T12:14:57.169Z","level":"error","event":"worker.consumer_failed","fields":{"queueName":"render","service":"renderer"}}
{"timestamp":"2026-09-12T12:14:57.781Z","level":"error","event":"worker.consumer_failed","fields":{"queueName":"render","service":"renderer"}}
{"timestamp":"2026-09-12T12:15:17.197Z","level":"error","event":"worker.consumer_failed","fields":{"queueName":"render","service":"renderer"}}
{"timestamp":"2026-09-12T12:15:17.790Z","level":"error","event":"worker.consumer_failed","fields":{"queueName":"render","service":"renderer"}}
{"timestamp":"2026-09-12T12:15:37.209Z","level":"error","event":"worker.consumer_failed","fields":{"queueName":"render","service":"renderer"}}
{"timestamp":"2026-09-12T12:15:37.806Z","level":"error","event":"worker.consumer_failed","fields":{"queueName":"render","service":"renderer"}}
{"timestamp":"2026-09-12T12:15:57.229Z","level":"error","event":"worker.consumer_failed","fields":{"queueName":"render","service":"renderer"}}
{"timestamp":"2026-09-12T12:15:57.817Z","level":"error","event":"worker.consumer_failed","fields":{"queueName":"render","service":"renderer"}}
{"timestamp":"2026-09-12T12:16:17.246Z","level":"error","event":"worker.consumer_failed","fields":{"queueName":"render","service":"renderer"}}
{"timestamp":"2026-09-12T12:16:17.838Z","level":"error","event":"worker.consumer_failed","fields":{"queueName":"render","service":"renderer"}}
{"timestamp":"2026-09-12T12:16:37.260Z","level":"error","event":"worker.consumer_failed","fields":{"queueName":"render","service":"renderer"}}
{"timestamp":"2026-09-12T12:16:37.859Z","level":"error","event":"worker.consumer_failed","fields":{"queueName":"render","service":"renderer"}}
{"timestamp":"2026-09-12T12:16:57.271Z","level":"error","event":"worker.consumer_failed","fields":{"queueName":"render","service":"renderer"}}
{"timestamp":"2026-09-12T12:16:57.867Z","level":"error","event":"worker.consumer_failed","fields":{"queueName":"render","service":"renderer"}}
{"timestamp":"2026-09-12T12:17:17.299Z","level":"error","event":"worker.consumer_failed","fields":{"queueName":"render","service":"renderer"}}
{"timestamp":"2026-09-12T12:17:17.879Z","level":"error","event":"worker.consumer_failed","fields":{"queueName":"render","service":"renderer"}}
{"timestamp":"2026-09-12T12:17:37.321Z","level":"error","event":"worker.consumer_failed","fields":{"queueName":"render","service":"renderer"}}
{"timestamp":"2026-09-12T12:17:37.886Z","level":"error","event":"worker.consumer_failed","fields":{"queueName":"render","service":"renderer"}}
{"timestamp":"2026-09-12T12:17:57.360Z","level":"error","event":"worker.consumer_failed","fields":{"queueName":"render","service":"renderer"}}
{"timestamp":"2026-09-12T12:17:57.909Z","level":"error","event":"worker.consumer_failed","fields":{"queueName":"render","service":"renderer"}}
{"timestamp":"2026-09-12T12:18:17.369Z","level":"error","event":"worker.consumer_failed","fields":{"queueName":"render","service":"renderer"}}
{"timestamp":"2026-09-12T12:18:17.924Z","level":"error","event":"worker.consumer_failed","fields":{"queueName":"render","service":"renderer"}}
{"timestamp":"2026-09-12T12:18:37.406Z","level":"error","event":"worker.consumer_failed","fields":{"queueName":"render","service":"renderer"}}
{"timestamp":"2026-09-12T12:18:37.987Z","level":"error","event":"worker.consumer_failed","fields":{"queueName":"render","service":"renderer"}}
{"timestamp":"2026-09-12T12:18:57.446Z","level":"error","event":"worker.consumer_failed","fields":{"queueName":"render","service":"renderer"}}
{"timestamp":"2026-09-12T12:18:57.996Z","level":"error","event":"worker.consumer_failed","fields":{"queueName":"render","service":"renderer"}}
{"timestamp":"2026-09-12T12:19:17.468Z","level":"error","event":"worker.consumer_failed","fields":{"queueName":"render","service":"renderer"}}
{"timestamp":"2026-09-12T12:19:18.001Z","level":"error","event":"worker.consumer_failed","fields":{"queueName":"render","service":"renderer"}}
{"timestamp":"2026-09-12T12:19:37.487Z","level":"error","event":"worker.consumer_failed","fields":{"queueName":"render","service":"renderer"}}
{"timestamp":"2026-09-12T12:19:38.019Z","level":"error","event":"worker.consumer_failed","fields":{"queueName":"render","service":"renderer"}}
{"timestamp":"2026-09-12T12:19:57.507Z","level":"error","event":"worker.consumer_failed","fields":{"queueName":"render","service":"renderer"}}
{"timestamp":"2026-09-12T12:19:58.029Z","level":"error","event":"worker.consumer_failed","fields":{"queueName":"render","service":"renderer"}}
{"timestamp":"2026-09-12T12:20:17.524Z","level":"error","event":"worker.consumer_failed","fields":{"queueName":"render","service":"renderer"}}
{"timestamp":"2026-09-12T12:20:18.041Z","level":"error","event":"worker.consumer_failed","fields":{"queueName":"render","service":"renderer"}}
{"timestamp":"2026-09-12T12:20:37.541Z","level":"error","event":"worker.consumer_failed","fields":{"queueName":"render","service":"renderer"}}
{"timestamp":"2026-09-12T12:20:38.057Z","level":"error","event":"worker.consumer_failed","fields":{"queueName":"render","service":"renderer"}}
{"timestamp":"2026-09-12T12:20:57.556Z","level":"error","event":"worker.consumer_failed","fields":{"queueName":"render","service":"renderer"}}
{"timestamp":"2026-09-12T12:20:58.072Z","level":"error","event":"worker.consumer_failed","fields":{"queueName":"render","service":"renderer"}}
{"timestamp":"2026-09-12T12:21:17.584Z","level":"error","event":"worker.consumer_failed","fields":{"queueName":"render","service":"renderer"}}
{"timestamp":"2026-09-12T12:21:18.079Z","level":"error","event":"worker.consumer_failed","fields":{"queueName":"render","service":"renderer"}}
{"timestamp":"2026-09-12T12:21:37.594Z","level":"error","event":"worker.consumer_failed","fields":{"queueName":"render","service":"renderer"}}
{"timestamp":"2026-09-12T12:21:38.088Z","level":"error","event":"worker.consumer_failed","fields":{"queueName":"render","service":"renderer"}}
{"timestamp":"2026-09-12T12:21:57.605Z","level":"error","event":"worker.consumer_failed","fields":{"queueName":"render","service":"renderer"}}
{"timestamp":"2026-09-12T12:21:58.100Z","level":"error","event":"worker.consumer_failed","fields":{"queueName":"render","service":"renderer"}}
{"timestamp":"2026-09-12T12:22:17.625Z","level":"error","event":"worker.consumer_failed","fields":{"queueName":"render","service":"renderer"}}
{"timestamp":"2026-09-12T12:22:18.114Z","level":"error","event":"worker.consumer_failed","fields":{"queueName":"render","service":"renderer"}}
{"timestamp":"2026-09-12T12:22:37.734Z","level":"error","event":"worker.consumer_failed","fields":{"queueName":"render","service":"renderer"}}
{"timestamp":"2026-09-12T12:22:38.306Z","level":"error","event":"worker.consumer_failed","fields":{"queueName":"render","service":"renderer"}}
{"timestamp":"2026-09-12T12:22:58.315Z","level":"error","event":"worker.consumer_failed","fields":{"queueName":"render","service":"renderer"}}
{"timestamp":"2026-09-12T12:22:58.832Z","level":"error","event":"worker.consumer_failed","fields":{"queueName":"render","service":"renderer"}}
{"timestamp":"2026-09-12T12:23:18.334Z","level":"error","event":"worker.consumer_failed","fields":{"queueName":"render","service":"renderer"}}
{"timestamp":"2026-09-12T12:23:18.853Z","level":"error","event":"worker.consumer_failed","fields":{"queueName":"render","service":"renderer"}}
{"timestamp":"2026-09-12T12:23:38.472Z","level":"error","event":"worker.consumer_failed","fields":{"queueName":"render","service":"renderer"}}
{"timestamp":"2026-09-12T12:23:38.874Z","level":"error","event":"worker.consumer_failed","fields":{"queueName":"render","service":"renderer"}}
{"timestamp":"2026-09-12T12:23:58.484Z","level":"error","event":"worker.consumer_failed","fields":{"queueName":"render","service":"renderer"}}
{"timestamp":"2026-09-12T12:23:59.005Z","level":"error","event":"worker.consumer_failed","fields":{"queueName":"render","service":"renderer"}}
{"timestamp":"2026-09-12T12:24:18.504Z","level":"error","event":"worker.consumer_failed","fields":{"queueName":"render","service":"renderer"}}
{"timestamp":"2026-09-12T12:24:19.038Z","level":"error","event":"worker.consumer_failed","fields":{"queueName":"render","service":"renderer"}}
{"timestamp":"2026-09-12T12:24:38.531Z","level":"error","event":"worker.consumer_failed","fields":{"queueName":"render","service":"renderer"}}
{"timestamp":"2026-09-12T12:24:39.046Z","level":"error","event":"worker.consumer_failed","fields":{"queueName":"render","service":"renderer"}}
{"timestamp":"2026-09-12T12:24:58.791Z","level":"error","event":"worker.consumer_failed","fields":{"queueName":"render","service":"renderer"}}
{"timestamp":"2026-09-12T12:24:59.058Z","level":"error","event":"worker.consumer_failed","fields":{"queueName":"render","service":"renderer"}}
{"timestamp":"2026-09-12T12:25:18.821Z","level":"error","event":"worker.consumer_failed","fields":{"queueName":"render","service":"renderer"}}
{"timestamp":"2026-09-12T12:25:19.073Z","level":"error","event":"worker.consumer_failed","fields":{"queueName":"render","service":"renderer"}}
{"timestamp":"2026-09-12T12:25:38.841Z","level":"error","event":"worker.consumer_failed","fields":{"queueName":"render","service":"renderer"}}
{"timestamp":"2026-09-12T12:25:39.088Z","level":"error","event":"worker.consumer_failed","fields":{"queueName":"render","service":"renderer"}}
{"timestamp":"2026-09-12T12:25:58.856Z","level":"error","event":"worker.consumer_failed","fields":{"queueName":"render","service":"renderer"}}
{"timestamp":"2026-09-12T12:25:59.106Z","level":"error","event":"worker.consumer_failed","fields":{"queueName":"render","service":"renderer"}}
{"timestamp":"2026-09-12T12:26:18.879Z","level":"error","event":"worker.consumer_failed","fields":{"queueName":"render","service":"renderer"}}
{"timestamp":"2026-09-12T12:26:19.126Z","level":"error","event":"worker.consumer_failed","fields":{"queueName":"render","service":"renderer"}}
{"timestamp":"2026-09-12T12:26:38.893Z","level":"error","event":"worker.consumer_failed","fields":{"queueName":"render","service":"renderer"}}
{"timestamp":"2026-09-12T12:26:39.140Z","level":"error","event":"worker.consumer_failed","fields":{"queueName":"render","service":"renderer"}}
{"timestamp":"2026-09-12T12:26:58.916Z","level":"error","event":"worker.consumer_failed","fields":{"queueName":"render","service":"renderer"}}
{"timestamp":"2026-09-12T12:26:59.149Z","level":"error","event":"worker.consumer_failed","fields":{"queueName":"render","service":"renderer"}}
{"timestamp":"2026-09-12T12:27:18.934Z","level":"error","event":"worker.consumer_failed","fields":{"queueName":"render","service":"renderer"}}
{"timestamp":"2026-09-12T12:27:19.165Z","level":"error","event":"worker.consumer_failed","fields":{"queueName":"render","service":"renderer"}}
{"timestamp":"2026-09-12T12:27:38.955Z","level":"error","event":"worker.consumer_failed","fields":{"queueName":"render","service":"renderer"}}
{"timestamp":"2026-09-12T12:27:39.193Z","level":"error","event":"worker.consumer_failed","fields":{"queueName":"render","service":"renderer"}}
{"timestamp":"2026-09-12T12:27:58.975Z","level":"error","event":"worker.consumer_failed","fields":{"queueName":"render","service":"renderer"}}
{"timestamp":"2026-09-12T12:27:59.208Z","level":"error","event":"worker.consumer_failed","fields":{"queueName":"render","service":"renderer"}}
{"timestamp":"2026-09-12T12:28:18.989Z","level":"error","event":"worker.consumer_failed","fields":{"queueName":"render","service":"renderer"}}
{"timestamp":"2026-09-12T12:28:19.629Z","level":"error","event":"worker.consumer_failed","fields":{"queueName":"render","service":"renderer"}}
{"timestamp":"2026-09-12T12:28:39.638Z","level":"error","event":"worker.consumer_failed","fields":{"queueName":"render","service":"renderer"}}
{"timestamp":"2026-09-12T12:28:40.092Z","level":"error","event":"worker.consumer_failed","fields":{"queueName":"render","service":"renderer"}}
{"timestamp":"2026-09-12T12:28:59.663Z","level":"error","event":"worker.consumer_failed","fields":{"queueName":"render","service":"renderer"}}
{"timestamp":"2026-09-12T12:29:00.114Z","level":"error","event":"worker.consumer_failed","fields":{"queueName":"render","service":"renderer"}}
{"timestamp":"2026-09-12T12:29:19.690Z","level":"error","event":"worker.consumer_failed","fields":{"queueName":"render","service":"renderer"}}
{"timestamp":"2026-09-12T12:29:20.190Z","level":"error","event":"worker.consumer_failed","fields":{"queueName":"render","service":"renderer"}}
{"timestamp":"2026-09-12T12:29:39.707Z","level":"error","event":"worker.consumer_failed","fields":{"queueName":"render","service":"renderer"}}
{"timestamp":"2026-09-12T12:29:40.210Z","level":"error","event":"worker.consumer_failed","fields":{"queueName":"render","service":"renderer"}}
{"timestamp":"2026-09-12T12:29:59.726Z","level":"error","event":"worker.consumer_failed","fields":{"queueName":"render","service":"renderer"}}
{"timestamp":"2026-09-12T12:30:00.227Z","level":"error","event":"worker.consumer_failed","fields":{"queueName":"render","service":"renderer"}}
{"timestamp":"2026-09-12T12:30:19.743Z","level":"error","event":"worker.consumer_failed","fields":{"queueName":"render","service":"renderer"}}
{"timestamp":"2026-09-12T12:30:20.240Z","level":"error","event":"worker.consumer_failed","fields":{"queueName":"render","service":"renderer"}}
{"timestamp":"2026-09-12T12:30:39.760Z","level":"error","event":"worker.consumer_failed","fields":{"queueName":"render","service":"renderer"}}
{"timestamp":"2026-09-12T12:30:40.261Z","level":"error","event":"worker.consumer_failed","fields":{"queueName":"render","service":"renderer"}}
{"timestamp":"2026-09-12T12:30:59.778Z","level":"error","event":"worker.consumer_failed","fields":{"queueName":"render","service":"renderer"}}
{"timestamp":"2026-09-12T12:31:00.281Z","level":"error","event":"worker.consumer_failed","fields":{"queueName":"render","service":"renderer"}}
{"timestamp":"2026-09-12T12:31:19.795Z","level":"error","event":"worker.consumer_failed","fields":{"queueName":"render","service":"renderer"}}
{"timestamp":"2026-09-12T12:31:20.295Z","level":"error","event":"worker.consumer_failed","fields":{"queueName":"render","service":"renderer"}}
{"timestamp":"2026-09-12T12:31:39.810Z","level":"error","event":"worker.consumer_failed","fields":{"queueName":"render","service":"renderer"}}
{"timestamp":"2026-09-12T12:31:40.316Z","level":"error","event":"worker.consumer_failed","fields":{"queueName":"render","service":"renderer"}}
{"timestamp":"2026-09-12T12:31:59.829Z","level":"error","event":"worker.consumer_failed","fields":{"queueName":"render","service":"renderer"}}
{"timestamp":"2026-09-12T12:32:00.336Z","level":"error","event":"worker.consumer_failed","fields":{"queueName":"render","service":"renderer"}}
{"timestamp":"2026-09-12T12:32:19.858Z","level":"error","event":"worker.consumer_failed","fields":{"queueName":"render","service":"renderer"}}
{"timestamp":"2026-09-12T12:32:20.353Z","level":"error","event":"worker.consumer_failed","fields":{"queueName":"render","service":"renderer"}}
{"timestamp":"2026-09-12T12:32:39.875Z","level":"error","event":"worker.consumer_failed","fields":{"queueName":"render","service":"renderer"}}
{"timestamp":"2026-09-12T12:32:40.390Z","level":"error","event":"worker.consumer_failed","fields":{"queueName":"render","service":"renderer"}}
{"timestamp":"2026-09-12T12:32:59.894Z","level":"error","event":"worker.consumer_failed","fields":{"queueName":"render","service":"renderer"}}
{"timestamp":"2026-09-12T12:33:00.399Z","level":"error","event":"worker.consumer_failed","fields":{"queueName":"render","service":"renderer"}}
{"timestamp":"2026-09-12T12:33:19.922Z","level":"error","event":"worker.consumer_failed","fields":{"queueName":"render","service":"renderer"}}
{"timestamp":"2026-09-12T12:33:20.428Z","level":"error","event":"worker.consumer_failed","fields":{"queueName":"render","service":"renderer"}}
{"timestamp":"2026-09-12T12:33:39.961Z","level":"error","event":"worker.consumer_failed","fields":{"queueName":"render","service":"renderer"}}
{"timestamp":"2026-09-12T12:33:40.447Z","level":"error","event":"worker.consumer_failed","fields":{"queueName":"render","service":"renderer"}}
{"timestamp":"2026-09-12T12:33:59.972Z","level":"error","event":"worker.consumer_failed","fields":{"queueName":"render","service":"renderer"}}
{"timestamp":"2026-09-12T12:34:00.468Z","level":"error","event":"worker.consumer_failed","fields":{"queueName":"render","service":"renderer"}}
{"timestamp":"2026-09-12T12:34:19.985Z","level":"error","event":"worker.consumer_failed","fields":{"queueName":"render","service":"renderer"}}
{"timestamp":"2026-09-12T12:34:20.501Z","level":"error","event":"worker.consumer_failed","fields":{"queueName":"render","service":"renderer"}}
{"timestamp":"2026-09-12T12:34:40.011Z","level":"error","event":"worker.consumer_failed","fields":{"queueName":"render","service":"renderer"}}
{"timestamp":"2026-09-12T12:34:40.511Z","level":"error","event":"worker.consumer_failed","fields":{"queueName":"render","service":"renderer"}}
{"timestamp":"2026-09-12T12:35:00.022Z","level":"error","event":"worker.consumer_failed","fields":{"queueName":"render","service":"renderer"}}
{"timestamp":"2026-09-12T12:35:00.525Z","level":"error","event":"worker.consumer_failed","fields":{"queueName":"render","service":"renderer"}}
{"timestamp":"2026-09-12T12:35:20.042Z","level":"error","event":"worker.consumer_failed","fields":{"queueName":"render","service":"renderer"}}
{"timestamp":"2026-09-12T12:35:20.564Z","level":"error","event":"worker.consumer_failed","fields":{"queueName":"render","service":"renderer"}}
{"timestamp":"2026-09-12T12:35:40.069Z","level":"error","event":"worker.consumer_failed","fields":{"queueName":"render","service":"renderer"}}
{"timestamp":"2026-09-12T12:35:40.582Z","level":"error","event":"worker.consumer_failed","fields":{"queueName":"render","service":"renderer"}}
{"timestamp":"2026-09-12T12:36:00.089Z","level":"error","event":"worker.consumer_failed","fields":{"queueName":"render","service":"renderer"}}
{"timestamp":"2026-09-12T12:36:00.602Z","level":"error","event":"worker.consumer_failed","fields":{"queueName":"render","service":"renderer"}}
{"timestamp":"2026-09-12T12:36:20.104Z","level":"error","event":"worker.consumer_failed","fields":{"queueName":"render","service":"renderer"}}
{"timestamp":"2026-09-12T12:36:20.620Z","level":"error","event":"worker.consumer_failed","fields":{"queueName":"render","service":"renderer"}}
{"timestamp":"2026-09-12T12:36:40.123Z","level":"error","event":"worker.consumer_failed","fields":{"queueName":"render","service":"renderer"}}
{"timestamp":"2026-09-12T12:36:40.643Z","level":"error","event":"worker.consumer_failed","fields":{"queueName":"render","service":"renderer"}}
{"timestamp":"2026-09-12T12:37:00.143Z","level":"error","event":"worker.consumer_failed","fields":{"queueName":"render","service":"renderer"}}
{"timestamp":"2026-09-12T12:37:00.665Z","level":"error","event":"worker.consumer_failed","fields":{"queueName":"render","service":"renderer"}}
{"timestamp":"2026-09-12T12:37:20.178Z","level":"error","event":"worker.consumer_failed","fields":{"queueName":"render","service":"renderer"}}
{"timestamp":"2026-09-12T12:37:20.698Z","level":"error","event":"worker.consumer_failed","fields":{"queueName":"render","service":"renderer"}}
{"timestamp":"2026-09-12T12:37:40.185Z","level":"error","event":"worker.consumer_failed","fields":{"queueName":"render","service":"renderer"}}
{"timestamp":"2026-09-12T12:37:40.736Z","level":"error","event":"worker.consumer_failed","fields":{"queueName":"render","service":"renderer"}}
{"timestamp":"2026-09-12T12:38:00.198Z","level":"error","event":"worker.consumer_failed","fields":{"queueName":"render","service":"renderer"}}
{"timestamp":"2026-09-12T12:38:00.754Z","level":"error","event":"worker.consumer_failed","fields":{"queueName":"render","service":"renderer"}}
{"timestamp":"2026-09-12T12:38:20.235Z","level":"error","event":"worker.consumer_failed","fields":{"queueName":"render","service":"renderer"}}
{"timestamp":"2026-09-12T12:38:20.771Z","level":"error","event":"worker.consumer_failed","fields":{"queueName":"render","service":"renderer"}}
{"timestamp":"2026-09-12T12:38:40.252Z","level":"error","event":"worker.consumer_failed","fields":{"queueName":"render","service":"renderer"}}
{"timestamp":"2026-09-12T12:38:40.796Z","level":"error","event":"worker.consumer_failed","fields":{"queueName":"render","service":"renderer"}}
{"timestamp":"2026-09-12T12:39:00.268Z","level":"error","event":"worker.consumer_failed","fields":{"queueName":"render","service":"renderer"}}
{"timestamp":"2026-09-12T12:39:00.813Z","level":"error","event":"worker.consumer_failed","fields":{"queueName":"render","service":"renderer"}}
{"timestamp":"2026-09-12T12:39:20.298Z","level":"error","event":"worker.consumer_failed","fields":{"queueName":"render","service":"renderer"}}
{"timestamp":"2026-09-12T12:39:20.846Z","level":"error","event":"worker.consumer_failed","fields":{"queueName":"render","service":"renderer"}}
{"timestamp":"2026-09-12T12:39:40.317Z","level":"error","event":"worker.consumer_failed","fields":{"queueName":"render","service":"renderer"}}
{"timestamp":"2026-09-12T12:39:40.862Z","level":"error","event":"worker.consumer_failed","fields":{"queueName":"render","service":"renderer"}}
{"timestamp":"2026-09-12T12:40:00.341Z","level":"error","event":"worker.consumer_failed","fields":{"queueName":"render","service":"renderer"}}
{"timestamp":"2026-09-12T12:40:00.889Z","level":"error","event":"worker.consumer_failed","fields":{"queueName":"render","service":"renderer"}}
{"timestamp":"2026-09-12T12:40:20.358Z","level":"error","event":"worker.consumer_failed","fields":{"queueName":"render","service":"renderer"}}
{"timestamp":"2026-09-12T12:40:20.921Z","level":"error","event":"worker.consumer_failed","fields":{"queueName":"render","service":"renderer"}}
{"timestamp":"2026-09-12T12:40:40.387Z","level":"error","event":"worker.consumer_failed","fields":{"queueName":"render","service":"renderer"}}
{"timestamp":"2026-09-12T12:40:40.935Z","level":"error","event":"worker.consumer_failed","fields":{"queueName":"render","service":"renderer"}}
{"timestamp":"2026-09-12T12:41:00.400Z","level":"error","event":"worker.consumer_failed","fields":{"queueName":"render","service":"renderer"}}
{"timestamp":"2026-09-12T12:41:00.951Z","level":"error","event":"worker.consumer_failed","fields":{"queueName":"render","service":"renderer"}}
{"timestamp":"2026-09-12T12:41:20.422Z","level":"error","event":"worker.consumer_failed","fields":{"queueName":"render","service":"renderer"}}
{"timestamp":"2026-09-12T12:41:20.964Z","level":"error","event":"worker.consumer_failed","fields":{"queueName":"render","service":"renderer"}}
{"timestamp":"2026-09-12T12:41:40.439Z","level":"error","event":"worker.consumer_failed","fields":{"queueName":"render","service":"renderer"}}
{"timestamp":"2026-09-12T12:41:40.976Z","level":"error","event":"worker.consumer_failed","fields":{"queueName":"render","service":"renderer"}}
{"timestamp":"2026-09-12T12:42:00.465Z","level":"error","event":"worker.consumer_failed","fields":{"queueName":"render","service":"renderer"}}
{"timestamp":"2026-09-12T12:42:01.000Z","level":"error","event":"worker.consumer_failed","fields":{"queueName":"render","service":"renderer"}}
{"timestamp":"2026-09-12T12:42:20.486Z","level":"error","event":"worker.consumer_failed","fields":{"queueName":"render","service":"renderer"}}
{"timestamp":"2026-09-12T12:42:21.029Z","level":"error","event":"worker.consumer_failed","fields":{"queueName":"render","service":"renderer"}}
{"timestamp":"2026-09-12T12:42:40.506Z","level":"error","event":"worker.consumer_failed","fields":{"queueName":"render","service":"renderer"}}
{"timestamp":"2026-09-12T12:42:41.051Z","level":"error","event":"worker.consumer_failed","fields":{"queueName":"render","service":"renderer"}}
{"timestamp":"2026-09-12T12:43:00.530Z","level":"error","event":"worker.consumer_failed","fields":{"queueName":"render","service":"renderer"}}
{"timestamp":"2026-09-12T12:43:01.077Z","level":"error","event":"worker.consumer_failed","fields":{"queueName":"render","service":"renderer"}}
{"timestamp":"2026-09-12T12:43:20.544Z","level":"error","event":"worker.consumer_failed","fields":{"queueName":"render","service":"renderer"}}
{"timestamp":"2026-09-12T12:43:21.110Z","level":"error","event":"worker.consumer_failed","fields":{"queueName":"render","service":"renderer"}}
{"timestamp":"2026-09-12T12:43:40.574Z","level":"error","event":"worker.consumer_failed","fields":{"queueName":"render","service":"renderer"}}
{"timestamp":"2026-09-12T12:43:41.131Z","level":"error","event":"worker.consumer_failed","fields":{"queueName":"render","service":"renderer"}}
{"timestamp":"2026-09-12T12:44:00.600Z","level":"error","event":"worker.consumer_failed","fields":{"queueName":"render","service":"renderer"}}
{"timestamp":"2026-09-12T12:44:01.144Z","level":"error","event":"worker.consumer_failed","fields":{"queueName":"render","service":"renderer"}}
{"timestamp":"2026-09-12T12:44:20.617Z","level":"error","event":"worker.consumer_failed","fields":{"queueName":"render","service":"renderer"}}
{"timestamp":"2026-09-12T12:44:21.162Z","level":"error","event":"worker.consumer_failed","fields":{"queueName":"render","service":"renderer"}}
{"timestamp":"2026-09-12T12:44:40.636Z","level":"error","event":"worker.consumer_failed","fields":{"queueName":"render","service":"renderer"}}
{"timestamp":"2026-09-12T12:44:41.174Z","level":"error","event":"worker.consumer_failed","fields":{"queueName":"render","service":"renderer"}}
{"timestamp":"2026-09-12T12:45:00.660Z","level":"error","event":"worker.consumer_failed","fields":{"queueName":"render","service":"renderer"}}
{"timestamp":"2026-09-12T12:45:01.201Z","level":"error","event":"worker.consumer_failed","fields":{"queueName":"render","service":"renderer"}}
{"timestamp":"2026-09-12T12:45:20.670Z","level":"error","event":"worker.consumer_failed","fields":{"queueName":"render","service":"renderer"}}
{"timestamp":"2026-09-12T12:45:21.221Z","level":"error","event":"worker.consumer_failed","fields":{"queueName":"render","service":"renderer"}}
{"timestamp":"2026-09-12T12:45:40.686Z","level":"error","event":"worker.consumer_failed","fields":{"queueName":"render","service":"renderer"}}
{"timestamp":"2026-09-12T12:45:41.244Z","level":"error","event":"worker.consumer_failed","fields":{"queueName":"render","service":"renderer"}}
{"timestamp":"2026-09-12T12:46:00.699Z","level":"error","event":"worker.consumer_failed","fields":{"queueName":"render","service":"renderer"}}
{"timestamp":"2026-09-12T12:46:01.272Z","level":"error","event":"worker.consumer_failed","fields":{"queueName":"render","service":"renderer"}}
{"timestamp":"2026-09-12T12:46:20.707Z","level":"error","event":"worker.consumer_failed","fields":{"queueName":"render","service":"renderer"}}
{"timestamp":"2026-09-12T12:46:21.288Z","level":"error","event":"worker.consumer_failed","fields":{"queueName":"render","service":"renderer"}}
{"timestamp":"2026-09-12T12:46:40.731Z","level":"error","event":"worker.consumer_failed","fields":{"queueName":"render","service":"renderer"}}
{"timestamp":"2026-09-12T12:46:41.310Z","level":"error","event":"worker.consumer_failed","fields":{"queueName":"render","service":"renderer"}}
{"timestamp":"2026-09-12T12:47:00.744Z","level":"error","event":"worker.consumer_failed","fields":{"queueName":"render","service":"renderer"}}
{"timestamp":"2026-09-12T12:47:01.318Z","level":"error","event":"worker.consumer_failed","fields":{"queueName":"render","service":"renderer"}}
{"timestamp":"2026-09-12T12:47:20.749Z","level":"error","event":"worker.consumer_failed","fields":{"queueName":"render","service":"renderer"}}
{"timestamp":"2026-09-12T12:47:21.332Z","level":"error","event":"worker.consumer_failed","fields":{"queueName":"render","service":"renderer"}}
{"timestamp":"2026-09-12T12:47:40.774Z","level":"error","event":"worker.consumer_failed","fields":{"queueName":"render","service":"renderer"}}
{"timestamp":"2026-09-12T12:47:41.355Z","level":"error","event":"worker.consumer_failed","fields":{"queueName":"render","service":"renderer"}}
{"timestamp":"2026-09-12T12:48:00.781Z","level":"error","event":"worker.consumer_failed","fields":{"queueName":"render","service":"renderer"}}
{"timestamp":"2026-09-12T12:48:01.375Z","level":"error","event":"worker.consumer_failed","fields":{"queueName":"render","service":"renderer"}}
{"timestamp":"2026-09-12T12:48:20.789Z","level":"error","event":"worker.consumer_failed","fields":{"queueName":"render","service":"renderer"}}
{"timestamp":"2026-09-12T12:48:21.386Z","level":"error","event":"worker.consumer_failed","fields":{"queueName":"render","service":"renderer"}}
{"timestamp":"2026-09-12T12:48:40.798Z","level":"error","event":"worker.consumer_failed","fields":{"queueName":"render","service":"renderer"}}
{"timestamp":"2026-09-12T12:48:41.409Z","level":"error","event":"worker.consumer_failed","fields":{"queueName":"render","service":"renderer"}}
{"timestamp":"2026-09-12T12:49:00.818Z","level":"error","event":"worker.consumer_failed","fields":{"queueName":"render","service":"renderer"}}
{"timestamp":"2026-09-12T12:49:01.431Z","level":"error","event":"worker.consumer_failed","fields":{"queueName":"render","service":"renderer"}}
{"timestamp":"2026-09-12T12:49:20.856Z","level":"error","event":"worker.consumer_failed","fields":{"queueName":"render","service":"renderer"}}
{"timestamp":"2026-09-12T12:49:21.454Z","level":"error","event":"worker.consumer_failed","fields":{"queueName":"render","service":"renderer"}}
{"timestamp":"2026-09-12T12:49:40.868Z","level":"error","event":"worker.consumer_failed","fields":{"queueName":"render","service":"renderer"}}
{"timestamp":"2026-09-12T12:49:41.462Z","level":"error","event":"worker.consumer_failed","fields":{"queueName":"render","service":"renderer"}}
{"timestamp":"2026-09-12T12:50:00.875Z","level":"error","event":"worker.consumer_failed","fields":{"queueName":"render","service":"renderer"}}
{"timestamp":"2026-09-12T12:50:01.470Z","level":"error","event":"worker.consumer_failed","fields":{"queueName":"render","service":"renderer"}}
{"timestamp":"2026-09-12T12:50:20.886Z","level":"error","event":"worker.consumer_failed","fields":{"queueName":"render","service":"renderer"}}
{"timestamp":"2026-09-12T12:50:21.483Z","level":"error","event":"worker.consumer_failed","fields":{"queueName":"render","service":"renderer"}}
{"timestamp":"2026-09-12T12:50:40.909Z","level":"error","event":"worker.consumer_failed","fields":{"queueName":"render","service":"renderer"}}
{"timestamp":"2026-09-12T12:50:41.502Z","level":"error","event":"worker.consumer_failed","fields":{"queueName":"render","service":"renderer"}}
{"timestamp":"2026-09-12T12:51:00.924Z","level":"error","event":"worker.consumer_failed","fields":{"queueName":"render","service":"renderer"}}
{"timestamp":"2026-09-12T12:51:01.518Z","level":"error","event":"worker.consumer_failed","fields":{"queueName":"render","service":"renderer"}}
{"timestamp":"2026-09-12T12:51:20.942Z","level":"error","event":"worker.consumer_failed","fields":{"queueName":"render","service":"renderer"}}
{"timestamp":"2026-09-12T12:51:21.537Z","level":"error","event":"worker.consumer_failed","fields":{"queueName":"render","service":"renderer"}}
{"timestamp":"2026-09-12T12:51:40.951Z","level":"error","event":"worker.consumer_failed","fields":{"queueName":"render","service":"renderer"}}
{"timestamp":"2026-09-12T12:51:41.545Z","level":"error","event":"worker.consumer_failed","fields":{"queueName":"render","service":"renderer"}}
{"timestamp":"2026-09-12T12:52:00.968Z","level":"error","event":"worker.consumer_failed","fields":{"queueName":"render","service":"renderer"}}
{"timestamp":"2026-09-12T12:52:01.567Z","level":"error","event":"worker.consumer_failed","fields":{"queueName":"render","service":"renderer"}}
{"timestamp":"2026-09-12T12:52:20.990Z","level":"error","event":"worker.consumer_failed","fields":{"queueName":"render","service":"renderer"}}
{"timestamp":"2026-09-12T12:52:21.587Z","level":"error","event":"worker.consumer_failed","fields":{"queueName":"render","service":"renderer"}}
{"timestamp":"2026-09-12T12:52:41.006Z","level":"error","event":"worker.consumer_failed","fields":{"queueName":"render","service":"renderer"}}
{"timestamp":"2026-09-12T12:52:41.614Z","level":"error","event":"worker.consumer_failed","fields":{"queueName":"render","service":"renderer"}}
{"timestamp":"2026-09-12T12:53:01.027Z","level":"error","event":"worker.consumer_failed","fields":{"queueName":"render","service":"renderer"}}
{"timestamp":"2026-09-12T12:53:01.638Z","level":"error","event":"worker.consumer_failed","fields":{"queueName":"render","service":"renderer"}}
{"timestamp":"2026-09-12T12:53:21.052Z","level":"error","event":"worker.consumer_failed","fields":{"queueName":"render","service":"renderer"}}
{"timestamp":"2026-09-12T12:53:21.666Z","level":"error","event":"worker.consumer_failed","fields":{"queueName":"render","service":"renderer"}}
{"timestamp":"2026-09-12T12:53:41.076Z","level":"error","event":"worker.consumer_failed","fields":{"queueName":"render","service":"renderer"}}
{"timestamp":"2026-09-12T12:53:41.684Z","level":"error","event":"worker.consumer_failed","fields":{"queueName":"render","service":"renderer"}}
{"timestamp":"2026-09-12T12:54:01.087Z","level":"error","event":"worker.consumer_failed","fields":{"queueName":"render","service":"renderer"}}
{"timestamp":"2026-09-12T12:54:01.703Z","level":"error","event":"worker.consumer_failed","fields":{"queueName":"render","service":"renderer"}}
{"timestamp":"2026-09-12T12:54:21.095Z","level":"error","event":"worker.consumer_failed","fields":{"queueName":"render","service":"renderer"}}
{"timestamp":"2026-09-12T12:54:21.717Z","level":"error","event":"worker.consumer_failed","fields":{"queueName":"render","service":"renderer"}}
{"timestamp":"2026-09-12T12:54:41.112Z","level":"error","event":"worker.consumer_failed","fields":{"queueName":"render","service":"renderer"}}
{"timestamp":"2026-09-12T12:54:41.742Z","level":"error","event":"worker.consumer_failed","fields":{"queueName":"render","service":"renderer"}}
{"timestamp":"2026-09-12T12:55:01.135Z","level":"error","event":"worker.consumer_failed","fields":{"queueName":"render","service":"renderer"}}
{"timestamp":"2026-09-12T12:55:01.763Z","level":"error","event":"worker.consumer_failed","fields":{"queueName":"render","service":"renderer"}}
{"timestamp":"2026-09-12T12:55:21.149Z","level":"error","event":"worker.consumer_failed","fields":{"queueName":"render","service":"renderer"}}
{"timestamp":"2026-09-12T12:55:21.771Z","level":"error","event":"worker.consumer_failed","fields":{"queueName":"render","service":"renderer"}}
{"timestamp":"2026-09-12T12:55:41.171Z","level":"error","event":"worker.consumer_failed","fields":{"queueName":"render","service":"renderer"}}
{"timestamp":"2026-09-12T12:55:41.782Z","level":"error","event":"worker.consumer_failed","fields":{"queueName":"render","service":"renderer"}}
{"timestamp":"2026-09-12T12:56:01.186Z","level":"error","event":"worker.consumer_failed","fields":{"queueName":"render","service":"renderer"}}
{"timestamp":"2026-09-12T12:56:01.809Z","level":"error","event":"worker.consumer_failed","fields":{"queueName":"render","service":"renderer"}}
{"timestamp":"2026-09-12T12:56:21.197Z","level":"error","event":"worker.consumer_failed","fields":{"queueName":"render","service":"renderer"}}
{"timestamp":"2026-09-12T12:56:21.823Z","level":"error","event":"worker.consumer_failed","fields":{"queueName":"render","service":"renderer"}}
{"timestamp":"2026-09-12T12:56:41.211Z","level":"error","event":"worker.consumer_failed","fields":{"queueName":"render","service":"renderer"}}
{"timestamp":"2026-09-12T12:56:41.831Z","level":"error","event":"worker.consumer_failed","fields":{"queueName":"render","service":"renderer"}}
{"timestamp":"2026-09-12T12:57:01.230Z","level":"error","event":"worker.consumer_failed","fields":{"queueName":"render","service":"renderer"}}
{"timestamp":"2026-09-12T12:57:01.845Z","level":"error","event":"worker.consumer_failed","fields":{"queueName":"render","service":"renderer"}}
{"timestamp":"2026-09-12T12:57:21.257Z","level":"error","event":"worker.consumer_failed","fields":{"queueName":"render","service":"renderer"}}
{"timestamp":"2026-09-12T12:57:21.866Z","level":"error","event":"worker.consumer_failed","fields":{"queueName":"render","service":"renderer"}}
{"timestamp":"2026-09-12T12:57:41.284Z","level":"error","event":"worker.consumer_failed","fields":{"queueName":"render","service":"renderer"}}
{"timestamp":"2026-09-12T12:57:41.889Z","level":"error","event":"worker.consumer_failed","fields":{"queueName":"render","service":"renderer"}}
{"timestamp":"2026-09-12T12:58:01.299Z","level":"error","event":"worker.consumer_failed","fields":{"queueName":"render","service":"renderer"}}
{"timestamp":"2026-09-12T12:58:01.894Z","level":"error","event":"worker.consumer_failed","fields":{"queueName":"render","service":"renderer"}}
{"timestamp":"2026-09-12T12:58:21.315Z","level":"error","event":"worker.consumer_failed","fields":{"queueName":"render","service":"renderer"}}
{"timestamp":"2026-09-12T12:58:21.911Z","level":"error","event":"worker.consumer_failed","fields":{"queueName":"render","service":"renderer"}}
{"timestamp":"2026-09-12T12:58:41.336Z","level":"error","event":"worker.consumer_failed","fields":{"queueName":"render","service":"renderer"}}
{"timestamp":"2026-09-12T12:58:41.929Z","level":"error","event":"worker.consumer_failed","fields":{"queueName":"render","service":"renderer"}}
{"timestamp":"2026-09-12T12:59:01.356Z","level":"error","event":"worker.consumer_failed","fields":{"queueName":"render","service":"renderer"}}
{"timestamp":"2026-09-12T12:59:01.944Z","level":"error","event":"worker.consumer_failed","fields":{"queueName":"render","service":"renderer"}}
{"timestamp":"2026-09-12T12:59:21.365Z","level":"error","event":"worker.consumer_failed","fields":{"queueName":"render","service":"renderer"}}
{"timestamp":"2026-09-12T12:59:21.958Z","level":"error","event":"worker.consumer_failed","fields":{"queueName":"render","service":"renderer"}}
{"timestamp":"2026-09-12T12:59:41.385Z","level":"error","event":"worker.consumer_failed","fields":{"queueName":"render","service":"renderer"}}
{"timestamp":"2026-09-12T12:59:41.977Z","level":"error","event":"worker.consumer_failed","fields":{"queueName":"render","service":"renderer"}}
{"timestamp":"2026-09-12T13:00:01.394Z","level":"error","event":"worker.consumer_failed","fields":{"queueName":"render","service":"renderer"}}
{"timestamp":"2026-09-12T13:00:02.009Z","level":"error","event":"worker.consumer_failed","fields":{"queueName":"render","service":"renderer"}}
{"timestamp":"2026-09-12T13:00:21.404Z","level":"error","event":"worker.consumer_failed","fields":{"queueName":"render","service":"renderer"}}
{"timestamp":"2026-09-12T13:00:22.033Z","level":"error","event":"worker.consumer_failed","fields":{"queueName":"render","service":"renderer"}}
{"timestamp":"2026-09-12T13:00:41.415Z","level":"error","event":"worker.consumer_failed","fields":{"queueName":"render","service":"renderer"}}
{"timestamp":"2026-09-12T13:00:42.039Z","level":"error","event":"worker.consumer_failed","fields":{"queueName":"render","service":"renderer"}}
{"timestamp":"2026-09-12T13:01:01.427Z","level":"error","event":"worker.consumer_failed","fields":{"queueName":"render","service":"renderer"}}
{"timestamp":"2026-09-12T13:01:02.060Z","level":"error","event":"worker.consumer_failed","fields":{"queueName":"render","service":"renderer"}}
{"timestamp":"2026-09-12T13:01:21.448Z","level":"error","event":"worker.consumer_failed","fields":{"queueName":"render","service":"renderer"}}
{"timestamp":"2026-09-12T13:01:22.076Z","level":"error","event":"worker.consumer_failed","fields":{"queueName":"render","service":"renderer"}}
{"timestamp":"2026-09-12T13:01:41.471Z","level":"error","event":"worker.consumer_failed","fields":{"queueName":"render","service":"renderer"}}
{"timestamp":"2026-09-12T13:01:42.095Z","level":"error","event":"worker.consumer_failed","fields":{"queueName":"render","service":"renderer"}}
{"timestamp":"2026-09-12T13:02:01.494Z","level":"error","event":"worker.consumer_failed","fields":{"queueName":"render","service":"renderer"}}
{"timestamp":"2026-09-12T13:02:02.103Z","level":"error","event":"worker.consumer_failed","fields":{"queueName":"render","service":"renderer"}}
{"timestamp":"2026-09-12T13:02:21.504Z","level":"error","event":"worker.consumer_failed","fields":{"queueName":"render","service":"renderer"}}
{"timestamp":"2026-09-12T13:02:22.124Z","level":"error","event":"worker.consumer_failed","fields":{"queueName":"render","service":"renderer"}}
{"timestamp":"2026-09-12T13:02:41.523Z","level":"error","event":"worker.consumer_failed","fields":{"queueName":"render","service":"renderer"}}
{"timestamp":"2026-09-12T13:02:42.140Z","level":"error","event":"worker.consumer_failed","fields":{"queueName":"render","service":"renderer"}}
{"timestamp":"2026-09-12T13:03:01.550Z","level":"error","event":"worker.consumer_failed","fields":{"queueName":"render","service":"renderer"}}
{"timestamp":"2026-09-12T13:03:02.159Z","level":"error","event":"worker.consumer_failed","fields":{"queueName":"render","service":"renderer"}}
{"timestamp":"2026-09-12T13:03:21.571Z","level":"error","event":"worker.consumer_failed","fields":{"queueName":"render","service":"renderer"}}
{"timestamp":"2026-09-12T13:03:22.188Z","level":"error","event":"worker.consumer_failed","fields":{"queueName":"render","service":"renderer"}}
{"timestamp":"2026-09-12T13:03:41.593Z","level":"error","event":"worker.consumer_failed","fields":{"queueName":"render","service":"renderer"}}
{"timestamp":"2026-09-12T13:03:42.208Z","level":"error","event":"worker.consumer_failed","fields":{"queueName":"render","service":"renderer"}}
{"timestamp":"2026-09-12T13:04:01.609Z","level":"error","event":"worker.consumer_failed","fields":{"queueName":"render","service":"renderer"}}
{"timestamp":"2026-09-12T13:04:02.227Z","level":"error","event":"worker.consumer_failed","fields":{"queueName":"render","service":"renderer"}}
{"timestamp":"2026-09-12T13:04:21.625Z","level":"error","event":"worker.consumer_failed","fields":{"queueName":"render","service":"renderer"}}
{"timestamp":"2026-09-12T13:04:22.261Z","level":"error","event":"worker.consumer_failed","fields":{"queueName":"render","service":"renderer"}}
{"timestamp":"2026-09-12T13:04:41.638Z","level":"error","event":"worker.consumer_failed","fields":{"queueName":"render","service":"renderer"}}
{"timestamp":"2026-09-12T13:04:42.283Z","level":"error","event":"worker.consumer_failed","fields":{"queueName":"render","service":"renderer"}}
{"timestamp":"2026-09-12T13:05:01.661Z","level":"error","event":"worker.consumer_failed","fields":{"queueName":"render","service":"renderer"}}
{"timestamp":"2026-09-12T13:05:02.304Z","level":"error","event":"worker.consumer_failed","fields":{"queueName":"render","service":"renderer"}}
{"timestamp":"2026-09-12T13:05:21.684Z","level":"error","event":"worker.consumer_failed","fields":{"queueName":"render","service":"renderer"}}
{"timestamp":"2026-09-12T13:05:22.326Z","level":"error","event":"worker.consumer_failed","fields":{"queueName":"render","service":"renderer"}}
{"timestamp":"2026-09-12T13:05:41.692Z","level":"error","event":"worker.consumer_failed","fields":{"queueName":"render","service":"renderer"}}
{"timestamp":"2026-09-12T13:05:42.355Z","level":"error","event":"worker.consumer_failed","fields":{"queueName":"render","service":"renderer"}}
{"timestamp":"2026-09-12T13:06:01.727Z","level":"error","event":"worker.consumer_failed","fields":{"queueName":"render","service":"renderer"}}
{"timestamp":"2026-09-12T13:06:02.379Z","level":"error","event":"worker.consumer_failed","fields":{"queueName":"render","service":"renderer"}}
{"timestamp":"2026-09-12T13:06:21.752Z","level":"error","event":"worker.consumer_failed","fields":{"queueName":"render","service":"renderer"}}
{"timestamp":"2026-09-12T13:06:22.393Z","level":"error","event":"worker.consumer_failed","fields":{"queueName":"render","service":"renderer"}}
{"timestamp":"2026-09-12T13:06:41.765Z","level":"error","event":"worker.consumer_failed","fields":{"queueName":"render","service":"renderer"}}
{"timestamp":"2026-09-12T13:06:42.423Z","level":"error","event":"worker.consumer_failed","fields":{"queueName":"render","service":"renderer"}}
{"timestamp":"2026-09-12T13:07:01.787Z","level":"error","event":"worker.consumer_failed","fields":{"queueName":"render","service":"renderer"}}
{"timestamp":"2026-09-12T13:07:02.444Z","level":"error","event":"worker.consumer_failed","fields":{"queueName":"render","service":"renderer"}}
{"timestamp":"2026-09-12T13:07:21.807Z","level":"error","event":"worker.consumer_failed","fields":{"queueName":"render","service":"renderer"}}
{"timestamp":"2026-09-12T13:07:22.471Z","level":"error","event":"worker.consumer_failed","fields":{"queueName":"render","service":"renderer"}}
{"timestamp":"2026-09-12T13:07:41.822Z","level":"error","event":"worker.consumer_failed","fields":{"queueName":"render","service":"renderer"}}
{"timestamp":"2026-09-12T13:07:42.492Z","level":"error","event":"worker.consumer_failed","fields":{"queueName":"render","service":"renderer"}}
{"timestamp":"2026-09-12T13:08:01.839Z","level":"error","event":"worker.consumer_failed","fields":{"queueName":"render","service":"renderer"}}
{"timestamp":"2026-09-12T13:08:02.514Z","level":"error","event":"worker.consumer_failed","fields":{"queueName":"render","service":"renderer"}}
{"timestamp":"2026-09-12T13:08:21.854Z","level":"error","event":"worker.consumer_failed","fields":{"queueName":"render","service":"renderer"}}
{"timestamp":"2026-09-12T13:08:22.523Z","level":"error","event":"worker.consumer_failed","fields":{"queueName":"render","service":"renderer"}}
{"timestamp":"2026-09-12T13:08:41.868Z","level":"error","event":"worker.consumer_failed","fields":{"queueName":"render","service":"renderer"}}
{"timestamp":"2026-09-12T13:08:42.538Z","level":"error","event":"worker.consumer_failed","fields":{"queueName":"render","service":"renderer"}}
{"timestamp":"2026-09-12T13:09:01.886Z","level":"error","event":"worker.consumer_failed","fields":{"queueName":"render","service":"renderer"}}
{"timestamp":"2026-09-12T13:09:02.555Z","level":"error","event":"worker.consumer_failed","fields":{"queueName":"render","service":"renderer"}}
{"timestamp":"2026-09-12T13:09:21.896Z","level":"error","event":"worker.consumer_failed","fields":{"queueName":"render","service":"renderer"}}
{"timestamp":"2026-09-12T13:09:22.578Z","level":"error","event":"worker.consumer_failed","fields":{"queueName":"render","service":"renderer"}}
{"timestamp":"2026-09-12T13:09:41.905Z","level":"error","event":"worker.consumer_failed","fields":{"queueName":"render","service":"renderer"}}
{"timestamp":"2026-09-12T13:09:42.589Z","level":"error","event":"worker.consumer_failed","fields":{"queueName":"render","service":"renderer"}}
{"timestamp":"2026-09-12T13:10:01.930Z","level":"error","event":"worker.consumer_failed","fields":{"queueName":"render","service":"renderer"}}
{"timestamp":"2026-09-12T13:10:02.605Z","level":"error","event":"worker.consumer_failed","fields":{"queueName":"render","service":"renderer"}}
{"timestamp":"2026-09-12T13:10:21.959Z","level":"error","event":"worker.consumer_failed","fields":{"queueName":"render","service":"renderer"}}
{"timestamp":"2026-09-12T13:10:22.633Z","level":"error","event":"worker.consumer_failed","fields":{"queueName":"render","service":"renderer"}}
{"timestamp":"2026-09-12T13:10:41.992Z","level":"error","event":"worker.consumer_failed","fields":{"queueName":"render","service":"renderer"}}
{"timestamp":"2026-09-12T13:10:42.654Z","level":"error","event":"worker.consumer_failed","fields":{"queueName":"render","service":"renderer"}}
{"timestamp":"2026-09-12T13:11:02.003Z","level":"error","event":"worker.consumer_failed","fields":{"queueName":"render","service":"renderer"}}
{"timestamp":"2026-09-12T13:11:02.669Z","level":"error","event":"worker.consumer_failed","fields":{"queueName":"render","service":"renderer"}}
{"timestamp":"2026-09-12T13:11:22.028Z","level":"error","event":"worker.consumer_failed","fields":{"queueName":"render","service":"renderer"}}
{"timestamp":"2026-09-12T13:11:22.702Z","level":"error","event":"worker.consumer_failed","fields":{"queueName":"render","service":"renderer"}}
{"timestamp":"2026-09-12T13:11:42.038Z","level":"error","event":"worker.consumer_failed","fields":{"queueName":"render","service":"renderer"}}
{"timestamp":"2026-09-12T13:11:42.740Z","level":"error","event":"worker.consumer_failed","fields":{"queueName":"render","service":"renderer"}}
{"timestamp":"2026-09-12T13:12:02.053Z","level":"error","event":"worker.consumer_failed","fields":{"queueName":"render","service":"renderer"}}
{"timestamp":"2026-09-12T13:12:02.760Z","level":"error","event":"worker.consumer_failed","fields":{"queueName":"render","service":"renderer"}}
{"timestamp":"2026-09-12T13:12:22.064Z","level":"error","event":"worker.consumer_failed","fields":{"queueName":"render","service":"renderer"}}
{"timestamp":"2026-09-12T13:12:22.772Z","level":"error","event":"worker.consumer_failed","fields":{"queueName":"render","service":"renderer"}}
{"timestamp":"2026-09-12T13:12:42.077Z","level":"error","event":"worker.consumer_failed","fields":{"queueName":"render","service":"renderer"}}
{"timestamp":"2026-09-12T13:12:42.802Z","level":"error","event":"worker.consumer_failed","fields":{"queueName":"render","service":"renderer"}}
{"timestamp":"2026-09-12T13:13:02.082Z","level":"error","event":"worker.consumer_failed","fields":{"queueName":"render","service":"renderer"}}
{"timestamp":"2026-09-12T13:13:02.819Z","level":"error","event":"worker.consumer_failed","fields":{"queueName":"render","service":"renderer"}}
{"timestamp":"2026-09-12T13:13:22.101Z","level":"error","event":"worker.consumer_failed","fields":{"queueName":"render","service":"renderer"}}
{"timestamp":"2026-09-12T13:13:22.838Z","level":"error","event":"worker.consumer_failed","fields":{"queueName":"render","service":"renderer"}}
{"timestamp":"2026-09-12T13:13:42.129Z","level":"error","event":"worker.consumer_failed","fields":{"queueName":"render","service":"renderer"}}
{"timestamp":"2026-09-12T13:13:42.851Z","level":"error","event":"worker.consumer_failed","fields":{"queueName":"render","service":"renderer"}}
{"timestamp":"2026-09-12T13:14:02.149Z","level":"error","event":"worker.consumer_failed","fields":{"queueName":"render","service":"renderer"}}
{"timestamp":"2026-09-12T13:14:02.864Z","level":"error","event":"worker.consumer_failed","fields":{"queueName":"render","service":"renderer"}}
{"timestamp":"2026-09-12T13:14:22.173Z","level":"error","event":"worker.consumer_failed","fields":{"queueName":"render","service":"renderer"}}
{"timestamp":"2026-09-12T13:14:22.872Z","level":"error","event":"worker.consumer_failed","fields":{"queueName":"render","service":"renderer"}}
{"timestamp":"2026-09-12T13:14:42.192Z","level":"error","event":"worker.consumer_failed","fields":{"queueName":"render","service":"renderer"}}
{"timestamp":"2026-09-12T13:14:42.887Z","level":"error","event":"worker.consumer_failed","fields":{"queueName":"render","service":"renderer"}}
{"timestamp":"2026-09-12T13:15:02.204Z","level":"error","event":"worker.consumer_failed","fields":{"queueName":"render","service":"renderer"}}
{"timestamp":"2026-09-12T13:15:02.897Z","level":"error","event":"worker.consumer_failed","fields":{"queueName":"render","service":"renderer"}}
{"timestamp":"2026-09-12T13:15:22.208Z","level":"error","event":"worker.consumer_failed","fields":{"queueName":"render","service":"renderer"}}
{"timestamp":"2026-09-12T13:15:22.912Z","level":"error","event":"worker.consumer_failed","fields":{"queueName":"render","service":"renderer"}}
{"timestamp":"2026-09-12T13:15:42.226Z","level":"error","event":"worker.consumer_failed","fields":{"queueName":"render","service":"renderer"}}
{"timestamp":"2026-09-12T13:15:42.928Z","level":"error","event":"worker.consumer_failed","fields":{"queueName":"render","service":"renderer"}}
{"timestamp":"2026-09-12T13:16:02.247Z","level":"error","event":"worker.consumer_failed","fields":{"queueName":"render","service":"renderer"}}
{"timestamp":"2026-09-12T13:16:02.939Z","level":"error","event":"worker.consumer_failed","fields":{"queueName":"render","service":"renderer"}}
{"timestamp":"2026-09-12T13:16:22.261Z","level":"error","event":"worker.consumer_failed","fields":{"queueName":"render","service":"renderer"}}
{"timestamp":"2026-09-12T13:16:22.961Z","level":"error","event":"worker.consumer_failed","fields":{"queueName":"render","service":"renderer"}}
{"timestamp":"2026-09-12T13:16:42.278Z","level":"error","event":"worker.consumer_failed","fields":{"queueName":"render","service":"renderer"}}
{"timestamp":"2026-09-12T13:16:42.981Z","level":"error","event":"worker.consumer_failed","fields":{"queueName":"render","service":"renderer"}}
{"timestamp":"2026-09-12T13:17:02.561Z","level":"error","event":"worker.consumer_failed","fields":{"queueName":"render","service":"renderer"}}
{"timestamp":"2026-09-12T13:17:03.420Z","level":"error","event":"worker.consumer_failed","fields":{"queueName":"render","service":"renderer"}}
{"timestamp":"2026-09-12T13:17:23.431Z","level":"error","event":"worker.consumer_failed","fields":{"queueName":"render","service":"renderer"}}
{"timestamp":"2026-09-12T13:17:24.128Z","level":"error","event":"worker.consumer_failed","fields":{"queueName":"render","service":"renderer"}}
{"timestamp":"2026-09-12T13:17:43.551Z","level":"error","event":"worker.consumer_failed","fields":{"queueName":"render","service":"renderer"}}
{"timestamp":"2026-09-12T13:17:44.670Z","level":"error","event":"worker.consumer_failed","fields":{"queueName":"render","service":"renderer"}}
{"timestamp":"2026-09-12T13:18:04.359Z","level":"error","event":"worker.consumer_failed","fields":{"queueName":"render","service":"renderer"}}
{"timestamp":"2026-09-12T13:18:05.604Z","level":"error","event":"worker.consumer_failed","fields":{"queueName":"render","service":"renderer"}}
{"timestamp":"2026-09-12T13:18:25.561Z","level":"error","event":"worker.consumer_failed","fields":{"queueName":"render","service":"renderer"}}
{"timestamp":"2026-09-12T13:18:26.452Z","level":"error","event":"worker.consumer_failed","fields":{"queueName":"render","service":"renderer"}}
{"timestamp":"2026-09-12T13:18:45.728Z","level":"error","event":"worker.consumer_failed","fields":{"queueName":"render","service":"renderer"}}
{"timestamp":"2026-09-12T13:18:46.545Z","level":"error","event":"worker.consumer_failed","fields":{"queueName":"render","service":"renderer"}}
{"timestamp":"2026-09-12T13:19:05.794Z","level":"error","event":"worker.consumer_failed","fields":{"queueName":"render","service":"renderer"}}
{"timestamp":"2026-09-12T13:19:06.572Z","level":"error","event":"worker.consumer_failed","fields":{"queueName":"render","service":"renderer"}}
{"timestamp":"2026-09-12T13:19:26.439Z","level":"error","event":"worker.consumer_failed","fields":{"queueName":"render","service":"renderer"}}
{"timestamp":"2026-09-12T13:19:27.165Z","level":"error","event":"worker.consumer_failed","fields":{"queueName":"render","service":"renderer"}}
{"timestamp":"2026-09-12T13:19:46.458Z","level":"error","event":"worker.consumer_failed","fields":{"queueName":"render","service":"renderer"}}
{"timestamp":"2026-09-12T13:19:47.177Z","level":"error","event":"worker.consumer_failed","fields":{"queueName":"render","service":"renderer"}}
{"timestamp":"2026-09-12T13:20:06.909Z","level":"error","event":"worker.consumer_failed","fields":{"queueName":"render","service":"renderer"}}
{"timestamp":"2026-09-12T13:20:07.738Z","level":"error","event":"worker.consumer_failed","fields":{"queueName":"render","service":"renderer"}}
{"timestamp":"2026-09-12T13:20:26.950Z","level":"error","event":"worker.consumer_failed","fields":{"queueName":"render","service":"renderer"}}
{"timestamp":"2026-09-12T13:20:27.813Z","level":"error","event":"worker.consumer_failed","fields":{"queueName":"render","service":"renderer"}}
{"timestamp":"2026-09-12T13:20:46.990Z","level":"error","event":"worker.consumer_failed","fields":{"queueName":"render","service":"renderer"}}
{"timestamp":"2026-09-12T13:20:47.832Z","level":"error","event":"worker.consumer_failed","fields":{"queueName":"render","service":"renderer"}}
{"timestamp":"2026-09-12T13:21:06.997Z","level":"error","event":"worker.consumer_failed","fields":{"queueName":"render","service":"renderer"}}
{"timestamp":"2026-09-12T13:21:07.993Z","level":"error","event":"worker.consumer_failed","fields":{"queueName":"render","service":"renderer"}}
{"timestamp":"2026-09-12T13:21:27.160Z","level":"error","event":"worker.consumer_failed","fields":{"queueName":"render","service":"renderer"}}
{"timestamp":"2026-09-12T13:21:28.006Z","level":"error","event":"worker.consumer_failed","fields":{"queueName":"render","service":"renderer"}}
{"timestamp":"2026-09-12T13:21:47.182Z","level":"error","event":"worker.consumer_failed","fields":{"queueName":"render","service":"renderer"}}
{"timestamp":"2026-09-12T13:21:48.023Z","level":"error","event":"worker.consumer_failed","fields":{"queueName":"render","service":"renderer"}}
{"timestamp":"2026-09-12T13:22:07.200Z","level":"error","event":"worker.consumer_failed","fields":{"queueName":"render","service":"renderer"}}
{"timestamp":"2026-09-12T13:22:08.030Z","level":"error","event":"worker.consumer_failed","fields":{"queueName":"render","service":"renderer"}}
{"timestamp":"2026-09-12T13:22:27.218Z","level":"error","event":"worker.consumer_failed","fields":{"queueName":"render","service":"renderer"}}
{"timestamp":"2026-09-12T13:22:28.042Z","level":"error","event":"worker.consumer_failed","fields":{"queueName":"render","service":"renderer"}}
{"timestamp":"2026-09-12T13:22:47.244Z","level":"error","event":"worker.consumer_failed","fields":{"queueName":"render","service":"renderer"}}
{"timestamp":"2026-09-12T13:22:48.055Z","level":"error","event":"worker.consumer_failed","fields":{"queueName":"render","service":"renderer"}}
{"timestamp":"2026-09-12T13:23:07.257Z","level":"error","event":"worker.consumer_failed","fields":{"queueName":"render","service":"renderer"}}
{"timestamp":"2026-09-12T13:23:08.063Z","level":"error","event":"worker.consumer_failed","fields":{"queueName":"render","service":"renderer"}}
{"timestamp":"2026-09-12T13:23:27.278Z","level":"error","event":"worker.consumer_failed","fields":{"queueName":"render","service":"renderer"}}
{"timestamp":"2026-09-12T13:23:28.079Z","level":"error","event":"worker.consumer_failed","fields":{"queueName":"render","service":"renderer"}}
{"timestamp":"2026-09-12T13:23:47.293Z","level":"error","event":"worker.consumer_failed","fields":{"queueName":"render","service":"renderer"}}
{"timestamp":"2026-09-12T13:23:48.109Z","level":"error","event":"worker.consumer_failed","fields":{"queueName":"render","service":"renderer"}}
{"timestamp":"2026-09-12T13:24:07.309Z","level":"error","event":"worker.consumer_failed","fields":{"queueName":"render","service":"renderer"}}
{"timestamp":"2026-09-12T13:24:08.115Z","level":"error","event":"worker.consumer_failed","fields":{"queueName":"render","service":"renderer"}}
{"timestamp":"2026-09-12T13:24:27.323Z","level":"error","event":"worker.consumer_failed","fields":{"queueName":"render","service":"renderer"}}
{"timestamp":"2026-09-12T13:24:28.124Z","level":"error","event":"worker.consumer_failed","fields":{"queueName":"render","service":"renderer"}}
{"timestamp":"2026-09-12T13:24:47.364Z","level":"error","event":"worker.consumer_failed","fields":{"queueName":"render","service":"renderer"}}
{"timestamp":"2026-09-12T13:24:48.166Z","level":"error","event":"worker.consumer_failed","fields":{"queueName":"render","service":"renderer"}}
{"timestamp":"2026-09-12T13:25:07.380Z","level":"error","event":"worker.consumer_failed","fields":{"queueName":"render","service":"renderer"}}
{"timestamp":"2026-09-12T13:25:08.182Z","level":"error","event":"worker.consumer_failed","fields":{"queueName":"render","service":"renderer"}}
{"timestamp":"2026-09-12T13:25:27.399Z","level":"error","event":"worker.consumer_failed","fields":{"queueName":"render","service":"renderer"}}
{"timestamp":"2026-09-12T13:25:28.200Z","level":"error","event":"worker.consumer_failed","fields":{"queueName":"render","service":"renderer"}}
{"timestamp":"2026-09-12T13:25:47.423Z","level":"error","event":"worker.consumer_failed","fields":{"queueName":"render","service":"renderer"}}
{"timestamp":"2026-09-12T13:25:48.211Z","level":"error","event":"worker.consumer_failed","fields":{"queueName":"render","service":"renderer"}}
{"timestamp":"2026-09-12T13:26:07.452Z","level":"error","event":"worker.consumer_failed","fields":{"queueName":"render","service":"renderer"}}
{"timestamp":"2026-09-12T13:26:08.229Z","level":"error","event":"worker.consumer_failed","fields":{"queueName":"render","service":"renderer"}}
{"timestamp":"2026-09-12T13:26:27.470Z","level":"error","event":"worker.consumer_failed","fields":{"queueName":"render","service":"renderer"}}
{"timestamp":"2026-09-12T13:26:28.238Z","level":"error","event":"worker.consumer_failed","fields":{"queueName":"render","service":"renderer"}}
{"timestamp":"2026-09-12T13:26:47.513Z","level":"error","event":"worker.consumer_failed","fields":{"queueName":"render","service":"renderer"}}
{"timestamp":"2026-09-12T13:26:48.255Z","level":"error","event":"worker.consumer_failed","fields":{"queueName":"render","service":"renderer"}}
C:\Users\eoaikhina\Documents\repos\product-app\apps\renderer:
 ERR_PNPM_RECURSIVE_RUN_FIRST_FAIL  @avlp/renderer@0.0.0 dev: `tsx watch --env-file=../../.env src/main.ts`
Exit status 4294967295
