
> @avlp/pipeline-worker@0.0.0 dev C:\Users\eoaikhina\Documents\repos\product-app\apps\pipeline-worker
> tsx watch --env-file=../../.env src/main.ts

{"timestamp":"2026-09-12T08:52:29.337Z","level":"info","event":"worker.started","fields":{"status":"ok","service":"pipeline-worker"}}
{"timestamp":"2026-09-12T09:49:28.181Z","level":"info","event":"queue.job_dispatched","fields":{"outboxEventId":"01a09505-9b60-7031-a6cc-ed0cd0028b37","jobId":"01a09505-9b60-71af-aee6-25cb27be3e97","projectId":"01a092b5-8f02-794d-a205-2055ae5a1084","correlationId":"01a09505-9b53-7a61-9fcf-3242bc1e872f","queueName":"pipeline","service":"pipeline-worker"}}
{"timestamp":"2026-09-12T09:49:28.260Z","level":"info","event":"job.started","fields":{"jobId":"01a09505-9b60-71af-aee6-25cb27be3e97","jobType":"illustration.generate","projectId":"01a092b5-8f02-794d-a205-2055ae5a1084","correlationId":"01a09505-9b53-7a61-9fcf-3242bc1e872f","attempt":1,"service":"pipeline-worker"}}
{"timestamp":"2026-09-12T09:49:41.467Z","level":"info","event":"job.completed","fields":{"jobId":"01a09505-9b60-71af-aee6-25cb27be3e97","jobType":"illustration.generate","projectId":"01a092b5-8f02-794d-a205-2055ae5a1084","correlationId":"01a09505-9b53-7a61-9fcf-3242bc1e872f","attempt":1,"status":"succeeded","errorClassification":"none","durationMs":13208,"service":"pipeline-worker"}}
{"timestamp":"2026-09-12T10:21:55.221Z","level":"info","event":"queue.job_dispatched","fields":{"outboxEventId":"01a09523-4fd0-7729-ba78-4fa34c8dccdd","jobId":"01a09523-4fd0-76e8-bbf9-8c40c257ef54","projectId":"01a092b5-8f02-794d-a205-2055ae5a1084","correlationId":"01a09523-4f8a-7b1c-b946-ee0921d1b605","queueName":"pipeline","service":"pipeline-worker"}}
{"timestamp":"2026-09-12T10:21:55.231Z","level":"info","event":"job.started","fields":{"jobId":"01a09523-4fd0-76e8-bbf9-8c40c257ef54","jobType":"grounding.check","projectId":"01a092b5-8f02-794d-a205-2055ae5a1084","correlationId":"01a09523-4f8a-7b1c-b946-ee0921d1b605","attempt":1,"service":"pipeline-worker"}}
{"timestamp":"2026-09-12T10:28:38.802Z","level":"info","event":"job.completed","fields":{"jobId":"01a09523-4fd0-76e8-bbf9-8c40c257ef54","jobType":"grounding.check","projectId":"01a092b5-8f02-794d-a205-2055ae5a1084","correlationId":"01a09523-4f8a-7b1c-b946-ee0921d1b605","attempt":1,"status":"succeeded","errorClassification":"none","durationMs":403573,"service":"pipeline-worker"}}
11:34:07 AM [tsx] change in ./..\..\packages\design-system\dist\index.js Restarting...
{"timestamp":"2026-09-12T10:34:26.993Z","level":"info","event":"worker.started","fields":{"status":"ok","service":"pipeline-worker"}}
11:34:29 AM [tsx] change in ./..\..\packages\scene-library\dist\definition-scene.fixtures.js Restarting...
11:34:29 AM [tsx] change in ./..\..\packages\scene-library\dist\full-lesson.js Restarting...
11:34:31 AM [tsx] change in ./..\..\packages\scene-library\dist\scene-preview.js Restarting...
11:34:31 AM [tsx] change in ./..\..\packages\scene-library\dist\index.js Restarting...
{"timestamp":"2026-09-12T10:35:09.566Z","level":"info","event":"worker.started","fields":{"status":"ok","service":"pipeline-worker"}}
11:35:55 AM [tsx] change in ./..\..\packages\design-system\dist\index.js Restarting...
{"timestamp":"2026-09-12T10:36:12.034Z","level":"info","event":"worker.started","fields":{"status":"ok","service":"pipeline-worker"}}
11:36:16 AM [tsx] change in ./..\..\packages\scene-library\dist\definition-scene.fixtures.js Restarting...
11:36:17 AM [tsx] change in ./..\..\packages\scene-library\dist\full-lesson.js Restarting...
11:36:18 AM [tsx] change in ./..\..\packages\scene-library\dist\full-lesson.fixture.js Restarting...
11:36:19 AM [tsx] change in ./..\..\packages\scene-library\dist\process-scene.fixtures.js Restarting...
11:36:19 AM [tsx] change in ./..\..\packages\scene-library\dist\scene-preview.js Restarting...
11:36:19 AM [tsx] change in ./..\..\packages\scene-library\dist\index.js Restarting...
{"timestamp":"2026-09-12T10:36:40.012Z","level":"info","event":"worker.started","fields":{"status":"ok","service":"pipeline-worker"}}
11:37:55 AM [tsx] change in ./..\..\packages\design-system\dist\video-theme.js Restarting...
{"timestamp":"2026-09-12T10:38:16.007Z","level":"info","event":"worker.started","fields":{"status":"ok","service":"pipeline-worker"}}
11:38:19 AM [tsx] change in ./..\..\packages\scene-library\dist\diagram-layout.js Restarting...
11:38:19 AM [tsx] change in ./..\..\packages\scene-library\dist\labelled-diagram-scene.js Restarting...
11:38:19 AM [tsx] change in ./..\..\packages\scene-library\dist\summary-scene.js Restarting...
11:38:19 AM [tsx] change in ./..\..\packages\scene-library\dist\scene-registry.js Restarting...
11:38:20 AM [tsx] change in ./..\..\packages\scene-library\dist\definition-scene.fixtures.js Restarting...
11:38:20 AM [tsx] change in ./..\..\packages\scene-library\dist\full-lesson.js Restarting...
11:38:22 AM [tsx] change in ./..\..\packages\scene-library\dist\full-lesson.fixture.js Restarting...
11:38:22 AM [tsx] change in ./..\..\packages\scene-library\dist\scene-preview-composition.js Restarting...
11:38:22 AM [tsx] change in ./..\..\packages\scene-library\dist\process-scene.fixtures.js Restarting...
11:38:23 AM [tsx] change in ./..\..\packages\scene-library\dist\scene-preview.js Restarting...
11:38:24 AM [tsx] change in ./..\..\packages\scene-library\dist\index.js Restarting...
{"timestamp":"2026-09-12T10:38:42.234Z","level":"info","event":"worker.started","fields":{"status":"ok","service":"pipeline-worker"}}
{"timestamp":"2026-09-12T11:21:16.849Z","level":"error","event":"queue.lease_sweep_failed","fields":{"queueName":"all","service":"pipeline-worker"}}
{"timestamp":"2026-09-12T11:21:16.860Z","level":"error","event":"queue.dispatch_cycle_failed","fields":{"queueName":"all","service":"pipeline-worker"}}
{"timestamp":"2026-09-12T11:21:16.877Z","level":"error","event":"worker.consumer_failed","fields":{"queueName":"pipeline","service":"pipeline-worker"}}
{"timestamp":"2026-09-12T11:21:17.931Z","level":"error","event":"worker.consumer_failed","fields":{"queueName":"pipeline","service":"pipeline-worker"}}
{"timestamp":"2026-09-12T11:21:17.932Z","level":"error","event":"worker.consumer_failed","fields":{"queueName":"pipeline","service":"pipeline-worker"}}
{"timestamp":"2026-09-12T11:21:17.943Z","level":"error","event":"queue.dispatch_cycle_failed","fields":{"queueName":"all","service":"pipeline-worker"}}
{"timestamp":"2026-09-12T11:21:18.956Z","level":"error","event":"worker.consumer_failed","fields":{"queueName":"pipeline","service":"pipeline-worker"}}
{"timestamp":"2026-09-12T11:21:18.957Z","level":"error","event":"worker.consumer_failed","fields":{"queueName":"pipeline","service":"pipeline-worker"}}
{"timestamp":"2026-09-12T11:21:18.960Z","level":"error","event":"queue.dispatch_cycle_failed","fields":{"queueName":"all","service":"pipeline-worker"}}
{"timestamp":"2026-09-12T11:21:19.966Z","level":"error","event":"worker.consumer_failed","fields":{"queueName":"pipeline","service":"pipeline-worker"}}
{"timestamp":"2026-09-12T11:21:19.969Z","level":"error","event":"worker.consumer_failed","fields":{"queueName":"pipeline","service":"pipeline-worker"}}
{"timestamp":"2026-09-12T11:21:19.972Z","level":"error","event":"queue.dispatch_cycle_failed","fields":{"queueName":"all","service":"pipeline-worker"}}
{"timestamp":"2026-09-12T11:21:20.976Z","level":"error","event":"worker.consumer_failed","fields":{"queueName":"pipeline","service":"pipeline-worker"}}
{"timestamp":"2026-09-12T11:21:20.978Z","level":"error","event":"worker.consumer_failed","fields":{"queueName":"pipeline","service":"pipeline-worker"}}
{"timestamp":"2026-09-12T11:21:20.980Z","level":"error","event":"queue.dispatch_cycle_failed","fields":{"queueName":"all","service":"pipeline-worker"}}
{"timestamp":"2026-09-12T11:21:21.990Z","level":"error","event":"worker.consumer_failed","fields":{"queueName":"pipeline","service":"pipeline-worker"}}
{"timestamp":"2026-09-12T11:21:21.993Z","level":"error","event":"queue.dispatch_cycle_failed","fields":{"queueName":"all","service":"pipeline-worker"}}
{"timestamp":"2026-09-12T11:21:22.082Z","level":"error","event":"worker.consumer_failed","fields":{"queueName":"pipeline","service":"pipeline-worker"}}
{"timestamp":"2026-09-12T11:21:23.029Z","level":"error","event":"queue.dispatch_cycle_failed","fields":{"queueName":"all","service":"pipeline-worker"}}
{"timestamp":"2026-09-12T11:21:23.099Z","level":"error","event":"worker.consumer_failed","fields":{"queueName":"pipeline","service":"pipeline-worker"}}
{"timestamp":"2026-09-12T11:21:24.051Z","level":"error","event":"queue.dispatch_cycle_failed","fields":{"queueName":"all","service":"pipeline-worker"}}
{"timestamp":"2026-09-12T11:21:25.093Z","level":"error","event":"queue.dispatch_cycle_failed","fields":{"queueName":"all","service":"pipeline-worker"}}
{"timestamp":"2026-09-12T11:21:25.098Z","level":"error","event":"worker.consumer_failed","fields":{"queueName":"pipeline","service":"pipeline-worker"}}
{"timestamp":"2026-09-12T11:21:26.091Z","level":"error","event":"worker.consumer_failed","fields":{"queueName":"pipeline","service":"pipeline-worker"}}
{"timestamp":"2026-09-12T11:21:26.121Z","level":"error","event":"queue.dispatch_cycle_failed","fields":{"queueName":"all","service":"pipeline-worker"}}
{"timestamp":"2026-09-12T11:21:27.151Z","level":"error","event":"queue.dispatch_cycle_failed","fields":{"queueName":"all","service":"pipeline-worker"}}
{"timestamp":"2026-09-12T11:21:28.178Z","level":"error","event":"queue.dispatch_cycle_failed","fields":{"queueName":"all","service":"pipeline-worker"}}
{"timestamp":"2026-09-12T11:21:29.202Z","level":"error","event":"queue.dispatch_cycle_failed","fields":{"queueName":"all","service":"pipeline-worker"}}
{"timestamp":"2026-09-12T11:21:30.228Z","level":"error","event":"queue.dispatch_cycle_failed","fields":{"queueName":"all","service":"pipeline-worker"}}
{"timestamp":"2026-09-12T11:21:31.259Z","level":"error","event":"queue.dispatch_cycle_failed","fields":{"queueName":"all","service":"pipeline-worker"}}
{"timestamp":"2026-09-12T11:21:33.224Z","level":"error","event":"worker.consumer_failed","fields":{"queueName":"pipeline","service":"pipeline-worker"}}
{"timestamp":"2026-09-12T11:21:34.206Z","level":"error","event":"worker.consumer_failed","fields":{"queueName":"pipeline","service":"pipeline-worker"}}
{"timestamp":"2026-09-12T11:21:35.885Z","level":"error","event":"queue.dispatch_cycle_failed","fields":{"queueName":"all","service":"pipeline-worker"}}
{"timestamp":"2026-09-12T11:21:38.522Z","level":"error","event":"queue.dispatch_cycle_failed","fields":{"queueName":"all","service":"pipeline-worker"}}
{"timestamp":"2026-09-12T11:21:40.171Z","level":"error","event":"queue.lease_sweep_failed","fields":{"queueName":"all","service":"pipeline-worker"}}
{"timestamp":"2026-09-12T11:21:40.215Z","level":"error","event":"queue.dispatch_cycle_failed","fields":{"queueName":"all","service":"pipeline-worker"}}
{"timestamp":"2026-09-12T11:21:42.366Z","level":"error","event":"queue.dispatch_cycle_failed","fields":{"queueName":"all","service":"pipeline-worker"}}
{"timestamp":"2026-09-12T11:21:45.035Z","level":"error","event":"queue.dispatch_cycle_failed","fields":{"queueName":"all","service":"pipeline-worker"}}
{"timestamp":"2026-09-12T11:21:46.081Z","level":"error","event":"queue.dispatch_cycle_failed","fields":{"queueName":"all","service":"pipeline-worker"}}
{"timestamp":"2026-09-12T11:21:47.115Z","level":"error","event":"queue.dispatch_cycle_failed","fields":{"queueName":"all","service":"pipeline-worker"}}
{"timestamp":"2026-09-12T11:21:48.141Z","level":"error","event":"queue.dispatch_cycle_failed","fields":{"queueName":"all","service":"pipeline-worker"}}
{"timestamp":"2026-09-12T11:21:49.174Z","level":"error","event":"queue.dispatch_cycle_failed","fields":{"queueName":"all","service":"pipeline-worker"}}
{"timestamp":"2026-09-12T11:21:50.377Z","level":"error","event":"queue.dispatch_cycle_failed","fields":{"queueName":"all","service":"pipeline-worker"}}
{"timestamp":"2026-09-12T11:21:51.400Z","level":"error","event":"queue.dispatch_cycle_failed","fields":{"queueName":"all","service":"pipeline-worker"}}
{"timestamp":"2026-09-12T11:21:53.240Z","level":"error","event":"worker.consumer_failed","fields":{"queueName":"pipeline","service":"pipeline-worker"}}
{"timestamp":"2026-09-12T11:21:54.221Z","level":"error","event":"worker.consumer_failed","fields":{"queueName":"pipeline","service":"pipeline-worker"}}
{"timestamp":"2026-09-12T11:21:57.874Z","level":"error","event":"queue.dispatch_cycle_failed","fields":{"queueName":"all","service":"pipeline-worker"}}
{"timestamp":"2026-09-12T11:21:58.918Z","level":"error","event":"queue.dispatch_cycle_failed","fields":{"queueName":"all","service":"pipeline-worker"}}
{"timestamp":"2026-09-12T11:21:59.320Z","level":"error","event":"queue.lease_sweep_failed","fields":{"queueName":"all","service":"pipeline-worker"}}
{"timestamp":"2026-09-12T11:21:59.944Z","level":"error","event":"queue.dispatch_cycle_failed","fields":{"queueName":"all","service":"pipeline-worker"}}
{"timestamp":"2026-09-12T11:22:00.972Z","level":"error","event":"queue.dispatch_cycle_failed","fields":{"queueName":"all","service":"pipeline-worker"}}
{"timestamp":"2026-09-12T11:22:02.000Z","level":"error","event":"queue.dispatch_cycle_failed","fields":{"queueName":"all","service":"pipeline-worker"}}
{"timestamp":"2026-09-12T11:22:03.042Z","level":"error","event":"queue.dispatch_cycle_failed","fields":{"queueName":"all","service":"pipeline-worker"}}
{"timestamp":"2026-09-12T11:22:04.079Z","level":"error","event":"queue.dispatch_cycle_failed","fields":{"queueName":"all","service":"pipeline-worker"}}
{"timestamp":"2026-09-12T11:22:05.117Z","level":"error","event":"queue.dispatch_cycle_failed","fields":{"queueName":"all","service":"pipeline-worker"}}
{"timestamp":"2026-09-12T11:22:06.139Z","level":"error","event":"queue.dispatch_cycle_failed","fields":{"queueName":"all","service":"pipeline-worker"}}
{"timestamp":"2026-09-12T11:22:12.786Z","level":"error","event":"queue.dispatch_cycle_failed","fields":{"queueName":"all","service":"pipeline-worker"}}
{"timestamp":"2026-09-12T11:22:13.252Z","level":"error","event":"worker.consumer_failed","fields":{"queueName":"pipeline","service":"pipeline-worker"}}
{"timestamp":"2026-09-12T11:22:14.250Z","level":"error","event":"worker.consumer_failed","fields":{"queueName":"pipeline","service":"pipeline-worker"}}
{"timestamp":"2026-09-12T11:22:15.794Z","level":"error","event":"queue.dispatch_cycle_failed","fields":{"queueName":"all","service":"pipeline-worker"}}
{"timestamp":"2026-09-12T11:22:16.117Z","level":"error","event":"queue.lease_sweep_failed","fields":{"queueName":"all","service":"pipeline-worker"}}
{"timestamp":"2026-09-12T11:22:16.821Z","level":"error","event":"queue.dispatch_cycle_failed","fields":{"queueName":"all","service":"pipeline-worker"}}
{"timestamp":"2026-09-12T11:22:19.100Z","level":"error","event":"queue.dispatch_cycle_failed","fields":{"queueName":"all","service":"pipeline-worker"}}
{"timestamp":"2026-09-12T11:22:20.129Z","level":"error","event":"queue.dispatch_cycle_failed","fields":{"queueName":"all","service":"pipeline-worker"}}
{"timestamp":"2026-09-12T11:22:21.154Z","level":"error","event":"queue.dispatch_cycle_failed","fields":{"queueName":"all","service":"pipeline-worker"}}
{"timestamp":"2026-09-12T11:22:22.193Z","level":"error","event":"queue.dispatch_cycle_failed","fields":{"queueName":"all","service":"pipeline-worker"}}
{"timestamp":"2026-09-12T11:22:23.638Z","level":"error","event":"queue.dispatch_cycle_failed","fields":{"queueName":"all","service":"pipeline-worker"}}
{"timestamp":"2026-09-12T11:22:24.660Z","level":"error","event":"queue.dispatch_cycle_failed","fields":{"queueName":"all","service":"pipeline-worker"}}
{"timestamp":"2026-09-12T11:22:27.584Z","level":"error","event":"queue.dispatch_cycle_failed","fields":{"queueName":"all","service":"pipeline-worker"}}
{"timestamp":"2026-09-12T11:22:31.163Z","level":"error","event":"queue.lease_sweep_failed","fields":{"queueName":"all","service":"pipeline-worker"}}
{"timestamp":"2026-09-12T11:22:33.276Z","level":"error","event":"worker.consumer_failed","fields":{"queueName":"pipeline","service":"pipeline-worker"}}
{"timestamp":"2026-09-12T11:22:33.325Z","level":"error","event":"queue.dispatch_cycle_failed","fields":{"queueName":"all","service":"pipeline-worker"}}
{"timestamp":"2026-09-12T11:22:34.267Z","level":"error","event":"worker.consumer_failed","fields":{"queueName":"pipeline","service":"pipeline-worker"}}
{"timestamp":"2026-09-12T11:22:34.361Z","level":"error","event":"queue.dispatch_cycle_failed","fields":{"queueName":"all","service":"pipeline-worker"}}
{"timestamp":"2026-09-12T11:22:36.067Z","level":"error","event":"queue.dispatch_cycle_failed","fields":{"queueName":"all","service":"pipeline-worker"}}
{"timestamp":"2026-09-12T11:22:37.109Z","level":"error","event":"queue.dispatch_cycle_failed","fields":{"queueName":"all","service":"pipeline-worker"}}
{"timestamp":"2026-09-12T11:22:40.614Z","level":"error","event":"queue.dispatch_cycle_failed","fields":{"queueName":"all","service":"pipeline-worker"}}
{"timestamp":"2026-09-12T11:22:41.651Z","level":"error","event":"queue.dispatch_cycle_failed","fields":{"queueName":"all","service":"pipeline-worker"}}
{"timestamp":"2026-09-12T11:22:42.693Z","level":"error","event":"queue.dispatch_cycle_failed","fields":{"queueName":"all","service":"pipeline-worker"}}
{"timestamp":"2026-09-12T11:22:43.722Z","level":"error","event":"queue.dispatch_cycle_failed","fields":{"queueName":"all","service":"pipeline-worker"}}
{"timestamp":"2026-09-12T11:22:44.754Z","level":"error","event":"queue.dispatch_cycle_failed","fields":{"queueName":"all","service":"pipeline-worker"}}
{"timestamp":"2026-09-12T11:22:45.792Z","level":"error","event":"queue.dispatch_cycle_failed","fields":{"queueName":"all","service":"pipeline-worker"}}
{"timestamp":"2026-09-12T11:22:46.379Z","level":"error","event":"queue.lease_sweep_failed","fields":{"queueName":"all","service":"pipeline-worker"}}
{"timestamp":"2026-09-12T11:22:47.770Z","level":"error","event":"queue.dispatch_cycle_failed","fields":{"queueName":"all","service":"pipeline-worker"}}
{"timestamp":"2026-09-12T11:22:53.298Z","level":"error","event":"worker.consumer_failed","fields":{"queueName":"pipeline","service":"pipeline-worker"}}
{"timestamp":"2026-09-12T11:22:53.764Z","level":"error","event":"queue.dispatch_cycle_failed","fields":{"queueName":"all","service":"pipeline-worker"}}
{"timestamp":"2026-09-12T11:22:54.294Z","level":"error","event":"worker.consumer_failed","fields":{"queueName":"pipeline","service":"pipeline-worker"}}
{"timestamp":"2026-09-12T11:22:55.343Z","level":"error","event":"queue.dispatch_cycle_failed","fields":{"queueName":"all","service":"pipeline-worker"}}
{"timestamp":"2026-09-12T11:22:59.098Z","level":"error","event":"queue.dispatch_cycle_failed","fields":{"queueName":"all","service":"pipeline-worker"}}
{"timestamp":"2026-09-12T11:23:00.125Z","level":"error","event":"queue.dispatch_cycle_failed","fields":{"queueName":"all","service":"pipeline-worker"}}
{"timestamp":"2026-09-12T11:23:01.167Z","level":"error","event":"queue.dispatch_cycle_failed","fields":{"queueName":"all","service":"pipeline-worker"}}
{"timestamp":"2026-09-12T11:23:02.350Z","level":"error","event":"queue.dispatch_cycle_failed","fields":{"queueName":"all","service":"pipeline-worker"}}
{"timestamp":"2026-09-12T11:23:03.370Z","level":"error","event":"queue.dispatch_cycle_failed","fields":{"queueName":"all","service":"pipeline-worker"}}
{"timestamp":"2026-09-12T11:23:03.416Z","level":"error","event":"queue.lease_sweep_failed","fields":{"queueName":"all","service":"pipeline-worker"}}
{"timestamp":"2026-09-12T11:23:06.245Z","level":"error","event":"queue.dispatch_cycle_failed","fields":{"queueName":"all","service":"pipeline-worker"}}
{"timestamp":"2026-09-12T11:23:07.287Z","level":"error","event":"queue.dispatch_cycle_failed","fields":{"queueName":"all","service":"pipeline-worker"}}
{"timestamp":"2026-09-12T11:23:08.330Z","level":"error","event":"queue.dispatch_cycle_failed","fields":{"queueName":"all","service":"pipeline-worker"}}
{"timestamp":"2026-09-12T11:23:11.743Z","level":"error","event":"queue.dispatch_cycle_failed","fields":{"queueName":"all","service":"pipeline-worker"}}
{"timestamp":"2026-09-12T11:23:13.309Z","level":"error","event":"worker.consumer_failed","fields":{"queueName":"pipeline","service":"pipeline-worker"}}
{"timestamp":"2026-09-12T11:23:14.312Z","level":"error","event":"worker.consumer_failed","fields":{"queueName":"pipeline","service":"pipeline-worker"}}
{"timestamp":"2026-09-12T11:23:18.015Z","level":"error","event":"queue.dispatch_cycle_failed","fields":{"queueName":"all","service":"pipeline-worker"}}
{"timestamp":"2026-09-12T11:23:18.450Z","level":"error","event":"queue.lease_sweep_failed","fields":{"queueName":"all","service":"pipeline-worker"}}
{"timestamp":"2026-09-12T11:23:19.057Z","level":"error","event":"queue.dispatch_cycle_failed","fields":{"queueName":"all","service":"pipeline-worker"}}
{"timestamp":"2026-09-12T11:23:21.065Z","level":"error","event":"queue.dispatch_cycle_failed","fields":{"queueName":"all","service":"pipeline-worker"}}
{"timestamp":"2026-09-12T11:23:22.090Z","level":"error","event":"queue.dispatch_cycle_failed","fields":{"queueName":"all","service":"pipeline-worker"}}
{"timestamp":"2026-09-12T11:23:23.122Z","level":"error","event":"queue.dispatch_cycle_failed","fields":{"queueName":"all","service":"pipeline-worker"}}
{"timestamp":"2026-09-12T11:23:24.153Z","level":"error","event":"queue.dispatch_cycle_failed","fields":{"queueName":"all","service":"pipeline-worker"}}
{"timestamp":"2026-09-12T11:23:25.180Z","level":"error","event":"queue.dispatch_cycle_failed","fields":{"queueName":"all","service":"pipeline-worker"}}
{"timestamp":"2026-09-12T11:23:26.209Z","level":"error","event":"queue.dispatch_cycle_failed","fields":{"queueName":"all","service":"pipeline-worker"}}
{"timestamp":"2026-09-12T11:23:27.239Z","level":"error","event":"queue.dispatch_cycle_failed","fields":{"queueName":"all","service":"pipeline-worker"}}
{"timestamp":"2026-09-12T11:23:30.999Z","level":"error","event":"queue.dispatch_cycle_failed","fields":{"queueName":"all","service":"pipeline-worker"}}
{"timestamp":"2026-09-12T11:23:33.085Z","level":"error","event":"queue.dispatch_cycle_failed","fields":{"queueName":"all","service":"pipeline-worker"}}
{"timestamp":"2026-09-12T11:23:33.331Z","level":"error","event":"worker.consumer_failed","fields":{"queueName":"pipeline","service":"pipeline-worker"}}
{"timestamp":"2026-09-12T11:23:33.485Z","level":"error","event":"queue.lease_sweep_failed","fields":{"queueName":"all","service":"pipeline-worker"}}
{"timestamp":"2026-09-12T11:23:34.328Z","level":"error","event":"worker.consumer_failed","fields":{"queueName":"pipeline","service":"pipeline-worker"}}
{"timestamp":"2026-09-12T11:23:38.051Z","level":"error","event":"queue.dispatch_cycle_failed","fields":{"queueName":"all","service":"pipeline-worker"}}
{"timestamp":"2026-09-12T11:23:39.081Z","level":"error","event":"queue.dispatch_cycle_failed","fields":{"queueName":"all","service":"pipeline-worker"}}
{"timestamp":"2026-09-12T11:23:40.111Z","level":"error","event":"queue.dispatch_cycle_failed","fields":{"queueName":"all","service":"pipeline-worker"}}
{"timestamp":"2026-09-12T11:23:41.141Z","level":"error","event":"queue.dispatch_cycle_failed","fields":{"queueName":"all","service":"pipeline-worker"}}
{"timestamp":"2026-09-12T11:23:43.617Z","level":"error","event":"queue.dispatch_cycle_failed","fields":{"queueName":"all","service":"pipeline-worker"}}
{"timestamp":"2026-09-12T11:23:44.649Z","level":"error","event":"queue.dispatch_cycle_failed","fields":{"queueName":"all","service":"pipeline-worker"}}
{"timestamp":"2026-09-12T11:23:45.977Z","level":"error","event":"queue.dispatch_cycle_failed","fields":{"queueName":"all","service":"pipeline-worker"}}
{"timestamp":"2026-09-12T11:23:47.165Z","level":"error","event":"queue.dispatch_cycle_failed","fields":{"queueName":"all","service":"pipeline-worker"}}
{"timestamp":"2026-09-12T11:23:50.192Z","level":"error","event":"queue.lease_sweep_failed","fields":{"queueName":"all","service":"pipeline-worker"}}
{"timestamp":"2026-09-12T11:23:52.656Z","level":"error","event":"queue.dispatch_cycle_failed","fields":{"queueName":"all","service":"pipeline-worker"}}
{"timestamp":"2026-09-12T11:23:53.360Z","level":"error","event":"worker.consumer_failed","fields":{"queueName":"pipeline","service":"pipeline-worker"}}
{"timestamp":"2026-09-12T11:23:54.353Z","level":"error","event":"worker.consumer_failed","fields":{"queueName":"pipeline","service":"pipeline-worker"}}
{"timestamp":"2026-09-12T11:23:57.311Z","level":"error","event":"queue.dispatch_cycle_failed","fields":{"queueName":"all","service":"pipeline-worker"}}
{"timestamp":"2026-09-12T11:23:58.340Z","level":"error","event":"queue.dispatch_cycle_failed","fields":{"queueName":"all","service":"pipeline-worker"}}
{"timestamp":"2026-09-12T11:23:59.380Z","level":"error","event":"queue.dispatch_cycle_failed","fields":{"queueName":"all","service":"pipeline-worker"}}
{"timestamp":"2026-09-12T11:24:00.425Z","level":"error","event":"queue.dispatch_cycle_failed","fields":{"queueName":"all","service":"pipeline-worker"}}
{"timestamp":"2026-09-12T11:24:01.448Z","level":"error","event":"queue.dispatch_cycle_failed","fields":{"queueName":"all","service":"pipeline-worker"}}
{"timestamp":"2026-09-12T11:24:02.475Z","level":"error","event":"queue.dispatch_cycle_failed","fields":{"queueName":"all","service":"pipeline-worker"}}
{"timestamp":"2026-09-12T11:24:03.495Z","level":"error","event":"queue.dispatch_cycle_failed","fields":{"queueName":"all","service":"pipeline-worker"}}
{"timestamp":"2026-09-12T11:24:04.514Z","level":"error","event":"queue.dispatch_cycle_failed","fields":{"queueName":"all","service":"pipeline-worker"}}
{"timestamp":"2026-09-12T11:24:05.237Z","level":"error","event":"queue.lease_sweep_failed","fields":{"queueName":"all","service":"pipeline-worker"}}
{"timestamp":"2026-09-12T11:24:06.868Z","level":"error","event":"queue.dispatch_cycle_failed","fields":{"queueName":"all","service":"pipeline-worker"}}
{"timestamp":"2026-09-12T11:24:10.698Z","level":"error","event":"queue.dispatch_cycle_failed","fields":{"queueName":"all","service":"pipeline-worker"}}
{"timestamp":"2026-09-12T11:24:11.735Z","level":"error","event":"queue.dispatch_cycle_failed","fields":{"queueName":"all","service":"pipeline-worker"}}
{"timestamp":"2026-09-12T11:24:13.397Z","level":"error","event":"worker.consumer_failed","fields":{"queueName":"pipeline","service":"pipeline-worker"}}
{"timestamp":"2026-09-12T11:24:14.365Z","level":"error","event":"worker.consumer_failed","fields":{"queueName":"pipeline","service":"pipeline-worker"}}
{"timestamp":"2026-09-12T11:24:17.936Z","level":"error","event":"queue.dispatch_cycle_failed","fields":{"queueName":"all","service":"pipeline-worker"}}
{"timestamp":"2026-09-12T11:24:18.973Z","level":"error","event":"queue.dispatch_cycle_failed","fields":{"queueName":"all","service":"pipeline-worker"}}
{"timestamp":"2026-09-12T11:24:20.011Z","level":"error","event":"queue.dispatch_cycle_failed","fields":{"queueName":"all","service":"pipeline-worker"}}
{"timestamp":"2026-09-12T11:24:21.040Z","level":"error","event":"queue.dispatch_cycle_failed","fields":{"queueName":"all","service":"pipeline-worker"}}
{"timestamp":"2026-09-12T11:24:21.481Z","level":"error","event":"queue.lease_sweep_failed","fields":{"queueName":"all","service":"pipeline-worker"}}
{"timestamp":"2026-09-12T11:24:22.082Z","level":"error","event":"queue.dispatch_cycle_failed","fields":{"queueName":"all","service":"pipeline-worker"}}
{"timestamp":"2026-09-12T11:24:23.123Z","level":"error","event":"queue.dispatch_cycle_failed","fields":{"queueName":"all","service":"pipeline-worker"}}
{"timestamp":"2026-09-12T11:24:24.172Z","level":"error","event":"queue.dispatch_cycle_failed","fields":{"queueName":"all","service":"pipeline-worker"}}
{"timestamp":"2026-09-12T11:24:25.211Z","level":"error","event":"queue.dispatch_cycle_failed","fields":{"queueName":"all","service":"pipeline-worker"}}
{"timestamp":"2026-09-12T11:24:26.233Z","level":"error","event":"queue.dispatch_cycle_failed","fields":{"queueName":"all","service":"pipeline-worker"}}
{"timestamp":"2026-09-12T11:24:28.291Z","level":"error","event":"queue.dispatch_cycle_failed","fields":{"queueName":"all","service":"pipeline-worker"}}
{"timestamp":"2026-09-12T11:24:33.426Z","level":"error","event":"worker.consumer_failed","fields":{"queueName":"pipeline","service":"pipeline-worker"}}
{"timestamp":"2026-09-12T11:24:34.382Z","level":"error","event":"worker.consumer_failed","fields":{"queueName":"pipeline","service":"pipeline-worker"}}
{"timestamp":"2026-09-12T11:24:34.820Z","level":"error","event":"queue.dispatch_cycle_failed","fields":{"queueName":"all","service":"pipeline-worker"}}
{"timestamp":"2026-09-12T11:24:36.778Z","level":"error","event":"queue.dispatch_cycle_failed","fields":{"queueName":"all","service":"pipeline-worker"}}
{"timestamp":"2026-09-12T11:24:37.807Z","level":"error","event":"queue.dispatch_cycle_failed","fields":{"queueName":"all","service":"pipeline-worker"}}
{"timestamp":"2026-09-12T11:24:38.848Z","level":"error","event":"queue.dispatch_cycle_failed","fields":{"queueName":"all","service":"pipeline-worker"}}
{"timestamp":"2026-09-12T11:24:41.045Z","level":"error","event":"queue.lease_sweep_failed","fields":{"queueName":"all","service":"pipeline-worker"}}
{"timestamp":"2026-09-12T11:24:42.708Z","level":"error","event":"queue.dispatch_cycle_failed","fields":{"queueName":"all","service":"pipeline-worker"}}
{"timestamp":"2026-09-12T11:24:43.749Z","level":"error","event":"queue.dispatch_cycle_failed","fields":{"queueName":"all","service":"pipeline-worker"}}
{"timestamp":"2026-09-12T11:24:44.783Z","level":"error","event":"queue.dispatch_cycle_failed","fields":{"queueName":"all","service":"pipeline-worker"}}
{"timestamp":"2026-09-12T11:24:45.820Z","level":"error","event":"queue.dispatch_cycle_failed","fields":{"queueName":"all","service":"pipeline-worker"}}
{"timestamp":"2026-09-12T11:24:46.855Z","level":"error","event":"queue.dispatch_cycle_failed","fields":{"queueName":"all","service":"pipeline-worker"}}
{"timestamp":"2026-09-12T11:24:47.892Z","level":"error","event":"queue.dispatch_cycle_failed","fields":{"queueName":"all","service":"pipeline-worker"}}
{"timestamp":"2026-09-12T11:24:53.446Z","level":"error","event":"worker.consumer_failed","fields":{"queueName":"pipeline","service":"pipeline-worker"}}
{"timestamp":"2026-09-12T11:24:53.555Z","level":"error","event":"queue.dispatch_cycle_failed","fields":{"queueName":"all","service":"pipeline-worker"}}
{"timestamp":"2026-09-12T11:24:54.396Z","level":"error","event":"worker.consumer_failed","fields":{"queueName":"pipeline","service":"pipeline-worker"}}
{"timestamp":"2026-09-12T11:24:54.588Z","level":"error","event":"queue.dispatch_cycle_failed","fields":{"queueName":"all","service":"pipeline-worker"}}
{"timestamp":"2026-09-12T11:24:55.596Z","level":"error","event":"queue.dispatch_cycle_failed","fields":{"queueName":"all","service":"pipeline-worker"}}
{"timestamp":"2026-09-12T11:24:56.079Z","level":"error","event":"queue.lease_sweep_failed","fields":{"queueName":"all","service":"pipeline-worker"}}
{"timestamp":"2026-09-12T11:25:00.592Z","level":"error","event":"queue.dispatch_cycle_failed","fields":{"queueName":"all","service":"pipeline-worker"}}
{"timestamp":"2026-09-12T11:25:01.620Z","level":"error","event":"queue.dispatch_cycle_failed","fields":{"queueName":"all","service":"pipeline-worker"}}
{"timestamp":"2026-09-12T11:25:02.662Z","level":"error","event":"queue.dispatch_cycle_failed","fields":{"queueName":"all","service":"pipeline-worker"}}
{"timestamp":"2026-09-12T11:25:03.693Z","level":"error","event":"queue.dispatch_cycle_failed","fields":{"queueName":"all","service":"pipeline-worker"}}
{"timestamp":"2026-09-12T11:25:06.223Z","level":"error","event":"queue.dispatch_cycle_failed","fields":{"queueName":"all","service":"pipeline-worker"}}
{"timestamp":"2026-09-12T11:25:07.253Z","level":"error","event":"queue.dispatch_cycle_failed","fields":{"queueName":"all","service":"pipeline-worker"}}
{"timestamp":"2026-09-12T11:25:08.284Z","level":"error","event":"queue.dispatch_cycle_failed","fields":{"queueName":"all","service":"pipeline-worker"}}
{"timestamp":"2026-09-12T11:25:09.318Z","level":"error","event":"queue.dispatch_cycle_failed","fields":{"queueName":"all","service":"pipeline-worker"}}
{"timestamp":"2026-09-12T11:25:10.344Z","level":"error","event":"queue.dispatch_cycle_failed","fields":{"queueName":"all","service":"pipeline-worker"}}
{"timestamp":"2026-09-12T11:25:13.141Z","level":"error","event":"queue.lease_sweep_failed","fields":{"queueName":"all","service":"pipeline-worker"}}
{"timestamp":"2026-09-12T11:25:13.473Z","level":"error","event":"worker.consumer_failed","fields":{"queueName":"pipeline","service":"pipeline-worker"}}
{"timestamp":"2026-09-12T11:25:14.421Z","level":"error","event":"worker.consumer_failed","fields":{"queueName":"pipeline","service":"pipeline-worker"}}
{"timestamp":"2026-09-12T11:25:16.985Z","level":"error","event":"queue.dispatch_cycle_failed","fields":{"queueName":"all","service":"pipeline-worker"}}
{"timestamp":"2026-09-12T11:25:20.660Z","level":"error","event":"queue.dispatch_cycle_failed","fields":{"queueName":"all","service":"pipeline-worker"}}
{"timestamp":"2026-09-12T11:25:21.686Z","level":"error","event":"queue.dispatch_cycle_failed","fields":{"queueName":"all","service":"pipeline-worker"}}
{"timestamp":"2026-09-12T11:25:22.720Z","level":"error","event":"queue.dispatch_cycle_failed","fields":{"queueName":"all","service":"pipeline-worker"}}
{"timestamp":"2026-09-12T11:25:25.473Z","level":"error","event":"queue.dispatch_cycle_failed","fields":{"queueName":"all","service":"pipeline-worker"}}
{"timestamp":"2026-09-12T11:25:27.126Z","level":"error","event":"queue.dispatch_cycle_failed","fields":{"queueName":"all","service":"pipeline-worker"}}
{"timestamp":"2026-09-12T11:25:28.154Z","level":"error","event":"queue.dispatch_cycle_failed","fields":{"queueName":"all","service":"pipeline-worker"}}
{"timestamp":"2026-09-12T11:25:28.166Z","level":"error","event":"queue.lease_sweep_failed","fields":{"queueName":"all","service":"pipeline-worker"}}
{"timestamp":"2026-09-12T11:25:29.191Z","level":"error","event":"queue.dispatch_cycle_failed","fields":{"queueName":"all","service":"pipeline-worker"}}
{"timestamp":"2026-09-12T11:25:30.220Z","level":"error","event":"queue.dispatch_cycle_failed","fields":{"queueName":"all","service":"pipeline-worker"}}
{"timestamp":"2026-09-12T11:25:31.262Z","level":"error","event":"queue.dispatch_cycle_failed","fields":{"queueName":"all","service":"pipeline-worker"}}
{"timestamp":"2026-09-12T11:25:33.499Z","level":"error","event":"worker.consumer_failed","fields":{"queueName":"pipeline","service":"pipeline-worker"}}
{"timestamp":"2026-09-12T11:25:34.449Z","level":"error","event":"worker.consumer_failed","fields":{"queueName":"pipeline","service":"pipeline-worker"}}
{"timestamp":"2026-09-12T11:25:40.568Z","level":"error","event":"queue.dispatch_cycle_failed","fields":{"queueName":"all","service":"pipeline-worker"}}
{"timestamp":"2026-09-12T11:25:41.599Z","level":"error","event":"queue.dispatch_cycle_failed","fields":{"queueName":"all","service":"pipeline-worker"}}
{"timestamp":"2026-09-12T11:25:42.633Z","level":"error","event":"queue.dispatch_cycle_failed","fields":{"queueName":"all","service":"pipeline-worker"}}
{"timestamp":"2026-09-12T11:25:43.195Z","level":"error","event":"queue.lease_sweep_failed","fields":{"queueName":"all","service":"pipeline-worker"}}
{"timestamp":"2026-09-12T11:25:43.673Z","level":"error","event":"queue.dispatch_cycle_failed","fields":{"queueName":"all","service":"pipeline-worker"}}
{"timestamp":"2026-09-12T11:25:48.000Z","level":"error","event":"queue.dispatch_cycle_failed","fields":{"queueName":"all","service":"pipeline-worker"}}
{"timestamp":"2026-09-12T11:25:49.033Z","level":"error","event":"queue.dispatch_cycle_failed","fields":{"queueName":"all","service":"pipeline-worker"}}
{"timestamp":"2026-09-12T11:25:50.075Z","level":"error","event":"queue.dispatch_cycle_failed","fields":{"queueName":"all","service":"pipeline-worker"}}
{"timestamp":"2026-09-12T11:25:51.106Z","level":"error","event":"queue.dispatch_cycle_failed","fields":{"queueName":"all","service":"pipeline-worker"}}
{"timestamp":"2026-09-12T11:25:52.178Z","level":"error","event":"queue.dispatch_cycle_failed","fields":{"queueName":"all","service":"pipeline-worker"}}
{"timestamp":"2026-09-12T11:25:53.520Z","level":"error","event":"worker.consumer_failed","fields":{"queueName":"pipeline","service":"pipeline-worker"}}
{"timestamp":"2026-09-12T11:25:54.478Z","level":"error","event":"worker.consumer_failed","fields":{"queueName":"pipeline","service":"pipeline-worker"}}
{"timestamp":"2026-09-12T11:25:58.233Z","level":"error","event":"queue.lease_sweep_failed","fields":{"queueName":"all","service":"pipeline-worker"}}
{"timestamp":"2026-09-12T11:25:58.974Z","level":"error","event":"queue.dispatch_cycle_failed","fields":{"queueName":"all","service":"pipeline-worker"}}
{"timestamp":"2026-09-12T11:26:00.021Z","level":"error","event":"queue.dispatch_cycle_failed","fields":{"queueName":"all","service":"pipeline-worker"}}
{"timestamp":"2026-09-12T11:26:02.458Z","level":"error","event":"queue.dispatch_cycle_failed","fields":{"queueName":"all","service":"pipeline-worker"}}
{"timestamp":"2026-09-12T11:26:03.471Z","level":"error","event":"queue.dispatch_cycle_failed","fields":{"queueName":"all","service":"pipeline-worker"}}
{"timestamp":"2026-09-12T11:26:04.498Z","level":"error","event":"queue.dispatch_cycle_failed","fields":{"queueName":"all","service":"pipeline-worker"}}
{"timestamp":"2026-09-12T11:26:05.539Z","level":"error","event":"queue.dispatch_cycle_failed","fields":{"queueName":"all","service":"pipeline-worker"}}
{"timestamp":"2026-09-12T11:26:07.598Z","level":"error","event":"queue.dispatch_cycle_failed","fields":{"queueName":"all","service":"pipeline-worker"}}
{"timestamp":"2026-09-12T11:26:08.625Z","level":"error","event":"queue.dispatch_cycle_failed","fields":{"queueName":"all","service":"pipeline-worker"}}
{"timestamp":"2026-09-12T11:26:11.549Z","level":"error","event":"queue.dispatch_cycle_failed","fields":{"queueName":"all","service":"pipeline-worker"}}
{"timestamp":"2026-09-12T11:26:13.540Z","level":"error","event":"worker.consumer_failed","fields":{"queueName":"pipeline","service":"pipeline-worker"}}
{"timestamp":"2026-09-12T11:26:14.492Z","level":"error","event":"worker.consumer_failed","fields":{"queueName":"pipeline","service":"pipeline-worker"}}
{"timestamp":"2026-09-12T11:26:17.209Z","level":"error","event":"queue.dispatch_cycle_failed","fields":{"queueName":"all","service":"pipeline-worker"}}
{"timestamp":"2026-09-12T11:26:17.286Z","level":"error","event":"queue.lease_sweep_failed","fields":{"queueName":"all","service":"pipeline-worker"}}
{"timestamp":"2026-09-12T11:26:18.234Z","level":"error","event":"queue.dispatch_cycle_failed","fields":{"queueName":"all","service":"pipeline-worker"}}
{"timestamp":"2026-09-12T11:26:21.803Z","level":"error","event":"queue.dispatch_cycle_failed","fields":{"queueName":"all","service":"pipeline-worker"}}
{"timestamp":"2026-09-12T11:26:22.836Z","level":"error","event":"queue.dispatch_cycle_failed","fields":{"queueName":"all","service":"pipeline-worker"}}
{"timestamp":"2026-09-12T11:26:23.863Z","level":"error","event":"queue.dispatch_cycle_failed","fields":{"queueName":"all","service":"pipeline-worker"}}
{"timestamp":"2026-09-12T11:26:24.883Z","level":"error","event":"queue.dispatch_cycle_failed","fields":{"queueName":"all","service":"pipeline-worker"}}
{"timestamp":"2026-09-12T11:26:25.918Z","level":"error","event":"queue.dispatch_cycle_failed","fields":{"queueName":"all","service":"pipeline-worker"}}
{"timestamp":"2026-09-12T11:26:26.949Z","level":"error","event":"queue.dispatch_cycle_failed","fields":{"queueName":"all","service":"pipeline-worker"}}
{"timestamp":"2026-09-12T11:26:29.173Z","level":"error","event":"queue.dispatch_cycle_failed","fields":{"queueName":"all","service":"pipeline-worker"}}
{"timestamp":"2026-09-12T11:26:33.071Z","level":"error","event":"queue.lease_sweep_failed","fields":{"queueName":"all","service":"pipeline-worker"}}
{"timestamp":"2026-09-12T11:26:33.558Z","level":"error","event":"worker.consumer_failed","fields":{"queueName":"pipeline","service":"pipeline-worker"}}
{"timestamp":"2026-09-12T11:26:34.515Z","level":"error","event":"worker.consumer_failed","fields":{"queueName":"pipeline","service":"pipeline-worker"}}
{"timestamp":"2026-09-12T11:26:35.765Z","level":"error","event":"queue.dispatch_cycle_failed","fields":{"queueName":"all","service":"pipeline-worker"}}
{"timestamp":"2026-09-12T11:26:36.803Z","level":"error","event":"queue.dispatch_cycle_failed","fields":{"queueName":"all","service":"pipeline-worker"}}
{"timestamp":"2026-09-12T11:26:40.686Z","level":"error","event":"queue.dispatch_cycle_failed","fields":{"queueName":"all","service":"pipeline-worker"}}
{"timestamp":"2026-09-12T11:26:41.715Z","level":"error","event":"queue.dispatch_cycle_failed","fields":{"queueName":"all","service":"pipeline-worker"}}
{"timestamp":"2026-09-12T11:26:42.742Z","level":"error","event":"queue.dispatch_cycle_failed","fields":{"queueName":"all","service":"pipeline-worker"}}
{"timestamp":"2026-09-12T11:26:43.773Z","level":"error","event":"queue.dispatch_cycle_failed","fields":{"queueName":"all","service":"pipeline-worker"}}
{"timestamp":"2026-09-12T11:26:44.799Z","level":"error","event":"queue.dispatch_cycle_failed","fields":{"queueName":"all","service":"pipeline-worker"}}
{"timestamp":"2026-09-12T11:26:46.532Z","level":"error","event":"queue.dispatch_cycle_failed","fields":{"queueName":"all","service":"pipeline-worker"}}
{"timestamp":"2026-09-12T11:26:47.560Z","level":"error","event":"queue.dispatch_cycle_failed","fields":{"queueName":"all","service":"pipeline-worker"}}
{"timestamp":"2026-09-12T11:26:48.099Z","level":"error","event":"queue.lease_sweep_failed","fields":{"queueName":"all","service":"pipeline-worker"}}
{"timestamp":"2026-09-12T11:26:48.597Z","level":"error","event":"queue.dispatch_cycle_failed","fields":{"queueName":"all","service":"pipeline-worker"}}
{"timestamp":"2026-09-12T11:26:53.576Z","level":"error","event":"worker.consumer_failed","fields":{"queueName":"pipeline","service":"pipeline-worker"}}
{"timestamp":"2026-09-12T11:26:54.521Z","level":"error","event":"worker.consumer_failed","fields":{"queueName":"pipeline","service":"pipeline-worker"}}
{"timestamp":"2026-09-12T11:26:56.526Z","level":"error","event":"queue.dispatch_cycle_failed","fields":{"queueName":"all","service":"pipeline-worker"}}
{"timestamp":"2026-09-12T11:26:58.770Z","level":"error","event":"queue.dispatch_cycle_failed","fields":{"queueName":"all","service":"pipeline-worker"}}
{"timestamp":"2026-09-12T11:26:59.795Z","level":"error","event":"queue.dispatch_cycle_failed","fields":{"queueName":"all","service":"pipeline-worker"}}
{"timestamp":"2026-09-12T11:27:01.994Z","level":"error","event":"queue.dispatch_cycle_failed","fields":{"queueName":"all","service":"pipeline-worker"}}
{"timestamp":"2026-09-12T11:27:03.021Z","level":"error","event":"queue.dispatch_cycle_failed","fields":{"queueName":"all","service":"pipeline-worker"}}
{"timestamp":"2026-09-12T11:27:03.130Z","level":"error","event":"queue.lease_sweep_failed","fields":{"queueName":"all","service":"pipeline-worker"}}
{"timestamp":"2026-09-12T11:27:04.059Z","level":"error","event":"queue.dispatch_cycle_failed","fields":{"queueName":"all","service":"pipeline-worker"}}
{"timestamp":"2026-09-12T11:27:05.073Z","level":"error","event":"queue.dispatch_cycle_failed","fields":{"queueName":"all","service":"pipeline-worker"}}
{"timestamp":"2026-09-12T11:27:06.115Z","level":"error","event":"queue.dispatch_cycle_failed","fields":{"queueName":"all","service":"pipeline-worker"}}
{"timestamp":"2026-09-12T11:27:07.140Z","level":"error","event":"queue.dispatch_cycle_failed","fields":{"queueName":"all","service":"pipeline-worker"}}
{"timestamp":"2026-09-12T11:27:09.209Z","level":"error","event":"queue.dispatch_cycle_failed","fields":{"queueName":"all","service":"pipeline-worker"}}
{"timestamp":"2026-09-12T11:27:13.588Z","level":"error","event":"worker.consumer_failed","fields":{"queueName":"pipeline","service":"pipeline-worker"}}
{"timestamp":"2026-09-12T11:27:14.538Z","level":"error","event":"worker.consumer_failed","fields":{"queueName":"pipeline","service":"pipeline-worker"}}
{"timestamp":"2026-09-12T11:27:15.861Z","level":"error","event":"queue.dispatch_cycle_failed","fields":{"queueName":"all","service":"pipeline-worker"}}
{"timestamp":"2026-09-12T11:27:16.887Z","level":"error","event":"queue.dispatch_cycle_failed","fields":{"queueName":"all","service":"pipeline-worker"}}
{"timestamp":"2026-09-12T11:27:19.442Z","level":"error","event":"queue.dispatch_cycle_failed","fields":{"queueName":"all","service":"pipeline-worker"}}
{"timestamp":"2026-09-12T11:27:20.475Z","level":"error","event":"queue.dispatch_cycle_failed","fields":{"queueName":"all","service":"pipeline-worker"}}
{"timestamp":"2026-09-12T11:27:20.489Z","level":"error","event":"queue.lease_sweep_failed","fields":{"queueName":"all","service":"pipeline-worker"}}
{"timestamp":"2026-09-12T11:27:21.505Z","level":"error","event":"queue.dispatch_cycle_failed","fields":{"queueName":"all","service":"pipeline-worker"}}
{"timestamp":"2026-09-12T11:27:23.356Z","level":"error","event":"queue.dispatch_cycle_failed","fields":{"queueName":"all","service":"pipeline-worker"}}
{"timestamp":"2026-09-12T11:27:24.392Z","level":"error","event":"queue.dispatch_cycle_failed","fields":{"queueName":"all","service":"pipeline-worker"}}
{"timestamp":"2026-09-12T11:27:25.427Z","level":"error","event":"queue.dispatch_cycle_failed","fields":{"queueName":"all","service":"pipeline-worker"}}
{"timestamp":"2026-09-12T11:27:26.455Z","level":"error","event":"queue.dispatch_cycle_failed","fields":{"queueName":"all","service":"pipeline-worker"}}
{"timestamp":"2026-09-12T11:27:29.096Z","level":"error","event":"queue.dispatch_cycle_failed","fields":{"queueName":"all","service":"pipeline-worker"}}
{"timestamp":"2026-09-12T11:27:30.539Z","level":"error","event":"queue.dispatch_cycle_failed","fields":{"queueName":"all","service":"pipeline-worker"}}
{"timestamp":"2026-09-12T11:27:33.610Z","level":"error","event":"worker.consumer_failed","fields":{"queueName":"pipeline","service":"pipeline-worker"}}
{"timestamp":"2026-09-12T11:27:34.558Z","level":"error","event":"worker.consumer_failed","fields":{"queueName":"pipeline","service":"pipeline-worker"}}
{"timestamp":"2026-09-12T11:27:35.526Z","level":"error","event":"queue.lease_sweep_failed","fields":{"queueName":"all","service":"pipeline-worker"}}
{"timestamp":"2026-09-12T11:27:36.455Z","level":"error","event":"queue.dispatch_cycle_failed","fields":{"queueName":"all","service":"pipeline-worker"}}
{"timestamp":"2026-09-12T11:27:37.489Z","level":"error","event":"queue.dispatch_cycle_failed","fields":{"queueName":"all","service":"pipeline-worker"}}
{"timestamp":"2026-09-12T11:27:38.527Z","level":"error","event":"queue.dispatch_cycle_failed","fields":{"queueName":"all","service":"pipeline-worker"}}
{"timestamp":"2026-09-12T11:27:39.555Z","level":"error","event":"queue.dispatch_cycle_failed","fields":{"queueName":"all","service":"pipeline-worker"}}
{"timestamp":"2026-09-12T11:27:40.577Z","level":"error","event":"queue.dispatch_cycle_failed","fields":{"queueName":"all","service":"pipeline-worker"}}
{"timestamp":"2026-09-12T11:27:41.603Z","level":"error","event":"queue.dispatch_cycle_failed","fields":{"queueName":"all","service":"pipeline-worker"}}
{"timestamp":"2026-09-12T11:27:42.690Z","level":"error","event":"queue.dispatch_cycle_failed","fields":{"queueName":"all","service":"pipeline-worker"}}
{"timestamp":"2026-09-12T11:27:43.716Z","level":"error","event":"queue.dispatch_cycle_failed","fields":{"queueName":"all","service":"pipeline-worker"}}
{"timestamp":"2026-09-12T11:27:45.199Z","level":"error","event":"queue.dispatch_cycle_failed","fields":{"queueName":"all","service":"pipeline-worker"}}
{"timestamp":"2026-09-12T11:27:46.212Z","level":"error","event":"queue.dispatch_cycle_failed","fields":{"queueName":"all","service":"pipeline-worker"}}
{"timestamp":"2026-09-12T11:27:50.550Z","level":"error","event":"queue.lease_sweep_failed","fields":{"queueName":"all","service":"pipeline-worker"}}
{"timestamp":"2026-09-12T11:27:53.617Z","level":"error","event":"worker.consumer_failed","fields":{"queueName":"pipeline","service":"pipeline-worker"}}
{"timestamp":"2026-09-12T11:27:54.568Z","level":"error","event":"worker.consumer_failed","fields":{"queueName":"pipeline","service":"pipeline-worker"}}
{"timestamp":"2026-09-12T11:27:56.206Z","level":"error","event":"queue.dispatch_cycle_failed","fields":{"queueName":"all","service":"pipeline-worker"}}
{"timestamp":"2026-09-12T11:27:57.249Z","level":"error","event":"queue.dispatch_cycle_failed","fields":{"queueName":"all","service":"pipeline-worker"}}
{"timestamp":"2026-09-12T11:27:58.275Z","level":"error","event":"queue.dispatch_cycle_failed","fields":{"queueName":"all","service":"pipeline-worker"}}
{"timestamp":"2026-09-12T11:27:59.301Z","level":"error","event":"queue.dispatch_cycle_failed","fields":{"queueName":"all","service":"pipeline-worker"}}
{"timestamp":"2026-09-12T11:28:00.332Z","level":"error","event":"queue.dispatch_cycle_failed","fields":{"queueName":"all","service":"pipeline-worker"}}
{"timestamp":"2026-09-12T11:28:01.360Z","level":"error","event":"queue.dispatch_cycle_failed","fields":{"queueName":"all","service":"pipeline-worker"}}
{"timestamp":"2026-09-12T11:28:02.389Z","level":"error","event":"queue.dispatch_cycle_failed","fields":{"queueName":"all","service":"pipeline-worker"}}
{"timestamp":"2026-09-12T11:28:04.729Z","level":"error","event":"queue.dispatch_cycle_failed","fields":{"queueName":"all","service":"pipeline-worker"}}
{"timestamp":"2026-09-12T11:28:05.578Z","level":"error","event":"queue.lease_sweep_failed","fields":{"queueName":"all","service":"pipeline-worker"}}
{"timestamp":"2026-09-12T11:28:09.839Z","level":"error","event":"queue.dispatch_cycle_failed","fields":{"queueName":"all","service":"pipeline-worker"}}
{"timestamp":"2026-09-12T11:28:10.869Z","level":"error","event":"queue.dispatch_cycle_failed","fields":{"queueName":"all","service":"pipeline-worker"}}
{"timestamp":"2026-09-12T11:28:13.639Z","level":"error","event":"worker.consumer_failed","fields":{"queueName":"pipeline","service":"pipeline-worker"}}
{"timestamp":"2026-09-12T11:28:14.591Z","level":"error","event":"worker.consumer_failed","fields":{"queueName":"pipeline","service":"pipeline-worker"}}
{"timestamp":"2026-09-12T11:28:15.278Z","level":"error","event":"queue.dispatch_cycle_failed","fields":{"queueName":"all","service":"pipeline-worker"}}
{"timestamp":"2026-09-12T11:28:16.496Z","level":"error","event":"queue.dispatch_cycle_failed","fields":{"queueName":"all","service":"pipeline-worker"}}
{"timestamp":"2026-09-12T11:28:17.529Z","level":"error","event":"queue.dispatch_cycle_failed","fields":{"queueName":"all","service":"pipeline-worker"}}
{"timestamp":"2026-09-12T11:28:18.561Z","level":"error","event":"queue.dispatch_cycle_failed","fields":{"queueName":"all","service":"pipeline-worker"}}
{"timestamp":"2026-09-12T11:28:19.588Z","level":"error","event":"queue.dispatch_cycle_failed","fields":{"queueName":"all","service":"pipeline-worker"}}
{"timestamp":"2026-09-12T11:28:20.603Z","level":"error","event":"queue.lease_sweep_failed","fields":{"queueName":"all","service":"pipeline-worker"}}
{"timestamp":"2026-09-12T11:28:20.610Z","level":"error","event":"queue.dispatch_cycle_failed","fields":{"queueName":"all","service":"pipeline-worker"}}
{"timestamp":"2026-09-12T11:28:22.472Z","level":"error","event":"queue.dispatch_cycle_failed","fields":{"queueName":"all","service":"pipeline-worker"}}
{"timestamp":"2026-09-12T11:28:23.512Z","level":"error","event":"queue.dispatch_cycle_failed","fields":{"queueName":"all","service":"pipeline-worker"}}
{"timestamp":"2026-09-12T11:28:24.536Z","level":"error","event":"queue.dispatch_cycle_failed","fields":{"queueName":"all","service":"pipeline-worker"}}
{"timestamp":"2026-09-12T11:28:31.333Z","level":"error","event":"queue.dispatch_cycle_failed","fields":{"queueName":"all","service":"pipeline-worker"}}
{"timestamp":"2026-09-12T11:28:32.361Z","level":"error","event":"queue.dispatch_cycle_failed","fields":{"queueName":"all","service":"pipeline-worker"}}
{"timestamp":"2026-09-12T11:28:33.657Z","level":"error","event":"worker.consumer_failed","fields":{"queueName":"pipeline","service":"pipeline-worker"}}
{"timestamp":"2026-09-12T11:28:34.609Z","level":"error","event":"worker.consumer_failed","fields":{"queueName":"pipeline","service":"pipeline-worker"}}
{"timestamp":"2026-09-12T11:28:35.635Z","level":"error","event":"queue.lease_sweep_failed","fields":{"queueName":"all","service":"pipeline-worker"}}
{"timestamp":"2026-09-12T11:28:36.508Z","level":"error","event":"queue.dispatch_cycle_failed","fields":{"queueName":"all","service":"pipeline-worker"}}
{"timestamp":"2026-09-12T11:28:37.540Z","level":"error","event":"queue.dispatch_cycle_failed","fields":{"queueName":"all","service":"pipeline-worker"}}
{"timestamp":"2026-09-12T11:28:39.835Z","level":"error","event":"queue.dispatch_cycle_failed","fields":{"queueName":"all","service":"pipeline-worker"}}
{"timestamp":"2026-09-12T11:28:40.860Z","level":"error","event":"queue.dispatch_cycle_failed","fields":{"queueName":"all","service":"pipeline-worker"}}
{"timestamp":"2026-09-12T11:28:41.890Z","level":"error","event":"queue.dispatch_cycle_failed","fields":{"queueName":"all","service":"pipeline-worker"}}
{"timestamp":"2026-09-12T11:28:42.932Z","level":"error","event":"queue.dispatch_cycle_failed","fields":{"queueName":"all","service":"pipeline-worker"}}
{"timestamp":"2026-09-12T11:28:43.969Z","level":"error","event":"queue.dispatch_cycle_failed","fields":{"queueName":"all","service":"pipeline-worker"}}
{"timestamp":"2026-09-12T11:28:45.000Z","level":"error","event":"queue.dispatch_cycle_failed","fields":{"queueName":"all","service":"pipeline-worker"}}
{"timestamp":"2026-09-12T11:28:48.339Z","level":"error","event":"queue.dispatch_cycle_failed","fields":{"queueName":"all","service":"pipeline-worker"}}
{"timestamp":"2026-09-12T11:28:51.968Z","level":"error","event":"queue.lease_sweep_failed","fields":{"queueName":"all","service":"pipeline-worker"}}
{"timestamp":"2026-09-12T11:28:53.677Z","level":"error","event":"worker.consumer_failed","fields":{"queueName":"pipeline","service":"pipeline-worker"}}
{"timestamp":"2026-09-12T11:28:54.627Z","level":"error","event":"worker.consumer_failed","fields":{"queueName":"pipeline","service":"pipeline-worker"}}
{"timestamp":"2026-09-12T11:28:55.560Z","level":"error","event":"queue.dispatch_cycle_failed","fields":{"queueName":"all","service":"pipeline-worker"}}
{"timestamp":"2026-09-12T11:28:56.587Z","level":"error","event":"queue.dispatch_cycle_failed","fields":{"queueName":"all","service":"pipeline-worker"}}
{"timestamp":"2026-09-12T11:28:58.386Z","level":"error","event":"queue.dispatch_cycle_failed","fields":{"queueName":"all","service":"pipeline-worker"}}
{"timestamp":"2026-09-12T11:28:59.420Z","level":"error","event":"queue.dispatch_cycle_failed","fields":{"queueName":"all","service":"pipeline-worker"}}
{"timestamp":"2026-09-12T11:29:00.445Z","level":"error","event":"queue.dispatch_cycle_failed","fields":{"queueName":"all","service":"pipeline-worker"}}
{"timestamp":"2026-09-12T11:29:01.582Z","level":"error","event":"queue.dispatch_cycle_failed","fields":{"queueName":"all","service":"pipeline-worker"}}
{"timestamp":"2026-09-12T11:29:02.618Z","level":"error","event":"queue.dispatch_cycle_failed","fields":{"queueName":"all","service":"pipeline-worker"}}
{"timestamp":"2026-09-12T11:29:03.657Z","level":"error","event":"queue.dispatch_cycle_failed","fields":{"queueName":"all","service":"pipeline-worker"}}
{"timestamp":"2026-09-12T11:29:07.002Z","level":"error","event":"queue.lease_sweep_failed","fields":{"queueName":"all","service":"pipeline-worker"}}
{"timestamp":"2026-09-12T11:29:07.887Z","level":"error","event":"queue.dispatch_cycle_failed","fields":{"queueName":"all","service":"pipeline-worker"}}
{"timestamp":"2026-09-12T11:29:09.804Z","level":"error","event":"queue.dispatch_cycle_failed","fields":{"queueName":"all","service":"pipeline-worker"}}
{"timestamp":"2026-09-12T11:29:13.174Z","level":"error","event":"queue.dispatch_cycle_failed","fields":{"queueName":"all","service":"pipeline-worker"}}
{"timestamp":"2026-09-12T11:29:13.691Z","level":"error","event":"worker.consumer_failed","fields":{"queueName":"pipeline","service":"pipeline-worker"}}
{"timestamp":"2026-09-12T11:29:14.208Z","level":"error","event":"queue.dispatch_cycle_failed","fields":{"queueName":"all","service":"pipeline-worker"}}
{"timestamp":"2026-09-12T11:29:14.643Z","level":"error","event":"worker.consumer_failed","fields":{"queueName":"pipeline","service":"pipeline-worker"}}
{"timestamp":"2026-09-12T11:29:15.242Z","level":"error","event":"queue.dispatch_cycle_failed","fields":{"queueName":"all","service":"pipeline-worker"}}
{"timestamp":"2026-09-12T11:29:16.933Z","level":"error","event":"queue.dispatch_cycle_failed","fields":{"queueName":"all","service":"pipeline-worker"}}
{"timestamp":"2026-09-12T11:29:17.965Z","level":"error","event":"queue.dispatch_cycle_failed","fields":{"queueName":"all","service":"pipeline-worker"}}
{"timestamp":"2026-09-12T11:29:21.490Z","level":"error","event":"queue.dispatch_cycle_failed","fields":{"queueName":"all","service":"pipeline-worker"}}
{"timestamp":"2026-09-12T11:29:22.033Z","level":"error","event":"queue.lease_sweep_failed","fields":{"queueName":"all","service":"pipeline-worker"}}
{"timestamp":"2026-09-12T11:29:22.518Z","level":"error","event":"queue.dispatch_cycle_failed","fields":{"queueName":"all","service":"pipeline-worker"}}
{"timestamp":"2026-09-12T11:29:25.666Z","level":"error","event":"queue.dispatch_cycle_failed","fields":{"queueName":"all","service":"pipeline-worker"}}
{"timestamp":"2026-09-12T11:29:26.690Z","level":"error","event":"queue.dispatch_cycle_failed","fields":{"queueName":"all","service":"pipeline-worker"}}
{"timestamp":"2026-09-12T11:29:27.717Z","level":"error","event":"queue.dispatch_cycle_failed","fields":{"queueName":"all","service":"pipeline-worker"}}
{"timestamp":"2026-09-12T11:29:28.744Z","level":"error","event":"queue.dispatch_cycle_failed","fields":{"queueName":"all","service":"pipeline-worker"}}
{"timestamp":"2026-09-12T11:29:29.773Z","level":"error","event":"queue.dispatch_cycle_failed","fields":{"queueName":"all","service":"pipeline-worker"}}
{"timestamp":"2026-09-12T11:29:30.807Z","level":"error","event":"queue.dispatch_cycle_failed","fields":{"queueName":"all","service":"pipeline-worker"}}
{"timestamp":"2026-09-12T11:29:33.705Z","level":"error","event":"worker.consumer_failed","fields":{"queueName":"pipeline","service":"pipeline-worker"}}
{"timestamp":"2026-09-12T11:29:34.658Z","level":"error","event":"worker.consumer_failed","fields":{"queueName":"pipeline","service":"pipeline-worker"}}
{"timestamp":"2026-09-12T11:29:35.777Z","level":"error","event":"queue.dispatch_cycle_failed","fields":{"queueName":"all","service":"pipeline-worker"}}
{"timestamp":"2026-09-12T11:29:36.806Z","level":"error","event":"queue.dispatch_cycle_failed","fields":{"queueName":"all","service":"pipeline-worker"}}
{"timestamp":"2026-09-12T11:29:37.069Z","level":"error","event":"queue.lease_sweep_failed","fields":{"queueName":"all","service":"pipeline-worker"}}
{"timestamp":"2026-09-12T11:29:37.832Z","level":"error","event":"queue.dispatch_cycle_failed","fields":{"queueName":"all","service":"pipeline-worker"}}
{"timestamp":"2026-09-12T11:29:45.544Z","level":"error","event":"queue.dispatch_cycle_failed","fields":{"queueName":"all","service":"pipeline-worker"}}
{"timestamp":"2026-09-12T11:29:46.592Z","level":"error","event":"queue.dispatch_cycle_failed","fields":{"queueName":"all","service":"pipeline-worker"}}
{"timestamp":"2026-09-12T11:29:47.621Z","level":"error","event":"queue.dispatch_cycle_failed","fields":{"queueName":"all","service":"pipeline-worker"}}
{"timestamp":"2026-09-12T11:29:48.650Z","level":"error","event":"queue.dispatch_cycle_failed","fields":{"queueName":"all","service":"pipeline-worker"}}
{"timestamp":"2026-09-12T11:29:49.679Z","level":"error","event":"queue.dispatch_cycle_failed","fields":{"queueName":"all","service":"pipeline-worker"}}
{"timestamp":"2026-09-12T11:29:50.715Z","level":"error","event":"queue.dispatch_cycle_failed","fields":{"queueName":"all","service":"pipeline-worker"}}
{"timestamp":"2026-09-12T11:29:51.753Z","level":"error","event":"queue.dispatch_cycle_failed","fields":{"queueName":"all","service":"pipeline-worker"}}
{"timestamp":"2026-09-12T11:29:52.782Z","level":"error","event":"queue.dispatch_cycle_failed","fields":{"queueName":"all","service":"pipeline-worker"}}
{"timestamp":"2026-09-12T11:29:53.732Z","level":"error","event":"worker.consumer_failed","fields":{"queueName":"pipeline","service":"pipeline-worker"}}
{"timestamp":"2026-09-12T11:29:53.810Z","level":"error","event":"queue.dispatch_cycle_failed","fields":{"queueName":"all","service":"pipeline-worker"}}
{"timestamp":"2026-09-12T11:29:54.680Z","level":"error","event":"worker.consumer_failed","fields":{"queueName":"pipeline","service":"pipeline-worker"}}
{"timestamp":"2026-09-12T11:29:56.631Z","level":"error","event":"queue.lease_sweep_failed","fields":{"queueName":"all","service":"pipeline-worker"}}
{"timestamp":"2026-09-12T11:30:00.241Z","level":"error","event":"queue.dispatch_cycle_failed","fields":{"queueName":"all","service":"pipeline-worker"}}
{"timestamp":"2026-09-12T11:30:01.270Z","level":"error","event":"queue.dispatch_cycle_failed","fields":{"queueName":"all","service":"pipeline-worker"}}
{"timestamp":"2026-09-12T11:30:04.024Z","level":"error","event":"queue.dispatch_cycle_failed","fields":{"queueName":"all","service":"pipeline-worker"}}
{"timestamp":"2026-09-12T11:30:05.107Z","level":"error","event":"queue.dispatch_cycle_failed","fields":{"queueName":"all","service":"pipeline-worker"}}
{"timestamp":"2026-09-12T11:30:06.134Z","level":"error","event":"queue.dispatch_cycle_failed","fields":{"queueName":"all","service":"pipeline-worker"}}
{"timestamp":"2026-09-12T11:30:07.156Z","level":"error","event":"queue.dispatch_cycle_failed","fields":{"queueName":"all","service":"pipeline-worker"}}
{"timestamp":"2026-09-12T11:30:08.183Z","level":"error","event":"queue.dispatch_cycle_failed","fields":{"queueName":"all","service":"pipeline-worker"}}
{"timestamp":"2026-09-12T11:30:09.210Z","level":"error","event":"queue.dispatch_cycle_failed","fields":{"queueName":"all","service":"pipeline-worker"}}
{"timestamp":"2026-09-12T11:30:12.299Z","level":"error","event":"queue.lease_sweep_failed","fields":{"queueName":"all","service":"pipeline-worker"}}
{"timestamp":"2026-09-12T11:30:12.937Z","level":"error","event":"queue.dispatch_cycle_failed","fields":{"queueName":"all","service":"pipeline-worker"}}
{"timestamp":"2026-09-12T11:30:13.741Z","level":"error","event":"worker.consumer_failed","fields":{"queueName":"pipeline","service":"pipeline-worker"}}
{"timestamp":"2026-09-12T11:30:14.690Z","level":"error","event":"worker.consumer_failed","fields":{"queueName":"pipeline","service":"pipeline-worker"}}
{"timestamp":"2026-09-12T11:30:19.279Z","level":"error","event":"queue.dispatch_cycle_failed","fields":{"queueName":"all","service":"pipeline-worker"}}
{"timestamp":"2026-09-12T11:30:20.304Z","level":"error","event":"queue.dispatch_cycle_failed","fields":{"queueName":"all","service":"pipeline-worker"}}
{"timestamp":"2026-09-12T11:30:23.413Z","level":"error","event":"queue.dispatch_cycle_failed","fields":{"queueName":"all","service":"pipeline-worker"}}
{"timestamp":"2026-09-12T11:30:24.467Z","level":"error","event":"queue.dispatch_cycle_failed","fields":{"queueName":"all","service":"pipeline-worker"}}
{"timestamp":"2026-09-12T11:30:25.498Z","level":"error","event":"queue.dispatch_cycle_failed","fields":{"queueName":"all","service":"pipeline-worker"}}
{"timestamp":"2026-09-12T11:30:26.526Z","level":"error","event":"queue.dispatch_cycle_failed","fields":{"queueName":"all","service":"pipeline-worker"}}
{"timestamp":"2026-09-12T11:30:27.336Z","level":"error","event":"queue.lease_sweep_failed","fields":{"queueName":"all","service":"pipeline-worker"}}
{"timestamp":"2026-09-12T11:30:27.558Z","level":"error","event":"queue.dispatch_cycle_failed","fields":{"queueName":"all","service":"pipeline-worker"}}
{"timestamp":"2026-09-12T11:30:32.155Z","level":"error","event":"queue.dispatch_cycle_failed","fields":{"queueName":"all","service":"pipeline-worker"}}
{"timestamp":"2026-09-12T11:30:33.188Z","level":"error","event":"queue.dispatch_cycle_failed","fields":{"queueName":"all","service":"pipeline-worker"}}
{"timestamp":"2026-09-12T11:30:33.755Z","level":"error","event":"worker.consumer_failed","fields":{"queueName":"pipeline","service":"pipeline-worker"}}
{"timestamp":"2026-09-12T11:30:34.220Z","level":"error","event":"queue.dispatch_cycle_failed","fields":{"queueName":"all","service":"pipeline-worker"}}
{"timestamp":"2026-09-12T11:30:34.701Z","level":"error","event":"worker.consumer_failed","fields":{"queueName":"pipeline","service":"pipeline-worker"}}
{"timestamp":"2026-09-12T11:30:38.340Z","level":"error","event":"queue.dispatch_cycle_failed","fields":{"queueName":"all","service":"pipeline-worker"}}
{"timestamp":"2026-09-12T11:30:40.079Z","level":"error","event":"queue.dispatch_cycle_failed","fields":{"queueName":"all","service":"pipeline-worker"}}
{"timestamp":"2026-09-12T11:30:41.113Z","level":"error","event":"queue.dispatch_cycle_failed","fields":{"queueName":"all","service":"pipeline-worker"}}
{"timestamp":"2026-09-12T11:30:42.359Z","level":"error","event":"queue.lease_sweep_failed","fields":{"queueName":"all","service":"pipeline-worker"}}
{"timestamp":"2026-09-12T11:30:44.546Z","level":"error","event":"queue.dispatch_cycle_failed","fields":{"queueName":"all","service":"pipeline-worker"}}
{"timestamp":"2026-09-12T11:30:46.857Z","level":"error","event":"queue.dispatch_cycle_failed","fields":{"queueName":"all","service":"pipeline-worker"}}
{"timestamp":"2026-09-12T11:30:47.881Z","level":"error","event":"queue.dispatch_cycle_failed","fields":{"queueName":"all","service":"pipeline-worker"}}
{"timestamp":"2026-09-12T11:30:49.343Z","level":"error","event":"queue.dispatch_cycle_failed","fields":{"queueName":"all","service":"pipeline-worker"}}
{"timestamp":"2026-09-12T11:30:50.930Z","level":"error","event":"queue.dispatch_cycle_failed","fields":{"queueName":"all","service":"pipeline-worker"}}
{"timestamp":"2026-09-12T11:30:51.962Z","level":"error","event":"queue.dispatch_cycle_failed","fields":{"queueName":"all","service":"pipeline-worker"}}
{"timestamp":"2026-09-12T11:30:52.994Z","level":"error","event":"queue.dispatch_cycle_failed","fields":{"queueName":"all","service":"pipeline-worker"}}
{"timestamp":"2026-09-12T11:30:53.771Z","level":"error","event":"worker.consumer_failed","fields":{"queueName":"pipeline","service":"pipeline-worker"}}
{"timestamp":"2026-09-12T11:30:54.724Z","level":"error","event":"worker.consumer_failed","fields":{"queueName":"pipeline","service":"pipeline-worker"}}
{"timestamp":"2026-09-12T11:30:57.391Z","level":"error","event":"queue.lease_sweep_failed","fields":{"queueName":"all","service":"pipeline-worker"}}
{"timestamp":"2026-09-12T11:30:59.704Z","level":"error","event":"queue.dispatch_cycle_failed","fields":{"queueName":"all","service":"pipeline-worker"}}
{"timestamp":"2026-09-12T11:31:00.733Z","level":"error","event":"queue.dispatch_cycle_failed","fields":{"queueName":"all","service":"pipeline-worker"}}
{"timestamp":"2026-09-12T11:31:01.764Z","level":"error","event":"queue.dispatch_cycle_failed","fields":{"queueName":"all","service":"pipeline-worker"}}
{"timestamp":"2026-09-12T11:31:02.969Z","level":"error","event":"queue.dispatch_cycle_failed","fields":{"queueName":"all","service":"pipeline-worker"}}
{"timestamp":"2026-09-12T11:31:04.000Z","level":"error","event":"queue.dispatch_cycle_failed","fields":{"queueName":"all","service":"pipeline-worker"}}
{"timestamp":"2026-09-12T11:31:08.786Z","level":"error","event":"queue.dispatch_cycle_failed","fields":{"queueName":"all","service":"pipeline-worker"}}
{"timestamp":"2026-09-12T11:31:09.817Z","level":"error","event":"queue.dispatch_cycle_failed","fields":{"queueName":"all","service":"pipeline-worker"}}
{"timestamp":"2026-09-12T11:31:10.842Z","level":"error","event":"queue.dispatch_cycle_failed","fields":{"queueName":"all","service":"pipeline-worker"}}
{"timestamp":"2026-09-12T11:31:11.890Z","level":"error","event":"queue.dispatch_cycle_failed","fields":{"queueName":"all","service":"pipeline-worker"}}
{"timestamp":"2026-09-12T11:31:12.914Z","level":"error","event":"queue.dispatch_cycle_failed","fields":{"queueName":"all","service":"pipeline-worker"}}
{"timestamp":"2026-09-12T11:31:13.785Z","level":"error","event":"worker.consumer_failed","fields":{"queueName":"pipeline","service":"pipeline-worker"}}
{"timestamp":"2026-09-12T11:31:14.733Z","level":"error","event":"worker.consumer_failed","fields":{"queueName":"pipeline","service":"pipeline-worker"}}
{"timestamp":"2026-09-12T11:31:15.576Z","level":"error","event":"queue.lease_sweep_failed","fields":{"queueName":"all","service":"pipeline-worker"}}
{"timestamp":"2026-09-12T11:31:20.660Z","level":"error","event":"queue.dispatch_cycle_failed","fields":{"queueName":"all","service":"pipeline-worker"}}
{"timestamp":"2026-09-12T11:31:21.693Z","level":"error","event":"queue.dispatch_cycle_failed","fields":{"queueName":"all","service":"pipeline-worker"}}
{"timestamp":"2026-09-12T11:31:22.720Z","level":"error","event":"queue.dispatch_cycle_failed","fields":{"queueName":"all","service":"pipeline-worker"}}
{"timestamp":"2026-09-12T11:31:23.752Z","level":"error","event":"queue.dispatch_cycle_failed","fields":{"queueName":"all","service":"pipeline-worker"}}
{"timestamp":"2026-09-12T11:31:25.878Z","level":"error","event":"queue.dispatch_cycle_failed","fields":{"queueName":"all","service":"pipeline-worker"}}
{"timestamp":"2026-09-12T11:31:26.910Z","level":"error","event":"queue.dispatch_cycle_failed","fields":{"queueName":"all","service":"pipeline-worker"}}
{"timestamp":"2026-09-12T11:31:27.936Z","level":"error","event":"queue.dispatch_cycle_failed","fields":{"queueName":"all","service":"pipeline-worker"}}
{"timestamp":"2026-09-12T11:31:28.966Z","level":"error","event":"queue.dispatch_cycle_failed","fields":{"queueName":"all","service":"pipeline-worker"}}
{"timestamp":"2026-09-12T11:31:29.991Z","level":"error","event":"queue.dispatch_cycle_failed","fields":{"queueName":"all","service":"pipeline-worker"}}
{"timestamp":"2026-09-12T11:31:33.808Z","level":"error","event":"worker.consumer_failed","fields":{"queueName":"pipeline","service":"pipeline-worker"}}
{"timestamp":"2026-09-12T11:31:33.812Z","level":"error","event":"queue.dispatch_cycle_failed","fields":{"queueName":"all","service":"pipeline-worker"}}
{"timestamp":"2026-09-12T11:31:34.742Z","level":"error","event":"worker.consumer_failed","fields":{"queueName":"pipeline","service":"pipeline-worker"}}
{"timestamp":"2026-09-12T11:31:34.915Z","level":"error","event":"queue.lease_sweep_failed","fields":{"queueName":"all","service":"pipeline-worker"}}
{"timestamp":"2026-09-12T11:31:39.139Z","level":"error","event":"queue.dispatch_cycle_failed","fields":{"queueName":"all","service":"pipeline-worker"}}
{"timestamp":"2026-09-12T11:31:40.171Z","level":"error","event":"queue.dispatch_cycle_failed","fields":{"queueName":"all","service":"pipeline-worker"}}
{"timestamp":"2026-09-12T11:31:41.196Z","level":"error","event":"queue.dispatch_cycle_failed","fields":{"queueName":"all","service":"pipeline-worker"}}
{"timestamp":"2026-09-12T11:31:42.226Z","level":"error","event":"queue.dispatch_cycle_failed","fields":{"queueName":"all","service":"pipeline-worker"}}
{"timestamp":"2026-09-12T11:31:43.256Z","level":"error","event":"queue.dispatch_cycle_failed","fields":{"queueName":"all","service":"pipeline-worker"}}
{"timestamp":"2026-09-12T11:31:44.282Z","level":"error","event":"queue.dispatch_cycle_failed","fields":{"queueName":"all","service":"pipeline-worker"}}
{"timestamp":"2026-09-12T11:31:45.310Z","level":"error","event":"queue.dispatch_cycle_failed","fields":{"queueName":"all","service":"pipeline-worker"}}
{"timestamp":"2026-09-12T11:31:46.339Z","level":"error","event":"queue.dispatch_cycle_failed","fields":{"queueName":"all","service":"pipeline-worker"}}
{"timestamp":"2026-09-12T11:31:49.953Z","level":"error","event":"queue.lease_sweep_failed","fields":{"queueName":"all","service":"pipeline-worker"}}
{"timestamp":"2026-09-12T11:31:51.123Z","level":"error","event":"queue.dispatch_cycle_failed","fields":{"queueName":"all","service":"pipeline-worker"}}
{"timestamp":"2026-09-12T11:31:52.970Z","level":"error","event":"queue.dispatch_cycle_failed","fields":{"queueName":"all","service":"pipeline-worker"}}
{"timestamp":"2026-09-12T11:31:53.823Z","level":"error","event":"worker.consumer_failed","fields":{"queueName":"pipeline","service":"pipeline-worker"}}
{"timestamp":"2026-09-12T11:31:54.760Z","level":"error","event":"worker.consumer_failed","fields":{"queueName":"pipeline","service":"pipeline-worker"}}
{"timestamp":"2026-09-12T11:31:55.149Z","level":"error","event":"queue.dispatch_cycle_failed","fields":{"queueName":"all","service":"pipeline-worker"}}
{"timestamp":"2026-09-12T11:31:56.178Z","level":"error","event":"queue.dispatch_cycle_failed","fields":{"queueName":"all","service":"pipeline-worker"}}
{"timestamp":"2026-09-12T11:32:01.344Z","level":"error","event":"queue.dispatch_cycle_failed","fields":{"queueName":"all","service":"pipeline-worker"}}
{"timestamp":"2026-09-12T11:32:02.373Z","level":"error","event":"queue.dispatch_cycle_failed","fields":{"queueName":"all","service":"pipeline-worker"}}
{"timestamp":"2026-09-12T11:32:03.402Z","level":"error","event":"queue.dispatch_cycle_failed","fields":{"queueName":"all","service":"pipeline-worker"}}
{"timestamp":"2026-09-12T11:32:04.932Z","level":"error","event":"queue.dispatch_cycle_failed","fields":{"queueName":"all","service":"pipeline-worker"}}
{"timestamp":"2026-09-12T11:32:04.978Z","level":"error","event":"queue.lease_sweep_failed","fields":{"queueName":"all","service":"pipeline-worker"}}
{"timestamp":"2026-09-12T11:32:06.478Z","level":"error","event":"queue.dispatch_cycle_failed","fields":{"queueName":"all","service":"pipeline-worker"}}
{"timestamp":"2026-09-12T11:32:09.322Z","level":"error","event":"queue.dispatch_cycle_failed","fields":{"queueName":"all","service":"pipeline-worker"}}
{"timestamp":"2026-09-12T11:32:10.353Z","level":"error","event":"queue.dispatch_cycle_failed","fields":{"queueName":"all","service":"pipeline-worker"}}
{"timestamp":"2026-09-12T11:32:12.148Z","level":"error","event":"queue.dispatch_cycle_failed","fields":{"queueName":"all","service":"pipeline-worker"}}
{"timestamp":"2026-09-12T11:32:13.179Z","level":"error","event":"queue.dispatch_cycle_failed","fields":{"queueName":"all","service":"pipeline-worker"}}
{"timestamp":"2026-09-12T11:32:13.841Z","level":"error","event":"worker.consumer_failed","fields":{"queueName":"pipeline","service":"pipeline-worker"}}
{"timestamp":"2026-09-12T11:32:14.771Z","level":"error","event":"worker.consumer_failed","fields":{"queueName":"pipeline","service":"pipeline-worker"}}
{"timestamp":"2026-09-12T11:32:14.777Z","level":"error","event":"queue.dispatch_cycle_failed","fields":{"queueName":"all","service":"pipeline-worker"}}
{"timestamp":"2026-09-12T11:32:17.509Z","level":"error","event":"queue.dispatch_cycle_failed","fields":{"queueName":"all","service":"pipeline-worker"}}
{"timestamp":"2026-09-12T11:32:20.765Z","level":"error","event":"queue.dispatch_cycle_failed","fields":{"queueName":"all","service":"pipeline-worker"}}
{"timestamp":"2026-09-12T11:32:21.791Z","level":"error","event":"queue.dispatch_cycle_failed","fields":{"queueName":"all","service":"pipeline-worker"}}
{"timestamp":"2026-09-12T11:32:22.838Z","level":"error","event":"queue.dispatch_cycle_failed","fields":{"queueName":"all","service":"pipeline-worker"}}
{"timestamp":"2026-09-12T11:32:24.285Z","level":"error","event":"queue.lease_sweep_failed","fields":{"queueName":"all","service":"pipeline-worker"}}
{"timestamp":"2026-09-12T11:32:26.940Z","level":"error","event":"queue.dispatch_cycle_failed","fields":{"queueName":"all","service":"pipeline-worker"}}
{"timestamp":"2026-09-12T11:32:27.958Z","level":"error","event":"queue.dispatch_cycle_failed","fields":{"queueName":"all","service":"pipeline-worker"}}
{"timestamp":"2026-09-12T11:32:28.989Z","level":"error","event":"queue.dispatch_cycle_failed","fields":{"queueName":"all","service":"pipeline-worker"}}
{"timestamp":"2026-09-12T11:32:32.513Z","level":"error","event":"queue.dispatch_cycle_failed","fields":{"queueName":"all","service":"pipeline-worker"}}
{"timestamp":"2026-09-12T11:32:33.860Z","level":"error","event":"worker.consumer_failed","fields":{"queueName":"pipeline","service":"pipeline-worker"}}
{"timestamp":"2026-09-12T11:32:34.126Z","level":"error","event":"queue.dispatch_cycle_failed","fields":{"queueName":"all","service":"pipeline-worker"}}
{"timestamp":"2026-09-12T11:32:34.780Z","level":"error","event":"worker.consumer_failed","fields":{"queueName":"pipeline","service":"pipeline-worker"}}
{"timestamp":"2026-09-12T11:32:35.153Z","level":"error","event":"queue.dispatch_cycle_failed","fields":{"queueName":"all","service":"pipeline-worker"}}
{"timestamp":"2026-09-12T11:32:36.704Z","level":"error","event":"queue.dispatch_cycle_failed","fields":{"queueName":"all","service":"pipeline-worker"}}
{"timestamp":"2026-09-12T11:32:40.482Z","level":"error","event":"queue.dispatch_cycle_failed","fields":{"queueName":"all","service":"pipeline-worker"}}
{"timestamp":"2026-09-12T11:32:41.528Z","level":"error","event":"queue.dispatch_cycle_failed","fields":{"queueName":"all","service":"pipeline-worker"}}
{"timestamp":"2026-09-12T11:32:42.118Z","level":"error","event":"queue.lease_sweep_failed","fields":{"queueName":"all","service":"pipeline-worker"}}
{"timestamp":"2026-09-12T11:32:42.573Z","level":"error","event":"queue.dispatch_cycle_failed","fields":{"queueName":"all","service":"pipeline-worker"}}
{"timestamp":"2026-09-12T11:32:45.349Z","level":"error","event":"queue.dispatch_cycle_failed","fields":{"queueName":"all","service":"pipeline-worker"}}
{"timestamp":"2026-09-12T11:32:46.392Z","level":"error","event":"queue.dispatch_cycle_failed","fields":{"queueName":"all","service":"pipeline-worker"}}
{"timestamp":"2026-09-12T11:32:50.899Z","level":"error","event":"queue.dispatch_cycle_failed","fields":{"queueName":"all","service":"pipeline-worker"}}
{"timestamp":"2026-09-12T11:32:51.937Z","level":"error","event":"queue.dispatch_cycle_failed","fields":{"queueName":"all","service":"pipeline-worker"}}
{"timestamp":"2026-09-12T11:32:52.963Z","level":"error","event":"queue.dispatch_cycle_failed","fields":{"queueName":"all","service":"pipeline-worker"}}
{"timestamp":"2026-09-12T11:32:53.883Z","level":"error","event":"worker.consumer_failed","fields":{"queueName":"pipeline","service":"pipeline-worker"}}
{"timestamp":"2026-09-12T11:32:53.992Z","level":"error","event":"queue.dispatch_cycle_failed","fields":{"queueName":"all","service":"pipeline-worker"}}
{"timestamp":"2026-09-12T11:32:54.802Z","level":"error","event":"worker.consumer_failed","fields":{"queueName":"pipeline","service":"pipeline-worker"}}
{"timestamp":"2026-09-12T11:32:55.035Z","level":"error","event":"queue.dispatch_cycle_failed","fields":{"queueName":"all","service":"pipeline-worker"}}
{"timestamp":"2026-09-12T11:32:56.064Z","level":"error","event":"queue.dispatch_cycle_failed","fields":{"queueName":"all","service":"pipeline-worker"}}
{"timestamp":"2026-09-12T11:32:57.159Z","level":"error","event":"queue.lease_sweep_failed","fields":{"queueName":"all","service":"pipeline-worker"}}
{"timestamp":"2026-09-12T11:32:57.388Z","level":"error","event":"queue.dispatch_cycle_failed","fields":{"queueName":"all","service":"pipeline-worker"}}
{"timestamp":"2026-09-12T11:32:58.416Z","level":"error","event":"queue.dispatch_cycle_failed","fields":{"queueName":"all","service":"pipeline-worker"}}
{"timestamp":"2026-09-12T11:33:01.198Z","level":"error","event":"queue.dispatch_cycle_failed","fields":{"queueName":"all","service":"pipeline-worker"}}
{"timestamp":"2026-09-12T11:33:07.059Z","level":"error","event":"queue.dispatch_cycle_failed","fields":{"queueName":"all","service":"pipeline-worker"}}
{"timestamp":"2026-09-12T11:33:10.141Z","level":"error","event":"queue.dispatch_cycle_failed","fields":{"queueName":"all","service":"pipeline-worker"}}
{"timestamp":"2026-09-12T11:33:11.173Z","level":"error","event":"queue.dispatch_cycle_failed","fields":{"queueName":"all","service":"pipeline-worker"}}
{"timestamp":"2026-09-12T11:33:12.190Z","level":"error","event":"queue.lease_sweep_failed","fields":{"queueName":"all","service":"pipeline-worker"}}
{"timestamp":"2026-09-12T11:33:12.198Z","level":"error","event":"queue.dispatch_cycle_failed","fields":{"queueName":"all","service":"pipeline-worker"}}
{"timestamp":"2026-09-12T11:33:13.233Z","level":"error","event":"queue.dispatch_cycle_failed","fields":{"queueName":"all","service":"pipeline-worker"}}
{"timestamp":"2026-09-12T11:33:13.907Z","level":"error","event":"worker.consumer_failed","fields":{"queueName":"pipeline","service":"pipeline-worker"}}
{"timestamp":"2026-09-12T11:33:14.262Z","level":"error","event":"queue.dispatch_cycle_failed","fields":{"queueName":"all","service":"pipeline-worker"}}
{"timestamp":"2026-09-12T11:33:14.818Z","level":"error","event":"worker.consumer_failed","fields":{"queueName":"pipeline","service":"pipeline-worker"}}
{"timestamp":"2026-09-12T11:33:15.287Z","level":"error","event":"queue.dispatch_cycle_failed","fields":{"queueName":"all","service":"pipeline-worker"}}
{"timestamp":"2026-09-12T11:33:17.217Z","level":"error","event":"queue.dispatch_cycle_failed","fields":{"queueName":"all","service":"pipeline-worker"}}
{"timestamp":"2026-09-12T11:33:18.246Z","level":"error","event":"queue.dispatch_cycle_failed","fields":{"queueName":"all","service":"pipeline-worker"}}
{"timestamp":"2026-09-12T11:33:21.090Z","level":"error","event":"queue.dispatch_cycle_failed","fields":{"queueName":"all","service":"pipeline-worker"}}
{"timestamp":"2026-09-12T11:33:25.441Z","level":"error","event":"queue.dispatch_cycle_failed","fields":{"queueName":"all","service":"pipeline-worker"}}
{"timestamp":"2026-09-12T11:33:26.468Z","level":"error","event":"queue.dispatch_cycle_failed","fields":{"queueName":"all","service":"pipeline-worker"}}
{"timestamp":"2026-09-12T11:33:27.497Z","level":"error","event":"queue.dispatch_cycle_failed","fields":{"queueName":"all","service":"pipeline-worker"}}
{"timestamp":"2026-09-12T11:33:28.529Z","level":"error","event":"queue.dispatch_cycle_failed","fields":{"queueName":"all","service":"pipeline-worker"}}
{"timestamp":"2026-09-12T11:33:29.882Z","level":"error","event":"queue.dispatch_cycle_failed","fields":{"queueName":"all","service":"pipeline-worker"}}
{"timestamp":"2026-09-12T11:33:30.462Z","level":"error","event":"queue.lease_sweep_failed","fields":{"queueName":"all","service":"pipeline-worker"}}
{"timestamp":"2026-09-12T11:33:31.989Z","level":"error","event":"queue.dispatch_cycle_failed","fields":{"queueName":"all","service":"pipeline-worker"}}
{"timestamp":"2026-09-12T11:33:33.365Z","level":"error","event":"queue.dispatch_cycle_failed","fields":{"queueName":"all","service":"pipeline-worker"}}
{"timestamp":"2026-09-12T11:33:33.927Z","level":"error","event":"worker.consumer_failed","fields":{"queueName":"pipeline","service":"pipeline-worker"}}
{"timestamp":"2026-09-12T11:33:34.834Z","level":"error","event":"worker.consumer_failed","fields":{"queueName":"pipeline","service":"pipeline-worker"}}
{"timestamp":"2026-09-12T11:33:37.858Z","level":"error","event":"queue.dispatch_cycle_failed","fields":{"queueName":"all","service":"pipeline-worker"}}
{"timestamp":"2026-09-12T11:33:38.890Z","level":"error","event":"queue.dispatch_cycle_failed","fields":{"queueName":"all","service":"pipeline-worker"}}
{"timestamp":"2026-09-12T11:33:41.665Z","level":"error","event":"queue.dispatch_cycle_failed","fields":{"queueName":"all","service":"pipeline-worker"}}
{"timestamp":"2026-09-12T11:33:42.685Z","level":"error","event":"queue.dispatch_cycle_failed","fields":{"queueName":"all","service":"pipeline-worker"}}
{"timestamp":"2026-09-12T11:33:43.719Z","level":"error","event":"queue.dispatch_cycle_failed","fields":{"queueName":"all","service":"pipeline-worker"}}
{"timestamp":"2026-09-12T11:33:45.492Z","level":"error","event":"queue.lease_sweep_failed","fields":{"queueName":"all","service":"pipeline-worker"}}
{"timestamp":"2026-09-12T11:33:47.908Z","level":"error","event":"queue.dispatch_cycle_failed","fields":{"queueName":"all","service":"pipeline-worker"}}
{"timestamp":"2026-09-12T11:33:48.939Z","level":"error","event":"queue.dispatch_cycle_failed","fields":{"queueName":"all","service":"pipeline-worker"}}
{"timestamp":"2026-09-12T11:33:49.976Z","level":"error","event":"queue.dispatch_cycle_failed","fields":{"queueName":"all","service":"pipeline-worker"}}
{"timestamp":"2026-09-12T11:33:51.012Z","level":"error","event":"queue.dispatch_cycle_failed","fields":{"queueName":"all","service":"pipeline-worker"}}
{"timestamp":"2026-09-12T11:33:52.046Z","level":"error","event":"queue.dispatch_cycle_failed","fields":{"queueName":"all","service":"pipeline-worker"}}
{"timestamp":"2026-09-12T11:33:53.080Z","level":"error","event":"queue.dispatch_cycle_failed","fields":{"queueName":"all","service":"pipeline-worker"}}
{"timestamp":"2026-09-12T11:33:53.938Z","level":"error","event":"worker.consumer_failed","fields":{"queueName":"pipeline","service":"pipeline-worker"}}
{"timestamp":"2026-09-12T11:33:54.112Z","level":"error","event":"queue.dispatch_cycle_failed","fields":{"queueName":"all","service":"pipeline-worker"}}
{"timestamp":"2026-09-12T11:33:54.846Z","level":"error","event":"worker.consumer_failed","fields":{"queueName":"pipeline","service":"pipeline-worker"}}
{"timestamp":"2026-09-12T11:34:00.521Z","level":"error","event":"queue.lease_sweep_failed","fields":{"queueName":"all","service":"pipeline-worker"}}
{"timestamp":"2026-09-12T11:34:01.816Z","level":"error","event":"queue.dispatch_cycle_failed","fields":{"queueName":"all","service":"pipeline-worker"}}
{"timestamp":"2026-09-12T11:34:02.847Z","level":"error","event":"queue.dispatch_cycle_failed","fields":{"queueName":"all","service":"pipeline-worker"}}
{"timestamp":"2026-09-12T11:34:03.874Z","level":"error","event":"queue.dispatch_cycle_failed","fields":{"queueName":"all","service":"pipeline-worker"}}
{"timestamp":"2026-09-12T11:34:05.389Z","level":"error","event":"queue.dispatch_cycle_failed","fields":{"queueName":"all","service":"pipeline-worker"}}
{"timestamp":"2026-09-12T11:34:06.422Z","level":"error","event":"queue.dispatch_cycle_failed","fields":{"queueName":"all","service":"pipeline-worker"}}
{"timestamp":"2026-09-12T11:34:09.995Z","level":"error","event":"queue.dispatch_cycle_failed","fields":{"queueName":"all","service":"pipeline-worker"}}
{"timestamp":"2026-09-12T11:34:11.034Z","level":"error","event":"queue.dispatch_cycle_failed","fields":{"queueName":"all","service":"pipeline-worker"}}
{"timestamp":"2026-09-12T11:34:12.069Z","level":"error","event":"queue.dispatch_cycle_failed","fields":{"queueName":"all","service":"pipeline-worker"}}
{"timestamp":"2026-09-12T11:34:13.099Z","level":"error","event":"queue.dispatch_cycle_failed","fields":{"queueName":"all","service":"pipeline-worker"}}
{"timestamp":"2026-09-12T11:34:13.959Z","level":"error","event":"worker.consumer_failed","fields":{"queueName":"pipeline","service":"pipeline-worker"}}
{"timestamp":"2026-09-12T11:34:14.128Z","level":"error","event":"queue.dispatch_cycle_failed","fields":{"queueName":"all","service":"pipeline-worker"}}
{"timestamp":"2026-09-12T11:34:14.863Z","level":"error","event":"worker.consumer_failed","fields":{"queueName":"pipeline","service":"pipeline-worker"}}
{"timestamp":"2026-09-12T11:34:15.156Z","level":"error","event":"queue.dispatch_cycle_failed","fields":{"queueName":"all","service":"pipeline-worker"}}
{"timestamp":"2026-09-12T11:34:16.398Z","level":"error","event":"queue.dispatch_cycle_failed","fields":{"queueName":"all","service":"pipeline-worker"}}
{"timestamp":"2026-09-12T11:34:17.516Z","level":"error","event":"queue.lease_sweep_failed","fields":{"queueName":"all","service":"pipeline-worker"}}
{"timestamp":"2026-09-12T11:34:21.738Z","level":"error","event":"queue.dispatch_cycle_failed","fields":{"queueName":"all","service":"pipeline-worker"}}
{"timestamp":"2026-09-12T11:34:22.766Z","level":"error","event":"queue.dispatch_cycle_failed","fields":{"queueName":"all","service":"pipeline-worker"}}
{"timestamp":"2026-09-12T11:34:24.011Z","level":"error","event":"queue.dispatch_cycle_failed","fields":{"queueName":"all","service":"pipeline-worker"}}
{"timestamp":"2026-09-12T11:34:29.986Z","level":"error","event":"queue.dispatch_cycle_failed","fields":{"queueName":"all","service":"pipeline-worker"}}
{"timestamp":"2026-09-12T11:34:31.016Z","level":"error","event":"queue.dispatch_cycle_failed","fields":{"queueName":"all","service":"pipeline-worker"}}
{"timestamp":"2026-09-12T11:34:32.043Z","level":"error","event":"queue.dispatch_cycle_failed","fields":{"queueName":"all","service":"pipeline-worker"}}
{"timestamp":"2026-09-12T11:34:32.539Z","level":"error","event":"queue.lease_sweep_failed","fields":{"queueName":"all","service":"pipeline-worker"}}
{"timestamp":"2026-09-12T11:34:33.074Z","level":"error","event":"queue.dispatch_cycle_failed","fields":{"queueName":"all","service":"pipeline-worker"}}
{"timestamp":"2026-09-12T11:34:33.974Z","level":"error","event":"worker.consumer_failed","fields":{"queueName":"pipeline","service":"pipeline-worker"}}
{"timestamp":"2026-09-12T11:34:34.103Z","level":"error","event":"queue.dispatch_cycle_failed","fields":{"queueName":"all","service":"pipeline-worker"}}
{"timestamp":"2026-09-12T11:34:34.881Z","level":"error","event":"worker.consumer_failed","fields":{"queueName":"pipeline","service":"pipeline-worker"}}
{"timestamp":"2026-09-12T11:34:37.213Z","level":"error","event":"queue.dispatch_cycle_failed","fields":{"queueName":"all","service":"pipeline-worker"}}
{"timestamp":"2026-09-12T11:34:39.776Z","level":"error","event":"queue.dispatch_cycle_failed","fields":{"queueName":"all","service":"pipeline-worker"}}
{"timestamp":"2026-09-12T11:34:40.804Z","level":"error","event":"queue.dispatch_cycle_failed","fields":{"queueName":"all","service":"pipeline-worker"}}
{"timestamp":"2026-09-12T11:34:41.835Z","level":"error","event":"queue.dispatch_cycle_failed","fields":{"queueName":"all","service":"pipeline-worker"}}
{"timestamp":"2026-09-12T11:34:44.114Z","level":"error","event":"queue.dispatch_cycle_failed","fields":{"queueName":"all","service":"pipeline-worker"}}
{"timestamp":"2026-09-12T11:34:45.146Z","level":"error","event":"queue.dispatch_cycle_failed","fields":{"queueName":"all","service":"pipeline-worker"}}
{"timestamp":"2026-09-12T11:34:46.176Z","level":"error","event":"queue.dispatch_cycle_failed","fields":{"queueName":"all","service":"pipeline-worker"}}
{"timestamp":"2026-09-12T11:34:48.852Z","level":"error","event":"queue.dispatch_cycle_failed","fields":{"queueName":"all","service":"pipeline-worker"}}
{"timestamp":"2026-09-12T11:34:50.681Z","level":"error","event":"queue.dispatch_cycle_failed","fields":{"queueName":"all","service":"pipeline-worker"}}
{"timestamp":"2026-09-12T11:34:51.039Z","level":"error","event":"queue.lease_sweep_failed","fields":{"queueName":"all","service":"pipeline-worker"}}
{"timestamp":"2026-09-12T11:34:51.708Z","level":"error","event":"queue.dispatch_cycle_failed","fields":{"queueName":"all","service":"pipeline-worker"}}
{"timestamp":"2026-09-12T11:34:52.740Z","level":"error","event":"queue.dispatch_cycle_failed","fields":{"queueName":"all","service":"pipeline-worker"}}
{"timestamp":"2026-09-12T11:34:53.993Z","level":"error","event":"worker.consumer_failed","fields":{"queueName":"pipeline","service":"pipeline-worker"}}
{"timestamp":"2026-09-12T11:34:54.383Z","level":"error","event":"queue.dispatch_cycle_failed","fields":{"queueName":"all","service":"pipeline-worker"}}
{"timestamp":"2026-09-12T11:34:54.896Z","level":"error","event":"worker.consumer_failed","fields":{"queueName":"pipeline","service":"pipeline-worker"}}
{"timestamp":"2026-09-12T11:34:57.993Z","level":"error","event":"queue.dispatch_cycle_failed","fields":{"queueName":"all","service":"pipeline-worker"}}
{"timestamp":"2026-09-12T11:34:59.021Z","level":"error","event":"queue.dispatch_cycle_failed","fields":{"queueName":"all","service":"pipeline-worker"}}
{"timestamp":"2026-09-12T11:35:04.833Z","level":"error","event":"queue.dispatch_cycle_failed","fields":{"queueName":"all","service":"pipeline-worker"}}
{"timestamp":"2026-09-12T11:35:05.861Z","level":"error","event":"queue.dispatch_cycle_failed","fields":{"queueName":"all","service":"pipeline-worker"}}
{"timestamp":"2026-09-12T11:35:06.067Z","level":"error","event":"queue.lease_sweep_failed","fields":{"queueName":"all","service":"pipeline-worker"}}
{"timestamp":"2026-09-12T11:35:07.285Z","level":"error","event":"queue.dispatch_cycle_failed","fields":{"queueName":"all","service":"pipeline-worker"}}
{"timestamp":"2026-09-12T11:35:08.323Z","level":"error","event":"queue.dispatch_cycle_failed","fields":{"queueName":"all","service":"pipeline-worker"}}
{"timestamp":"2026-09-12T11:35:09.348Z","level":"error","event":"queue.dispatch_cycle_failed","fields":{"queueName":"all","service":"pipeline-worker"}}
{"timestamp":"2026-09-12T11:35:11.998Z","level":"error","event":"queue.dispatch_cycle_failed","fields":{"queueName":"all","service":"pipeline-worker"}}
{"timestamp":"2026-09-12T11:35:13.037Z","level":"error","event":"queue.dispatch_cycle_failed","fields":{"queueName":"all","service":"pipeline-worker"}}
{"timestamp":"2026-09-12T11:35:14.003Z","level":"error","event":"worker.consumer_failed","fields":{"queueName":"pipeline","service":"pipeline-worker"}}
{"timestamp":"2026-09-12T11:35:14.068Z","level":"error","event":"queue.dispatch_cycle_failed","fields":{"queueName":"all","service":"pipeline-worker"}}
{"timestamp":"2026-09-12T11:35:14.905Z","level":"error","event":"worker.consumer_failed","fields":{"queueName":"pipeline","service":"pipeline-worker"}}
{"timestamp":"2026-09-12T11:35:18.874Z","level":"error","event":"queue.dispatch_cycle_failed","fields":{"queueName":"all","service":"pipeline-worker"}}
{"timestamp":"2026-09-12T11:35:19.902Z","level":"error","event":"queue.dispatch_cycle_failed","fields":{"queueName":"all","service":"pipeline-worker"}}
{"timestamp":"2026-09-12T11:35:21.107Z","level":"error","event":"queue.lease_sweep_failed","fields":{"queueName":"all","service":"pipeline-worker"}}
{"timestamp":"2026-09-12T11:35:23.474Z","level":"error","event":"queue.dispatch_cycle_failed","fields":{"queueName":"all","service":"pipeline-worker"}}
{"timestamp":"2026-09-12T11:35:26.326Z","level":"error","event":"queue.dispatch_cycle_failed","fields":{"queueName":"all","service":"pipeline-worker"}}
{"timestamp":"2026-09-12T11:35:27.356Z","level":"error","event":"queue.dispatch_cycle_failed","fields":{"queueName":"all","service":"pipeline-worker"}}
{"timestamp":"2026-09-12T11:35:28.392Z","level":"error","event":"queue.dispatch_cycle_failed","fields":{"queueName":"all","service":"pipeline-worker"}}
{"timestamp":"2026-09-12T11:35:29.427Z","level":"error","event":"queue.dispatch_cycle_failed","fields":{"queueName":"all","service":"pipeline-worker"}}
{"timestamp":"2026-09-12T11:35:30.459Z","level":"error","event":"queue.dispatch_cycle_failed","fields":{"queueName":"all","service":"pipeline-worker"}}
{"timestamp":"2026-09-12T11:35:32.871Z","level":"error","event":"queue.dispatch_cycle_failed","fields":{"queueName":"all","service":"pipeline-worker"}}
{"timestamp":"2026-09-12T11:35:33.903Z","level":"error","event":"queue.dispatch_cycle_failed","fields":{"queueName":"all","service":"pipeline-worker"}}
{"timestamp":"2026-09-12T11:35:34.013Z","level":"error","event":"worker.consumer_failed","fields":{"queueName":"pipeline","service":"pipeline-worker"}}
{"timestamp":"2026-09-12T11:35:34.916Z","level":"error","event":"worker.consumer_failed","fields":{"queueName":"pipeline","service":"pipeline-worker"}}
{"timestamp":"2026-09-12T11:35:35.711Z","level":"error","event":"queue.dispatch_cycle_failed","fields":{"queueName":"all","service":"pipeline-worker"}}
{"timestamp":"2026-09-12T11:35:36.153Z","level":"error","event":"queue.lease_sweep_failed","fields":{"queueName":"all","service":"pipeline-worker"}}
{"timestamp":"2026-09-12T11:35:36.742Z","level":"error","event":"queue.dispatch_cycle_failed","fields":{"queueName":"all","service":"pipeline-worker"}}
{"timestamp":"2026-09-12T11:35:40.830Z","level":"error","event":"queue.dispatch_cycle_failed","fields":{"queueName":"all","service":"pipeline-worker"}}
{"timestamp":"2026-09-12T11:35:43.937Z","level":"error","event":"queue.dispatch_cycle_failed","fields":{"queueName":"all","service":"pipeline-worker"}}
{"timestamp":"2026-09-12T11:35:44.968Z","level":"error","event":"queue.dispatch_cycle_failed","fields":{"queueName":"all","service":"pipeline-worker"}}
{"timestamp":"2026-09-12T11:35:46.001Z","level":"error","event":"queue.dispatch_cycle_failed","fields":{"queueName":"all","service":"pipeline-worker"}}
{"timestamp":"2026-09-12T11:35:47.030Z","level":"error","event":"queue.dispatch_cycle_failed","fields":{"queueName":"all","service":"pipeline-worker"}}
{"timestamp":"2026-09-12T11:35:51.185Z","level":"error","event":"queue.lease_sweep_failed","fields":{"queueName":"all","service":"pipeline-worker"}}
{"timestamp":"2026-09-12T11:35:52.655Z","level":"error","event":"queue.dispatch_cycle_failed","fields":{"queueName":"all","service":"pipeline-worker"}}
{"timestamp":"2026-09-12T11:35:53.683Z","level":"error","event":"queue.dispatch_cycle_failed","fields":{"queueName":"all","service":"pipeline-worker"}}
{"timestamp":"2026-09-12T11:35:54.027Z","level":"error","event":"worker.consumer_failed","fields":{"queueName":"pipeline","service":"pipeline-worker"}}
{"timestamp":"2026-09-12T11:35:54.932Z","level":"error","event":"worker.consumer_failed","fields":{"queueName":"pipeline","service":"pipeline-worker"}}
{"timestamp":"2026-09-12T11:35:55.807Z","level":"error","event":"queue.dispatch_cycle_failed","fields":{"queueName":"all","service":"pipeline-worker"}}
{"timestamp":"2026-09-12T11:35:56.846Z","level":"error","event":"queue.dispatch_cycle_failed","fields":{"queueName":"all","service":"pipeline-worker"}}
{"timestamp":"2026-09-12T11:35:59.780Z","level":"error","event":"queue.dispatch_cycle_failed","fields":{"queueName":"all","service":"pipeline-worker"}}
{"timestamp":"2026-09-12T11:36:03.336Z","level":"error","event":"queue.dispatch_cycle_failed","fields":{"queueName":"all","service":"pipeline-worker"}}
{"timestamp":"2026-09-12T11:36:04.362Z","level":"error","event":"queue.dispatch_cycle_failed","fields":{"queueName":"all","service":"pipeline-worker"}}
{"timestamp":"2026-09-12T11:36:05.395Z","level":"error","event":"queue.dispatch_cycle_failed","fields":{"queueName":"all","service":"pipeline-worker"}}
{"timestamp":"2026-09-12T11:36:06.215Z","level":"error","event":"queue.lease_sweep_failed","fields":{"queueName":"all","service":"pipeline-worker"}}
{"timestamp":"2026-09-12T11:36:06.421Z","level":"error","event":"queue.dispatch_cycle_failed","fields":{"queueName":"all","service":"pipeline-worker"}}
{"timestamp":"2026-09-12T11:36:07.459Z","level":"error","event":"queue.dispatch_cycle_failed","fields":{"queueName":"all","service":"pipeline-worker"}}
{"timestamp":"2026-09-12T11:36:08.473Z","level":"error","event":"queue.dispatch_cycle_failed","fields":{"queueName":"all","service":"pipeline-worker"}}
{"timestamp":"2026-09-12T11:36:10.779Z","level":"error","event":"queue.dispatch_cycle_failed","fields":{"queueName":"all","service":"pipeline-worker"}}
{"timestamp":"2026-09-12T11:36:14.050Z","level":"error","event":"worker.consumer_failed","fields":{"queueName":"pipeline","service":"pipeline-worker"}}
{"timestamp":"2026-09-12T11:36:14.947Z","level":"error","event":"worker.consumer_failed","fields":{"queueName":"pipeline","service":"pipeline-worker"}}
{"timestamp":"2026-09-12T11:36:16.338Z","level":"error","event":"queue.dispatch_cycle_failed","fields":{"queueName":"all","service":"pipeline-worker"}}
{"timestamp":"2026-09-12T11:36:18.354Z","level":"error","event":"queue.dispatch_cycle_failed","fields":{"queueName":"all","service":"pipeline-worker"}}
{"timestamp":"2026-09-12T11:36:19.383Z","level":"error","event":"queue.dispatch_cycle_failed","fields":{"queueName":"all","service":"pipeline-worker"}}
{"timestamp":"2026-09-12T11:36:21.239Z","level":"error","event":"queue.lease_sweep_failed","fields":{"queueName":"all","service":"pipeline-worker"}}
{"timestamp":"2026-09-12T11:36:24.191Z","level":"error","event":"queue.dispatch_cycle_failed","fields":{"queueName":"all","service":"pipeline-worker"}}
{"timestamp":"2026-09-12T11:36:25.217Z","level":"error","event":"queue.dispatch_cycle_failed","fields":{"queueName":"all","service":"pipeline-worker"}}
{"timestamp":"2026-09-12T11:36:26.244Z","level":"error","event":"queue.dispatch_cycle_failed","fields":{"queueName":"all","service":"pipeline-worker"}}
{"timestamp":"2026-09-12T11:36:27.276Z","level":"error","event":"queue.dispatch_cycle_failed","fields":{"queueName":"all","service":"pipeline-worker"}}
{"timestamp":"2026-09-12T11:36:28.312Z","level":"error","event":"queue.dispatch_cycle_failed","fields":{"queueName":"all","service":"pipeline-worker"}}
{"timestamp":"2026-09-12T11:36:29.354Z","level":"error","event":"queue.dispatch_cycle_failed","fields":{"queueName":"all","service":"pipeline-worker"}}
{"timestamp":"2026-09-12T11:36:30.381Z","level":"error","event":"queue.dispatch_cycle_failed","fields":{"queueName":"all","service":"pipeline-worker"}}
{"timestamp":"2026-09-12T11:36:34.069Z","level":"error","event":"worker.consumer_failed","fields":{"queueName":"pipeline","service":"pipeline-worker"}}
{"timestamp":"2026-09-12T11:36:34.524Z","level":"error","event":"queue.dispatch_cycle_failed","fields":{"queueName":"all","service":"pipeline-worker"}}
{"timestamp":"2026-09-12T11:36:34.960Z","level":"error","event":"worker.consumer_failed","fields":{"queueName":"pipeline","service":"pipeline-worker"}}
{"timestamp":"2026-09-12T11:36:35.551Z","level":"error","event":"queue.dispatch_cycle_failed","fields":{"queueName":"all","service":"pipeline-worker"}}
{"timestamp":"2026-09-12T11:36:36.269Z","level":"error","event":"queue.lease_sweep_failed","fields":{"queueName":"all","service":"pipeline-worker"}}
{"timestamp":"2026-09-12T11:36:36.579Z","level":"error","event":"queue.dispatch_cycle_failed","fields":{"queueName":"all","service":"pipeline-worker"}}
{"timestamp":"2026-09-12T11:36:42.422Z","level":"error","event":"queue.dispatch_cycle_failed","fields":{"queueName":"all","service":"pipeline-worker"}}
{"timestamp":"2026-09-12T11:36:43.444Z","level":"error","event":"queue.dispatch_cycle_failed","fields":{"queueName":"all","service":"pipeline-worker"}}
{"timestamp":"2026-09-12T11:36:44.476Z","level":"error","event":"queue.dispatch_cycle_failed","fields":{"queueName":"all","service":"pipeline-worker"}}
{"timestamp":"2026-09-12T11:36:47.808Z","level":"error","event":"queue.dispatch_cycle_failed","fields":{"queueName":"all","service":"pipeline-worker"}}
{"timestamp":"2026-09-12T11:36:48.833Z","level":"error","event":"queue.dispatch_cycle_failed","fields":{"queueName":"all","service":"pipeline-worker"}}
{"timestamp":"2026-09-12T11:36:50.030Z","level":"error","event":"queue.dispatch_cycle_failed","fields":{"queueName":"all","service":"pipeline-worker"}}
{"timestamp":"2026-09-12T11:36:51.292Z","level":"error","event":"queue.lease_sweep_failed","fields":{"queueName":"all","service":"pipeline-worker"}}
{"timestamp":"2026-09-12T11:36:52.817Z","level":"error","event":"queue.dispatch_cycle_failed","fields":{"queueName":"all","service":"pipeline-worker"}}
{"timestamp":"2026-09-12T11:36:53.831Z","level":"error","event":"queue.dispatch_cycle_failed","fields":{"queueName":"all","service":"pipeline-worker"}}
{"timestamp":"2026-09-12T11:36:54.077Z","level":"error","event":"worker.consumer_failed","fields":{"queueName":"pipeline","service":"pipeline-worker"}}
{"timestamp":"2026-09-12T11:36:54.858Z","level":"error","event":"queue.dispatch_cycle_failed","fields":{"queueName":"all","service":"pipeline-worker"}}
{"timestamp":"2026-09-12T11:36:54.978Z","level":"error","event":"worker.consumer_failed","fields":{"queueName":"pipeline","service":"pipeline-worker"}}
{"timestamp":"2026-09-12T11:36:56.474Z","level":"error","event":"queue.dispatch_cycle_failed","fields":{"queueName":"all","service":"pipeline-worker"}}
{"timestamp":"2026-09-12T11:36:59.885Z","level":"error","event":"queue.dispatch_cycle_failed","fields":{"queueName":"all","service":"pipeline-worker"}}
{"timestamp":"2026-09-12T11:37:00.912Z","level":"error","event":"queue.dispatch_cycle_failed","fields":{"queueName":"all","service":"pipeline-worker"}}
{"timestamp":"2026-09-12T11:37:04.221Z","level":"error","event":"queue.dispatch_cycle_failed","fields":{"queueName":"all","service":"pipeline-worker"}}
{"timestamp":"2026-09-12T11:37:05.247Z","level":"error","event":"queue.dispatch_cycle_failed","fields":{"queueName":"all","service":"pipeline-worker"}}
{"timestamp":"2026-09-12T11:37:06.272Z","level":"error","event":"queue.dispatch_cycle_failed","fields":{"queueName":"all","service":"pipeline-worker"}}
{"timestamp":"2026-09-12T11:37:06.319Z","level":"error","event":"queue.lease_sweep_failed","fields":{"queueName":"all","service":"pipeline-worker"}}
{"timestamp":"2026-09-12T11:37:10.759Z","level":"error","event":"queue.dispatch_cycle_failed","fields":{"queueName":"all","service":"pipeline-worker"}}
{"timestamp":"2026-09-12T11:37:13.689Z","level":"error","event":"queue.dispatch_cycle_failed","fields":{"queueName":"all","service":"pipeline-worker"}}
{"timestamp":"2026-09-12T11:37:14.093Z","level":"error","event":"worker.consumer_failed","fields":{"queueName":"pipeline","service":"pipeline-worker"}}
{"timestamp":"2026-09-12T11:37:14.713Z","level":"error","event":"queue.dispatch_cycle_failed","fields":{"queueName":"all","service":"pipeline-worker"}}
{"timestamp":"2026-09-12T11:37:14.997Z","level":"error","event":"worker.consumer_failed","fields":{"queueName":"pipeline","service":"pipeline-worker"}}
{"timestamp":"2026-09-12T11:37:15.744Z","level":"error","event":"queue.dispatch_cycle_failed","fields":{"queueName":"all","service":"pipeline-worker"}}
{"timestamp":"2026-09-12T11:37:16.774Z","level":"error","event":"queue.dispatch_cycle_failed","fields":{"queueName":"all","service":"pipeline-worker"}}
{"timestamp":"2026-09-12T11:37:17.805Z","level":"error","event":"queue.dispatch_cycle_failed","fields":{"queueName":"all","service":"pipeline-worker"}}
{"timestamp":"2026-09-12T11:37:18.830Z","level":"error","event":"queue.dispatch_cycle_failed","fields":{"queueName":"all","service":"pipeline-worker"}}
{"timestamp":"2026-09-12T11:37:21.342Z","level":"error","event":"queue.lease_sweep_failed","fields":{"queueName":"all","service":"pipeline-worker"}}
{"timestamp":"2026-09-12T11:37:23.216Z","level":"error","event":"queue.dispatch_cycle_failed","fields":{"queueName":"all","service":"pipeline-worker"}}
{"timestamp":"2026-09-12T11:37:24.248Z","level":"error","event":"queue.dispatch_cycle_failed","fields":{"queueName":"all","service":"pipeline-worker"}}
{"timestamp":"2026-09-12T11:37:25.275Z","level":"error","event":"queue.dispatch_cycle_failed","fields":{"queueName":"all","service":"pipeline-worker"}}
{"timestamp":"2026-09-12T11:37:29.123Z","level":"error","event":"queue.dispatch_cycle_failed","fields":{"queueName":"all","service":"pipeline-worker"}}
{"timestamp":"2026-09-12T11:37:31.791Z","level":"error","event":"queue.dispatch_cycle_failed","fields":{"queueName":"all","service":"pipeline-worker"}}
{"timestamp":"2026-09-12T11:37:32.817Z","level":"error","event":"queue.dispatch_cycle_failed","fields":{"queueName":"all","service":"pipeline-worker"}}
{"timestamp":"2026-09-12T11:37:34.110Z","level":"error","event":"worker.consumer_failed","fields":{"queueName":"pipeline","service":"pipeline-worker"}}
{"timestamp":"2026-09-12T11:37:35.014Z","level":"error","event":"worker.consumer_failed","fields":{"queueName":"pipeline","service":"pipeline-worker"}}
{"timestamp":"2026-09-12T11:37:36.368Z","level":"error","event":"queue.lease_sweep_failed","fields":{"queueName":"all","service":"pipeline-worker"}}
{"timestamp":"2026-09-12T11:37:36.710Z","level":"error","event":"queue.dispatch_cycle_failed","fields":{"queueName":"all","service":"pipeline-worker"}}
{"timestamp":"2026-09-12T11:37:37.738Z","level":"error","event":"queue.dispatch_cycle_failed","fields":{"queueName":"all","service":"pipeline-worker"}}
{"timestamp":"2026-09-12T11:37:38.767Z","level":"error","event":"queue.dispatch_cycle_failed","fields":{"queueName":"all","service":"pipeline-worker"}}
{"timestamp":"2026-09-12T11:37:39.801Z","level":"error","event":"queue.dispatch_cycle_failed","fields":{"queueName":"all","service":"pipeline-worker"}}
{"timestamp":"2026-09-12T11:37:40.827Z","level":"error","event":"queue.dispatch_cycle_failed","fields":{"queueName":"all","service":"pipeline-worker"}}
{"timestamp":"2026-09-12T11:37:41.993Z","level":"error","event":"queue.dispatch_cycle_failed","fields":{"queueName":"all","service":"pipeline-worker"}}
{"timestamp":"2026-09-12T11:37:48.081Z","level":"error","event":"queue.dispatch_cycle_failed","fields":{"queueName":"all","service":"pipeline-worker"}}
{"timestamp":"2026-09-12T11:37:49.628Z","level":"error","event":"queue.dispatch_cycle_failed","fields":{"queueName":"all","service":"pipeline-worker"}}
{"timestamp":"2026-09-12T11:37:50.657Z","level":"error","event":"queue.dispatch_cycle_failed","fields":{"queueName":"all","service":"pipeline-worker"}}
{"timestamp":"2026-09-12T11:37:51.686Z","level":"error","event":"queue.dispatch_cycle_failed","fields":{"queueName":"all","service":"pipeline-worker"}}
{"timestamp":"2026-09-12T11:37:53.573Z","level":"error","event":"queue.lease_sweep_failed","fields":{"queueName":"all","service":"pipeline-worker"}}
{"timestamp":"2026-09-12T11:37:54.135Z","level":"error","event":"worker.consumer_failed","fields":{"queueName":"pipeline","service":"pipeline-worker"}}
{"timestamp":"2026-09-12T11:37:55.036Z","level":"error","event":"worker.consumer_failed","fields":{"queueName":"pipeline","service":"pipeline-worker"}}
{"timestamp":"2026-09-12T11:37:56.085Z","level":"error","event":"queue.dispatch_cycle_failed","fields":{"queueName":"all","service":"pipeline-worker"}}
{"timestamp":"2026-09-12T11:37:57.115Z","level":"error","event":"queue.dispatch_cycle_failed","fields":{"queueName":"all","service":"pipeline-worker"}}
{"timestamp":"2026-09-12T11:37:59.735Z","level":"error","event":"queue.dispatch_cycle_failed","fields":{"queueName":"all","service":"pipeline-worker"}}
{"timestamp":"2026-09-12T11:38:00.762Z","level":"error","event":"queue.dispatch_cycle_failed","fields":{"queueName":"all","service":"pipeline-worker"}}
{"timestamp":"2026-09-12T11:38:01.793Z","level":"error","event":"queue.dispatch_cycle_failed","fields":{"queueName":"all","service":"pipeline-worker"}}
{"timestamp":"2026-09-12T11:38:02.821Z","level":"error","event":"queue.dispatch_cycle_failed","fields":{"queueName":"all","service":"pipeline-worker"}}
{"timestamp":"2026-09-12T11:38:06.661Z","level":"error","event":"queue.dispatch_cycle_failed","fields":{"queueName":"all","service":"pipeline-worker"}}
{"timestamp":"2026-09-12T11:38:09.471Z","level":"error","event":"queue.dispatch_cycle_failed","fields":{"queueName":"all","service":"pipeline-worker"}}
{"timestamp":"2026-09-12T11:38:10.442Z","level":"error","event":"queue.lease_sweep_failed","fields":{"queueName":"all","service":"pipeline-worker"}}
{"timestamp":"2026-09-12T11:38:12.486Z","level":"error","event":"queue.dispatch_cycle_failed","fields":{"queueName":"all","service":"pipeline-worker"}}
{"timestamp":"2026-09-12T11:38:14.156Z","level":"error","event":"worker.consumer_failed","fields":{"queueName":"pipeline","service":"pipeline-worker"}}
{"timestamp":"2026-09-12T11:38:15.060Z","level":"error","event":"worker.consumer_failed","fields":{"queueName":"pipeline","service":"pipeline-worker"}}
{"timestamp":"2026-09-12T11:38:15.571Z","level":"error","event":"queue.dispatch_cycle_failed","fields":{"queueName":"all","service":"pipeline-worker"}}
{"timestamp":"2026-09-12T11:38:16.610Z","level":"error","event":"queue.dispatch_cycle_failed","fields":{"queueName":"all","service":"pipeline-worker"}}
{"timestamp":"2026-09-12T11:38:19.018Z","level":"error","event":"queue.dispatch_cycle_failed","fields":{"queueName":"all","service":"pipeline-worker"}}
{"timestamp":"2026-09-12T11:38:20.046Z","level":"error","event":"queue.dispatch_cycle_failed","fields":{"queueName":"all","service":"pipeline-worker"}}
{"timestamp":"2026-09-12T11:38:21.075Z","level":"error","event":"queue.dispatch_cycle_failed","fields":{"queueName":"all","service":"pipeline-worker"}}
{"timestamp":"2026-09-12T11:38:22.104Z","level":"error","event":"queue.dispatch_cycle_failed","fields":{"queueName":"all","service":"pipeline-worker"}}
{"timestamp":"2026-09-12T11:38:24.323Z","level":"error","event":"queue.dispatch_cycle_failed","fields":{"queueName":"all","service":"pipeline-worker"}}
{"timestamp":"2026-09-12T11:38:25.355Z","level":"error","event":"queue.dispatch_cycle_failed","fields":{"queueName":"all","service":"pipeline-worker"}}
{"timestamp":"2026-09-12T11:38:25.479Z","level":"error","event":"queue.lease_sweep_failed","fields":{"queueName":"all","service":"pipeline-worker"}}
{"timestamp":"2026-09-12T11:38:31.323Z","level":"error","event":"queue.dispatch_cycle_failed","fields":{"queueName":"all","service":"pipeline-worker"}}
{"timestamp":"2026-09-12T11:38:33.616Z","level":"error","event":"queue.dispatch_cycle_failed","fields":{"queueName":"all","service":"pipeline-worker"}}
{"timestamp":"2026-09-12T11:38:34.166Z","level":"error","event":"worker.consumer_failed","fields":{"queueName":"pipeline","service":"pipeline-worker"}}
{"timestamp":"2026-09-12T11:38:34.882Z","level":"error","event":"queue.dispatch_cycle_failed","fields":{"queueName":"all","service":"pipeline-worker"}}
{"timestamp":"2026-09-12T11:38:35.084Z","level":"error","event":"worker.consumer_failed","fields":{"queueName":"pipeline","service":"pipeline-worker"}}
{"timestamp":"2026-09-12T11:38:35.918Z","level":"error","event":"queue.dispatch_cycle_failed","fields":{"queueName":"all","service":"pipeline-worker"}}
{"timestamp":"2026-09-12T11:38:37.055Z","level":"error","event":"queue.dispatch_cycle_failed","fields":{"queueName":"all","service":"pipeline-worker"}}
{"timestamp":"2026-09-12T11:38:39.158Z","level":"error","event":"queue.dispatch_cycle_failed","fields":{"queueName":"all","service":"pipeline-worker"}}
{"timestamp":"2026-09-12T11:38:40.368Z","level":"error","event":"queue.dispatch_cycle_failed","fields":{"queueName":"all","service":"pipeline-worker"}}
{"timestamp":"2026-09-12T11:38:41.755Z","level":"error","event":"queue.dispatch_cycle_failed","fields":{"queueName":"all","service":"pipeline-worker"}}
{"timestamp":"2026-09-12T11:38:42.786Z","level":"error","event":"queue.dispatch_cycle_failed","fields":{"queueName":"all","service":"pipeline-worker"}}
{"timestamp":"2026-09-12T11:38:43.329Z","level":"error","event":"queue.lease_sweep_failed","fields":{"queueName":"all","service":"pipeline-worker"}}
{"timestamp":"2026-09-12T11:38:46.874Z","level":"error","event":"queue.dispatch_cycle_failed","fields":{"queueName":"all","service":"pipeline-worker"}}
{"timestamp":"2026-09-12T11:38:47.905Z","level":"error","event":"queue.dispatch_cycle_failed","fields":{"queueName":"all","service":"pipeline-worker"}}
{"timestamp":"2026-09-12T11:38:48.932Z","level":"error","event":"queue.dispatch_cycle_failed","fields":{"queueName":"all","service":"pipeline-worker"}}
{"timestamp":"2026-09-12T11:38:53.774Z","level":"error","event":"queue.dispatch_cycle_failed","fields":{"queueName":"all","service":"pipeline-worker"}}
{"timestamp":"2026-09-12T11:38:54.178Z","level":"error","event":"worker.consumer_failed","fields":{"queueName":"pipeline","service":"pipeline-worker"}}
{"timestamp":"2026-09-12T11:38:54.802Z","level":"error","event":"queue.dispatch_cycle_failed","fields":{"queueName":"all","service":"pipeline-worker"}}
{"timestamp":"2026-09-12T11:38:55.096Z","level":"error","event":"worker.consumer_failed","fields":{"queueName":"pipeline","service":"pipeline-worker"}}
{"timestamp":"2026-09-12T11:38:56.458Z","level":"error","event":"queue.dispatch_cycle_failed","fields":{"queueName":"all","service":"pipeline-worker"}}
{"timestamp":"2026-09-12T11:38:58.353Z","level":"error","event":"queue.lease_sweep_failed","fields":{"queueName":"all","service":"pipeline-worker"}}
{"timestamp":"2026-09-12T11:38:58.493Z","level":"error","event":"queue.dispatch_cycle_failed","fields":{"queueName":"all","service":"pipeline-worker"}}
{"timestamp":"2026-09-12T11:39:01.755Z","level":"error","event":"queue.dispatch_cycle_failed","fields":{"queueName":"all","service":"pipeline-worker"}}
{"timestamp":"2026-09-12T11:39:02.786Z","level":"error","event":"queue.dispatch_cycle_failed","fields":{"queueName":"all","service":"pipeline-worker"}}
{"timestamp":"2026-09-12T11:39:03.819Z","level":"error","event":"queue.dispatch_cycle_failed","fields":{"queueName":"all","service":"pipeline-worker"}}
{"timestamp":"2026-09-12T11:39:04.857Z","level":"error","event":"queue.dispatch_cycle_failed","fields":{"queueName":"all","service":"pipeline-worker"}}
{"timestamp":"2026-09-12T11:39:05.890Z","level":"error","event":"queue.dispatch_cycle_failed","fields":{"queueName":"all","service":"pipeline-worker"}}
{"timestamp":"2026-09-12T11:39:11.131Z","level":"error","event":"queue.dispatch_cycle_failed","fields":{"queueName":"all","service":"pipeline-worker"}}
{"timestamp":"2026-09-12T11:39:12.159Z","level":"error","event":"queue.dispatch_cycle_failed","fields":{"queueName":"all","service":"pipeline-worker"}}
{"timestamp":"2026-09-12T11:39:13.188Z","level":"error","event":"queue.dispatch_cycle_failed","fields":{"queueName":"all","service":"pipeline-worker"}}
{"timestamp":"2026-09-12T11:39:13.387Z","level":"error","event":"queue.lease_sweep_failed","fields":{"queueName":"all","service":"pipeline-worker"}}
{"timestamp":"2026-09-12T11:39:14.198Z","level":"error","event":"worker.consumer_failed","fields":{"queueName":"pipeline","service":"pipeline-worker"}}
{"timestamp":"2026-09-12T11:39:15.105Z","level":"error","event":"worker.consumer_failed","fields":{"queueName":"pipeline","service":"pipeline-worker"}}
{"timestamp":"2026-09-12T11:39:15.854Z","level":"error","event":"queue.dispatch_cycle_failed","fields":{"queueName":"all","service":"pipeline-worker"}}
{"timestamp":"2026-09-12T11:39:18.659Z","level":"error","event":"queue.dispatch_cycle_failed","fields":{"queueName":"all","service":"pipeline-worker"}}
{"timestamp":"2026-09-12T11:39:22.175Z","level":"error","event":"queue.dispatch_cycle_failed","fields":{"queueName":"all","service":"pipeline-worker"}}
{"timestamp":"2026-09-12T11:39:23.208Z","level":"error","event":"queue.dispatch_cycle_failed","fields":{"queueName":"all","service":"pipeline-worker"}}
{"timestamp":"2026-09-12T11:39:24.236Z","level":"error","event":"queue.dispatch_cycle_failed","fields":{"queueName":"all","service":"pipeline-worker"}}
{"timestamp":"2026-09-12T11:39:25.266Z","level":"error","event":"queue.dispatch_cycle_failed","fields":{"queueName":"all","service":"pipeline-worker"}}
{"timestamp":"2026-09-12T11:39:26.297Z","level":"error","event":"queue.dispatch_cycle_failed","fields":{"queueName":"all","service":"pipeline-worker"}}
{"timestamp":"2026-09-12T11:39:27.322Z","level":"error","event":"queue.dispatch_cycle_failed","fields":{"queueName":"all","service":"pipeline-worker"}}
{"timestamp":"2026-09-12T11:39:28.350Z","level":"error","event":"queue.dispatch_cycle_failed","fields":{"queueName":"all","service":"pipeline-worker"}}
{"timestamp":"2026-09-12T11:39:29.005Z","level":"error","event":"queue.lease_sweep_failed","fields":{"queueName":"all","service":"pipeline-worker"}}
{"timestamp":"2026-09-12T11:39:29.378Z","level":"error","event":"queue.dispatch_cycle_failed","fields":{"queueName":"all","service":"pipeline-worker"}}
{"timestamp":"2026-09-12T11:39:34.212Z","level":"error","event":"worker.consumer_failed","fields":{"queueName":"pipeline","service":"pipeline-worker"}}
{"timestamp":"2026-09-12T11:39:35.119Z","level":"error","event":"worker.consumer_failed","fields":{"queueName":"pipeline","service":"pipeline-worker"}}
{"timestamp":"2026-09-12T11:39:36.316Z","level":"error","event":"queue.dispatch_cycle_failed","fields":{"queueName":"all","service":"pipeline-worker"}}
{"timestamp":"2026-09-12T11:39:37.354Z","level":"error","event":"queue.dispatch_cycle_failed","fields":{"queueName":"all","service":"pipeline-worker"}}
{"timestamp":"2026-09-12T11:39:42.630Z","level":"error","event":"queue.dispatch_cycle_failed","fields":{"queueName":"all","service":"pipeline-worker"}}
{"timestamp":"2026-09-12T11:39:43.656Z","level":"error","event":"queue.dispatch_cycle_failed","fields":{"queueName":"all","service":"pipeline-worker"}}
{"timestamp":"2026-09-12T11:39:44.033Z","level":"error","event":"queue.lease_sweep_failed","fields":{"queueName":"all","service":"pipeline-worker"}}
{"timestamp":"2026-09-12T11:39:44.688Z","level":"error","event":"queue.dispatch_cycle_failed","fields":{"queueName":"all","service":"pipeline-worker"}}
{"timestamp":"2026-09-12T11:39:45.719Z","level":"error","event":"queue.dispatch_cycle_failed","fields":{"queueName":"all","service":"pipeline-worker"}}
{"timestamp":"2026-09-12T11:39:46.747Z","level":"error","event":"queue.dispatch_cycle_failed","fields":{"queueName":"all","service":"pipeline-worker"}}
{"timestamp":"2026-09-12T11:39:47.778Z","level":"error","event":"queue.dispatch_cycle_failed","fields":{"queueName":"all","service":"pipeline-worker"}}
{"timestamp":"2026-09-12T11:39:48.804Z","level":"error","event":"queue.dispatch_cycle_failed","fields":{"queueName":"all","service":"pipeline-worker"}}
{"timestamp":"2026-09-12T11:39:54.236Z","level":"error","event":"worker.consumer_failed","fields":{"queueName":"pipeline","service":"pipeline-worker"}}
{"timestamp":"2026-09-12T11:39:54.280Z","level":"error","event":"queue.dispatch_cycle_failed","fields":{"queueName":"all","service":"pipeline-worker"}}
{"timestamp":"2026-09-12T11:39:55.137Z","level":"error","event":"worker.consumer_failed","fields":{"queueName":"pipeline","service":"pipeline-worker"}}
{"timestamp":"2026-09-12T11:39:55.308Z","level":"error","event":"queue.dispatch_cycle_failed","fields":{"queueName":"all","service":"pipeline-worker"}}
{"timestamp":"2026-09-12T11:39:56.337Z","level":"error","event":"queue.dispatch_cycle_failed","fields":{"queueName":"all","service":"pipeline-worker"}}
{"timestamp":"2026-09-12T11:39:58.476Z","level":"error","event":"queue.dispatch_cycle_failed","fields":{"queueName":"all","service":"pipeline-worker"}}
{"timestamp":"2026-09-12T11:39:59.130Z","level":"error","event":"queue.lease_sweep_failed","fields":{"queueName":"all","service":"pipeline-worker"}}
{"timestamp":"2026-09-12T11:40:04.305Z","level":"error","event":"queue.dispatch_cycle_failed","fields":{"queueName":"all","service":"pipeline-worker"}}
{"timestamp":"2026-09-12T11:40:05.337Z","level":"error","event":"queue.dispatch_cycle_failed","fields":{"queueName":"all","service":"pipeline-worker"}}
{"timestamp":"2026-09-12T11:40:06.372Z","level":"error","event":"queue.dispatch_cycle_failed","fields":{"queueName":"all","service":"pipeline-worker"}}
{"timestamp":"2026-09-12T11:40:07.402Z","level":"error","event":"queue.dispatch_cycle_failed","fields":{"queueName":"all","service":"pipeline-worker"}}
{"timestamp":"2026-09-12T11:40:08.431Z","level":"error","event":"queue.dispatch_cycle_failed","fields":{"queueName":"all","service":"pipeline-worker"}}
{"timestamp":"2026-09-12T11:40:09.463Z","level":"error","event":"queue.dispatch_cycle_failed","fields":{"queueName":"all","service":"pipeline-worker"}}
{"timestamp":"2026-09-12T11:40:10.492Z","level":"error","event":"queue.dispatch_cycle_failed","fields":{"queueName":"all","service":"pipeline-worker"}}
{"timestamp":"2026-09-12T11:40:14.156Z","level":"error","event":"queue.lease_sweep_failed","fields":{"queueName":"all","service":"pipeline-worker"}}
{"timestamp":"2026-09-12T11:40:14.250Z","level":"error","event":"worker.consumer_failed","fields":{"queueName":"pipeline","service":"pipeline-worker"}}
{"timestamp":"2026-09-12T11:40:14.330Z","level":"error","event":"queue.dispatch_cycle_failed","fields":{"queueName":"all","service":"pipeline-worker"}}
{"timestamp":"2026-09-12T11:40:15.159Z","level":"error","event":"worker.consumer_failed","fields":{"queueName":"pipeline","service":"pipeline-worker"}}
{"timestamp":"2026-09-12T11:40:17.795Z","level":"error","event":"queue.dispatch_cycle_failed","fields":{"queueName":"all","service":"pipeline-worker"}}
{"timestamp":"2026-09-12T11:40:18.832Z","level":"error","event":"queue.dispatch_cycle_failed","fields":{"queueName":"all","service":"pipeline-worker"}}
{"timestamp":"2026-09-12T11:40:22.329Z","level":"error","event":"queue.dispatch_cycle_failed","fields":{"queueName":"all","service":"pipeline-worker"}}
{"timestamp":"2026-09-12T11:40:24.701Z","level":"error","event":"queue.dispatch_cycle_failed","fields":{"queueName":"all","service":"pipeline-worker"}}
{"timestamp":"2026-09-12T11:40:25.727Z","level":"error","event":"queue.dispatch_cycle_failed","fields":{"queueName":"all","service":"pipeline-worker"}}
{"timestamp":"2026-09-12T11:40:28.039Z","level":"error","event":"queue.dispatch_cycle_failed","fields":{"queueName":"all","service":"pipeline-worker"}}
{"timestamp":"2026-09-12T11:40:29.068Z","level":"error","event":"queue.dispatch_cycle_failed","fields":{"queueName":"all","service":"pipeline-worker"}}
{"timestamp":"2026-09-12T11:40:29.193Z","level":"error","event":"queue.lease_sweep_failed","fields":{"queueName":"all","service":"pipeline-worker"}}
{"timestamp":"2026-09-12T11:40:30.099Z","level":"error","event":"queue.dispatch_cycle_failed","fields":{"queueName":"all","service":"pipeline-worker"}}
{"timestamp":"2026-09-12T11:40:31.126Z","level":"error","event":"queue.dispatch_cycle_failed","fields":{"queueName":"all","service":"pipeline-worker"}}
{"timestamp":"2026-09-12T11:40:32.418Z","level":"error","event":"queue.dispatch_cycle_failed","fields":{"queueName":"all","service":"pipeline-worker"}}
{"timestamp":"2026-09-12T11:40:33.446Z","level":"error","event":"queue.dispatch_cycle_failed","fields":{"queueName":"all","service":"pipeline-worker"}}
{"timestamp":"2026-09-12T11:40:34.259Z","level":"error","event":"worker.consumer_failed","fields":{"queueName":"pipeline","service":"pipeline-worker"}}
{"timestamp":"2026-09-12T11:40:34.666Z","level":"error","event":"queue.dispatch_cycle_failed","fields":{"queueName":"all","service":"pipeline-worker"}}
{"timestamp":"2026-09-12T11:40:35.172Z","level":"error","event":"worker.consumer_failed","fields":{"queueName":"pipeline","service":"pipeline-worker"}}
{"timestamp":"2026-09-12T11:40:35.705Z","level":"error","event":"queue.dispatch_cycle_failed","fields":{"queueName":"all","service":"pipeline-worker"}}
{"timestamp":"2026-09-12T11:40:42.022Z","level":"error","event":"queue.dispatch_cycle_failed","fields":{"queueName":"all","service":"pipeline-worker"}}
{"timestamp":"2026-09-12T11:40:45.235Z","level":"error","event":"queue.dispatch_cycle_failed","fields":{"queueName":"all","service":"pipeline-worker"}}
{"timestamp":"2026-09-12T11:40:46.263Z","level":"error","event":"queue.dispatch_cycle_failed","fields":{"queueName":"all","service":"pipeline-worker"}}
{"timestamp":"2026-09-12T11:40:47.291Z","level":"error","event":"queue.dispatch_cycle_failed","fields":{"queueName":"all","service":"pipeline-worker"}}
{"timestamp":"2026-09-12T11:40:48.804Z","level":"error","event":"queue.lease_sweep_failed","fields":{"queueName":"all","service":"pipeline-worker"}}
{"timestamp":"2026-09-12T11:40:51.060Z","level":"error","event":"queue.dispatch_cycle_failed","fields":{"queueName":"all","service":"pipeline-worker"}}
{"timestamp":"2026-09-12T11:40:52.085Z","level":"error","event":"queue.dispatch_cycle_failed","fields":{"queueName":"all","service":"pipeline-worker"}}
{"timestamp":"2026-09-12T11:40:53.115Z","level":"error","event":"queue.dispatch_cycle_failed","fields":{"queueName":"all","service":"pipeline-worker"}}
{"timestamp":"2026-09-12T11:40:54.150Z","level":"error","event":"queue.dispatch_cycle_failed","fields":{"queueName":"all","service":"pipeline-worker"}}
{"timestamp":"2026-09-12T11:40:54.273Z","level":"error","event":"worker.consumer_failed","fields":{"queueName":"pipeline","service":"pipeline-worker"}}
{"timestamp":"2026-09-12T11:40:55.183Z","level":"error","event":"queue.dispatch_cycle_failed","fields":{"queueName":"all","service":"pipeline-worker"}}
{"timestamp":"2026-09-12T11:40:55.188Z","level":"error","event":"worker.consumer_failed","fields":{"queueName":"pipeline","service":"pipeline-worker"}}
{"timestamp":"2026-09-12T11:40:56.211Z","level":"error","event":"queue.dispatch_cycle_failed","fields":{"queueName":"all","service":"pipeline-worker"}}
{"timestamp":"2026-09-12T11:40:57.244Z","level":"error","event":"queue.dispatch_cycle_failed","fields":{"queueName":"all","service":"pipeline-worker"}}
{"timestamp":"2026-09-12T11:41:02.334Z","level":"error","event":"queue.dispatch_cycle_failed","fields":{"queueName":"all","service":"pipeline-worker"}}
{"timestamp":"2026-09-12T11:41:03.367Z","level":"error","event":"queue.dispatch_cycle_failed","fields":{"queueName":"all","service":"pipeline-worker"}}
{"timestamp":"2026-09-12T11:41:03.831Z","level":"error","event":"queue.lease_sweep_failed","fields":{"queueName":"all","service":"pipeline-worker"}}
{"timestamp":"2026-09-12T11:41:09.492Z","level":"error","event":"queue.dispatch_cycle_failed","fields":{"queueName":"all","service":"pipeline-worker"}}
{"timestamp":"2026-09-12T11:41:10.530Z","level":"error","event":"queue.dispatch_cycle_failed","fields":{"queueName":"all","service":"pipeline-worker"}}
{"timestamp":"2026-09-12T11:41:11.567Z","level":"error","event":"queue.dispatch_cycle_failed","fields":{"queueName":"all","service":"pipeline-worker"}}
{"timestamp":"2026-09-12T11:41:12.604Z","level":"error","event":"queue.dispatch_cycle_failed","fields":{"queueName":"all","service":"pipeline-worker"}}
{"timestamp":"2026-09-12T11:41:14.289Z","level":"error","event":"worker.consumer_failed","fields":{"queueName":"pipeline","service":"pipeline-worker"}}
{"timestamp":"2026-09-12T11:41:14.774Z","level":"error","event":"queue.dispatch_cycle_failed","fields":{"queueName":"all","service":"pipeline-worker"}}
{"timestamp":"2026-09-12T11:41:15.210Z","level":"error","event":"worker.consumer_failed","fields":{"queueName":"pipeline","service":"pipeline-worker"}}
{"timestamp":"2026-09-12T11:41:15.798Z","level":"error","event":"queue.dispatch_cycle_failed","fields":{"queueName":"all","service":"pipeline-worker"}}
{"timestamp":"2026-09-12T11:41:16.830Z","level":"error","event":"queue.dispatch_cycle_failed","fields":{"queueName":"all","service":"pipeline-worker"}}
{"timestamp":"2026-09-12T11:41:17.859Z","level":"error","event":"queue.dispatch_cycle_failed","fields":{"queueName":"all","service":"pipeline-worker"}}
{"timestamp":"2026-09-12T11:41:18.859Z","level":"error","event":"queue.lease_sweep_failed","fields":{"queueName":"all","service":"pipeline-worker"}}
{"timestamp":"2026-09-12T11:41:18.874Z","level":"error","event":"queue.dispatch_cycle_failed","fields":{"queueName":"all","service":"pipeline-worker"}}
{"timestamp":"2026-09-12T11:41:24.582Z","level":"error","event":"queue.dispatch_cycle_failed","fields":{"queueName":"all","service":"pipeline-worker"}}
{"timestamp":"2026-09-12T11:41:25.616Z","level":"error","event":"queue.dispatch_cycle_failed","fields":{"queueName":"all","service":"pipeline-worker"}}
{"timestamp":"2026-09-12T11:41:28.359Z","level":"error","event":"queue.dispatch_cycle_failed","fields":{"queueName":"all","service":"pipeline-worker"}}
{"timestamp":"2026-09-12T11:41:29.394Z","level":"error","event":"queue.dispatch_cycle_failed","fields":{"queueName":"all","service":"pipeline-worker"}}
{"timestamp":"2026-09-12T11:41:30.425Z","level":"error","event":"queue.dispatch_cycle_failed","fields":{"queueName":"all","service":"pipeline-worker"}}
{"timestamp":"2026-09-12T11:41:33.082Z","level":"error","event":"queue.dispatch_cycle_failed","fields":{"queueName":"all","service":"pipeline-worker"}}
{"timestamp":"2026-09-12T11:41:34.021Z","level":"error","event":"queue.lease_sweep_failed","fields":{"queueName":"all","service":"pipeline-worker"}}
{"timestamp":"2026-09-12T11:41:34.299Z","level":"error","event":"worker.consumer_failed","fields":{"queueName":"pipeline","service":"pipeline-worker"}}
{"timestamp":"2026-09-12T11:41:35.220Z","level":"error","event":"worker.consumer_failed","fields":{"queueName":"pipeline","service":"pipeline-worker"}}
{"timestamp":"2026-09-12T11:41:36.377Z","level":"error","event":"queue.dispatch_cycle_failed","fields":{"queueName":"all","service":"pipeline-worker"}}
{"timestamp":"2026-09-12T11:41:38.478Z","level":"error","event":"queue.dispatch_cycle_failed","fields":{"queueName":"all","service":"pipeline-worker"}}
{"timestamp":"2026-09-12T11:41:39.507Z","level":"error","event":"queue.dispatch_cycle_failed","fields":{"queueName":"all","service":"pipeline-worker"}}
{"timestamp":"2026-09-12T11:41:40.538Z","level":"error","event":"queue.dispatch_cycle_failed","fields":{"queueName":"all","service":"pipeline-worker"}}
{"timestamp":"2026-09-12T11:41:42.362Z","level":"error","event":"queue.dispatch_cycle_failed","fields":{"queueName":"all","service":"pipeline-worker"}}
{"timestamp":"2026-09-12T11:41:47.968Z","level":"error","event":"queue.dispatch_cycle_failed","fields":{"queueName":"all","service":"pipeline-worker"}}
{"timestamp":"2026-09-12T11:41:48.997Z","level":"error","event":"queue.dispatch_cycle_failed","fields":{"queueName":"all","service":"pipeline-worker"}}
{"timestamp":"2026-09-12T11:41:49.059Z","level":"error","event":"queue.lease_sweep_failed","fields":{"queueName":"all","service":"pipeline-worker"}}
{"timestamp":"2026-09-12T11:41:52.539Z","level":"error","event":"queue.dispatch_cycle_failed","fields":{"queueName":"all","service":"pipeline-worker"}}
{"timestamp":"2026-09-12T11:41:53.571Z","level":"error","event":"queue.dispatch_cycle_failed","fields":{"queueName":"all","service":"pipeline-worker"}}
{"timestamp":"2026-09-12T11:41:54.317Z","level":"error","event":"worker.consumer_failed","fields":{"queueName":"pipeline","service":"pipeline-worker"}}
{"timestamp":"2026-09-12T11:41:54.598Z","level":"error","event":"queue.dispatch_cycle_failed","fields":{"queueName":"all","service":"pipeline-worker"}}
{"timestamp":"2026-09-12T11:41:55.234Z","level":"error","event":"worker.consumer_failed","fields":{"queueName":"pipeline","service":"pipeline-worker"}}
{"timestamp":"2026-09-12T11:41:56.854Z","level":"error","event":"queue.dispatch_cycle_failed","fields":{"queueName":"all","service":"pipeline-worker"}}
{"timestamp":"2026-09-12T11:41:57.887Z","level":"error","event":"queue.dispatch_cycle_failed","fields":{"queueName":"all","service":"pipeline-worker"}}
{"timestamp":"2026-09-12T11:41:58.917Z","level":"error","event":"queue.dispatch_cycle_failed","fields":{"queueName":"all","service":"pipeline-worker"}}
{"timestamp":"2026-09-12T11:41:59.942Z","level":"error","event":"queue.dispatch_cycle_failed","fields":{"queueName":"all","service":"pipeline-worker"}}
{"timestamp":"2026-09-12T11:42:04.820Z","level":"error","event":"queue.lease_sweep_failed","fields":{"queueName":"all","service":"pipeline-worker"}}
{"timestamp":"2026-09-12T11:42:05.641Z","level":"error","event":"queue.dispatch_cycle_failed","fields":{"queueName":"all","service":"pipeline-worker"}}
{"timestamp":"2026-09-12T11:42:06.676Z","level":"error","event":"queue.dispatch_cycle_failed","fields":{"queueName":"all","service":"pipeline-worker"}}
{"timestamp":"2026-09-12T11:42:11.768Z","level":"error","event":"queue.dispatch_cycle_failed","fields":{"queueName":"all","service":"pipeline-worker"}}
{"timestamp":"2026-09-12T11:42:12.797Z","level":"error","event":"queue.dispatch_cycle_failed","fields":{"queueName":"all","service":"pipeline-worker"}}
{"timestamp":"2026-09-12T11:42:13.825Z","level":"error","event":"queue.dispatch_cycle_failed","fields":{"queueName":"all","service":"pipeline-worker"}}
{"timestamp":"2026-09-12T11:42:14.336Z","level":"error","event":"worker.consumer_failed","fields":{"queueName":"pipeline","service":"pipeline-worker"}}
{"timestamp":"2026-09-12T11:42:14.854Z","level":"error","event":"queue.dispatch_cycle_failed","fields":{"queueName":"all","service":"pipeline-worker"}}
{"timestamp":"2026-09-12T11:42:15.247Z","level":"error","event":"worker.consumer_failed","fields":{"queueName":"pipeline","service":"pipeline-worker"}}
{"timestamp":"2026-09-12T11:42:15.885Z","level":"error","event":"queue.dispatch_cycle_failed","fields":{"queueName":"all","service":"pipeline-worker"}}
{"timestamp":"2026-09-12T11:42:17.555Z","level":"error","event":"queue.dispatch_cycle_failed","fields":{"queueName":"all","service":"pipeline-worker"}}
{"timestamp":"2026-09-12T11:42:18.579Z","level":"error","event":"queue.dispatch_cycle_failed","fields":{"queueName":"all","service":"pipeline-worker"}}
{"timestamp":"2026-09-12T11:42:19.606Z","level":"error","event":"queue.dispatch_cycle_failed","fields":{"queueName":"all","service":"pipeline-worker"}}
{"timestamp":"2026-09-12T11:42:20.513Z","level":"error","event":"queue.lease_sweep_failed","fields":{"queueName":"all","service":"pipeline-worker"}}
{"timestamp":"2026-09-12T11:42:23.137Z","level":"error","event":"queue.dispatch_cycle_failed","fields":{"queueName":"all","service":"pipeline-worker"}}
{"timestamp":"2026-09-12T11:42:30.873Z","level":"error","event":"queue.dispatch_cycle_failed","fields":{"queueName":"all","service":"pipeline-worker"}}
{"timestamp":"2026-09-12T11:42:31.904Z","level":"error","event":"queue.dispatch_cycle_failed","fields":{"queueName":"all","service":"pipeline-worker"}}
{"timestamp":"2026-09-12T11:42:32.932Z","level":"error","event":"queue.dispatch_cycle_failed","fields":{"queueName":"all","service":"pipeline-worker"}}
{"timestamp":"2026-09-12T11:42:33.960Z","level":"error","event":"queue.dispatch_cycle_failed","fields":{"queueName":"all","service":"pipeline-worker"}}
{"timestamp":"2026-09-12T11:42:34.350Z","level":"error","event":"worker.consumer_failed","fields":{"queueName":"pipeline","service":"pipeline-worker"}}
{"timestamp":"2026-09-12T11:42:34.994Z","level":"error","event":"queue.dispatch_cycle_failed","fields":{"queueName":"all","service":"pipeline-worker"}}
{"timestamp":"2026-09-12T11:42:35.258Z","level":"error","event":"worker.consumer_failed","fields":{"queueName":"pipeline","service":"pipeline-worker"}}
{"timestamp":"2026-09-12T11:42:35.537Z","level":"error","event":"queue.lease_sweep_failed","fields":{"queueName":"all","service":"pipeline-worker"}}
{"timestamp":"2026-09-12T11:42:37.970Z","level":"error","event":"queue.dispatch_cycle_failed","fields":{"queueName":"all","service":"pipeline-worker"}}
{"timestamp":"2026-09-12T11:42:39.000Z","level":"error","event":"queue.dispatch_cycle_failed","fields":{"queueName":"all","service":"pipeline-worker"}}
{"timestamp":"2026-09-12T11:42:40.028Z","level":"error","event":"queue.dispatch_cycle_failed","fields":{"queueName":"all","service":"pipeline-worker"}}
{"timestamp":"2026-09-12T11:42:41.057Z","level":"error","event":"queue.dispatch_cycle_failed","fields":{"queueName":"all","service":"pipeline-worker"}}
{"timestamp":"2026-09-12T11:42:44.995Z","level":"error","event":"queue.dispatch_cycle_failed","fields":{"queueName":"all","service":"pipeline-worker"}}
{"timestamp":"2026-09-12T11:42:47.982Z","level":"error","event":"queue.dispatch_cycle_failed","fields":{"queueName":"all","service":"pipeline-worker"}}
{"timestamp":"2026-09-12T11:42:49.844Z","level":"error","event":"queue.dispatch_cycle_failed","fields":{"queueName":"all","service":"pipeline-worker"}}
{"timestamp":"2026-09-12T11:42:50.573Z","level":"error","event":"queue.lease_sweep_failed","fields":{"queueName":"all","service":"pipeline-worker"}}
{"timestamp":"2026-09-12T11:42:50.869Z","level":"error","event":"queue.dispatch_cycle_failed","fields":{"queueName":"all","service":"pipeline-worker"}}
{"timestamp":"2026-09-12T11:42:51.896Z","level":"error","event":"queue.dispatch_cycle_failed","fields":{"queueName":"all","service":"pipeline-worker"}}
{"timestamp":"2026-09-12T11:42:53.492Z","level":"error","event":"queue.dispatch_cycle_failed","fields":{"queueName":"all","service":"pipeline-worker"}}
{"timestamp":"2026-09-12T11:42:54.372Z","level":"error","event":"worker.consumer_failed","fields":{"queueName":"pipeline","service":"pipeline-worker"}}
{"timestamp":"2026-09-12T11:42:55.271Z","level":"error","event":"worker.consumer_failed","fields":{"queueName":"pipeline","service":"pipeline-worker"}}
{"timestamp":"2026-09-12T11:42:56.219Z","level":"error","event":"queue.dispatch_cycle_failed","fields":{"queueName":"all","service":"pipeline-worker"}}
{"timestamp":"2026-09-12T11:42:57.250Z","level":"error","event":"queue.dispatch_cycle_failed","fields":{"queueName":"all","service":"pipeline-worker"}}
{"timestamp":"2026-09-12T11:42:58.279Z","level":"error","event":"queue.dispatch_cycle_failed","fields":{"queueName":"all","service":"pipeline-worker"}}
{"timestamp":"2026-09-12T11:43:02.440Z","level":"error","event":"queue.dispatch_cycle_failed","fields":{"queueName":"all","service":"pipeline-worker"}}
{"timestamp":"2026-09-12T11:43:05.595Z","level":"error","event":"queue.dispatch_cycle_failed","fields":{"queueName":"all","service":"pipeline-worker"}}
{"timestamp":"2026-09-12T11:43:05.600Z","level":"error","event":"queue.lease_sweep_failed","fields":{"queueName":"all","service":"pipeline-worker"}}
{"timestamp":"2026-09-12T11:43:09.821Z","level":"error","event":"queue.dispatch_cycle_failed","fields":{"queueName":"all","service":"pipeline-worker"}}
{"timestamp":"2026-09-12T11:43:10.866Z","level":"error","event":"queue.dispatch_cycle_failed","fields":{"queueName":"all","service":"pipeline-worker"}}
{"timestamp":"2026-09-12T11:43:11.908Z","level":"error","event":"queue.dispatch_cycle_failed","fields":{"queueName":"all","service":"pipeline-worker"}}
{"timestamp":"2026-09-12T11:43:12.924Z","level":"error","event":"queue.dispatch_cycle_failed","fields":{"queueName":"all","service":"pipeline-worker"}}
{"timestamp":"2026-09-12T11:43:13.964Z","level":"error","event":"queue.dispatch_cycle_failed","fields":{"queueName":"all","service":"pipeline-worker"}}
{"timestamp":"2026-09-12T11:43:14.384Z","level":"error","event":"worker.consumer_failed","fields":{"queueName":"pipeline","service":"pipeline-worker"}}
{"timestamp":"2026-09-12T11:43:15.294Z","level":"error","event":"worker.consumer_failed","fields":{"queueName":"pipeline","service":"pipeline-worker"}}
{"timestamp":"2026-09-12T11:43:15.404Z","level":"error","event":"queue.dispatch_cycle_failed","fields":{"queueName":"all","service":"pipeline-worker"}}
{"timestamp":"2026-09-12T11:43:16.448Z","level":"error","event":"queue.dispatch_cycle_failed","fields":{"queueName":"all","service":"pipeline-worker"}}
{"timestamp":"2026-09-12T11:43:19.566Z","level":"error","event":"queue.dispatch_cycle_failed","fields":{"queueName":"all","service":"pipeline-worker"}}
{"timestamp":"2026-09-12T11:43:20.623Z","level":"error","event":"queue.lease_sweep_failed","fields":{"queueName":"all","service":"pipeline-worker"}}
{"timestamp":"2026-09-12T11:43:22.133Z","level":"error","event":"queue.dispatch_cycle_failed","fields":{"queueName":"all","service":"pipeline-worker"}}
{"timestamp":"2026-09-12T11:43:25.462Z","level":"error","event":"queue.dispatch_cycle_failed","fields":{"queueName":"all","service":"pipeline-worker"}}
{"timestamp":"2026-09-12T11:43:26.493Z","level":"error","event":"queue.dispatch_cycle_failed","fields":{"queueName":"all","service":"pipeline-worker"}}
{"timestamp":"2026-09-12T11:43:27.515Z","level":"error","event":"queue.dispatch_cycle_failed","fields":{"queueName":"all","service":"pipeline-worker"}}
{"timestamp":"2026-09-12T11:43:32.246Z","level":"error","event":"queue.dispatch_cycle_failed","fields":{"queueName":"all","service":"pipeline-worker"}}
{"timestamp":"2026-09-12T11:43:33.278Z","level":"error","event":"queue.dispatch_cycle_failed","fields":{"queueName":"all","service":"pipeline-worker"}}
{"timestamp":"2026-09-12T11:43:34.308Z","level":"error","event":"queue.dispatch_cycle_failed","fields":{"queueName":"all","service":"pipeline-worker"}}
{"timestamp":"2026-09-12T11:43:34.399Z","level":"error","event":"worker.consumer_failed","fields":{"queueName":"pipeline","service":"pipeline-worker"}}
{"timestamp":"2026-09-12T11:43:35.317Z","level":"error","event":"worker.consumer_failed","fields":{"queueName":"pipeline","service":"pipeline-worker"}}
{"timestamp":"2026-09-12T11:43:35.322Z","level":"error","event":"queue.dispatch_cycle_failed","fields":{"queueName":"all","service":"pipeline-worker"}}
{"timestamp":"2026-09-12T11:43:36.348Z","level":"error","event":"queue.dispatch_cycle_failed","fields":{"queueName":"all","service":"pipeline-worker"}}
{"timestamp":"2026-09-12T11:43:38.095Z","level":"error","event":"queue.lease_sweep_failed","fields":{"queueName":"all","service":"pipeline-worker"}}
{"timestamp":"2026-09-12T11:43:38.690Z","level":"error","event":"queue.dispatch_cycle_failed","fields":{"queueName":"all","service":"pipeline-worker"}}
{"timestamp":"2026-09-12T11:43:39.716Z","level":"error","event":"queue.dispatch_cycle_failed","fields":{"queueName":"all","service":"pipeline-worker"}}
{"timestamp":"2026-09-12T11:43:43.922Z","level":"error","event":"queue.dispatch_cycle_failed","fields":{"queueName":"all","service":"pipeline-worker"}}
{"timestamp":"2026-09-12T11:43:47.003Z","level":"error","event":"queue.dispatch_cycle_failed","fields":{"queueName":"all","service":"pipeline-worker"}}
{"timestamp":"2026-09-12T11:43:48.869Z","level":"error","event":"queue.dispatch_cycle_failed","fields":{"queueName":"all","service":"pipeline-worker"}}
{"timestamp":"2026-09-12T11:43:49.907Z","level":"error","event":"queue.dispatch_cycle_failed","fields":{"queueName":"all","service":"pipeline-worker"}}
{"timestamp":"2026-09-12T11:43:53.019Z","level":"error","event":"queue.dispatch_cycle_failed","fields":{"queueName":"all","service":"pipeline-worker"}}
{"timestamp":"2026-09-12T11:43:53.127Z","level":"error","event":"queue.lease_sweep_failed","fields":{"queueName":"all","service":"pipeline-worker"}}
{"timestamp":"2026-09-12T11:43:54.048Z","level":"error","event":"queue.dispatch_cycle_failed","fields":{"queueName":"all","service":"pipeline-worker"}}
{"timestamp":"2026-09-12T11:43:54.420Z","level":"error","event":"worker.consumer_failed","fields":{"queueName":"pipeline","service":"pipeline-worker"}}
{"timestamp":"2026-09-12T11:43:55.340Z","level":"error","event":"worker.consumer_failed","fields":{"queueName":"pipeline","service":"pipeline-worker"}}
{"timestamp":"2026-09-12T11:43:55.575Z","level":"error","event":"queue.dispatch_cycle_failed","fields":{"queueName":"all","service":"pipeline-worker"}}
{"timestamp":"2026-09-12T11:43:57.414Z","level":"error","event":"queue.dispatch_cycle_failed","fields":{"queueName":"all","service":"pipeline-worker"}}
{"timestamp":"2026-09-12T11:43:58.441Z","level":"error","event":"queue.dispatch_cycle_failed","fields":{"queueName":"all","service":"pipeline-worker"}}
{"timestamp":"2026-09-12T11:43:59.465Z","level":"error","event":"queue.dispatch_cycle_failed","fields":{"queueName":"all","service":"pipeline-worker"}}
{"timestamp":"2026-09-12T11:44:00.495Z","level":"error","event":"queue.dispatch_cycle_failed","fields":{"queueName":"all","service":"pipeline-worker"}}
{"timestamp":"2026-09-12T11:44:03.710Z","level":"error","event":"queue.dispatch_cycle_failed","fields":{"queueName":"all","service":"pipeline-worker"}}
{"timestamp":"2026-09-12T11:44:08.155Z","level":"error","event":"queue.lease_sweep_failed","fields":{"queueName":"all","service":"pipeline-worker"}}
{"timestamp":"2026-09-12T11:44:09.751Z","level":"error","event":"queue.dispatch_cycle_failed","fields":{"queueName":"all","service":"pipeline-worker"}}
{"timestamp":"2026-09-12T11:44:12.792Z","level":"error","event":"queue.dispatch_cycle_failed","fields":{"queueName":"all","service":"pipeline-worker"}}
{"timestamp":"2026-09-12T11:44:13.821Z","level":"error","event":"queue.dispatch_cycle_failed","fields":{"queueName":"all","service":"pipeline-worker"}}
{"timestamp":"2026-09-12T11:44:14.441Z","level":"error","event":"worker.consumer_failed","fields":{"queueName":"pipeline","service":"pipeline-worker"}}
{"timestamp":"2026-09-12T11:44:14.861Z","level":"error","event":"queue.dispatch_cycle_failed","fields":{"queueName":"all","service":"pipeline-worker"}}
{"timestamp":"2026-09-12T11:44:15.357Z","level":"error","event":"worker.consumer_failed","fields":{"queueName":"pipeline","service":"pipeline-worker"}}
{"timestamp":"2026-09-12T11:44:17.178Z","level":"error","event":"queue.dispatch_cycle_failed","fields":{"queueName":"all","service":"pipeline-worker"}}
{"timestamp":"2026-09-12T11:44:18.212Z","level":"error","event":"queue.dispatch_cycle_failed","fields":{"queueName":"all","service":"pipeline-worker"}}
{"timestamp":"2026-09-12T11:44:19.249Z","level":"error","event":"queue.dispatch_cycle_failed","fields":{"queueName":"all","service":"pipeline-worker"}}
{"timestamp":"2026-09-12T11:44:20.281Z","level":"error","event":"queue.dispatch_cycle_failed","fields":{"queueName":"all","service":"pipeline-worker"}}
{"timestamp":"2026-09-12T11:44:22.088Z","level":"error","event":"queue.dispatch_cycle_failed","fields":{"queueName":"all","service":"pipeline-worker"}}
{"timestamp":"2026-09-12T11:44:23.115Z","level":"error","event":"queue.dispatch_cycle_failed","fields":{"queueName":"all","service":"pipeline-worker"}}
{"timestamp":"2026-09-12T11:44:26.570Z","level":"error","event":"queue.dispatch_cycle_failed","fields":{"queueName":"all","service":"pipeline-worker"}}
{"timestamp":"2026-09-12T11:44:26.708Z","level":"error","event":"queue.lease_sweep_failed","fields":{"queueName":"all","service":"pipeline-worker"}}
{"timestamp":"2026-09-12T11:44:31.804Z","level":"error","event":"queue.dispatch_cycle_failed","fields":{"queueName":"all","service":"pipeline-worker"}}
{"timestamp":"2026-09-12T11:44:32.838Z","level":"error","event":"queue.dispatch_cycle_failed","fields":{"queueName":"all","service":"pipeline-worker"}}
{"timestamp":"2026-09-12T11:44:34.459Z","level":"error","event":"worker.consumer_failed","fields":{"queueName":"pipeline","service":"pipeline-worker"}}
{"timestamp":"2026-09-12T11:44:34.786Z","level":"error","event":"queue.dispatch_cycle_failed","fields":{"queueName":"all","service":"pipeline-worker"}}
{"timestamp":"2026-09-12T11:44:35.377Z","level":"error","event":"worker.consumer_failed","fields":{"queueName":"pipeline","service":"pipeline-worker"}}
{"timestamp":"2026-09-12T11:44:35.811Z","level":"error","event":"queue.dispatch_cycle_failed","fields":{"queueName":"all","service":"pipeline-worker"}}
{"timestamp":"2026-09-12T11:44:36.840Z","level":"error","event":"queue.dispatch_cycle_failed","fields":{"queueName":"all","service":"pipeline-worker"}}
{"timestamp":"2026-09-12T11:44:39.720Z","level":"error","event":"queue.dispatch_cycle_failed","fields":{"queueName":"all","service":"pipeline-worker"}}
{"timestamp":"2026-09-12T11:44:40.747Z","level":"error","event":"queue.dispatch_cycle_failed","fields":{"queueName":"all","service":"pipeline-worker"}}
{"timestamp":"2026-09-12T11:44:41.746Z","level":"error","event":"queue.lease_sweep_failed","fields":{"queueName":"all","service":"pipeline-worker"}}
{"timestamp":"2026-09-12T11:44:41.760Z","level":"error","event":"queue.dispatch_cycle_failed","fields":{"queueName":"all","service":"pipeline-worker"}}
{"timestamp":"2026-09-12T11:44:42.787Z","level":"error","event":"queue.dispatch_cycle_failed","fields":{"queueName":"all","service":"pipeline-worker"}}
{"timestamp":"2026-09-12T11:44:43.951Z","level":"error","event":"queue.dispatch_cycle_failed","fields":{"queueName":"all","service":"pipeline-worker"}}
{"timestamp":"2026-09-12T11:44:50.535Z","level":"error","event":"queue.dispatch_cycle_failed","fields":{"queueName":"all","service":"pipeline-worker"}}
{"timestamp":"2026-09-12T11:44:51.566Z","level":"error","event":"queue.dispatch_cycle_failed","fields":{"queueName":"all","service":"pipeline-worker"}}
{"timestamp":"2026-09-12T11:44:52.594Z","level":"error","event":"queue.dispatch_cycle_failed","fields":{"queueName":"all","service":"pipeline-worker"}}
{"timestamp":"2026-09-12T11:44:53.626Z","level":"error","event":"queue.dispatch_cycle_failed","fields":{"queueName":"all","service":"pipeline-worker"}}
{"timestamp":"2026-09-12T11:44:54.470Z","level":"error","event":"worker.consumer_failed","fields":{"queueName":"pipeline","service":"pipeline-worker"}}
{"timestamp":"2026-09-12T11:44:54.659Z","level":"error","event":"queue.dispatch_cycle_failed","fields":{"queueName":"all","service":"pipeline-worker"}}
{"timestamp":"2026-09-12T11:44:55.390Z","level":"error","event":"worker.consumer_failed","fields":{"queueName":"pipeline","service":"pipeline-worker"}}
{"timestamp":"2026-09-12T11:44:59.345Z","level":"error","event":"queue.dispatch_cycle_failed","fields":{"queueName":"all","service":"pipeline-worker"}}
{"timestamp":"2026-09-12T11:44:59.952Z","level":"error","event":"queue.lease_sweep_failed","fields":{"queueName":"all","service":"pipeline-worker"}}
{"timestamp":"2026-09-12T11:45:00.383Z","level":"error","event":"queue.dispatch_cycle_failed","fields":{"queueName":"all","service":"pipeline-worker"}}
{"timestamp":"2026-09-12T11:45:01.411Z","level":"error","event":"queue.dispatch_cycle_failed","fields":{"queueName":"all","service":"pipeline-worker"}}
{"timestamp":"2026-09-12T11:45:02.440Z","level":"error","event":"queue.dispatch_cycle_failed","fields":{"queueName":"all","service":"pipeline-worker"}}
{"timestamp":"2026-09-12T11:45:10.284Z","level":"error","event":"queue.dispatch_cycle_failed","fields":{"queueName":"all","service":"pipeline-worker"}}
{"timestamp":"2026-09-12T11:45:11.312Z","level":"error","event":"queue.dispatch_cycle_failed","fields":{"queueName":"all","service":"pipeline-worker"}}
{"timestamp":"2026-09-12T11:45:12.342Z","level":"error","event":"queue.dispatch_cycle_failed","fields":{"queueName":"all","service":"pipeline-worker"}}
{"timestamp":"2026-09-12T11:45:13.376Z","level":"error","event":"queue.dispatch_cycle_failed","fields":{"queueName":"all","service":"pipeline-worker"}}
{"timestamp":"2026-09-12T11:45:14.409Z","level":"error","event":"queue.dispatch_cycle_failed","fields":{"queueName":"all","service":"pipeline-worker"}}
{"timestamp":"2026-09-12T11:45:14.485Z","level":"error","event":"worker.consumer_failed","fields":{"queueName":"pipeline","service":"pipeline-worker"}}
{"timestamp":"2026-09-12T11:45:14.984Z","level":"error","event":"queue.lease_sweep_failed","fields":{"queueName":"all","service":"pipeline-worker"}}
{"timestamp":"2026-09-12T11:45:15.401Z","level":"error","event":"worker.consumer_failed","fields":{"queueName":"pipeline","service":"pipeline-worker"}}
{"timestamp":"2026-09-12T11:45:17.074Z","level":"error","event":"queue.dispatch_cycle_failed","fields":{"queueName":"all","service":"pipeline-worker"}}
{"timestamp":"2026-09-12T11:45:18.098Z","level":"error","event":"queue.dispatch_cycle_failed","fields":{"queueName":"all","service":"pipeline-worker"}}
{"timestamp":"2026-09-12T11:45:19.844Z","level":"error","event":"queue.dispatch_cycle_failed","fields":{"queueName":"all","service":"pipeline-worker"}}
{"timestamp":"2026-09-12T11:45:20.873Z","level":"error","event":"queue.dispatch_cycle_failed","fields":{"queueName":"all","service":"pipeline-worker"}}
{"timestamp":"2026-09-12T11:45:21.906Z","level":"error","event":"queue.dispatch_cycle_failed","fields":{"queueName":"all","service":"pipeline-worker"}}
{"timestamp":"2026-09-12T11:45:22.938Z","level":"error","event":"queue.dispatch_cycle_failed","fields":{"queueName":"all","service":"pipeline-worker"}}
{"timestamp":"2026-09-12T11:45:27.049Z","level":"error","event":"queue.dispatch_cycle_failed","fields":{"queueName":"all","service":"pipeline-worker"}}
{"timestamp":"2026-09-12T11:45:30.012Z","level":"error","event":"queue.lease_sweep_failed","fields":{"queueName":"all","service":"pipeline-worker"}}
{"timestamp":"2026-09-12T11:45:31.678Z","level":"error","event":"queue.dispatch_cycle_failed","fields":{"queueName":"all","service":"pipeline-worker"}}
{"timestamp":"2026-09-12T11:45:32.708Z","level":"error","event":"queue.dispatch_cycle_failed","fields":{"queueName":"all","service":"pipeline-worker"}}
{"timestamp":"2026-09-12T11:45:33.738Z","level":"error","event":"queue.dispatch_cycle_failed","fields":{"queueName":"all","service":"pipeline-worker"}}
{"timestamp":"2026-09-12T11:45:34.501Z","level":"error","event":"worker.consumer_failed","fields":{"queueName":"pipeline","service":"pipeline-worker"}}
{"timestamp":"2026-09-12T11:45:34.768Z","level":"error","event":"queue.dispatch_cycle_failed","fields":{"queueName":"all","service":"pipeline-worker"}}
{"timestamp":"2026-09-12T11:45:35.426Z","level":"error","event":"worker.consumer_failed","fields":{"queueName":"pipeline","service":"pipeline-worker"}}
{"timestamp":"2026-09-12T11:45:35.953Z","level":"error","event":"queue.dispatch_cycle_failed","fields":{"queueName":"all","service":"pipeline-worker"}}
{"timestamp":"2026-09-12T11:45:36.981Z","level":"error","event":"queue.dispatch_cycle_failed","fields":{"queueName":"all","service":"pipeline-worker"}}
{"timestamp":"2026-09-12T11:45:38.952Z","level":"error","event":"queue.dispatch_cycle_failed","fields":{"queueName":"all","service":"pipeline-worker"}}
{"timestamp":"2026-09-12T11:45:40.526Z","level":"error","event":"queue.dispatch_cycle_failed","fields":{"queueName":"all","service":"pipeline-worker"}}
{"timestamp":"2026-09-12T11:45:44.255Z","level":"error","event":"queue.dispatch_cycle_failed","fields":{"queueName":"all","service":"pipeline-worker"}}
{"timestamp":"2026-09-12T11:45:45.050Z","level":"error","event":"queue.lease_sweep_failed","fields":{"queueName":"all","service":"pipeline-worker"}}
{"timestamp":"2026-09-12T11:45:48.979Z","level":"error","event":"queue.dispatch_cycle_failed","fields":{"queueName":"all","service":"pipeline-worker"}}
{"timestamp":"2026-09-12T11:45:50.009Z","level":"error","event":"queue.dispatch_cycle_failed","fields":{"queueName":"all","service":"pipeline-worker"}}
{"timestamp":"2026-09-12T11:45:51.034Z","level":"error","event":"queue.dispatch_cycle_failed","fields":{"queueName":"all","service":"pipeline-worker"}}
{"timestamp":"2026-09-12T11:45:53.446Z","level":"error","event":"queue.dispatch_cycle_failed","fields":{"queueName":"all","service":"pipeline-worker"}}
{"timestamp":"2026-09-12T11:45:54.476Z","level":"error","event":"queue.dispatch_cycle_failed","fields":{"queueName":"all","service":"pipeline-worker"}}
{"timestamp":"2026-09-12T11:45:54.523Z","level":"error","event":"worker.consumer_failed","fields":{"queueName":"pipeline","service":"pipeline-worker"}}
{"timestamp":"2026-09-12T11:45:55.442Z","level":"error","event":"worker.consumer_failed","fields":{"queueName":"pipeline","service":"pipeline-worker"}}
{"timestamp":"2026-09-12T11:45:56.934Z","level":"error","event":"queue.dispatch_cycle_failed","fields":{"queueName":"all","service":"pipeline-worker"}}
{"timestamp":"2026-09-12T11:45:57.967Z","level":"error","event":"queue.dispatch_cycle_failed","fields":{"queueName":"all","service":"pipeline-worker"}}
{"timestamp":"2026-09-12T11:45:58.999Z","level":"error","event":"queue.dispatch_cycle_failed","fields":{"queueName":"all","service":"pipeline-worker"}}
{"timestamp":"2026-09-12T11:46:00.076Z","level":"error","event":"queue.lease_sweep_failed","fields":{"queueName":"all","service":"pipeline-worker"}}
{"timestamp":"2026-09-12T11:46:00.166Z","level":"error","event":"queue.dispatch_cycle_failed","fields":{"queueName":"all","service":"pipeline-worker"}}
{"timestamp":"2026-09-12T11:46:08.467Z","level":"error","event":"queue.dispatch_cycle_failed","fields":{"queueName":"all","service":"pipeline-worker"}}
{"timestamp":"2026-09-12T11:46:09.495Z","level":"error","event":"queue.dispatch_cycle_failed","fields":{"queueName":"all","service":"pipeline-worker"}}
{"timestamp":"2026-09-12T11:46:10.524Z","level":"error","event":"queue.dispatch_cycle_failed","fields":{"queueName":"all","service":"pipeline-worker"}}
{"timestamp":"2026-09-12T11:46:13.032Z","level":"error","event":"queue.dispatch_cycle_failed","fields":{"queueName":"all","service":"pipeline-worker"}}
{"timestamp":"2026-09-12T11:46:14.062Z","level":"error","event":"queue.dispatch_cycle_failed","fields":{"queueName":"all","service":"pipeline-worker"}}
{"timestamp":"2026-09-12T11:46:14.546Z","level":"error","event":"worker.consumer_failed","fields":{"queueName":"pipeline","service":"pipeline-worker"}}
{"timestamp":"2026-09-12T11:46:15.099Z","level":"error","event":"queue.dispatch_cycle_failed","fields":{"queueName":"all","service":"pipeline-worker"}}
{"timestamp":"2026-09-12T11:46:15.107Z","level":"error","event":"queue.lease_sweep_failed","fields":{"queueName":"all","service":"pipeline-worker"}}
{"timestamp":"2026-09-12T11:46:15.452Z","level":"error","event":"worker.consumer_failed","fields":{"queueName":"pipeline","service":"pipeline-worker"}}
{"timestamp":"2026-09-12T11:46:18.503Z","level":"error","event":"queue.dispatch_cycle_failed","fields":{"queueName":"all","service":"pipeline-worker"}}
{"timestamp":"2026-09-12T11:46:20.060Z","level":"error","event":"queue.dispatch_cycle_failed","fields":{"queueName":"all","service":"pipeline-worker"}}
{"timestamp":"2026-09-12T11:46:21.093Z","level":"error","event":"queue.dispatch_cycle_failed","fields":{"queueName":"all","service":"pipeline-worker"}}
{"timestamp":"2026-09-12T11:46:25.626Z","level":"error","event":"queue.dispatch_cycle_failed","fields":{"queueName":"all","service":"pipeline-worker"}}
{"timestamp":"2026-09-12T11:46:26.665Z","level":"error","event":"queue.dispatch_cycle_failed","fields":{"queueName":"all","service":"pipeline-worker"}}
{"timestamp":"2026-09-12T11:46:28.750Z","level":"error","event":"queue.dispatch_cycle_failed","fields":{"queueName":"all","service":"pipeline-worker"}}
{"timestamp":"2026-09-12T11:46:29.776Z","level":"error","event":"queue.dispatch_cycle_failed","fields":{"queueName":"all","service":"pipeline-worker"}}
{"timestamp":"2026-09-12T11:46:31.378Z","level":"error","event":"queue.dispatch_cycle_failed","fields":{"queueName":"all","service":"pipeline-worker"}}
{"timestamp":"2026-09-12T11:46:32.408Z","level":"error","event":"queue.dispatch_cycle_failed","fields":{"queueName":"all","service":"pipeline-worker"}}
{"timestamp":"2026-09-12T11:46:32.502Z","level":"error","event":"queue.lease_sweep_failed","fields":{"queueName":"all","service":"pipeline-worker"}}
{"timestamp":"2026-09-12T11:46:33.439Z","level":"error","event":"queue.dispatch_cycle_failed","fields":{"queueName":"all","service":"pipeline-worker"}}
{"timestamp":"2026-09-12T11:46:34.565Z","level":"error","event":"worker.consumer_failed","fields":{"queueName":"pipeline","service":"pipeline-worker"}}
{"timestamp":"2026-09-12T11:46:35.470Z","level":"error","event":"worker.consumer_failed","fields":{"queueName":"pipeline","service":"pipeline-worker"}}
{"timestamp":"2026-09-12T11:46:38.994Z","level":"error","event":"queue.dispatch_cycle_failed","fields":{"queueName":"all","service":"pipeline-worker"}}
{"timestamp":"2026-09-12T11:46:40.270Z","level":"error","event":"queue.dispatch_cycle_failed","fields":{"queueName":"all","service":"pipeline-worker"}}
{"timestamp":"2026-09-12T11:46:41.301Z","level":"error","event":"queue.dispatch_cycle_failed","fields":{"queueName":"all","service":"pipeline-worker"}}
{"timestamp":"2026-09-12T11:46:42.331Z","level":"error","event":"queue.dispatch_cycle_failed","fields":{"queueName":"all","service":"pipeline-worker"}}
{"timestamp":"2026-09-12T11:46:43.362Z","level":"error","event":"queue.dispatch_cycle_failed","fields":{"queueName":"all","service":"pipeline-worker"}}
{"timestamp":"2026-09-12T11:46:47.537Z","level":"error","event":"queue.lease_sweep_failed","fields":{"queueName":"all","service":"pipeline-worker"}}
{"timestamp":"2026-09-12T11:46:49.433Z","level":"error","event":"queue.dispatch_cycle_failed","fields":{"queueName":"all","service":"pipeline-worker"}}
{"timestamp":"2026-09-12T11:46:50.465Z","level":"error","event":"queue.dispatch_cycle_failed","fields":{"queueName":"all","service":"pipeline-worker"}}
{"timestamp":"2026-09-12T11:46:51.489Z","level":"error","event":"queue.dispatch_cycle_failed","fields":{"queueName":"all","service":"pipeline-worker"}}
{"timestamp":"2026-09-12T11:46:52.519Z","level":"error","event":"queue.dispatch_cycle_failed","fields":{"queueName":"all","service":"pipeline-worker"}}
{"timestamp":"2026-09-12T11:46:54.576Z","level":"error","event":"worker.consumer_failed","fields":{"queueName":"pipeline","service":"pipeline-worker"}}
{"timestamp":"2026-09-12T11:46:55.492Z","level":"error","event":"worker.consumer_failed","fields":{"queueName":"pipeline","service":"pipeline-worker"}}
{"timestamp":"2026-09-12T11:46:58.294Z","level":"error","event":"queue.dispatch_cycle_failed","fields":{"queueName":"all","service":"pipeline-worker"}}
{"timestamp":"2026-09-12T11:46:59.326Z","level":"error","event":"queue.dispatch_cycle_failed","fields":{"queueName":"all","service":"pipeline-worker"}}
{"timestamp":"2026-09-12T11:47:00.350Z","level":"error","event":"queue.dispatch_cycle_failed","fields":{"queueName":"all","service":"pipeline-worker"}}
{"timestamp":"2026-09-12T11:47:02.279Z","level":"error","event":"queue.dispatch_cycle_failed","fields":{"queueName":"all","service":"pipeline-worker"}}
{"timestamp":"2026-09-12T11:47:02.562Z","level":"error","event":"queue.lease_sweep_failed","fields":{"queueName":"all","service":"pipeline-worker"}}
{"timestamp":"2026-09-12T11:47:03.310Z","level":"error","event":"queue.dispatch_cycle_failed","fields":{"queueName":"all","service":"pipeline-worker"}}
{"timestamp":"2026-09-12T11:47:05.832Z","level":"error","event":"queue.dispatch_cycle_failed","fields":{"queueName":"all","service":"pipeline-worker"}}
{"timestamp":"2026-09-12T11:47:06.865Z","level":"error","event":"queue.dispatch_cycle_failed","fields":{"queueName":"all","service":"pipeline-worker"}}
{"timestamp":"2026-09-12T11:47:07.890Z","level":"error","event":"queue.dispatch_cycle_failed","fields":{"queueName":"all","service":"pipeline-worker"}}
{"timestamp":"2026-09-12T11:47:09.367Z","level":"error","event":"queue.dispatch_cycle_failed","fields":{"queueName":"all","service":"pipeline-worker"}}
{"timestamp":"2026-09-12T11:47:10.378Z","level":"error","event":"queue.dispatch_cycle_failed","fields":{"queueName":"all","service":"pipeline-worker"}}
{"timestamp":"2026-09-12T11:47:14.589Z","level":"error","event":"worker.consumer_failed","fields":{"queueName":"pipeline","service":"pipeline-worker"}}
{"timestamp":"2026-09-12T11:47:15.513Z","level":"error","event":"worker.consumer_failed","fields":{"queueName":"pipeline","service":"pipeline-worker"}}
{"timestamp":"2026-09-12T11:47:16.061Z","level":"error","event":"queue.dispatch_cycle_failed","fields":{"queueName":"all","service":"pipeline-worker"}}
{"timestamp":"2026-09-12T11:47:17.092Z","level":"error","event":"queue.dispatch_cycle_failed","fields":{"queueName":"all","service":"pipeline-worker"}}
{"timestamp":"2026-09-12T11:47:20.365Z","level":"error","event":"queue.lease_sweep_failed","fields":{"queueName":"all","service":"pipeline-worker"}}
{"timestamp":"2026-09-12T11:47:20.526Z","level":"error","event":"queue.dispatch_cycle_failed","fields":{"queueName":"all","service":"pipeline-worker"}}
{"timestamp":"2026-09-12T11:47:21.677Z","level":"error","event":"queue.dispatch_cycle_failed","fields":{"queueName":"all","service":"pipeline-worker"}}
{"timestamp":"2026-09-12T11:47:22.708Z","level":"error","event":"queue.dispatch_cycle_failed","fields":{"queueName":"all","service":"pipeline-worker"}}
{"timestamp":"2026-09-12T11:47:23.735Z","level":"error","event":"queue.dispatch_cycle_failed","fields":{"queueName":"all","service":"pipeline-worker"}}
{"timestamp":"2026-09-12T11:47:24.767Z","level":"error","event":"queue.dispatch_cycle_failed","fields":{"queueName":"all","service":"pipeline-worker"}}
{"timestamp":"2026-09-12T11:47:25.791Z","level":"error","event":"queue.dispatch_cycle_failed","fields":{"queueName":"all","service":"pipeline-worker"}}
{"timestamp":"2026-09-12T11:47:26.811Z","level":"error","event":"queue.dispatch_cycle_failed","fields":{"queueName":"all","service":"pipeline-worker"}}
{"timestamp":"2026-09-12T11:47:30.225Z","level":"error","event":"queue.dispatch_cycle_failed","fields":{"queueName":"all","service":"pipeline-worker"}}
{"timestamp":"2026-09-12T11:47:32.811Z","level":"error","event":"queue.dispatch_cycle_failed","fields":{"queueName":"all","service":"pipeline-worker"}}
{"timestamp":"2026-09-12T11:47:33.844Z","level":"error","event":"queue.dispatch_cycle_failed","fields":{"queueName":"all","service":"pipeline-worker"}}
{"timestamp":"2026-09-12T11:47:34.605Z","level":"error","event":"worker.consumer_failed","fields":{"queueName":"pipeline","service":"pipeline-worker"}}
{"timestamp":"2026-09-12T11:47:34.871Z","level":"error","event":"queue.dispatch_cycle_failed","fields":{"queueName":"all","service":"pipeline-worker"}}
{"timestamp":"2026-09-12T11:47:35.527Z","level":"error","event":"worker.consumer_failed","fields":{"queueName":"pipeline","service":"pipeline-worker"}}
{"timestamp":"2026-09-12T11:47:35.698Z","level":"error","event":"queue.lease_sweep_failed","fields":{"queueName":"all","service":"pipeline-worker"}}
{"timestamp":"2026-09-12T11:47:35.889Z","level":"error","event":"queue.dispatch_cycle_failed","fields":{"queueName":"all","service":"pipeline-worker"}}
{"timestamp":"2026-09-12T11:47:37.702Z","level":"error","event":"queue.dispatch_cycle_failed","fields":{"queueName":"all","service":"pipeline-worker"}}
{"timestamp":"2026-09-12T11:47:41.428Z","level":"error","event":"queue.dispatch_cycle_failed","fields":{"queueName":"all","service":"pipeline-worker"}}
{"timestamp":"2026-09-12T11:47:42.452Z","level":"error","event":"queue.dispatch_cycle_failed","fields":{"queueName":"all","service":"pipeline-worker"}}
{"timestamp":"2026-09-12T11:47:46.091Z","level":"error","event":"queue.dispatch_cycle_failed","fields":{"queueName":"all","service":"pipeline-worker"}}
{"timestamp":"2026-09-12T11:47:47.118Z","level":"error","event":"queue.dispatch_cycle_failed","fields":{"queueName":"all","service":"pipeline-worker"}}
{"timestamp":"2026-09-12T11:47:48.153Z","level":"error","event":"queue.dispatch_cycle_failed","fields":{"queueName":"all","service":"pipeline-worker"}}
{"timestamp":"2026-09-12T11:47:49.382Z","level":"error","event":"queue.dispatch_cycle_failed","fields":{"queueName":"all","service":"pipeline-worker"}}
{"timestamp":"2026-09-12T11:47:50.406Z","level":"error","event":"queue.dispatch_cycle_failed","fields":{"queueName":"all","service":"pipeline-worker"}}
{"timestamp":"2026-09-12T11:47:51.434Z","level":"error","event":"queue.dispatch_cycle_failed","fields":{"queueName":"all","service":"pipeline-worker"}}
{"timestamp":"2026-09-12T11:47:52.476Z","level":"error","event":"queue.dispatch_cycle_failed","fields":{"queueName":"all","service":"pipeline-worker"}}
{"timestamp":"2026-09-12T11:47:54.628Z","level":"error","event":"worker.consumer_failed","fields":{"queueName":"pipeline","service":"pipeline-worker"}}
{"timestamp":"2026-09-12T11:47:54.642Z","level":"error","event":"queue.lease_sweep_failed","fields":{"queueName":"all","service":"pipeline-worker"}}
{"timestamp":"2026-09-12T11:47:55.549Z","level":"error","event":"worker.consumer_failed","fields":{"queueName":"pipeline","service":"pipeline-worker"}}
{"timestamp":"2026-09-12T11:47:56.014Z","level":"error","event":"queue.dispatch_cycle_failed","fields":{"queueName":"all","service":"pipeline-worker"}}
{"timestamp":"2026-09-12T11:47:57.039Z","level":"error","event":"queue.dispatch_cycle_failed","fields":{"queueName":"all","service":"pipeline-worker"}}
{"timestamp":"2026-09-12T11:48:05.625Z","level":"error","event":"queue.dispatch_cycle_failed","fields":{"queueName":"all","service":"pipeline-worker"}}
{"timestamp":"2026-09-12T11:48:06.658Z","level":"error","event":"queue.dispatch_cycle_failed","fields":{"queueName":"all","service":"pipeline-worker"}}
{"timestamp":"2026-09-12T11:48:07.673Z","level":"error","event":"queue.dispatch_cycle_failed","fields":{"queueName":"all","service":"pipeline-worker"}}
{"timestamp":"2026-09-12T11:48:08.703Z","level":"error","event":"queue.dispatch_cycle_failed","fields":{"queueName":"all","service":"pipeline-worker"}}
{"timestamp":"2026-09-12T11:48:09.670Z","level":"error","event":"queue.lease_sweep_failed","fields":{"queueName":"all","service":"pipeline-worker"}}
{"timestamp":"2026-09-12T11:48:09.733Z","level":"error","event":"queue.dispatch_cycle_failed","fields":{"queueName":"all","service":"pipeline-worker"}}
{"timestamp":"2026-09-12T11:48:11.786Z","level":"error","event":"queue.dispatch_cycle_failed","fields":{"queueName":"all","service":"pipeline-worker"}}
{"timestamp":"2026-09-12T11:48:12.814Z","level":"error","event":"queue.dispatch_cycle_failed","fields":{"queueName":"all","service":"pipeline-worker"}}
{"timestamp":"2026-09-12T11:48:13.844Z","level":"error","event":"queue.dispatch_cycle_failed","fields":{"queueName":"all","service":"pipeline-worker"}}
{"timestamp":"2026-09-12T11:48:14.635Z","level":"error","event":"worker.consumer_failed","fields":{"queueName":"pipeline","service":"pipeline-worker"}}
{"timestamp":"2026-09-12T11:48:14.869Z","level":"error","event":"queue.dispatch_cycle_failed","fields":{"queueName":"all","service":"pipeline-worker"}}
{"timestamp":"2026-09-12T11:48:15.558Z","level":"error","event":"worker.consumer_failed","fields":{"queueName":"pipeline","service":"pipeline-worker"}}
{"timestamp":"2026-09-12T11:48:18.982Z","level":"error","event":"queue.dispatch_cycle_failed","fields":{"queueName":"all","service":"pipeline-worker"}}
{"timestamp":"2026-09-12T11:48:22.798Z","level":"error","event":"queue.dispatch_cycle_failed","fields":{"queueName":"all","service":"pipeline-worker"}}
{"timestamp":"2026-09-12T11:48:24.698Z","level":"error","event":"queue.lease_sweep_failed","fields":{"queueName":"all","service":"pipeline-worker"}}
{"timestamp":"2026-09-12T11:48:27.684Z","level":"error","event":"queue.dispatch_cycle_failed","fields":{"queueName":"all","service":"pipeline-worker"}}
{"timestamp":"2026-09-12T11:48:28.718Z","level":"error","event":"queue.dispatch_cycle_failed","fields":{"queueName":"all","service":"pipeline-worker"}}
{"timestamp":"2026-09-12T11:48:29.744Z","level":"error","event":"queue.dispatch_cycle_failed","fields":{"queueName":"all","service":"pipeline-worker"}}
{"timestamp":"2026-09-12T11:48:30.775Z","level":"error","event":"queue.dispatch_cycle_failed","fields":{"queueName":"all","service":"pipeline-worker"}}
{"timestamp":"2026-09-12T11:48:31.804Z","level":"error","event":"queue.dispatch_cycle_failed","fields":{"queueName":"all","service":"pipeline-worker"}}
{"timestamp":"2026-09-12T11:48:32.833Z","level":"error","event":"queue.dispatch_cycle_failed","fields":{"queueName":"all","service":"pipeline-worker"}}
{"timestamp":"2026-09-12T11:48:33.863Z","level":"error","event":"queue.dispatch_cycle_failed","fields":{"queueName":"all","service":"pipeline-worker"}}
{"timestamp":"2026-09-12T11:48:34.653Z","level":"error","event":"worker.consumer_failed","fields":{"queueName":"pipeline","service":"pipeline-worker"}}
{"timestamp":"2026-09-12T11:48:35.569Z","level":"error","event":"worker.consumer_failed","fields":{"queueName":"pipeline","service":"pipeline-worker"}}
{"timestamp":"2026-09-12T11:48:37.527Z","level":"error","event":"queue.dispatch_cycle_failed","fields":{"queueName":"all","service":"pipeline-worker"}}
{"timestamp":"2026-09-12T11:48:38.558Z","level":"error","event":"queue.dispatch_cycle_failed","fields":{"queueName":"all","service":"pipeline-worker"}}
{"timestamp":"2026-09-12T11:48:39.586Z","level":"error","event":"queue.dispatch_cycle_failed","fields":{"queueName":"all","service":"pipeline-worker"}}
{"timestamp":"2026-09-12T11:48:41.719Z","level":"error","event":"queue.lease_sweep_failed","fields":{"queueName":"all","service":"pipeline-worker"}}
{"timestamp":"2026-09-12T11:48:42.854Z","level":"error","event":"queue.dispatch_cycle_failed","fields":{"queueName":"all","service":"pipeline-worker"}}
{"timestamp":"2026-09-12T11:48:48.122Z","level":"error","event":"queue.dispatch_cycle_failed","fields":{"queueName":"all","service":"pipeline-worker"}}
{"timestamp":"2026-09-12T11:48:49.152Z","level":"error","event":"queue.dispatch_cycle_failed","fields":{"queueName":"all","service":"pipeline-worker"}}
{"timestamp":"2026-09-12T11:48:50.188Z","level":"error","event":"queue.dispatch_cycle_failed","fields":{"queueName":"all","service":"pipeline-worker"}}
{"timestamp":"2026-09-12T11:48:51.228Z","level":"error","event":"queue.dispatch_cycle_failed","fields":{"queueName":"all","service":"pipeline-worker"}}
{"timestamp":"2026-09-12T11:48:52.261Z","level":"error","event":"queue.dispatch_cycle_failed","fields":{"queueName":"all","service":"pipeline-worker"}}
{"timestamp":"2026-09-12T11:48:54.485Z","level":"error","event":"queue.dispatch_cycle_failed","fields":{"queueName":"all","service":"pipeline-worker"}}
{"timestamp":"2026-09-12T11:48:54.658Z","level":"error","event":"worker.consumer_failed","fields":{"queueName":"pipeline","service":"pipeline-worker"}}
{"timestamp":"2026-09-12T11:48:55.519Z","level":"error","event":"queue.dispatch_cycle_failed","fields":{"queueName":"all","service":"pipeline-worker"}}
{"timestamp":"2026-09-12T11:48:55.585Z","level":"error","event":"worker.consumer_failed","fields":{"queueName":"pipeline","service":"pipeline-worker"}}
{"timestamp":"2026-09-12T11:48:56.743Z","level":"error","event":"queue.lease_sweep_failed","fields":{"queueName":"all","service":"pipeline-worker"}}
{"timestamp":"2026-09-12T11:48:56.952Z","level":"error","event":"queue.dispatch_cycle_failed","fields":{"queueName":"all","service":"pipeline-worker"}}
{"timestamp":"2026-09-12T11:48:58.523Z","level":"error","event":"queue.dispatch_cycle_failed","fields":{"queueName":"all","service":"pipeline-worker"}}
{"timestamp":"2026-09-12T11:49:03.467Z","level":"error","event":"queue.dispatch_cycle_failed","fields":{"queueName":"all","service":"pipeline-worker"}}
{"timestamp":"2026-09-12T11:49:07.024Z","level":"error","event":"queue.dispatch_cycle_failed","fields":{"queueName":"all","service":"pipeline-worker"}}
{"timestamp":"2026-09-12T11:49:08.051Z","level":"error","event":"queue.dispatch_cycle_failed","fields":{"queueName":"all","service":"pipeline-worker"}}
{"timestamp":"2026-09-12T11:49:09.085Z","level":"error","event":"queue.dispatch_cycle_failed","fields":{"queueName":"all","service":"pipeline-worker"}}
{"timestamp":"2026-09-12T11:49:10.117Z","level":"error","event":"queue.dispatch_cycle_failed","fields":{"queueName":"all","service":"pipeline-worker"}}
{"timestamp":"2026-09-12T11:49:11.142Z","level":"error","event":"queue.dispatch_cycle_failed","fields":{"queueName":"all","service":"pipeline-worker"}}
{"timestamp":"2026-09-12T11:49:12.178Z","level":"error","event":"queue.dispatch_cycle_failed","fields":{"queueName":"all","service":"pipeline-worker"}}
{"timestamp":"2026-09-12T11:49:14.539Z","level":"error","event":"queue.lease_sweep_failed","fields":{"queueName":"all","service":"pipeline-worker"}}
{"timestamp":"2026-09-12T11:49:14.667Z","level":"error","event":"worker.consumer_failed","fields":{"queueName":"pipeline","service":"pipeline-worker"}}
{"timestamp":"2026-09-12T11:49:15.521Z","level":"error","event":"queue.dispatch_cycle_failed","fields":{"queueName":"all","service":"pipeline-worker"}}
{"timestamp":"2026-09-12T11:49:15.601Z","level":"error","event":"worker.consumer_failed","fields":{"queueName":"pipeline","service":"pipeline-worker"}}
{"timestamp":"2026-09-12T11:49:16.558Z","level":"error","event":"queue.dispatch_cycle_failed","fields":{"queueName":"all","service":"pipeline-worker"}}
{"timestamp":"2026-09-12T11:49:17.596Z","level":"error","event":"queue.dispatch_cycle_failed","fields":{"queueName":"all","service":"pipeline-worker"}}
{"timestamp":"2026-09-12T11:49:18.632Z","level":"error","event":"queue.dispatch_cycle_failed","fields":{"queueName":"all","service":"pipeline-worker"}}
{"timestamp":"2026-09-12T11:49:26.127Z","level":"error","event":"queue.dispatch_cycle_failed","fields":{"queueName":"all","service":"pipeline-worker"}}
{"timestamp":"2026-09-12T11:49:27.165Z","level":"error","event":"queue.dispatch_cycle_failed","fields":{"queueName":"all","service":"pipeline-worker"}}
{"timestamp":"2026-09-12T11:49:28.194Z","level":"error","event":"queue.dispatch_cycle_failed","fields":{"queueName":"all","service":"pipeline-worker"}}
{"timestamp":"2026-09-12T11:49:29.229Z","level":"error","event":"queue.dispatch_cycle_failed","fields":{"queueName":"all","service":"pipeline-worker"}}
{"timestamp":"2026-09-12T11:49:29.565Z","level":"error","event":"queue.lease_sweep_failed","fields":{"queueName":"all","service":"pipeline-worker"}}
{"timestamp":"2026-09-12T11:49:30.263Z","level":"error","event":"queue.dispatch_cycle_failed","fields":{"queueName":"all","service":"pipeline-worker"}}
{"timestamp":"2026-09-12T11:49:31.298Z","level":"error","event":"queue.dispatch_cycle_failed","fields":{"queueName":"all","service":"pipeline-worker"}}
{"timestamp":"2026-09-12T11:49:32.331Z","level":"error","event":"queue.dispatch_cycle_failed","fields":{"queueName":"all","service":"pipeline-worker"}}
{"timestamp":"2026-09-12T11:49:33.355Z","level":"error","event":"queue.dispatch_cycle_failed","fields":{"queueName":"all","service":"pipeline-worker"}}
{"timestamp":"2026-09-12T11:49:34.390Z","level":"error","event":"queue.dispatch_cycle_failed","fields":{"queueName":"all","service":"pipeline-worker"}}
{"timestamp":"2026-09-12T11:49:34.676Z","level":"error","event":"worker.consumer_failed","fields":{"queueName":"pipeline","service":"pipeline-worker"}}
{"timestamp":"2026-09-12T11:49:35.616Z","level":"error","event":"worker.consumer_failed","fields":{"queueName":"pipeline","service":"pipeline-worker"}}
{"timestamp":"2026-09-12T11:49:44.598Z","level":"error","event":"queue.lease_sweep_failed","fields":{"queueName":"all","service":"pipeline-worker"}}
{"timestamp":"2026-09-12T11:49:45.450Z","level":"error","event":"queue.dispatch_cycle_failed","fields":{"queueName":"all","service":"pipeline-worker"}}
{"timestamp":"2026-09-12T11:49:46.486Z","level":"error","event":"queue.dispatch_cycle_failed","fields":{"queueName":"all","service":"pipeline-worker"}}
{"timestamp":"2026-09-12T11:49:47.519Z","level":"error","event":"queue.dispatch_cycle_failed","fields":{"queueName":"all","service":"pipeline-worker"}}
{"timestamp":"2026-09-12T11:49:48.554Z","level":"error","event":"queue.dispatch_cycle_failed","fields":{"queueName":"all","service":"pipeline-worker"}}
{"timestamp":"2026-09-12T11:49:49.579Z","level":"error","event":"queue.dispatch_cycle_failed","fields":{"queueName":"all","service":"pipeline-worker"}}
{"timestamp":"2026-09-12T11:49:50.610Z","level":"error","event":"queue.dispatch_cycle_failed","fields":{"queueName":"all","service":"pipeline-worker"}}
{"timestamp":"2026-09-12T11:49:52.094Z","level":"error","event":"queue.dispatch_cycle_failed","fields":{"queueName":"all","service":"pipeline-worker"}}
{"timestamp":"2026-09-12T11:49:53.121Z","level":"error","event":"queue.dispatch_cycle_failed","fields":{"queueName":"all","service":"pipeline-worker"}}
{"timestamp":"2026-09-12T11:49:54.156Z","level":"error","event":"queue.dispatch_cycle_failed","fields":{"queueName":"all","service":"pipeline-worker"}}
{"timestamp":"2026-09-12T11:49:54.698Z","level":"error","event":"worker.consumer_failed","fields":{"queueName":"pipeline","service":"pipeline-worker"}}
{"timestamp":"2026-09-12T11:49:55.640Z","level":"error","event":"worker.consumer_failed","fields":{"queueName":"pipeline","service":"pipeline-worker"}}
{"timestamp":"2026-09-12T11:49:58.376Z","level":"error","event":"queue.dispatch_cycle_failed","fields":{"queueName":"all","service":"pipeline-worker"}}
{"timestamp":"2026-09-12T11:49:59.400Z","level":"error","event":"queue.dispatch_cycle_failed","fields":{"queueName":"all","service":"pipeline-worker"}}
{"timestamp":"2026-09-12T11:50:04.794Z","level":"error","event":"queue.lease_sweep_failed","fields":{"queueName":"all","service":"pipeline-worker"}}
{"timestamp":"2026-09-12T11:50:05.227Z","level":"error","event":"queue.dispatch_cycle_failed","fields":{"queueName":"all","service":"pipeline-worker"}}
{"timestamp":"2026-09-12T11:50:06.260Z","level":"error","event":"queue.dispatch_cycle_failed","fields":{"queueName":"all","service":"pipeline-worker"}}
{"timestamp":"2026-09-12T11:50:07.528Z","level":"error","event":"queue.dispatch_cycle_failed","fields":{"queueName":"all","service":"pipeline-worker"}}
{"timestamp":"2026-09-12T11:50:08.562Z","level":"error","event":"queue.dispatch_cycle_failed","fields":{"queueName":"all","service":"pipeline-worker"}}
{"timestamp":"2026-09-12T11:50:09.598Z","level":"error","event":"queue.dispatch_cycle_failed","fields":{"queueName":"all","service":"pipeline-worker"}}
{"timestamp":"2026-09-12T11:50:10.632Z","level":"error","event":"queue.dispatch_cycle_failed","fields":{"queueName":"all","service":"pipeline-worker"}}
{"timestamp":"2026-09-12T11:50:11.664Z","level":"error","event":"queue.dispatch_cycle_failed","fields":{"queueName":"all","service":"pipeline-worker"}}
{"timestamp":"2026-09-12T11:50:12.696Z","level":"error","event":"queue.dispatch_cycle_failed","fields":{"queueName":"all","service":"pipeline-worker"}}
{"timestamp":"2026-09-12T11:50:14.708Z","level":"error","event":"worker.consumer_failed","fields":{"queueName":"pipeline","service":"pipeline-worker"}}
{"timestamp":"2026-09-12T11:50:15.650Z","level":"error","event":"worker.consumer_failed","fields":{"queueName":"pipeline","service":"pipeline-worker"}}
{"timestamp":"2026-09-12T11:50:15.827Z","level":"error","event":"queue.dispatch_cycle_failed","fields":{"queueName":"all","service":"pipeline-worker"}}
{"timestamp":"2026-09-12T11:50:22.733Z","level":"error","event":"queue.dispatch_cycle_failed","fields":{"queueName":"all","service":"pipeline-worker"}}
{"timestamp":"2026-09-12T11:50:22.925Z","level":"error","event":"queue.lease_sweep_failed","fields":{"queueName":"all","service":"pipeline-worker"}}
{"timestamp":"2026-09-12T11:50:23.773Z","level":"error","event":"queue.dispatch_cycle_failed","fields":{"queueName":"all","service":"pipeline-worker"}}
{"timestamp":"2026-09-12T11:50:25.745Z","level":"error","event":"queue.dispatch_cycle_failed","fields":{"queueName":"all","service":"pipeline-worker"}}
{"timestamp":"2026-09-12T11:50:28.567Z","level":"error","event":"queue.dispatch_cycle_failed","fields":{"queueName":"all","service":"pipeline-worker"}}
{"timestamp":"2026-09-12T11:50:29.595Z","level":"error","event":"queue.dispatch_cycle_failed","fields":{"queueName":"all","service":"pipeline-worker"}}
{"timestamp":"2026-09-12T11:50:30.618Z","level":"error","event":"queue.dispatch_cycle_failed","fields":{"queueName":"all","service":"pipeline-worker"}}
{"timestamp":"2026-09-12T11:50:31.654Z","level":"error","event":"queue.dispatch_cycle_failed","fields":{"queueName":"all","service":"pipeline-worker"}}
{"timestamp":"2026-09-12T11:50:32.682Z","level":"error","event":"queue.dispatch_cycle_failed","fields":{"queueName":"all","service":"pipeline-worker"}}
{"timestamp":"2026-09-12T11:50:33.716Z","level":"error","event":"queue.dispatch_cycle_failed","fields":{"queueName":"all","service":"pipeline-worker"}}
{"timestamp":"2026-09-12T11:50:34.722Z","level":"error","event":"worker.consumer_failed","fields":{"queueName":"pipeline","service":"pipeline-worker"}}
{"timestamp":"2026-09-12T11:50:35.666Z","level":"error","event":"worker.consumer_failed","fields":{"queueName":"pipeline","service":"pipeline-worker"}}
{"timestamp":"2026-09-12T11:50:37.963Z","level":"error","event":"queue.lease_sweep_failed","fields":{"queueName":"all","service":"pipeline-worker"}}
{"timestamp":"2026-09-12T11:50:42.178Z","level":"error","event":"queue.dispatch_cycle_failed","fields":{"queueName":"all","service":"pipeline-worker"}}
{"timestamp":"2026-09-12T11:50:43.216Z","level":"error","event":"queue.dispatch_cycle_failed","fields":{"queueName":"all","service":"pipeline-worker"}}
{"timestamp":"2026-09-12T11:50:44.254Z","level":"error","event":"queue.dispatch_cycle_failed","fields":{"queueName":"all","service":"pipeline-worker"}}
{"timestamp":"2026-09-12T11:50:45.296Z","level":"error","event":"queue.dispatch_cycle_failed","fields":{"queueName":"all","service":"pipeline-worker"}}
{"timestamp":"2026-09-12T11:50:48.327Z","level":"error","event":"queue.dispatch_cycle_failed","fields":{"queueName":"all","service":"pipeline-worker"}}
{"timestamp":"2026-09-12T11:50:49.342Z","level":"error","event":"queue.dispatch_cycle_failed","fields":{"queueName":"all","service":"pipeline-worker"}}
{"timestamp":"2026-09-12T11:50:50.372Z","level":"error","event":"queue.dispatch_cycle_failed","fields":{"queueName":"all","service":"pipeline-worker"}}
{"timestamp":"2026-09-12T11:50:51.401Z","level":"error","event":"queue.dispatch_cycle_failed","fields":{"queueName":"all","service":"pipeline-worker"}}
{"timestamp":"2026-09-12T11:50:52.435Z","level":"error","event":"queue.dispatch_cycle_failed","fields":{"queueName":"all","service":"pipeline-worker"}}
{"timestamp":"2026-09-12T11:50:52.991Z","level":"error","event":"queue.lease_sweep_failed","fields":{"queueName":"all","service":"pipeline-worker"}}
{"timestamp":"2026-09-12T11:50:54.735Z","level":"error","event":"worker.consumer_failed","fields":{"queueName":"pipeline","service":"pipeline-worker"}}
{"timestamp":"2026-09-12T11:50:55.689Z","level":"error","event":"worker.consumer_failed","fields":{"queueName":"pipeline","service":"pipeline-worker"}}
{"timestamp":"2026-09-12T11:50:58.176Z","level":"error","event":"queue.dispatch_cycle_failed","fields":{"queueName":"all","service":"pipeline-worker"}}
{"timestamp":"2026-09-12T11:50:59.213Z","level":"error","event":"queue.dispatch_cycle_failed","fields":{"queueName":"all","service":"pipeline-worker"}}
{"timestamp":"2026-09-12T11:51:01.905Z","level":"error","event":"queue.dispatch_cycle_failed","fields":{"queueName":"all","service":"pipeline-worker"}}
{"timestamp":"2026-09-12T11:51:02.945Z","level":"error","event":"queue.dispatch_cycle_failed","fields":{"queueName":"all","service":"pipeline-worker"}}
{"timestamp":"2026-09-12T11:51:03.980Z","level":"error","event":"queue.dispatch_cycle_failed","fields":{"queueName":"all","service":"pipeline-worker"}}
{"timestamp":"2026-09-12T11:51:05.052Z","level":"error","event":"queue.dispatch_cycle_failed","fields":{"queueName":"all","service":"pipeline-worker"}}
{"timestamp":"2026-09-12T11:51:06.079Z","level":"error","event":"queue.dispatch_cycle_failed","fields":{"queueName":"all","service":"pipeline-worker"}}
{"timestamp":"2026-09-12T11:51:07.112Z","level":"error","event":"queue.dispatch_cycle_failed","fields":{"queueName":"all","service":"pipeline-worker"}}
{"timestamp":"2026-09-12T11:51:11.330Z","level":"error","event":"queue.dispatch_cycle_failed","fields":{"queueName":"all","service":"pipeline-worker"}}
{"timestamp":"2026-09-12T11:51:12.413Z","level":"error","event":"queue.lease_sweep_failed","fields":{"queueName":"all","service":"pipeline-worker"}}
{"timestamp":"2026-09-12T11:51:14.747Z","level":"error","event":"worker.consumer_failed","fields":{"queueName":"pipeline","service":"pipeline-worker"}}
{"timestamp":"2026-09-12T11:51:15.706Z","level":"error","event":"worker.consumer_failed","fields":{"queueName":"pipeline","service":"pipeline-worker"}}
{"timestamp":"2026-09-12T11:51:15.948Z","level":"error","event":"queue.dispatch_cycle_failed","fields":{"queueName":"all","service":"pipeline-worker"}}
{"timestamp":"2026-09-12T11:51:16.988Z","level":"error","event":"queue.dispatch_cycle_failed","fields":{"queueName":"all","service":"pipeline-worker"}}
{"timestamp":"2026-09-12T11:51:18.024Z","level":"error","event":"queue.dispatch_cycle_failed","fields":{"queueName":"all","service":"pipeline-worker"}}
{"timestamp":"2026-09-12T11:51:19.054Z","level":"error","event":"queue.dispatch_cycle_failed","fields":{"queueName":"all","service":"pipeline-worker"}}
{"timestamp":"2026-09-12T11:51:20.312Z","level":"error","event":"queue.dispatch_cycle_failed","fields":{"queueName":"all","service":"pipeline-worker"}}
{"timestamp":"2026-09-12T11:51:21.341Z","level":"error","event":"queue.dispatch_cycle_failed","fields":{"queueName":"all","service":"pipeline-worker"}}
{"timestamp":"2026-09-12T11:51:23.584Z","level":"error","event":"queue.dispatch_cycle_failed","fields":{"queueName":"all","service":"pipeline-worker"}}
{"timestamp":"2026-09-12T11:51:24.618Z","level":"error","event":"queue.dispatch_cycle_failed","fields":{"queueName":"all","service":"pipeline-worker"}}
{"timestamp":"2026-09-12T11:51:26.859Z","level":"error","event":"queue.dispatch_cycle_failed","fields":{"queueName":"all","service":"pipeline-worker"}}
{"timestamp":"2026-09-12T11:51:31.907Z","level":"error","event":"queue.lease_sweep_failed","fields":{"queueName":"all","service":"pipeline-worker"}}
{"timestamp":"2026-09-12T11:51:33.181Z","level":"error","event":"queue.dispatch_cycle_failed","fields":{"queueName":"all","service":"pipeline-worker"}}
{"timestamp":"2026-09-12T11:51:34.216Z","level":"error","event":"queue.dispatch_cycle_failed","fields":{"queueName":"all","service":"pipeline-worker"}}
{"timestamp":"2026-09-12T11:51:34.772Z","level":"error","event":"worker.consumer_failed","fields":{"queueName":"pipeline","service":"pipeline-worker"}}
{"timestamp":"2026-09-12T11:51:35.251Z","level":"error","event":"queue.dispatch_cycle_failed","fields":{"queueName":"all","service":"pipeline-worker"}}
{"timestamp":"2026-09-12T11:51:35.715Z","level":"error","event":"worker.consumer_failed","fields":{"queueName":"pipeline","service":"pipeline-worker"}}
{"timestamp":"2026-09-12T11:51:36.275Z","level":"error","event":"queue.dispatch_cycle_failed","fields":{"queueName":"all","service":"pipeline-worker"}}
{"timestamp":"2026-09-12T11:51:37.313Z","level":"error","event":"queue.dispatch_cycle_failed","fields":{"queueName":"all","service":"pipeline-worker"}}
{"timestamp":"2026-09-12T11:51:38.349Z","level":"error","event":"queue.dispatch_cycle_failed","fields":{"queueName":"all","service":"pipeline-worker"}}
{"timestamp":"2026-09-12T11:51:42.751Z","level":"error","event":"queue.dispatch_cycle_failed","fields":{"queueName":"all","service":"pipeline-worker"}}
{"timestamp":"2026-09-12T11:51:43.780Z","level":"error","event":"queue.dispatch_cycle_failed","fields":{"queueName":"all","service":"pipeline-worker"}}
{"timestamp":"2026-09-12T11:51:44.818Z","level":"error","event":"queue.dispatch_cycle_failed","fields":{"queueName":"all","service":"pipeline-worker"}}
{"timestamp":"2026-09-12T11:51:46.689Z","level":"error","event":"queue.dispatch_cycle_failed","fields":{"queueName":"all","service":"pipeline-worker"}}
{"timestamp":"2026-09-12T11:51:46.928Z","level":"error","event":"queue.lease_sweep_failed","fields":{"queueName":"all","service":"pipeline-worker"}}
{"timestamp":"2026-09-12T11:51:47.725Z","level":"error","event":"queue.dispatch_cycle_failed","fields":{"queueName":"all","service":"pipeline-worker"}}
{"timestamp":"2026-09-12T11:51:54.409Z","level":"error","event":"queue.dispatch_cycle_failed","fields":{"queueName":"all","service":"pipeline-worker"}}
{"timestamp":"2026-09-12T11:51:54.794Z","level":"error","event":"worker.consumer_failed","fields":{"queueName":"pipeline","service":"pipeline-worker"}}
{"timestamp":"2026-09-12T11:51:55.723Z","level":"error","event":"worker.consumer_failed","fields":{"queueName":"pipeline","service":"pipeline-worker"}}
{"timestamp":"2026-09-12T11:51:55.929Z","level":"error","event":"queue.dispatch_cycle_failed","fields":{"queueName":"all","service":"pipeline-worker"}}
{"timestamp":"2026-09-12T11:51:56.970Z","level":"error","event":"queue.dispatch_cycle_failed","fields":{"queueName":"all","service":"pipeline-worker"}}
{"timestamp":"2026-09-12T11:51:58.004Z","level":"error","event":"queue.dispatch_cycle_failed","fields":{"queueName":"all","service":"pipeline-worker"}}
{"timestamp":"2026-09-12T11:51:59.040Z","level":"error","event":"queue.dispatch_cycle_failed","fields":{"queueName":"all","service":"pipeline-worker"}}
{"timestamp":"2026-09-12T11:52:00.076Z","level":"error","event":"queue.dispatch_cycle_failed","fields":{"queueName":"all","service":"pipeline-worker"}}
{"timestamp":"2026-09-12T11:52:01.959Z","level":"error","event":"queue.lease_sweep_failed","fields":{"queueName":"all","service":"pipeline-worker"}}
{"timestamp":"2026-09-12T11:52:04.336Z","level":"error","event":"queue.dispatch_cycle_failed","fields":{"queueName":"all","service":"pipeline-worker"}}
{"timestamp":"2026-09-12T11:52:05.364Z","level":"error","event":"queue.dispatch_cycle_failed","fields":{"queueName":"all","service":"pipeline-worker"}}
{"timestamp":"2026-09-12T11:52:06.402Z","level":"error","event":"queue.dispatch_cycle_failed","fields":{"queueName":"all","service":"pipeline-worker"}}
{"timestamp":"2026-09-12T11:52:11.868Z","level":"error","event":"queue.dispatch_cycle_failed","fields":{"queueName":"all","service":"pipeline-worker"}}
{"timestamp":"2026-09-12T11:52:12.898Z","level":"error","event":"queue.dispatch_cycle_failed","fields":{"queueName":"all","service":"pipeline-worker"}}
{"timestamp":"2026-09-12T11:52:13.934Z","level":"error","event":"queue.dispatch_cycle_failed","fields":{"queueName":"all","service":"pipeline-worker"}}
{"timestamp":"2026-09-12T11:52:14.811Z","level":"error","event":"worker.consumer_failed","fields":{"queueName":"pipeline","service":"pipeline-worker"}}
{"timestamp":"2026-09-12T11:52:14.970Z","level":"error","event":"queue.dispatch_cycle_failed","fields":{"queueName":"all","service":"pipeline-worker"}}
{"timestamp":"2026-09-12T11:52:15.744Z","level":"error","event":"worker.consumer_failed","fields":{"queueName":"pipeline","service":"pipeline-worker"}}
{"timestamp":"2026-09-12T11:52:16.001Z","level":"error","event":"queue.dispatch_cycle_failed","fields":{"queueName":"all","service":"pipeline-worker"}}
{"timestamp":"2026-09-12T11:52:16.983Z","level":"error","event":"queue.lease_sweep_failed","fields":{"queueName":"all","service":"pipeline-worker"}}
{"timestamp":"2026-09-12T11:52:21.313Z","level":"error","event":"queue.dispatch_cycle_failed","fields":{"queueName":"all","service":"pipeline-worker"}}
{"timestamp":"2026-09-12T11:52:22.338Z","level":"error","event":"queue.dispatch_cycle_failed","fields":{"queueName":"all","service":"pipeline-worker"}}
{"timestamp":"2026-09-12T11:52:23.370Z","level":"error","event":"queue.dispatch_cycle_failed","fields":{"queueName":"all","service":"pipeline-worker"}}
{"timestamp":"2026-09-12T11:52:25.223Z","level":"error","event":"queue.dispatch_cycle_failed","fields":{"queueName":"all","service":"pipeline-worker"}}
{"timestamp":"2026-09-12T11:52:29.308Z","level":"error","event":"queue.dispatch_cycle_failed","fields":{"queueName":"all","service":"pipeline-worker"}}
{"timestamp":"2026-09-12T11:52:30.338Z","level":"error","event":"queue.dispatch_cycle_failed","fields":{"queueName":"all","service":"pipeline-worker"}}
{"timestamp":"2026-09-12T11:52:31.360Z","level":"error","event":"queue.dispatch_cycle_failed","fields":{"queueName":"all","service":"pipeline-worker"}}
{"timestamp":"2026-09-12T11:52:32.021Z","level":"error","event":"queue.lease_sweep_failed","fields":{"queueName":"all","service":"pipeline-worker"}}
{"timestamp":"2026-09-12T11:52:32.385Z","level":"error","event":"queue.dispatch_cycle_failed","fields":{"queueName":"all","service":"pipeline-worker"}}
{"timestamp":"2026-09-12T11:52:34.844Z","level":"error","event":"worker.consumer_failed","fields":{"queueName":"pipeline","service":"pipeline-worker"}}
{"timestamp":"2026-09-12T11:52:35.754Z","level":"error","event":"worker.consumer_failed","fields":{"queueName":"pipeline","service":"pipeline-worker"}}
{"timestamp":"2026-09-12T11:52:36.327Z","level":"error","event":"queue.dispatch_cycle_failed","fields":{"queueName":"all","service":"pipeline-worker"}}
{"timestamp":"2026-09-12T11:52:37.363Z","level":"error","event":"queue.dispatch_cycle_failed","fields":{"queueName":"all","service":"pipeline-worker"}}
{"timestamp":"2026-09-12T11:52:38.393Z","level":"error","event":"queue.dispatch_cycle_failed","fields":{"queueName":"all","service":"pipeline-worker"}}
{"timestamp":"2026-09-12T11:52:40.138Z","level":"error","event":"queue.dispatch_cycle_failed","fields":{"queueName":"all","service":"pipeline-worker"}}
{"timestamp":"2026-09-12T11:52:41.170Z","level":"error","event":"queue.dispatch_cycle_failed","fields":{"queueName":"all","service":"pipeline-worker"}}
{"timestamp":"2026-09-12T11:52:47.066Z","level":"error","event":"queue.lease_sweep_failed","fields":{"queueName":"all","service":"pipeline-worker"}}
{"timestamp":"2026-09-12T11:52:47.374Z","level":"error","event":"queue.dispatch_cycle_failed","fields":{"queueName":"all","service":"pipeline-worker"}}
{"timestamp":"2026-09-12T11:52:48.411Z","level":"error","event":"queue.dispatch_cycle_failed","fields":{"queueName":"all","service":"pipeline-worker"}}
{"timestamp":"2026-09-12T11:52:49.437Z","level":"error","event":"queue.dispatch_cycle_failed","fields":{"queueName":"all","service":"pipeline-worker"}}
{"timestamp":"2026-09-12T11:52:50.469Z","level":"error","event":"queue.dispatch_cycle_failed","fields":{"queueName":"all","service":"pipeline-worker"}}
{"timestamp":"2026-09-12T11:52:51.931Z","level":"error","event":"queue.dispatch_cycle_failed","fields":{"queueName":"all","service":"pipeline-worker"}}
{"timestamp":"2026-09-12T11:52:52.962Z","level":"error","event":"queue.dispatch_cycle_failed","fields":{"queueName":"all","service":"pipeline-worker"}}
{"timestamp":"2026-09-12T11:52:53.980Z","level":"error","event":"queue.dispatch_cycle_failed","fields":{"queueName":"all","service":"pipeline-worker"}}
{"timestamp":"2026-09-12T11:52:54.853Z","level":"error","event":"worker.consumer_failed","fields":{"queueName":"pipeline","service":"pipeline-worker"}}
{"timestamp":"2026-09-12T11:52:55.762Z","level":"error","event":"worker.consumer_failed","fields":{"queueName":"pipeline","service":"pipeline-worker"}}
{"timestamp":"2026-09-12T11:52:57.128Z","level":"error","event":"queue.dispatch_cycle_failed","fields":{"queueName":"all","service":"pipeline-worker"}}
{"timestamp":"2026-09-12T11:52:58.158Z","level":"error","event":"queue.dispatch_cycle_failed","fields":{"queueName":"all","service":"pipeline-worker"}}
{"timestamp":"2026-09-12T11:53:02.401Z","level":"error","event":"queue.lease_sweep_failed","fields":{"queueName":"all","service":"pipeline-worker"}}
{"timestamp":"2026-09-12T11:53:06.677Z","level":"error","event":"queue.dispatch_cycle_failed","fields":{"queueName":"all","service":"pipeline-worker"}}
{"timestamp":"2026-09-12T11:53:07.706Z","level":"error","event":"queue.dispatch_cycle_failed","fields":{"queueName":"all","service":"pipeline-worker"}}
{"timestamp":"2026-09-12T11:53:09.132Z","level":"error","event":"queue.dispatch_cycle_failed","fields":{"queueName":"all","service":"pipeline-worker"}}
{"timestamp":"2026-09-12T11:53:10.170Z","level":"error","event":"queue.dispatch_cycle_failed","fields":{"queueName":"all","service":"pipeline-worker"}}
{"timestamp":"2026-09-12T11:53:11.728Z","level":"error","event":"queue.dispatch_cycle_failed","fields":{"queueName":"all","service":"pipeline-worker"}}
{"timestamp":"2026-09-12T11:53:12.765Z","level":"error","event":"queue.dispatch_cycle_failed","fields":{"queueName":"all","service":"pipeline-worker"}}
{"timestamp":"2026-09-12T11:53:13.797Z","level":"error","event":"queue.dispatch_cycle_failed","fields":{"queueName":"all","service":"pipeline-worker"}}
{"timestamp":"2026-09-12T11:53:14.864Z","level":"error","event":"worker.consumer_failed","fields":{"queueName":"pipeline","service":"pipeline-worker"}}
{"timestamp":"2026-09-12T11:53:15.485Z","level":"error","event":"queue.dispatch_cycle_failed","fields":{"queueName":"all","service":"pipeline-worker"}}
{"timestamp":"2026-09-12T11:53:15.771Z","level":"error","event":"worker.consumer_failed","fields":{"queueName":"pipeline","service":"pipeline-worker"}}
{"timestamp":"2026-09-12T11:53:16.518Z","level":"error","event":"queue.dispatch_cycle_failed","fields":{"queueName":"all","service":"pipeline-worker"}}
{"timestamp":"2026-09-12T11:53:17.422Z","level":"error","event":"queue.lease_sweep_failed","fields":{"queueName":"all","service":"pipeline-worker"}}
{"timestamp":"2026-09-12T11:53:22.388Z","level":"error","event":"queue.dispatch_cycle_failed","fields":{"queueName":"all","service":"pipeline-worker"}}
{"timestamp":"2026-09-12T11:53:23.423Z","level":"error","event":"queue.dispatch_cycle_failed","fields":{"queueName":"all","service":"pipeline-worker"}}
{"timestamp":"2026-09-12T11:53:24.688Z","level":"error","event":"queue.dispatch_cycle_failed","fields":{"queueName":"all","service":"pipeline-worker"}}
{"timestamp":"2026-09-12T11:53:29.993Z","level":"error","event":"queue.dispatch_cycle_failed","fields":{"queueName":"all","service":"pipeline-worker"}}
{"timestamp":"2026-09-12T11:53:31.028Z","level":"error","event":"queue.dispatch_cycle_failed","fields":{"queueName":"all","service":"pipeline-worker"}}
{"timestamp":"2026-09-12T11:53:32.054Z","level":"error","event":"queue.dispatch_cycle_failed","fields":{"queueName":"all","service":"pipeline-worker"}}
{"timestamp":"2026-09-12T11:53:32.458Z","level":"error","event":"queue.lease_sweep_failed","fields":{"queueName":"all","service":"pipeline-worker"}}
{"timestamp":"2026-09-12T11:53:33.080Z","level":"error","event":"queue.dispatch_cycle_failed","fields":{"queueName":"all","service":"pipeline-worker"}}
{"timestamp":"2026-09-12T11:53:34.870Z","level":"error","event":"worker.consumer_failed","fields":{"queueName":"pipeline","service":"pipeline-worker"}}
{"timestamp":"2026-09-12T11:53:35.789Z","level":"error","event":"worker.consumer_failed","fields":{"queueName":"pipeline","service":"pipeline-worker"}}
{"timestamp":"2026-09-12T11:53:36.458Z","level":"error","event":"queue.dispatch_cycle_failed","fields":{"queueName":"all","service":"pipeline-worker"}}
{"timestamp":"2026-09-12T11:53:37.486Z","level":"error","event":"queue.dispatch_cycle_failed","fields":{"queueName":"all","service":"pipeline-worker"}}
{"timestamp":"2026-09-12T11:53:38.515Z","level":"error","event":"queue.dispatch_cycle_failed","fields":{"queueName":"all","service":"pipeline-worker"}}
{"timestamp":"2026-09-12T11:53:39.563Z","level":"error","event":"queue.dispatch_cycle_failed","fields":{"queueName":"all","service":"pipeline-worker"}}
{"timestamp":"2026-09-12T11:53:44.050Z","level":"error","event":"queue.dispatch_cycle_failed","fields":{"queueName":"all","service":"pipeline-worker"}}
{"timestamp":"2026-09-12T11:53:45.081Z","level":"error","event":"queue.dispatch_cycle_failed","fields":{"queueName":"all","service":"pipeline-worker"}}
{"timestamp":"2026-09-12T11:53:46.110Z","level":"error","event":"queue.dispatch_cycle_failed","fields":{"queueName":"all","service":"pipeline-worker"}}
{"timestamp":"2026-09-12T11:53:47.141Z","level":"error","event":"queue.dispatch_cycle_failed","fields":{"queueName":"all","service":"pipeline-worker"}}
{"timestamp":"2026-09-12T11:53:47.491Z","level":"error","event":"queue.lease_sweep_failed","fields":{"queueName":"all","service":"pipeline-worker"}}
{"timestamp":"2026-09-12T11:53:51.305Z","level":"error","event":"queue.dispatch_cycle_failed","fields":{"queueName":"all","service":"pipeline-worker"}}
{"timestamp":"2026-09-12T11:53:54.889Z","level":"error","event":"worker.consumer_failed","fields":{"queueName":"pipeline","service":"pipeline-worker"}}
{"timestamp":"2026-09-12T11:53:55.812Z","level":"error","event":"worker.consumer_failed","fields":{"queueName":"pipeline","service":"pipeline-worker"}}
{"timestamp":"2026-09-12T11:53:56.112Z","level":"error","event":"queue.dispatch_cycle_failed","fields":{"queueName":"all","service":"pipeline-worker"}}
{"timestamp":"2026-09-12T11:53:57.143Z","level":"error","event":"queue.dispatch_cycle_failed","fields":{"queueName":"all","service":"pipeline-worker"}}
{"timestamp":"2026-09-12T11:53:58.174Z","level":"error","event":"queue.dispatch_cycle_failed","fields":{"queueName":"all","service":"pipeline-worker"}}
{"timestamp":"2026-09-12T11:53:59.204Z","level":"error","event":"queue.dispatch_cycle_failed","fields":{"queueName":"all","service":"pipeline-worker"}}
{"timestamp":"2026-09-12T11:54:01.041Z","level":"error","event":"queue.dispatch_cycle_failed","fields":{"queueName":"all","service":"pipeline-worker"}}
{"timestamp":"2026-09-12T11:54:02.528Z","level":"error","event":"queue.lease_sweep_failed","fields":{"queueName":"all","service":"pipeline-worker"}}
{"timestamp":"2026-09-12T11:54:03.051Z","level":"error","event":"queue.dispatch_cycle_failed","fields":{"queueName":"all","service":"pipeline-worker"}}
{"timestamp":"2026-09-12T11:54:06.650Z","level":"error","event":"queue.dispatch_cycle_failed","fields":{"queueName":"all","service":"pipeline-worker"}}
{"timestamp":"2026-09-12T11:54:07.679Z","level":"error","event":"queue.dispatch_cycle_failed","fields":{"queueName":"all","service":"pipeline-worker"}}
{"timestamp":"2026-09-12T11:54:08.847Z","level":"error","event":"queue.dispatch_cycle_failed","fields":{"queueName":"all","service":"pipeline-worker"}}
{"timestamp":"2026-09-12T11:54:11.706Z","level":"error","event":"queue.dispatch_cycle_failed","fields":{"queueName":"all","service":"pipeline-worker"}}
{"timestamp":"2026-09-12T11:54:14.909Z","level":"error","event":"worker.consumer_failed","fields":{"queueName":"pipeline","service":"pipeline-worker"}}
{"timestamp":"2026-09-12T11:54:15.607Z","level":"error","event":"queue.dispatch_cycle_failed","fields":{"queueName":"all","service":"pipeline-worker"}}
{"timestamp":"2026-09-12T11:54:15.828Z","level":"error","event":"worker.consumer_failed","fields":{"queueName":"pipeline","service":"pipeline-worker"}}
{"timestamp":"2026-09-12T11:54:16.645Z","level":"error","event":"queue.dispatch_cycle_failed","fields":{"queueName":"all","service":"pipeline-worker"}}
{"timestamp":"2026-09-12T11:54:17.552Z","level":"error","event":"queue.lease_sweep_failed","fields":{"queueName":"all","service":"pipeline-worker"}}
{"timestamp":"2026-09-12T11:54:17.680Z","level":"error","event":"queue.dispatch_cycle_failed","fields":{"queueName":"all","service":"pipeline-worker"}}
{"timestamp":"2026-09-12T11:54:18.707Z","level":"error","event":"queue.dispatch_cycle_failed","fields":{"queueName":"all","service":"pipeline-worker"}}
{"timestamp":"2026-09-12T11:54:19.739Z","level":"error","event":"queue.dispatch_cycle_failed","fields":{"queueName":"all","service":"pipeline-worker"}}
{"timestamp":"2026-09-12T11:54:20.761Z","level":"error","event":"queue.dispatch_cycle_failed","fields":{"queueName":"all","service":"pipeline-worker"}}
{"timestamp":"2026-09-12T11:54:26.837Z","level":"error","event":"queue.dispatch_cycle_failed","fields":{"queueName":"all","service":"pipeline-worker"}}
{"timestamp":"2026-09-12T11:54:27.870Z","level":"error","event":"queue.dispatch_cycle_failed","fields":{"queueName":"all","service":"pipeline-worker"}}
{"timestamp":"2026-09-12T11:54:30.169Z","level":"error","event":"queue.dispatch_cycle_failed","fields":{"queueName":"all","service":"pipeline-worker"}}
{"timestamp":"2026-09-12T11:54:31.202Z","level":"error","event":"queue.dispatch_cycle_failed","fields":{"queueName":"all","service":"pipeline-worker"}}
{"timestamp":"2026-09-12T11:54:32.232Z","level":"error","event":"queue.dispatch_cycle_failed","fields":{"queueName":"all","service":"pipeline-worker"}}
{"timestamp":"2026-09-12T11:54:32.577Z","level":"error","event":"queue.lease_sweep_failed","fields":{"queueName":"all","service":"pipeline-worker"}}
{"timestamp":"2026-09-12T11:54:34.597Z","level":"error","event":"queue.dispatch_cycle_failed","fields":{"queueName":"all","service":"pipeline-worker"}}
{"timestamp":"2026-09-12T11:54:34.917Z","level":"error","event":"worker.consumer_failed","fields":{"queueName":"pipeline","service":"pipeline-worker"}}
{"timestamp":"2026-09-12T11:54:35.838Z","level":"error","event":"worker.consumer_failed","fields":{"queueName":"pipeline","service":"pipeline-worker"}}
{"timestamp":"2026-09-12T11:54:38.559Z","level":"error","event":"queue.dispatch_cycle_failed","fields":{"queueName":"all","service":"pipeline-worker"}}
{"timestamp":"2026-09-12T11:54:39.587Z","level":"error","event":"queue.dispatch_cycle_failed","fields":{"queueName":"all","service":"pipeline-worker"}}
{"timestamp":"2026-09-12T11:54:40.612Z","level":"error","event":"queue.dispatch_cycle_failed","fields":{"queueName":"all","service":"pipeline-worker"}}
{"timestamp":"2026-09-12T11:54:43.715Z","level":"error","event":"queue.dispatch_cycle_failed","fields":{"queueName":"all","service":"pipeline-worker"}}
{"timestamp":"2026-09-12T11:54:44.743Z","level":"error","event":"queue.dispatch_cycle_failed","fields":{"queueName":"all","service":"pipeline-worker"}}
{"timestamp":"2026-09-12T11:54:45.770Z","level":"error","event":"queue.dispatch_cycle_failed","fields":{"queueName":"all","service":"pipeline-worker"}}
{"timestamp":"2026-09-12T11:54:46.799Z","level":"error","event":"queue.dispatch_cycle_failed","fields":{"queueName":"all","service":"pipeline-worker"}}
{"timestamp":"2026-09-12T11:54:48.389Z","level":"error","event":"queue.dispatch_cycle_failed","fields":{"queueName":"all","service":"pipeline-worker"}}
{"timestamp":"2026-09-12T11:54:49.651Z","level":"error","event":"queue.dispatch_cycle_failed","fields":{"queueName":"all","service":"pipeline-worker"}}
{"timestamp":"2026-09-12T11:54:51.297Z","level":"error","event":"queue.dispatch_cycle_failed","fields":{"queueName":"all","service":"pipeline-worker"}}
{"timestamp":"2026-09-12T11:54:52.040Z","level":"error","event":"queue.lease_sweep_failed","fields":{"queueName":"all","service":"pipeline-worker"}}
{"timestamp":"2026-09-12T11:54:52.325Z","level":"error","event":"queue.dispatch_cycle_failed","fields":{"queueName":"all","service":"pipeline-worker"}}
{"timestamp":"2026-09-12T11:54:54.940Z","level":"error","event":"worker.consumer_failed","fields":{"queueName":"pipeline","service":"pipeline-worker"}}
{"timestamp":"2026-09-12T11:54:55.854Z","level":"error","event":"worker.consumer_failed","fields":{"queueName":"pipeline","service":"pipeline-worker"}}
{"timestamp":"2026-09-12T11:54:57.164Z","level":"error","event":"queue.dispatch_cycle_failed","fields":{"queueName":"all","service":"pipeline-worker"}}
{"timestamp":"2026-09-12T11:55:00.913Z","level":"error","event":"queue.dispatch_cycle_failed","fields":{"queueName":"all","service":"pipeline-worker"}}
{"timestamp":"2026-09-12T11:55:04.548Z","level":"error","event":"queue.dispatch_cycle_failed","fields":{"queueName":"all","service":"pipeline-worker"}}
{"timestamp":"2026-09-12T11:55:05.575Z","level":"error","event":"queue.dispatch_cycle_failed","fields":{"queueName":"all","service":"pipeline-worker"}}
{"timestamp":"2026-09-12T11:55:06.606Z","level":"error","event":"queue.dispatch_cycle_failed","fields":{"queueName":"all","service":"pipeline-worker"}}
{"timestamp":"2026-09-12T11:55:07.067Z","level":"error","event":"queue.lease_sweep_failed","fields":{"queueName":"all","service":"pipeline-worker"}}
{"timestamp":"2026-09-12T11:55:07.779Z","level":"error","event":"queue.dispatch_cycle_failed","fields":{"queueName":"all","service":"pipeline-worker"}}
{"timestamp":"2026-09-12T11:55:08.811Z","level":"error","event":"queue.dispatch_cycle_failed","fields":{"queueName":"all","service":"pipeline-worker"}}
{"timestamp":"2026-09-12T11:55:09.844Z","level":"error","event":"queue.dispatch_cycle_failed","fields":{"queueName":"all","service":"pipeline-worker"}}
{"timestamp":"2026-09-12T11:55:11.523Z","level":"error","event":"queue.dispatch_cycle_failed","fields":{"queueName":"all","service":"pipeline-worker"}}
{"timestamp":"2026-09-12T11:55:13.623Z","level":"error","event":"queue.dispatch_cycle_failed","fields":{"queueName":"all","service":"pipeline-worker"}}
{"timestamp":"2026-09-12T11:55:14.952Z","level":"error","event":"worker.consumer_failed","fields":{"queueName":"pipeline","service":"pipeline-worker"}}
{"timestamp":"2026-09-12T11:55:15.866Z","level":"error","event":"worker.consumer_failed","fields":{"queueName":"pipeline","service":"pipeline-worker"}}
{"timestamp":"2026-09-12T11:55:20.776Z","level":"error","event":"queue.dispatch_cycle_failed","fields":{"queueName":"all","service":"pipeline-worker"}}
{"timestamp":"2026-09-12T11:55:21.806Z","level":"error","event":"queue.dispatch_cycle_failed","fields":{"queueName":"all","service":"pipeline-worker"}}
{"timestamp":"2026-09-12T11:55:22.095Z","level":"error","event":"queue.lease_sweep_failed","fields":{"queueName":"all","service":"pipeline-worker"}}
{"timestamp":"2026-09-12T11:55:22.838Z","level":"error","event":"queue.dispatch_cycle_failed","fields":{"queueName":"all","service":"pipeline-worker"}}
{"timestamp":"2026-09-12T11:55:23.866Z","level":"error","event":"queue.dispatch_cycle_failed","fields":{"queueName":"all","service":"pipeline-worker"}}
{"timestamp":"2026-09-12T11:55:25.151Z","level":"error","event":"queue.dispatch_cycle_failed","fields":{"queueName":"all","service":"pipeline-worker"}}
{"timestamp":"2026-09-12T11:55:26.181Z","level":"error","event":"queue.dispatch_cycle_failed","fields":{"queueName":"all","service":"pipeline-worker"}}
{"timestamp":"2026-09-12T11:55:27.206Z","level":"error","event":"queue.dispatch_cycle_failed","fields":{"queueName":"all","service":"pipeline-worker"}}
{"timestamp":"2026-09-12T11:55:28.239Z","level":"error","event":"queue.dispatch_cycle_failed","fields":{"queueName":"all","service":"pipeline-worker"}}
{"timestamp":"2026-09-12T11:55:33.196Z","level":"error","event":"queue.dispatch_cycle_failed","fields":{"queueName":"all","service":"pipeline-worker"}}
{"timestamp":"2026-09-12T11:55:34.226Z","level":"error","event":"queue.dispatch_cycle_failed","fields":{"queueName":"all","service":"pipeline-worker"}}
{"timestamp":"2026-09-12T11:55:34.967Z","level":"error","event":"worker.consumer_failed","fields":{"queueName":"pipeline","service":"pipeline-worker"}}
{"timestamp":"2026-09-12T11:55:35.253Z","level":"error","event":"queue.dispatch_cycle_failed","fields":{"queueName":"all","service":"pipeline-worker"}}
{"timestamp":"2026-09-12T11:55:35.876Z","level":"error","event":"worker.consumer_failed","fields":{"queueName":"pipeline","service":"pipeline-worker"}}
{"timestamp":"2026-09-12T11:55:37.050Z","level":"error","event":"queue.dispatch_cycle_failed","fields":{"queueName":"all","service":"pipeline-worker"}}
{"timestamp":"2026-09-12T11:55:37.128Z","level":"error","event":"queue.lease_sweep_failed","fields":{"queueName":"all","service":"pipeline-worker"}}
{"timestamp":"2026-09-12T11:55:43.259Z","level":"error","event":"queue.dispatch_cycle_failed","fields":{"queueName":"all","service":"pipeline-worker"}}
{"timestamp":"2026-09-12T11:55:44.555Z","level":"error","event":"queue.dispatch_cycle_failed","fields":{"queueName":"all","service":"pipeline-worker"}}
{"timestamp":"2026-09-12T11:55:46.146Z","level":"error","event":"queue.dispatch_cycle_failed","fields":{"queueName":"all","service":"pipeline-worker"}}
{"timestamp":"2026-09-12T11:55:47.173Z","level":"error","event":"queue.dispatch_cycle_failed","fields":{"queueName":"all","service":"pipeline-worker"}}
{"timestamp":"2026-09-12T11:55:48.207Z","level":"error","event":"queue.dispatch_cycle_failed","fields":{"queueName":"all","service":"pipeline-worker"}}
{"timestamp":"2026-09-12T11:55:52.376Z","level":"error","event":"queue.lease_sweep_failed","fields":{"queueName":"all","service":"pipeline-worker"}}
{"timestamp":"2026-09-12T11:55:52.863Z","level":"error","event":"queue.dispatch_cycle_failed","fields":{"queueName":"all","service":"pipeline-worker"}}
{"timestamp":"2026-09-12T11:55:53.891Z","level":"error","event":"queue.dispatch_cycle_failed","fields":{"queueName":"all","service":"pipeline-worker"}}
{"timestamp":"2026-09-12T11:55:54.922Z","level":"error","event":"queue.dispatch_cycle_failed","fields":{"queueName":"all","service":"pipeline-worker"}}
{"timestamp":"2026-09-12T11:55:54.984Z","level":"error","event":"worker.consumer_failed","fields":{"queueName":"pipeline","service":"pipeline-worker"}}
{"timestamp":"2026-09-12T11:55:55.887Z","level":"error","event":"worker.consumer_failed","fields":{"queueName":"pipeline","service":"pipeline-worker"}}
{"timestamp":"2026-09-12T11:55:55.950Z","level":"error","event":"queue.dispatch_cycle_failed","fields":{"queueName":"all","service":"pipeline-worker"}}
{"timestamp":"2026-09-12T11:55:59.260Z","level":"error","event":"queue.dispatch_cycle_failed","fields":{"queueName":"all","service":"pipeline-worker"}}
{"timestamp":"2026-09-12T11:56:02.412Z","level":"error","event":"queue.dispatch_cycle_failed","fields":{"queueName":"all","service":"pipeline-worker"}}
{"timestamp":"2026-09-12T11:56:03.446Z","level":"error","event":"queue.dispatch_cycle_failed","fields":{"queueName":"all","service":"pipeline-worker"}}
{"timestamp":"2026-09-12T11:56:04.478Z","level":"error","event":"queue.dispatch_cycle_failed","fields":{"queueName":"all","service":"pipeline-worker"}}
{"timestamp":"2026-09-12T11:56:05.509Z","level":"error","event":"queue.dispatch_cycle_failed","fields":{"queueName":"all","service":"pipeline-worker"}}
{"timestamp":"2026-09-12T11:56:06.541Z","level":"error","event":"queue.dispatch_cycle_failed","fields":{"queueName":"all","service":"pipeline-worker"}}
{"timestamp":"2026-09-12T11:56:07.404Z","level":"error","event":"queue.lease_sweep_failed","fields":{"queueName":"all","service":"pipeline-worker"}}
{"timestamp":"2026-09-12T11:56:09.599Z","level":"error","event":"queue.dispatch_cycle_failed","fields":{"queueName":"all","service":"pipeline-worker"}}
{"timestamp":"2026-09-12T11:56:10.633Z","level":"error","event":"queue.dispatch_cycle_failed","fields":{"queueName":"all","service":"pipeline-worker"}}
{"timestamp":"2026-09-12T11:56:14.189Z","level":"error","event":"queue.dispatch_cycle_failed","fields":{"queueName":"all","service":"pipeline-worker"}}
{"timestamp":"2026-09-12T11:56:14.998Z","level":"error","event":"worker.consumer_failed","fields":{"queueName":"pipeline","service":"pipeline-worker"}}
{"timestamp":"2026-09-12T11:56:15.223Z","level":"error","event":"queue.dispatch_cycle_failed","fields":{"queueName":"all","service":"pipeline-worker"}}
{"timestamp":"2026-09-12T11:56:15.903Z","level":"error","event":"worker.consumer_failed","fields":{"queueName":"pipeline","service":"pipeline-worker"}}
{"timestamp":"2026-09-12T11:56:16.249Z","level":"error","event":"queue.dispatch_cycle_failed","fields":{"queueName":"all","service":"pipeline-worker"}}
{"timestamp":"2026-09-12T11:56:17.280Z","level":"error","event":"queue.dispatch_cycle_failed","fields":{"queueName":"all","service":"pipeline-worker"}}
{"timestamp":"2026-09-12T11:56:18.923Z","level":"error","event":"queue.dispatch_cycle_failed","fields":{"queueName":"all","service":"pipeline-worker"}}
{"timestamp":"2026-09-12T11:56:23.236Z","level":"error","event":"queue.lease_sweep_failed","fields":{"queueName":"all","service":"pipeline-worker"}}
{"timestamp":"2026-09-12T11:56:24.071Z","level":"error","event":"queue.dispatch_cycle_failed","fields":{"queueName":"all","service":"pipeline-worker"}}
{"timestamp":"2026-09-12T11:56:25.101Z","level":"error","event":"queue.dispatch_cycle_failed","fields":{"queueName":"all","service":"pipeline-worker"}}
{"timestamp":"2026-09-12T11:56:26.545Z","level":"error","event":"queue.dispatch_cycle_failed","fields":{"queueName":"all","service":"pipeline-worker"}}
{"timestamp":"2026-09-12T11:56:30.070Z","level":"error","event":"queue.dispatch_cycle_failed","fields":{"queueName":"all","service":"pipeline-worker"}}
{"timestamp":"2026-09-12T11:56:32.499Z","level":"error","event":"queue.dispatch_cycle_failed","fields":{"queueName":"all","service":"pipeline-worker"}}
{"timestamp":"2026-09-12T11:56:35.013Z","level":"error","event":"worker.consumer_failed","fields":{"queueName":"pipeline","service":"pipeline-worker"}}
{"timestamp":"2026-09-12T11:56:35.136Z","level":"error","event":"queue.dispatch_cycle_failed","fields":{"queueName":"all","service":"pipeline-worker"}}
{"timestamp":"2026-09-12T11:56:35.914Z","level":"error","event":"worker.consumer_failed","fields":{"queueName":"pipeline","service":"pipeline-worker"}}
{"timestamp":"2026-09-12T11:56:36.167Z","level":"error","event":"queue.dispatch_cycle_failed","fields":{"queueName":"all","service":"pipeline-worker"}}
{"timestamp":"2026-09-12T11:56:37.192Z","level":"error","event":"queue.dispatch_cycle_failed","fields":{"queueName":"all","service":"pipeline-worker"}}
{"timestamp":"2026-09-12T11:56:38.219Z","level":"error","event":"queue.dispatch_cycle_failed","fields":{"queueName":"all","service":"pipeline-worker"}}
{"timestamp":"2026-09-12T11:56:38.266Z","level":"error","event":"queue.lease_sweep_failed","fields":{"queueName":"all","service":"pipeline-worker"}}
{"timestamp":"2026-09-12T11:56:39.251Z","level":"error","event":"queue.dispatch_cycle_failed","fields":{"queueName":"all","service":"pipeline-worker"}}
{"timestamp":"2026-09-12T11:56:40.287Z","level":"error","event":"queue.dispatch_cycle_failed","fields":{"queueName":"all","service":"pipeline-worker"}}
{"timestamp":"2026-09-12T11:56:42.774Z","level":"error","event":"queue.dispatch_cycle_failed","fields":{"queueName":"all","service":"pipeline-worker"}}
{"timestamp":"2026-09-12T11:56:43.799Z","level":"error","event":"queue.dispatch_cycle_failed","fields":{"queueName":"all","service":"pipeline-worker"}}
{"timestamp":"2026-09-12T11:56:52.232Z","level":"error","event":"queue.dispatch_cycle_failed","fields":{"queueName":"all","service":"pipeline-worker"}}
{"timestamp":"2026-09-12T11:56:53.265Z","level":"error","event":"queue.dispatch_cycle_failed","fields":{"queueName":"all","service":"pipeline-worker"}}
{"timestamp":"2026-09-12T11:56:53.329Z","level":"error","event":"queue.lease_sweep_failed","fields":{"queueName":"all","service":"pipeline-worker"}}
{"timestamp":"2026-09-12T11:56:55.030Z","level":"error","event":"worker.consumer_failed","fields":{"queueName":"pipeline","service":"pipeline-worker"}}
{"timestamp":"2026-09-12T11:56:55.928Z","level":"error","event":"worker.consumer_failed","fields":{"queueName":"pipeline","service":"pipeline-worker"}}
{"timestamp":"2026-09-12T11:56:56.801Z","level":"error","event":"queue.dispatch_cycle_failed","fields":{"queueName":"all","service":"pipeline-worker"}}
{"timestamp":"2026-09-12T11:56:57.825Z","level":"error","event":"queue.dispatch_cycle_failed","fields":{"queueName":"all","service":"pipeline-worker"}}
{"timestamp":"2026-09-12T11:56:58.856Z","level":"error","event":"queue.dispatch_cycle_failed","fields":{"queueName":"all","service":"pipeline-worker"}}
{"timestamp":"2026-09-12T11:56:59.884Z","level":"error","event":"queue.dispatch_cycle_failed","fields":{"queueName":"all","service":"pipeline-worker"}}
{"timestamp":"2026-09-12T11:57:00.911Z","level":"error","event":"queue.dispatch_cycle_failed","fields":{"queueName":"all","service":"pipeline-worker"}}
{"timestamp":"2026-09-12T11:57:01.943Z","level":"error","event":"queue.dispatch_cycle_failed","fields":{"queueName":"all","service":"pipeline-worker"}}
{"timestamp":"2026-09-12T11:57:02.976Z","level":"error","event":"queue.dispatch_cycle_failed","fields":{"queueName":"all","service":"pipeline-worker"}}
{"timestamp":"2026-09-12T11:57:08.902Z","level":"error","event":"queue.dispatch_cycle_failed","fields":{"queueName":"all","service":"pipeline-worker"}}
{"timestamp":"2026-09-12T11:57:09.601Z","level":"error","event":"queue.lease_sweep_failed","fields":{"queueName":"all","service":"pipeline-worker"}}
{"timestamp":"2026-09-12T11:57:09.933Z","level":"error","event":"queue.dispatch_cycle_failed","fields":{"queueName":"all","service":"pipeline-worker"}}
{"timestamp":"2026-09-12T11:57:12.834Z","level":"error","event":"queue.dispatch_cycle_failed","fields":{"queueName":"all","service":"pipeline-worker"}}
{"timestamp":"2026-09-12T11:57:13.862Z","level":"error","event":"queue.dispatch_cycle_failed","fields":{"queueName":"all","service":"pipeline-worker"}}
{"timestamp":"2026-09-12T11:57:14.889Z","level":"error","event":"queue.dispatch_cycle_failed","fields":{"queueName":"all","service":"pipeline-worker"}}
{"timestamp":"2026-09-12T11:57:15.050Z","level":"error","event":"worker.consumer_failed","fields":{"queueName":"pipeline","service":"pipeline-worker"}}
{"timestamp":"2026-09-12T11:57:15.924Z","level":"error","event":"queue.dispatch_cycle_failed","fields":{"queueName":"all","service":"pipeline-worker"}}
{"timestamp":"2026-09-12T11:57:15.939Z","level":"error","event":"worker.consumer_failed","fields":{"queueName":"pipeline","service":"pipeline-worker"}}
{"timestamp":"2026-09-12T11:57:18.338Z","level":"error","event":"queue.dispatch_cycle_failed","fields":{"queueName":"all","service":"pipeline-worker"}}
{"timestamp":"2026-09-12T11:57:19.367Z","level":"error","event":"queue.dispatch_cycle_failed","fields":{"queueName":"all","service":"pipeline-worker"}}
{"timestamp":"2026-09-12T11:57:20.395Z","level":"error","event":"queue.dispatch_cycle_failed","fields":{"queueName":"all","service":"pipeline-worker"}}
{"timestamp":"2026-09-12T11:57:21.422Z","level":"error","event":"queue.dispatch_cycle_failed","fields":{"queueName":"all","service":"pipeline-worker"}}
{"timestamp":"2026-09-12T11:57:22.447Z","level":"error","event":"queue.dispatch_cycle_failed","fields":{"queueName":"all","service":"pipeline-worker"}}
{"timestamp":"2026-09-12T11:57:23.474Z","level":"error","event":"queue.dispatch_cycle_failed","fields":{"queueName":"all","service":"pipeline-worker"}}
{"timestamp":"2026-09-12T11:57:29.260Z","level":"error","event":"queue.lease_sweep_failed","fields":{"queueName":"all","service":"pipeline-worker"}}
{"timestamp":"2026-09-12T11:57:29.977Z","level":"error","event":"queue.dispatch_cycle_failed","fields":{"queueName":"all","service":"pipeline-worker"}}
{"timestamp":"2026-09-12T11:57:31.827Z","level":"error","event":"queue.dispatch_cycle_failed","fields":{"queueName":"all","service":"pipeline-worker"}}
{"timestamp":"2026-09-12T11:57:32.859Z","level":"error","event":"queue.dispatch_cycle_failed","fields":{"queueName":"all","service":"pipeline-worker"}}
{"timestamp":"2026-09-12T11:57:33.887Z","level":"error","event":"queue.dispatch_cycle_failed","fields":{"queueName":"all","service":"pipeline-worker"}}
{"timestamp":"2026-09-12T11:57:35.058Z","level":"error","event":"worker.consumer_failed","fields":{"queueName":"pipeline","service":"pipeline-worker"}}
{"timestamp":"2026-09-12T11:57:35.956Z","level":"error","event":"worker.consumer_failed","fields":{"queueName":"pipeline","service":"pipeline-worker"}}
{"timestamp":"2026-09-12T11:57:37.092Z","level":"error","event":"queue.dispatch_cycle_failed","fields":{"queueName":"all","service":"pipeline-worker"}}
{"timestamp":"2026-09-12T11:57:38.130Z","level":"error","event":"queue.dispatch_cycle_failed","fields":{"queueName":"all","service":"pipeline-worker"}}
{"timestamp":"2026-09-12T11:57:39.154Z","level":"error","event":"queue.dispatch_cycle_failed","fields":{"queueName":"all","service":"pipeline-worker"}}
{"timestamp":"2026-09-12T11:57:41.858Z","level":"error","event":"queue.dispatch_cycle_failed","fields":{"queueName":"all","service":"pipeline-worker"}}
{"timestamp":"2026-09-12T11:57:42.887Z","level":"error","event":"queue.dispatch_cycle_failed","fields":{"queueName":"all","service":"pipeline-worker"}}
{"timestamp":"2026-09-12T11:57:43.910Z","level":"error","event":"queue.dispatch_cycle_failed","fields":{"queueName":"all","service":"pipeline-worker"}}
{"timestamp":"2026-09-12T11:57:44.292Z","level":"error","event":"queue.lease_sweep_failed","fields":{"queueName":"all","service":"pipeline-worker"}}
{"timestamp":"2026-09-12T11:57:50.679Z","level":"error","event":"queue.dispatch_cycle_failed","fields":{"queueName":"all","service":"pipeline-worker"}}
{"timestamp":"2026-09-12T11:57:51.706Z","level":"error","event":"queue.dispatch_cycle_failed","fields":{"queueName":"all","service":"pipeline-worker"}}
{"timestamp":"2026-09-12T11:57:52.732Z","level":"error","event":"queue.dispatch_cycle_failed","fields":{"queueName":"all","service":"pipeline-worker"}}
{"timestamp":"2026-09-12T11:57:53.757Z","level":"error","event":"queue.dispatch_cycle_failed","fields":{"queueName":"all","service":"pipeline-worker"}}
{"timestamp":"2026-09-12T11:57:54.785Z","level":"error","event":"queue.dispatch_cycle_failed","fields":{"queueName":"all","service":"pipeline-worker"}}
{"timestamp":"2026-09-12T11:57:55.073Z","level":"error","event":"worker.consumer_failed","fields":{"queueName":"pipeline","service":"pipeline-worker"}}
{"timestamp":"2026-09-12T11:57:55.813Z","level":"error","event":"queue.dispatch_cycle_failed","fields":{"queueName":"all","service":"pipeline-worker"}}
{"timestamp":"2026-09-12T11:57:55.972Z","level":"error","event":"worker.consumer_failed","fields":{"queueName":"pipeline","service":"pipeline-worker"}}
{"timestamp":"2026-09-12T11:57:56.843Z","level":"error","event":"queue.dispatch_cycle_failed","fields":{"queueName":"all","service":"pipeline-worker"}}
{"timestamp":"2026-09-12T11:57:58.454Z","level":"error","event":"queue.dispatch_cycle_failed","fields":{"queueName":"all","service":"pipeline-worker"}}
{"timestamp":"2026-09-12T11:57:59.321Z","level":"error","event":"queue.lease_sweep_failed","fields":{"queueName":"all","service":"pipeline-worker"}}
{"timestamp":"2026-09-12T11:58:02.471Z","level":"error","event":"queue.dispatch_cycle_failed","fields":{"queueName":"all","service":"pipeline-worker"}}
{"timestamp":"2026-09-12T11:58:03.501Z","level":"error","event":"queue.dispatch_cycle_failed","fields":{"queueName":"all","service":"pipeline-worker"}}
{"timestamp":"2026-09-12T11:58:04.530Z","level":"error","event":"queue.dispatch_cycle_failed","fields":{"queueName":"all","service":"pipeline-worker"}}
{"timestamp":"2026-09-12T11:58:05.545Z","level":"error","event":"queue.dispatch_cycle_failed","fields":{"queueName":"all","service":"pipeline-worker"}}
{"timestamp":"2026-09-12T11:58:13.201Z","level":"error","event":"queue.dispatch_cycle_failed","fields":{"queueName":"all","service":"pipeline-worker"}}
{"timestamp":"2026-09-12T11:58:14.233Z","level":"error","event":"queue.dispatch_cycle_failed","fields":{"queueName":"all","service":"pipeline-worker"}}
{"timestamp":"2026-09-12T11:58:14.343Z","level":"error","event":"queue.lease_sweep_failed","fields":{"queueName":"all","service":"pipeline-worker"}}
{"timestamp":"2026-09-12T11:58:15.083Z","level":"error","event":"worker.consumer_failed","fields":{"queueName":"pipeline","service":"pipeline-worker"}}
{"timestamp":"2026-09-12T11:58:15.261Z","level":"error","event":"queue.dispatch_cycle_failed","fields":{"queueName":"all","service":"pipeline-worker"}}
{"timestamp":"2026-09-12T11:58:15.988Z","level":"error","event":"worker.consumer_failed","fields":{"queueName":"pipeline","service":"pipeline-worker"}}
{"timestamp":"2026-09-12T11:58:16.321Z","level":"error","event":"queue.dispatch_cycle_failed","fields":{"queueName":"all","service":"pipeline-worker"}}
{"timestamp":"2026-09-12T11:58:17.352Z","level":"error","event":"queue.dispatch_cycle_failed","fields":{"queueName":"all","service":"pipeline-worker"}}
{"timestamp":"2026-09-12T11:58:18.384Z","level":"error","event":"queue.dispatch_cycle_failed","fields":{"queueName":"all","service":"pipeline-worker"}}
{"timestamp":"2026-09-12T11:58:20.312Z","level":"error","event":"queue.dispatch_cycle_failed","fields":{"queueName":"all","service":"pipeline-worker"}}
{"timestamp":"2026-09-12T11:58:23.974Z","level":"error","event":"queue.dispatch_cycle_failed","fields":{"queueName":"all","service":"pipeline-worker"}}
{"timestamp":"2026-09-12T11:58:25.000Z","level":"error","event":"queue.dispatch_cycle_failed","fields":{"queueName":"all","service":"pipeline-worker"}}
{"timestamp":"2026-09-12T11:58:26.726Z","level":"error","event":"queue.dispatch_cycle_failed","fields":{"queueName":"all","service":"pipeline-worker"}}
{"timestamp":"2026-09-12T11:58:29.380Z","level":"error","event":"queue.lease_sweep_failed","fields":{"queueName":"all","service":"pipeline-worker"}}
{"timestamp":"2026-09-12T11:58:29.501Z","level":"error","event":"queue.dispatch_cycle_failed","fields":{"queueName":"all","service":"pipeline-worker"}}
{"timestamp":"2026-09-12T11:58:34.364Z","level":"error","event":"queue.dispatch_cycle_failed","fields":{"queueName":"all","service":"pipeline-worker"}}
{"timestamp":"2026-09-12T11:58:35.097Z","level":"error","event":"worker.consumer_failed","fields":{"queueName":"pipeline","service":"pipeline-worker"}}
{"timestamp":"2026-09-12T11:58:35.408Z","level":"error","event":"queue.dispatch_cycle_failed","fields":{"queueName":"all","service":"pipeline-worker"}}
{"timestamp":"2026-09-12T11:58:35.993Z","level":"error","event":"worker.consumer_failed","fields":{"queueName":"pipeline","service":"pipeline-worker"}}
{"timestamp":"2026-09-12T11:58:36.441Z","level":"error","event":"queue.dispatch_cycle_failed","fields":{"queueName":"all","service":"pipeline-worker"}}
{"timestamp":"2026-09-12T11:58:37.462Z","level":"error","event":"queue.dispatch_cycle_failed","fields":{"queueName":"all","service":"pipeline-worker"}}
{"timestamp":"2026-09-12T11:58:38.491Z","level":"error","event":"queue.dispatch_cycle_failed","fields":{"queueName":"all","service":"pipeline-worker"}}
{"timestamp":"2026-09-12T11:58:39.529Z","level":"error","event":"queue.dispatch_cycle_failed","fields":{"queueName":"all","service":"pipeline-worker"}}
{"timestamp":"2026-09-12T11:58:41.290Z","level":"error","event":"queue.dispatch_cycle_failed","fields":{"queueName":"all","service":"pipeline-worker"}}
{"timestamp":"2026-09-12T11:58:44.656Z","level":"error","event":"queue.dispatch_cycle_failed","fields":{"queueName":"all","service":"pipeline-worker"}}
{"timestamp":"2026-09-12T11:58:45.677Z","level":"error","event":"queue.dispatch_cycle_failed","fields":{"queueName":"all","service":"pipeline-worker"}}
{"timestamp":"2026-09-12T11:58:47.390Z","level":"error","event":"queue.lease_sweep_failed","fields":{"queueName":"all","service":"pipeline-worker"}}
{"timestamp":"2026-09-12T11:58:51.510Z","level":"error","event":"queue.dispatch_cycle_failed","fields":{"queueName":"all","service":"pipeline-worker"}}
{"timestamp":"2026-09-12T11:58:55.104Z","level":"error","event":"worker.consumer_failed","fields":{"queueName":"pipeline","service":"pipeline-worker"}}
{"timestamp":"2026-09-12T11:58:55.108Z","level":"error","event":"queue.dispatch_cycle_failed","fields":{"queueName":"all","service":"pipeline-worker"}}
{"timestamp":"2026-09-12T11:58:56.004Z","level":"error","event":"worker.consumer_failed","fields":{"queueName":"pipeline","service":"pipeline-worker"}}
{"timestamp":"2026-09-12T11:58:56.126Z","level":"error","event":"queue.dispatch_cycle_failed","fields":{"queueName":"all","service":"pipeline-worker"}}
{"timestamp":"2026-09-12T11:58:57.149Z","level":"error","event":"queue.dispatch_cycle_failed","fields":{"queueName":"all","service":"pipeline-worker"}}
{"timestamp":"2026-09-12T11:58:58.172Z","level":"error","event":"queue.dispatch_cycle_failed","fields":{"queueName":"all","service":"pipeline-worker"}}
{"timestamp":"2026-09-12T11:58:59.196Z","level":"error","event":"queue.dispatch_cycle_failed","fields":{"queueName":"all","service":"pipeline-worker"}}
{"timestamp":"2026-09-12T11:59:00.227Z","level":"error","event":"queue.dispatch_cycle_failed","fields":{"queueName":"all","service":"pipeline-worker"}}
{"timestamp":"2026-09-12T11:59:01.256Z","level":"error","event":"queue.dispatch_cycle_failed","fields":{"queueName":"all","service":"pipeline-worker"}}
{"timestamp":"2026-09-12T11:59:02.277Z","level":"error","event":"queue.dispatch_cycle_failed","fields":{"queueName":"all","service":"pipeline-worker"}}
{"timestamp":"2026-09-12T11:59:02.420Z","level":"error","event":"queue.lease_sweep_failed","fields":{"queueName":"all","service":"pipeline-worker"}}
{"timestamp":"2026-09-12T11:59:07.158Z","level":"error","event":"queue.dispatch_cycle_failed","fields":{"queueName":"all","service":"pipeline-worker"}}
{"timestamp":"2026-09-12T11:59:10.948Z","level":"error","event":"queue.dispatch_cycle_failed","fields":{"queueName":"all","service":"pipeline-worker"}}
{"timestamp":"2026-09-12T11:59:15.121Z","level":"error","event":"worker.consumer_failed","fields":{"queueName":"pipeline","service":"pipeline-worker"}}
{"timestamp":"2026-09-12T11:59:15.717Z","level":"error","event":"queue.dispatch_cycle_failed","fields":{"queueName":"all","service":"pipeline-worker"}}
{"timestamp":"2026-09-12T11:59:16.014Z","level":"error","event":"worker.consumer_failed","fields":{"queueName":"pipeline","service":"pipeline-worker"}}
{"timestamp":"2026-09-12T11:59:16.754Z","level":"error","event":"queue.dispatch_cycle_failed","fields":{"queueName":"all","service":"pipeline-worker"}}
{"timestamp":"2026-09-12T11:59:17.452Z","level":"error","event":"queue.lease_sweep_failed","fields":{"queueName":"all","service":"pipeline-worker"}}
{"timestamp":"2026-09-12T11:59:17.789Z","level":"error","event":"queue.dispatch_cycle_failed","fields":{"queueName":"all","service":"pipeline-worker"}}
{"timestamp":"2026-09-12T11:59:18.823Z","level":"error","event":"queue.dispatch_cycle_failed","fields":{"queueName":"all","service":"pipeline-worker"}}
{"timestamp":"2026-09-12T11:59:19.838Z","level":"error","event":"queue.dispatch_cycle_failed","fields":{"queueName":"all","service":"pipeline-worker"}}
{"timestamp":"2026-09-12T11:59:22.038Z","level":"error","event":"queue.dispatch_cycle_failed","fields":{"queueName":"all","service":"pipeline-worker"}}
{"timestamp":"2026-09-12T11:59:23.054Z","level":"error","event":"queue.dispatch_cycle_failed","fields":{"queueName":"all","service":"pipeline-worker"}}
{"timestamp":"2026-09-12T11:59:27.097Z","level":"error","event":"queue.dispatch_cycle_failed","fields":{"queueName":"all","service":"pipeline-worker"}}
{"timestamp":"2026-09-12T11:59:28.120Z","level":"error","event":"queue.dispatch_cycle_failed","fields":{"queueName":"all","service":"pipeline-worker"}}
{"timestamp":"2026-09-12T11:59:29.151Z","level":"error","event":"queue.dispatch_cycle_failed","fields":{"queueName":"all","service":"pipeline-worker"}}
{"timestamp":"2026-09-12T11:59:31.638Z","level":"error","event":"queue.dispatch_cycle_failed","fields":{"queueName":"all","service":"pipeline-worker"}}
{"timestamp":"2026-09-12T11:59:32.478Z","level":"error","event":"queue.lease_sweep_failed","fields":{"queueName":"all","service":"pipeline-worker"}}
{"timestamp":"2026-09-12T11:59:32.671Z","level":"error","event":"queue.dispatch_cycle_failed","fields":{"queueName":"all","service":"pipeline-worker"}}
{"timestamp":"2026-09-12T11:59:35.127Z","level":"error","event":"worker.consumer_failed","fields":{"queueName":"pipeline","service":"pipeline-worker"}}
{"timestamp":"2026-09-12T11:59:36.034Z","level":"error","event":"worker.consumer_failed","fields":{"queueName":"pipeline","service":"pipeline-worker"}}
{"timestamp":"2026-09-12T11:59:36.465Z","level":"error","event":"queue.dispatch_cycle_failed","fields":{"queueName":"all","service":"pipeline-worker"}}
{"timestamp":"2026-09-12T11:59:37.487Z","level":"error","event":"queue.dispatch_cycle_failed","fields":{"queueName":"all","service":"pipeline-worker"}}
{"timestamp":"2026-09-12T11:59:40.567Z","level":"error","event":"queue.dispatch_cycle_failed","fields":{"queueName":"all","service":"pipeline-worker"}}
{"timestamp":"2026-09-12T11:59:41.590Z","level":"error","event":"queue.dispatch_cycle_failed","fields":{"queueName":"all","service":"pipeline-worker"}}
{"timestamp":"2026-09-12T11:59:42.625Z","level":"error","event":"queue.dispatch_cycle_failed","fields":{"queueName":"all","service":"pipeline-worker"}}
{"timestamp":"2026-09-12T11:59:43.645Z","level":"error","event":"queue.dispatch_cycle_failed","fields":{"queueName":"all","service":"pipeline-worker"}}
{"timestamp":"2026-09-12T11:59:44.676Z","level":"error","event":"queue.dispatch_cycle_failed","fields":{"queueName":"all","service":"pipeline-worker"}}
{"timestamp":"2026-09-12T11:59:48.787Z","level":"error","event":"queue.lease_sweep_failed","fields":{"queueName":"all","service":"pipeline-worker"}}
{"timestamp":"2026-09-12T11:59:50.301Z","level":"error","event":"queue.dispatch_cycle_failed","fields":{"queueName":"all","service":"pipeline-worker"}}
{"timestamp":"2026-09-12T11:59:51.332Z","level":"error","event":"queue.dispatch_cycle_failed","fields":{"queueName":"all","service":"pipeline-worker"}}
{"timestamp":"2026-09-12T11:59:52.346Z","level":"error","event":"queue.dispatch_cycle_failed","fields":{"queueName":"all","service":"pipeline-worker"}}
{"timestamp":"2026-09-12T11:59:54.421Z","level":"error","event":"queue.dispatch_cycle_failed","fields":{"queueName":"all","service":"pipeline-worker"}}
{"timestamp":"2026-09-12T11:59:55.139Z","level":"error","event":"worker.consumer_failed","fields":{"queueName":"pipeline","service":"pipeline-worker"}}
{"timestamp":"2026-09-12T11:59:56.045Z","level":"error","event":"worker.consumer_failed","fields":{"queueName":"pipeline","service":"pipeline-worker"}}
{"timestamp":"2026-09-12T12:00:00.386Z","level":"error","event":"queue.dispatch_cycle_failed","fields":{"queueName":"all","service":"pipeline-worker"}}
{"timestamp":"2026-09-12T12:00:01.424Z","level":"error","event":"queue.dispatch_cycle_failed","fields":{"queueName":"all","service":"pipeline-worker"}}
{"timestamp":"2026-09-12T12:00:02.450Z","level":"error","event":"queue.dispatch_cycle_failed","fields":{"queueName":"all","service":"pipeline-worker"}}
{"timestamp":"2026-09-12T12:00:03.481Z","level":"error","event":"queue.dispatch_cycle_failed","fields":{"queueName":"all","service":"pipeline-worker"}}
{"timestamp":"2026-09-12T12:00:03.811Z","level":"error","event":"queue.lease_sweep_failed","fields":{"queueName":"all","service":"pipeline-worker"}}
{"timestamp":"2026-09-12T12:00:04.493Z","level":"error","event":"queue.dispatch_cycle_failed","fields":{"queueName":"all","service":"pipeline-worker"}}
{"timestamp":"2026-09-12T12:00:07.916Z","level":"error","event":"queue.dispatch_cycle_failed","fields":{"queueName":"all","service":"pipeline-worker"}}
{"timestamp":"2026-09-12T12:00:08.950Z","level":"error","event":"queue.dispatch_cycle_failed","fields":{"queueName":"all","service":"pipeline-worker"}}
{"timestamp":"2026-09-12T12:00:11.325Z","level":"error","event":"queue.dispatch_cycle_failed","fields":{"queueName":"all","service":"pipeline-worker"}}
{"timestamp":"2026-09-12T12:00:12.651Z","level":"error","event":"queue.dispatch_cycle_failed","fields":{"queueName":"all","service":"pipeline-worker"}}
{"timestamp":"2026-09-12T12:00:15.156Z","level":"error","event":"worker.consumer_failed","fields":{"queueName":"pipeline","service":"pipeline-worker"}}
{"timestamp":"2026-09-12T12:00:16.052Z","level":"error","event":"worker.consumer_failed","fields":{"queueName":"pipeline","service":"pipeline-worker"}}
{"timestamp":"2026-09-12T12:00:17.605Z","level":"error","event":"queue.dispatch_cycle_failed","fields":{"queueName":"all","service":"pipeline-worker"}}
{"timestamp":"2026-09-12T12:00:18.621Z","level":"error","event":"queue.dispatch_cycle_failed","fields":{"queueName":"all","service":"pipeline-worker"}}
{"timestamp":"2026-09-12T12:00:18.820Z","level":"error","event":"queue.lease_sweep_failed","fields":{"queueName":"all","service":"pipeline-worker"}}
{"timestamp":"2026-09-12T12:00:19.638Z","level":"error","event":"queue.dispatch_cycle_failed","fields":{"queueName":"all","service":"pipeline-worker"}}
{"timestamp":"2026-09-12T12:00:20.654Z","level":"error","event":"queue.dispatch_cycle_failed","fields":{"queueName":"all","service":"pipeline-worker"}}
{"timestamp":"2026-09-12T12:00:21.675Z","level":"error","event":"queue.dispatch_cycle_failed","fields":{"queueName":"all","service":"pipeline-worker"}}
{"timestamp":"2026-09-12T12:00:22.702Z","level":"error","event":"queue.dispatch_cycle_failed","fields":{"queueName":"all","service":"pipeline-worker"}}
{"timestamp":"2026-09-12T12:00:24.187Z","level":"error","event":"queue.dispatch_cycle_failed","fields":{"queueName":"all","service":"pipeline-worker"}}
{"timestamp":"2026-09-12T12:00:25.208Z","level":"error","event":"queue.dispatch_cycle_failed","fields":{"queueName":"all","service":"pipeline-worker"}}
{"timestamp":"2026-09-12T12:00:28.652Z","level":"error","event":"queue.dispatch_cycle_failed","fields":{"queueName":"all","service":"pipeline-worker"}}
{"timestamp":"2026-09-12T12:00:33.971Z","level":"error","event":"queue.dispatch_cycle_failed","fields":{"queueName":"all","service":"pipeline-worker"}}
{"timestamp":"2026-09-12T12:00:34.121Z","level":"error","event":"queue.lease_sweep_failed","fields":{"queueName":"all","service":"pipeline-worker"}}
{"timestamp":"2026-09-12T12:00:35.009Z","level":"error","event":"queue.dispatch_cycle_failed","fields":{"queueName":"all","service":"pipeline-worker"}}
{"timestamp":"2026-09-12T12:00:35.162Z","level":"error","event":"worker.consumer_failed","fields":{"queueName":"pipeline","service":"pipeline-worker"}}
{"timestamp":"2026-09-12T12:00:36.029Z","level":"error","event":"queue.dispatch_cycle_failed","fields":{"queueName":"all","service":"pipeline-worker"}}
{"timestamp":"2026-09-12T12:00:36.061Z","level":"error","event":"worker.consumer_failed","fields":{"queueName":"pipeline","service":"pipeline-worker"}}
{"timestamp":"2026-09-12T12:00:37.061Z","level":"error","event":"queue.dispatch_cycle_failed","fields":{"queueName":"all","service":"pipeline-worker"}}
{"timestamp":"2026-09-12T12:00:38.086Z","level":"error","event":"queue.dispatch_cycle_failed","fields":{"queueName":"all","service":"pipeline-worker"}}
{"timestamp":"2026-09-12T12:00:39.116Z","level":"error","event":"queue.dispatch_cycle_failed","fields":{"queueName":"all","service":"pipeline-worker"}}
{"timestamp":"2026-09-12T12:00:40.152Z","level":"error","event":"queue.dispatch_cycle_failed","fields":{"queueName":"all","service":"pipeline-worker"}}
{"timestamp":"2026-09-12T12:00:43.376Z","level":"error","event":"queue.dispatch_cycle_failed","fields":{"queueName":"all","service":"pipeline-worker"}}
{"timestamp":"2026-09-12T12:00:44.403Z","level":"error","event":"queue.dispatch_cycle_failed","fields":{"queueName":"all","service":"pipeline-worker"}}
{"timestamp":"2026-09-12T12:00:47.983Z","level":"error","event":"queue.dispatch_cycle_failed","fields":{"queueName":"all","service":"pipeline-worker"}}
{"timestamp":"2026-09-12T12:00:49.015Z","level":"error","event":"queue.dispatch_cycle_failed","fields":{"queueName":"all","service":"pipeline-worker"}}
{"timestamp":"2026-09-12T12:00:50.047Z","level":"error","event":"queue.dispatch_cycle_failed","fields":{"queueName":"all","service":"pipeline-worker"}}
{"timestamp":"2026-09-12T12:00:51.071Z","level":"error","event":"queue.dispatch_cycle_failed","fields":{"queueName":"all","service":"pipeline-worker"}}
{"timestamp":"2026-09-12T12:00:54.720Z","level":"error","event":"queue.lease_sweep_failed","fields":{"queueName":"all","service":"pipeline-worker"}}
{"timestamp":"2026-09-12T12:00:55.180Z","level":"error","event":"worker.consumer_failed","fields":{"queueName":"pipeline","service":"pipeline-worker"}}
{"timestamp":"2026-09-12T12:00:56.076Z","level":"error","event":"worker.consumer_failed","fields":{"queueName":"pipeline","service":"pipeline-worker"}}
{"timestamp":"2026-09-12T12:00:56.858Z","level":"error","event":"queue.dispatch_cycle_failed","fields":{"queueName":"all","service":"pipeline-worker"}}
{"timestamp":"2026-09-12T12:00:57.885Z","level":"error","event":"queue.dispatch_cycle_failed","fields":{"queueName":"all","service":"pipeline-worker"}}
{"timestamp":"2026-09-12T12:00:58.922Z","level":"error","event":"queue.dispatch_cycle_failed","fields":{"queueName":"all","service":"pipeline-worker"}}
{"timestamp":"2026-09-12T12:00:59.960Z","level":"error","event":"queue.dispatch_cycle_failed","fields":{"queueName":"all","service":"pipeline-worker"}}
{"timestamp":"2026-09-12T12:01:01.567Z","level":"error","event":"queue.dispatch_cycle_failed","fields":{"queueName":"all","service":"pipeline-worker"}}
{"timestamp":"2026-09-12T12:01:02.601Z","level":"error","event":"queue.dispatch_cycle_failed","fields":{"queueName":"all","service":"pipeline-worker"}}
{"timestamp":"2026-09-12T12:01:07.445Z","level":"error","event":"queue.dispatch_cycle_failed","fields":{"queueName":"all","service":"pipeline-worker"}}
{"timestamp":"2026-09-12T12:01:08.469Z","level":"error","event":"queue.dispatch_cycle_failed","fields":{"queueName":"all","service":"pipeline-worker"}}
{"timestamp":"2026-09-12T12:01:09.504Z","level":"error","event":"queue.dispatch_cycle_failed","fields":{"queueName":"all","service":"pipeline-worker"}}
{"timestamp":"2026-09-12T12:01:14.045Z","level":"error","event":"queue.lease_sweep_failed","fields":{"queueName":"all","service":"pipeline-worker"}}
{"timestamp":"2026-09-12T12:01:15.189Z","level":"error","event":"worker.consumer_failed","fields":{"queueName":"pipeline","service":"pipeline-worker"}}
{"timestamp":"2026-09-12T12:01:15.647Z","level":"error","event":"queue.dispatch_cycle_failed","fields":{"queueName":"all","service":"pipeline-worker"}}
{"timestamp":"2026-09-12T12:01:16.087Z","level":"error","event":"worker.consumer_failed","fields":{"queueName":"pipeline","service":"pipeline-worker"}}
{"timestamp":"2026-09-12T12:01:16.673Z","level":"error","event":"queue.dispatch_cycle_failed","fields":{"queueName":"all","service":"pipeline-worker"}}
{"timestamp":"2026-09-12T12:01:18.891Z","level":"error","event":"queue.dispatch_cycle_failed","fields":{"queueName":"all","service":"pipeline-worker"}}
{"timestamp":"2026-09-12T12:01:19.926Z","level":"error","event":"queue.dispatch_cycle_failed","fields":{"queueName":"all","service":"pipeline-worker"}}
{"timestamp":"2026-09-12T12:01:20.968Z","level":"error","event":"queue.dispatch_cycle_failed","fields":{"queueName":"all","service":"pipeline-worker"}}
{"timestamp":"2026-09-12T12:01:22.436Z","level":"error","event":"queue.dispatch_cycle_failed","fields":{"queueName":"all","service":"pipeline-worker"}}
{"timestamp":"2026-09-12T12:01:26.757Z","level":"error","event":"queue.dispatch_cycle_failed","fields":{"queueName":"all","service":"pipeline-worker"}}
{"timestamp":"2026-09-12T12:01:27.782Z","level":"error","event":"queue.dispatch_cycle_failed","fields":{"queueName":"all","service":"pipeline-worker"}}
{"timestamp":"2026-09-12T12:01:28.816Z","level":"error","event":"queue.dispatch_cycle_failed","fields":{"queueName":"all","service":"pipeline-worker"}}
{"timestamp":"2026-09-12T12:01:29.852Z","level":"error","event":"queue.dispatch_cycle_failed","fields":{"queueName":"all","service":"pipeline-worker"}}
{"timestamp":"2026-09-12T12:01:30.877Z","level":"error","event":"queue.dispatch_cycle_failed","fields":{"queueName":"all","service":"pipeline-worker"}}
{"timestamp":"2026-09-12T12:01:32.328Z","level":"error","event":"queue.lease_sweep_failed","fields":{"queueName":"all","service":"pipeline-worker"}}
{"timestamp":"2026-09-12T12:01:35.205Z","level":"error","event":"worker.consumer_failed","fields":{"queueName":"pipeline","service":"pipeline-worker"}}
{"timestamp":"2026-09-12T12:01:35.258Z","level":"error","event":"queue.dispatch_cycle_failed","fields":{"queueName":"all","service":"pipeline-worker"}}
{"timestamp":"2026-09-12T12:01:36.099Z","level":"error","event":"worker.consumer_failed","fields":{"queueName":"pipeline","service":"pipeline-worker"}}
{"timestamp":"2026-09-12T12:01:39.364Z","level":"error","event":"queue.dispatch_cycle_failed","fields":{"queueName":"all","service":"pipeline-worker"}}
{"timestamp":"2026-09-12T12:01:40.396Z","level":"error","event":"queue.dispatch_cycle_failed","fields":{"queueName":"all","service":"pipeline-worker"}}
{"timestamp":"2026-09-12T12:01:41.432Z","level":"error","event":"queue.dispatch_cycle_failed","fields":{"queueName":"all","service":"pipeline-worker"}}
{"timestamp":"2026-09-12T12:01:46.702Z","level":"error","event":"queue.dispatch_cycle_failed","fields":{"queueName":"all","service":"pipeline-worker"}}
{"timestamp":"2026-09-12T12:01:47.354Z","level":"error","event":"queue.lease_sweep_failed","fields":{"queueName":"all","service":"pipeline-worker"}}
{"timestamp":"2026-09-12T12:01:47.722Z","level":"error","event":"queue.dispatch_cycle_failed","fields":{"queueName":"all","service":"pipeline-worker"}}
{"timestamp":"2026-09-12T12:01:48.753Z","level":"error","event":"queue.dispatch_cycle_failed","fields":{"queueName":"all","service":"pipeline-worker"}}
{"timestamp":"2026-09-12T12:01:49.784Z","level":"error","event":"queue.dispatch_cycle_failed","fields":{"queueName":"all","service":"pipeline-worker"}}
{"timestamp":"2026-09-12T12:01:50.811Z","level":"error","event":"queue.dispatch_cycle_failed","fields":{"queueName":"all","service":"pipeline-worker"}}
{"timestamp":"2026-09-12T12:01:51.843Z","level":"error","event":"queue.dispatch_cycle_failed","fields":{"queueName":"all","service":"pipeline-worker"}}
{"timestamp":"2026-09-12T12:01:55.215Z","level":"error","event":"worker.consumer_failed","fields":{"queueName":"pipeline","service":"pipeline-worker"}}
{"timestamp":"2026-09-12T12:01:56.112Z","level":"error","event":"worker.consumer_failed","fields":{"queueName":"pipeline","service":"pipeline-worker"}}
{"timestamp":"2026-09-12T12:01:58.429Z","level":"error","event":"queue.dispatch_cycle_failed","fields":{"queueName":"all","service":"pipeline-worker"}}
{"timestamp":"2026-09-12T12:01:59.461Z","level":"error","event":"queue.dispatch_cycle_failed","fields":{"queueName":"all","service":"pipeline-worker"}}
{"timestamp":"2026-09-12T12:02:00.488Z","level":"error","event":"queue.dispatch_cycle_failed","fields":{"queueName":"all","service":"pipeline-worker"}}
{"timestamp":"2026-09-12T12:02:02.556Z","level":"error","event":"queue.lease_sweep_failed","fields":{"queueName":"all","service":"pipeline-worker"}}
{"timestamp":"2026-09-12T12:02:05.563Z","level":"error","event":"queue.dispatch_cycle_failed","fields":{"queueName":"all","service":"pipeline-worker"}}
{"timestamp":"2026-09-12T12:02:06.585Z","level":"error","event":"queue.dispatch_cycle_failed","fields":{"queueName":"all","service":"pipeline-worker"}}
{"timestamp":"2026-09-12T12:02:07.606Z","level":"error","event":"queue.dispatch_cycle_failed","fields":{"queueName":"all","service":"pipeline-worker"}}
{"timestamp":"2026-09-12T12:02:08.745Z","level":"error","event":"queue.dispatch_cycle_failed","fields":{"queueName":"all","service":"pipeline-worker"}}
{"timestamp":"2026-09-12T12:02:09.784Z","level":"error","event":"queue.dispatch_cycle_failed","fields":{"queueName":"all","service":"pipeline-worker"}}
{"timestamp":"2026-09-12T12:02:10.820Z","level":"error","event":"queue.dispatch_cycle_failed","fields":{"queueName":"all","service":"pipeline-worker"}}
{"timestamp":"2026-09-12T12:02:15.234Z","level":"error","event":"worker.consumer_failed","fields":{"queueName":"pipeline","service":"pipeline-worker"}}
{"timestamp":"2026-09-12T12:02:16.132Z","level":"error","event":"worker.consumer_failed","fields":{"queueName":"pipeline","service":"pipeline-worker"}}
{"timestamp":"2026-09-12T12:02:17.017Z","level":"error","event":"queue.dispatch_cycle_failed","fields":{"queueName":"all","service":"pipeline-worker"}}
{"timestamp":"2026-09-12T12:02:17.584Z","level":"error","event":"queue.lease_sweep_failed","fields":{"queueName":"all","service":"pipeline-worker"}}
{"timestamp":"2026-09-12T12:02:20.466Z","level":"error","event":"queue.dispatch_cycle_failed","fields":{"queueName":"all","service":"pipeline-worker"}}
{"timestamp":"2026-09-12T12:02:21.499Z","level":"error","event":"queue.dispatch_cycle_failed","fields":{"queueName":"all","service":"pipeline-worker"}}
{"timestamp":"2026-09-12T12:02:22.523Z","level":"error","event":"queue.dispatch_cycle_failed","fields":{"queueName":"all","service":"pipeline-worker"}}
{"timestamp":"2026-09-12T12:02:23.556Z","level":"error","event":"queue.dispatch_cycle_failed","fields":{"queueName":"all","service":"pipeline-worker"}}
{"timestamp":"2026-09-12T12:02:24.583Z","level":"error","event":"queue.dispatch_cycle_failed","fields":{"queueName":"all","service":"pipeline-worker"}}
{"timestamp":"2026-09-12T12:02:25.601Z","level":"error","event":"queue.dispatch_cycle_failed","fields":{"queueName":"all","service":"pipeline-worker"}}
{"timestamp":"2026-09-12T12:02:27.258Z","level":"error","event":"queue.dispatch_cycle_failed","fields":{"queueName":"all","service":"pipeline-worker"}}
{"timestamp":"2026-09-12T12:02:28.441Z","level":"error","event":"queue.dispatch_cycle_failed","fields":{"queueName":"all","service":"pipeline-worker"}}
{"timestamp":"2026-09-12T12:02:29.455Z","level":"error","event":"queue.dispatch_cycle_failed","fields":{"queueName":"all","service":"pipeline-worker"}}
{"timestamp":"2026-09-12T12:02:32.621Z","level":"error","event":"queue.lease_sweep_failed","fields":{"queueName":"all","service":"pipeline-worker"}}
{"timestamp":"2026-09-12T12:02:35.263Z","level":"error","event":"worker.consumer_failed","fields":{"queueName":"pipeline","service":"pipeline-worker"}}
{"timestamp":"2026-09-12T12:02:36.004Z","level":"error","event":"queue.dispatch_cycle_failed","fields":{"queueName":"all","service":"pipeline-worker"}}
{"timestamp":"2026-09-12T12:02:36.140Z","level":"error","event":"worker.consumer_failed","fields":{"queueName":"pipeline","service":"pipeline-worker"}}
{"timestamp":"2026-09-12T12:02:37.036Z","level":"error","event":"queue.dispatch_cycle_failed","fields":{"queueName":"all","service":"pipeline-worker"}}
{"timestamp":"2026-09-12T12:02:38.052Z","level":"error","event":"queue.dispatch_cycle_failed","fields":{"queueName":"all","service":"pipeline-worker"}}
{"timestamp":"2026-09-12T12:02:39.083Z","level":"error","event":"queue.dispatch_cycle_failed","fields":{"queueName":"all","service":"pipeline-worker"}}
{"timestamp":"2026-09-12T12:02:41.082Z","level":"error","event":"queue.dispatch_cycle_failed","fields":{"queueName":"all","service":"pipeline-worker"}}
{"timestamp":"2026-09-12T12:02:42.100Z","level":"error","event":"queue.dispatch_cycle_failed","fields":{"queueName":"all","service":"pipeline-worker"}}
{"timestamp":"2026-09-12T12:02:43.117Z","level":"error","event":"queue.dispatch_cycle_failed","fields":{"queueName":"all","service":"pipeline-worker"}}
{"timestamp":"2026-09-12T12:02:44.148Z","level":"error","event":"queue.dispatch_cycle_failed","fields":{"queueName":"all","service":"pipeline-worker"}}
{"timestamp":"2026-09-12T12:02:45.169Z","level":"error","event":"queue.dispatch_cycle_failed","fields":{"queueName":"all","service":"pipeline-worker"}}
{"timestamp":"2026-09-12T12:02:49.569Z","level":"error","event":"queue.dispatch_cycle_failed","fields":{"queueName":"all","service":"pipeline-worker"}}
{"timestamp":"2026-09-12T12:02:50.599Z","level":"error","event":"queue.dispatch_cycle_failed","fields":{"queueName":"all","service":"pipeline-worker"}}
{"timestamp":"2026-09-12T12:02:51.983Z","level":"error","event":"queue.lease_sweep_failed","fields":{"queueName":"all","service":"pipeline-worker"}}
{"timestamp":"2026-09-12T12:02:55.279Z","level":"error","event":"worker.consumer_failed","fields":{"queueName":"pipeline","service":"pipeline-worker"}}
{"timestamp":"2026-09-12T12:02:56.152Z","level":"error","event":"worker.consumer_failed","fields":{"queueName":"pipeline","service":"pipeline-worker"}}
{"timestamp":"2026-09-12T12:02:57.951Z","level":"error","event":"queue.dispatch_cycle_failed","fields":{"queueName":"all","service":"pipeline-worker"}}
{"timestamp":"2026-09-12T12:02:58.986Z","level":"error","event":"queue.dispatch_cycle_failed","fields":{"queueName":"all","service":"pipeline-worker"}}
{"timestamp":"2026-09-12T12:03:00.022Z","level":"error","event":"queue.dispatch_cycle_failed","fields":{"queueName":"all","service":"pipeline-worker"}}
{"timestamp":"2026-09-12T12:03:01.039Z","level":"error","event":"queue.dispatch_cycle_failed","fields":{"queueName":"all","service":"pipeline-worker"}}
{"timestamp":"2026-09-12T12:03:02.072Z","level":"error","event":"queue.dispatch_cycle_failed","fields":{"queueName":"all","service":"pipeline-worker"}}
{"timestamp":"2026-09-12T12:03:03.110Z","level":"error","event":"queue.dispatch_cycle_failed","fields":{"queueName":"all","service":"pipeline-worker"}}
{"timestamp":"2026-09-12T12:03:04.143Z","level":"error","event":"queue.dispatch_cycle_failed","fields":{"queueName":"all","service":"pipeline-worker"}}
{"timestamp":"2026-09-12T12:03:05.185Z","level":"error","event":"queue.dispatch_cycle_failed","fields":{"queueName":"all","service":"pipeline-worker"}}
{"timestamp":"2026-09-12T12:03:06.221Z","level":"error","event":"queue.dispatch_cycle_failed","fields":{"queueName":"all","service":"pipeline-worker"}}
{"timestamp":"2026-09-12T12:03:07.019Z","level":"error","event":"queue.lease_sweep_failed","fields":{"queueName":"all","service":"pipeline-worker"}}
{"timestamp":"2026-09-12T12:03:13.018Z","level":"error","event":"queue.dispatch_cycle_failed","fields":{"queueName":"all","service":"pipeline-worker"}}
{"timestamp":"2026-09-12T12:03:14.041Z","level":"error","event":"queue.dispatch_cycle_failed","fields":{"queueName":"all","service":"pipeline-worker"}}
{"timestamp":"2026-09-12T12:03:15.066Z","level":"error","event":"queue.dispatch_cycle_failed","fields":{"queueName":"all","service":"pipeline-worker"}}
{"timestamp":"2026-09-12T12:03:15.307Z","level":"error","event":"worker.consumer_failed","fields":{"queueName":"pipeline","service":"pipeline-worker"}}
{"timestamp":"2026-09-12T12:03:16.111Z","level":"error","event":"queue.dispatch_cycle_failed","fields":{"queueName":"all","service":"pipeline-worker"}}
{"timestamp":"2026-09-12T12:03:16.178Z","level":"error","event":"worker.consumer_failed","fields":{"queueName":"pipeline","service":"pipeline-worker"}}
{"timestamp":"2026-09-12T12:03:18.103Z","level":"error","event":"queue.dispatch_cycle_failed","fields":{"queueName":"all","service":"pipeline-worker"}}
{"timestamp":"2026-09-12T12:03:19.136Z","level":"error","event":"queue.dispatch_cycle_failed","fields":{"queueName":"all","service":"pipeline-worker"}}
{"timestamp":"2026-09-12T12:03:20.156Z","level":"error","event":"queue.dispatch_cycle_failed","fields":{"queueName":"all","service":"pipeline-worker"}}
{"timestamp":"2026-09-12T12:03:21.982Z","level":"error","event":"queue.dispatch_cycle_failed","fields":{"queueName":"all","service":"pipeline-worker"}}
{"timestamp":"2026-09-12T12:03:22.049Z","level":"error","event":"queue.lease_sweep_failed","fields":{"queueName":"all","service":"pipeline-worker"}}
{"timestamp":"2026-09-12T12:03:23.001Z","level":"error","event":"queue.dispatch_cycle_failed","fields":{"queueName":"all","service":"pipeline-worker"}}
{"timestamp":"2026-09-12T12:03:28.319Z","level":"error","event":"queue.dispatch_cycle_failed","fields":{"queueName":"all","service":"pipeline-worker"}}
{"timestamp":"2026-09-12T12:03:29.338Z","level":"error","event":"queue.dispatch_cycle_failed","fields":{"queueName":"all","service":"pipeline-worker"}}
{"timestamp":"2026-09-12T12:03:33.116Z","level":"error","event":"queue.dispatch_cycle_failed","fields":{"queueName":"all","service":"pipeline-worker"}}
{"timestamp":"2026-09-12T12:03:34.150Z","level":"error","event":"queue.dispatch_cycle_failed","fields":{"queueName":"all","service":"pipeline-worker"}}
{"timestamp":"2026-09-12T12:03:35.194Z","level":"error","event":"queue.dispatch_cycle_failed","fields":{"queueName":"all","service":"pipeline-worker"}}
{"timestamp":"2026-09-12T12:03:35.336Z","level":"error","event":"worker.consumer_failed","fields":{"queueName":"pipeline","service":"pipeline-worker"}}
{"timestamp":"2026-09-12T12:03:36.208Z","level":"error","event":"worker.consumer_failed","fields":{"queueName":"pipeline","service":"pipeline-worker"}}
{"timestamp":"2026-09-12T12:03:36.211Z","level":"error","event":"queue.dispatch_cycle_failed","fields":{"queueName":"all","service":"pipeline-worker"}}
{"timestamp":"2026-09-12T12:03:37.235Z","level":"error","event":"queue.dispatch_cycle_failed","fields":{"queueName":"all","service":"pipeline-worker"}}
{"timestamp":"2026-09-12T12:03:39.698Z","level":"error","event":"queue.lease_sweep_failed","fields":{"queueName":"all","service":"pipeline-worker"}}
{"timestamp":"2026-09-12T12:03:39.844Z","level":"error","event":"queue.dispatch_cycle_failed","fields":{"queueName":"all","service":"pipeline-worker"}}
{"timestamp":"2026-09-12T12:03:40.870Z","level":"error","event":"queue.dispatch_cycle_failed","fields":{"queueName":"all","service":"pipeline-worker"}}
{"timestamp":"2026-09-12T12:03:43.591Z","level":"error","event":"queue.dispatch_cycle_failed","fields":{"queueName":"all","service":"pipeline-worker"}}
{"timestamp":"2026-09-12T12:03:46.308Z","level":"error","event":"queue.dispatch_cycle_failed","fields":{"queueName":"all","service":"pipeline-worker"}}
{"timestamp":"2026-09-12T12:03:47.337Z","level":"error","event":"queue.dispatch_cycle_failed","fields":{"queueName":"all","service":"pipeline-worker"}}
{"timestamp":"2026-09-12T12:03:48.384Z","level":"error","event":"queue.dispatch_cycle_failed","fields":{"queueName":"all","service":"pipeline-worker"}}
{"timestamp":"2026-09-12T12:03:53.994Z","level":"error","event":"queue.dispatch_cycle_failed","fields":{"queueName":"all","service":"pipeline-worker"}}
{"timestamp":"2026-09-12T12:03:54.724Z","level":"error","event":"queue.lease_sweep_failed","fields":{"queueName":"all","service":"pipeline-worker"}}
{"timestamp":"2026-09-12T12:03:55.020Z","level":"error","event":"queue.dispatch_cycle_failed","fields":{"queueName":"all","service":"pipeline-worker"}}
{"timestamp":"2026-09-12T12:03:55.352Z","level":"error","event":"worker.consumer_failed","fields":{"queueName":"pipeline","service":"pipeline-worker"}}
{"timestamp":"2026-09-12T12:03:56.052Z","level":"error","event":"queue.dispatch_cycle_failed","fields":{"queueName":"all","service":"pipeline-worker"}}
{"timestamp":"2026-09-12T12:03:56.218Z","level":"error","event":"worker.consumer_failed","fields":{"queueName":"pipeline","service":"pipeline-worker"}}
{"timestamp":"2026-09-12T12:03:57.189Z","level":"error","event":"queue.dispatch_cycle_failed","fields":{"queueName":"all","service":"pipeline-worker"}}
{"timestamp":"2026-09-12T12:03:58.208Z","level":"error","event":"queue.dispatch_cycle_failed","fields":{"queueName":"all","service":"pipeline-worker"}}
{"timestamp":"2026-09-12T12:03:59.237Z","level":"error","event":"queue.dispatch_cycle_failed","fields":{"queueName":"all","service":"pipeline-worker"}}
{"timestamp":"2026-09-12T12:04:04.082Z","level":"error","event":"queue.dispatch_cycle_failed","fields":{"queueName":"all","service":"pipeline-worker"}}
{"timestamp":"2026-09-12T12:04:05.121Z","level":"error","event":"queue.dispatch_cycle_failed","fields":{"queueName":"all","service":"pipeline-worker"}}
{"timestamp":"2026-09-12T12:04:06.152Z","level":"error","event":"queue.dispatch_cycle_failed","fields":{"queueName":"all","service":"pipeline-worker"}}
{"timestamp":"2026-09-12T12:04:07.184Z","level":"error","event":"queue.dispatch_cycle_failed","fields":{"queueName":"all","service":"pipeline-worker"}}
{"timestamp":"2026-09-12T12:04:09.744Z","level":"error","event":"queue.lease_sweep_failed","fields":{"queueName":"all","service":"pipeline-worker"}}
{"timestamp":"2026-09-12T12:04:11.470Z","level":"error","event":"queue.dispatch_cycle_failed","fields":{"queueName":"all","service":"pipeline-worker"}}
{"timestamp":"2026-09-12T12:04:15.042Z","level":"error","event":"queue.dispatch_cycle_failed","fields":{"queueName":"all","service":"pipeline-worker"}}
{"timestamp":"2026-09-12T12:04:15.370Z","level":"error","event":"worker.consumer_failed","fields":{"queueName":"pipeline","service":"pipeline-worker"}}
{"timestamp":"2026-09-12T12:04:16.074Z","level":"error","event":"queue.dispatch_cycle_failed","fields":{"queueName":"all","service":"pipeline-worker"}}
{"timestamp":"2026-09-12T12:04:16.238Z","level":"error","event":"worker.consumer_failed","fields":{"queueName":"pipeline","service":"pipeline-worker"}}
{"timestamp":"2026-09-12T12:04:17.099Z","level":"error","event":"queue.dispatch_cycle_failed","fields":{"queueName":"all","service":"pipeline-worker"}}
{"timestamp":"2026-09-12T12:04:18.136Z","level":"error","event":"queue.dispatch_cycle_failed","fields":{"queueName":"all","service":"pipeline-worker"}}
{"timestamp":"2026-09-12T12:04:23.001Z","level":"error","event":"queue.dispatch_cycle_failed","fields":{"queueName":"all","service":"pipeline-worker"}}
{"timestamp":"2026-09-12T12:04:24.294Z","level":"error","event":"queue.dispatch_cycle_failed","fields":{"queueName":"all","service":"pipeline-worker"}}
{"timestamp":"2026-09-12T12:04:24.767Z","level":"error","event":"queue.lease_sweep_failed","fields":{"queueName":"all","service":"pipeline-worker"}}
{"timestamp":"2026-09-12T12:04:25.333Z","level":"error","event":"queue.dispatch_cycle_failed","fields":{"queueName":"all","service":"pipeline-worker"}}
{"timestamp":"2026-09-12T12:04:28.770Z","level":"error","event":"queue.dispatch_cycle_failed","fields":{"queueName":"all","service":"pipeline-worker"}}
{"timestamp":"2026-09-12T12:04:29.816Z","level":"error","event":"queue.dispatch_cycle_failed","fields":{"queueName":"all","service":"pipeline-worker"}}
{"timestamp":"2026-09-12T12:04:30.836Z","level":"error","event":"queue.dispatch_cycle_failed","fields":{"queueName":"all","service":"pipeline-worker"}}
{"timestamp":"2026-09-12T12:04:31.869Z","level":"error","event":"queue.dispatch_cycle_failed","fields":{"queueName":"all","service":"pipeline-worker"}}
{"timestamp":"2026-09-12T12:04:32.899Z","level":"error","event":"queue.dispatch_cycle_failed","fields":{"queueName":"all","service":"pipeline-worker"}}
{"timestamp":"2026-09-12T12:04:33.933Z","level":"error","event":"queue.dispatch_cycle_failed","fields":{"queueName":"all","service":"pipeline-worker"}}
{"timestamp":"2026-09-12T12:04:34.952Z","level":"error","event":"queue.dispatch_cycle_failed","fields":{"queueName":"all","service":"pipeline-worker"}}
{"timestamp":"2026-09-12T12:04:35.385Z","level":"error","event":"worker.consumer_failed","fields":{"queueName":"pipeline","service":"pipeline-worker"}}
{"timestamp":"2026-09-12T12:04:36.250Z","level":"error","event":"worker.consumer_failed","fields":{"queueName":"pipeline","service":"pipeline-worker"}}
{"timestamp":"2026-09-12T12:04:37.461Z","level":"error","event":"queue.dispatch_cycle_failed","fields":{"queueName":"all","service":"pipeline-worker"}}
{"timestamp":"2026-09-12T12:04:38.495Z","level":"error","event":"queue.dispatch_cycle_failed","fields":{"queueName":"all","service":"pipeline-worker"}}
{"timestamp":"2026-09-12T12:04:39.532Z","level":"error","event":"queue.dispatch_cycle_failed","fields":{"queueName":"all","service":"pipeline-worker"}}
{"timestamp":"2026-09-12T12:04:45.803Z","level":"error","event":"queue.dispatch_cycle_failed","fields":{"queueName":"all","service":"pipeline-worker"}}
{"timestamp":"2026-09-12T12:04:47.714Z","level":"error","event":"queue.lease_sweep_failed","fields":{"queueName":"all","service":"pipeline-worker"}}
{"timestamp":"2026-09-12T12:04:50.538Z","level":"error","event":"queue.dispatch_cycle_failed","fields":{"queueName":"all","service":"pipeline-worker"}}
{"timestamp":"2026-09-12T12:04:51.565Z","level":"error","event":"queue.dispatch_cycle_failed","fields":{"queueName":"all","service":"pipeline-worker"}}
{"timestamp":"2026-09-12T12:04:52.610Z","level":"error","event":"queue.dispatch_cycle_failed","fields":{"queueName":"all","service":"pipeline-worker"}}
{"timestamp":"2026-09-12T12:04:53.633Z","level":"error","event":"queue.dispatch_cycle_failed","fields":{"queueName":"all","service":"pipeline-worker"}}
{"timestamp":"2026-09-12T12:04:54.876Z","level":"error","event":"queue.dispatch_cycle_failed","fields":{"queueName":"all","service":"pipeline-worker"}}
{"timestamp":"2026-09-12T12:04:55.416Z","level":"error","event":"worker.consumer_failed","fields":{"queueName":"pipeline","service":"pipeline-worker"}}
{"timestamp":"2026-09-12T12:04:55.909Z","level":"error","event":"queue.dispatch_cycle_failed","fields":{"queueName":"all","service":"pipeline-worker"}}
{"timestamp":"2026-09-12T12:04:56.270Z","level":"error","event":"worker.consumer_failed","fields":{"queueName":"pipeline","service":"pipeline-worker"}}
{"timestamp":"2026-09-12T12:04:56.953Z","level":"error","event":"queue.dispatch_cycle_failed","fields":{"queueName":"all","service":"pipeline-worker"}}
{"timestamp":"2026-09-12T12:04:57.985Z","level":"error","event":"queue.dispatch_cycle_failed","fields":{"queueName":"all","service":"pipeline-worker"}}
{"timestamp":"2026-09-12T12:05:03.267Z","level":"error","event":"queue.dispatch_cycle_failed","fields":{"queueName":"all","service":"pipeline-worker"}}
{"timestamp":"2026-09-12T12:05:04.299Z","level":"error","event":"queue.dispatch_cycle_failed","fields":{"queueName":"all","service":"pipeline-worker"}}
{"timestamp":"2026-09-12T12:05:04.737Z","level":"error","event":"queue.lease_sweep_failed","fields":{"queueName":"all","service":"pipeline-worker"}}
{"timestamp":"2026-09-12T12:05:08.654Z","level":"error","event":"queue.dispatch_cycle_failed","fields":{"queueName":"all","service":"pipeline-worker"}}
{"timestamp":"2026-09-12T12:05:09.691Z","level":"error","event":"queue.dispatch_cycle_failed","fields":{"queueName":"all","service":"pipeline-worker"}}
{"timestamp":"2026-09-12T12:05:11.522Z","level":"error","event":"queue.dispatch_cycle_failed","fields":{"queueName":"all","service":"pipeline-worker"}}
{"timestamp":"2026-09-12T12:05:12.556Z","level":"error","event":"queue.dispatch_cycle_failed","fields":{"queueName":"all","service":"pipeline-worker"}}
{"timestamp":"2026-09-12T12:05:14.902Z","level":"error","event":"queue.dispatch_cycle_failed","fields":{"queueName":"all","service":"pipeline-worker"}}
{"timestamp":"2026-09-12T12:05:15.421Z","level":"error","event":"worker.consumer_failed","fields":{"queueName":"pipeline","service":"pipeline-worker"}}
{"timestamp":"2026-09-12T12:05:15.926Z","level":"error","event":"queue.dispatch_cycle_failed","fields":{"queueName":"all","service":"pipeline-worker"}}
{"timestamp":"2026-09-12T12:05:16.294Z","level":"error","event":"worker.consumer_failed","fields":{"queueName":"pipeline","service":"pipeline-worker"}}
{"timestamp":"2026-09-12T12:05:16.946Z","level":"error","event":"queue.dispatch_cycle_failed","fields":{"queueName":"all","service":"pipeline-worker"}}
{"timestamp":"2026-09-12T12:05:22.436Z","level":"error","event":"queue.dispatch_cycle_failed","fields":{"queueName":"all","service":"pipeline-worker"}}
{"timestamp":"2026-09-12T12:05:22.970Z","level":"error","event":"queue.lease_sweep_failed","fields":{"queueName":"all","service":"pipeline-worker"}}
{"timestamp":"2026-09-12T12:05:23.888Z","level":"error","event":"queue.dispatch_cycle_failed","fields":{"queueName":"all","service":"pipeline-worker"}}
{"timestamp":"2026-09-12T12:05:24.926Z","level":"error","event":"queue.dispatch_cycle_failed","fields":{"queueName":"all","service":"pipeline-worker"}}
{"timestamp":"2026-09-12T12:05:29.673Z","level":"error","event":"queue.dispatch_cycle_failed","fields":{"queueName":"all","service":"pipeline-worker"}}
{"timestamp":"2026-09-12T12:05:30.704Z","level":"error","event":"queue.dispatch_cycle_failed","fields":{"queueName":"all","service":"pipeline-worker"}}
{"timestamp":"2026-09-12T12:05:32.564Z","level":"error","event":"queue.dispatch_cycle_failed","fields":{"queueName":"all","service":"pipeline-worker"}}
{"timestamp":"2026-09-12T12:05:34.254Z","level":"error","event":"queue.dispatch_cycle_failed","fields":{"queueName":"all","service":"pipeline-worker"}}
{"timestamp":"2026-09-12T12:05:35.290Z","level":"error","event":"queue.dispatch_cycle_failed","fields":{"queueName":"all","service":"pipeline-worker"}}
{"timestamp":"2026-09-12T12:05:35.432Z","level":"error","event":"worker.consumer_failed","fields":{"queueName":"pipeline","service":"pipeline-worker"}}
{"timestamp":"2026-09-12T12:05:36.305Z","level":"error","event":"worker.consumer_failed","fields":{"queueName":"pipeline","service":"pipeline-worker"}}
{"timestamp":"2026-09-12T12:05:36.311Z","level":"error","event":"queue.dispatch_cycle_failed","fields":{"queueName":"all","service":"pipeline-worker"}}
{"timestamp":"2026-09-12T12:05:38.005Z","level":"error","event":"queue.lease_sweep_failed","fields":{"queueName":"all","service":"pipeline-worker"}}
{"timestamp":"2026-09-12T12:05:38.773Z","level":"error","event":"queue.dispatch_cycle_failed","fields":{"queueName":"all","service":"pipeline-worker"}}
{"timestamp":"2026-09-12T12:05:41.478Z","level":"error","event":"queue.dispatch_cycle_failed","fields":{"queueName":"all","service":"pipeline-worker"}}
{"timestamp":"2026-09-12T12:05:44.414Z","level":"error","event":"queue.dispatch_cycle_failed","fields":{"queueName":"all","service":"pipeline-worker"}}
{"timestamp":"2026-09-12T12:05:46.060Z","level":"error","event":"queue.dispatch_cycle_failed","fields":{"queueName":"all","service":"pipeline-worker"}}
{"timestamp":"2026-09-12T12:05:47.092Z","level":"error","event":"queue.dispatch_cycle_failed","fields":{"queueName":"all","service":"pipeline-worker"}}
{"timestamp":"2026-09-12T12:05:48.129Z","level":"error","event":"queue.dispatch_cycle_failed","fields":{"queueName":"all","service":"pipeline-worker"}}
{"timestamp":"2026-09-12T12:05:49.166Z","level":"error","event":"queue.dispatch_cycle_failed","fields":{"queueName":"all","service":"pipeline-worker"}}
{"timestamp":"2026-09-12T12:05:51.159Z","level":"error","event":"queue.dispatch_cycle_failed","fields":{"queueName":"all","service":"pipeline-worker"}}
{"timestamp":"2026-09-12T12:05:52.196Z","level":"error","event":"queue.dispatch_cycle_failed","fields":{"queueName":"all","service":"pipeline-worker"}}
{"timestamp":"2026-09-12T12:05:53.036Z","level":"error","event":"queue.lease_sweep_failed","fields":{"queueName":"all","service":"pipeline-worker"}}
{"timestamp":"2026-09-12T12:05:53.228Z","level":"error","event":"queue.dispatch_cycle_failed","fields":{"queueName":"all","service":"pipeline-worker"}}
{"timestamp":"2026-09-12T12:05:55.442Z","level":"error","event":"worker.consumer_failed","fields":{"queueName":"pipeline","service":"pipeline-worker"}}
{"timestamp":"2026-09-12T12:05:55.602Z","level":"error","event":"queue.dispatch_cycle_failed","fields":{"queueName":"all","service":"pipeline-worker"}}
{"timestamp":"2026-09-12T12:05:56.322Z","level":"error","event":"worker.consumer_failed","fields":{"queueName":"pipeline","service":"pipeline-worker"}}
{"timestamp":"2026-09-12T12:05:57.776Z","level":"error","event":"queue.dispatch_cycle_failed","fields":{"queueName":"all","service":"pipeline-worker"}}
{"timestamp":"2026-09-12T12:06:05.863Z","level":"error","event":"queue.dispatch_cycle_failed","fields":{"queueName":"all","service":"pipeline-worker"}}
{"timestamp":"2026-09-12T12:06:06.886Z","level":"error","event":"queue.dispatch_cycle_failed","fields":{"queueName":"all","service":"pipeline-worker"}}
{"timestamp":"2026-09-12T12:06:07.924Z","level":"error","event":"queue.dispatch_cycle_failed","fields":{"queueName":"all","service":"pipeline-worker"}}
{"timestamp":"2026-09-12T12:06:08.070Z","level":"error","event":"queue.lease_sweep_failed","fields":{"queueName":"all","service":"pipeline-worker"}}
{"timestamp":"2026-09-12T12:06:09.238Z","level":"error","event":"queue.dispatch_cycle_failed","fields":{"queueName":"all","service":"pipeline-worker"}}
{"timestamp":"2026-09-12T12:06:11.629Z","level":"error","event":"queue.dispatch_cycle_failed","fields":{"queueName":"all","service":"pipeline-worker"}}
{"timestamp":"2026-09-12T12:06:12.671Z","level":"error","event":"queue.dispatch_cycle_failed","fields":{"queueName":"all","service":"pipeline-worker"}}
{"timestamp":"2026-09-12T12:06:13.708Z","level":"error","event":"queue.dispatch_cycle_failed","fields":{"queueName":"all","service":"pipeline-worker"}}
{"timestamp":"2026-09-12T12:06:14.739Z","level":"error","event":"queue.dispatch_cycle_failed","fields":{"queueName":"all","service":"pipeline-worker"}}
{"timestamp":"2026-09-12T12:06:15.451Z","level":"error","event":"worker.consumer_failed","fields":{"queueName":"pipeline","service":"pipeline-worker"}}
{"timestamp":"2026-09-12T12:06:15.770Z","level":"error","event":"queue.dispatch_cycle_failed","fields":{"queueName":"all","service":"pipeline-worker"}}
{"timestamp":"2026-09-12T12:06:16.344Z","level":"error","event":"worker.consumer_failed","fields":{"queueName":"pipeline","service":"pipeline-worker"}}
{"timestamp":"2026-09-12T12:06:20.638Z","level":"error","event":"queue.dispatch_cycle_failed","fields":{"queueName":"all","service":"pipeline-worker"}}
{"timestamp":"2026-09-12T12:06:21.676Z","level":"error","event":"queue.dispatch_cycle_failed","fields":{"queueName":"all","service":"pipeline-worker"}}
{"timestamp":"2026-09-12T12:06:22.713Z","level":"error","event":"queue.dispatch_cycle_failed","fields":{"queueName":"all","service":"pipeline-worker"}}
{"timestamp":"2026-09-12T12:06:23.094Z","level":"error","event":"queue.lease_sweep_failed","fields":{"queueName":"all","service":"pipeline-worker"}}
{"timestamp":"2026-09-12T12:06:23.743Z","level":"error","event":"queue.dispatch_cycle_failed","fields":{"queueName":"all","service":"pipeline-worker"}}
{"timestamp":"2026-09-12T12:06:28.573Z","level":"error","event":"queue.dispatch_cycle_failed","fields":{"queueName":"all","service":"pipeline-worker"}}
{"timestamp":"2026-09-12T12:06:30.340Z","level":"error","event":"queue.dispatch_cycle_failed","fields":{"queueName":"all","service":"pipeline-worker"}}
{"timestamp":"2026-09-12T12:06:31.378Z","level":"error","event":"queue.dispatch_cycle_failed","fields":{"queueName":"all","service":"pipeline-worker"}}
{"timestamp":"2026-09-12T12:06:32.418Z","level":"error","event":"queue.dispatch_cycle_failed","fields":{"queueName":"all","service":"pipeline-worker"}}
{"timestamp":"2026-09-12T12:06:33.449Z","level":"error","event":"queue.dispatch_cycle_failed","fields":{"queueName":"all","service":"pipeline-worker"}}
{"timestamp":"2026-09-12T12:06:35.466Z","level":"error","event":"worker.consumer_failed","fields":{"queueName":"pipeline","service":"pipeline-worker"}}
{"timestamp":"2026-09-12T12:06:36.185Z","level":"error","event":"queue.dispatch_cycle_failed","fields":{"queueName":"all","service":"pipeline-worker"}}
{"timestamp":"2026-09-12T12:06:36.361Z","level":"error","event":"worker.consumer_failed","fields":{"queueName":"pipeline","service":"pipeline-worker"}}
{"timestamp":"2026-09-12T12:06:37.226Z","level":"error","event":"queue.dispatch_cycle_failed","fields":{"queueName":"all","service":"pipeline-worker"}}
{"timestamp":"2026-09-12T12:06:38.260Z","level":"error","event":"queue.dispatch_cycle_failed","fields":{"queueName":"all","service":"pipeline-worker"}}
{"timestamp":"2026-09-12T12:06:39.296Z","level":"error","event":"queue.dispatch_cycle_failed","fields":{"queueName":"all","service":"pipeline-worker"}}
{"timestamp":"2026-09-12T12:06:42.249Z","level":"error","event":"queue.lease_sweep_failed","fields":{"queueName":"all","service":"pipeline-worker"}}
{"timestamp":"2026-09-12T12:06:48.569Z","level":"error","event":"queue.dispatch_cycle_failed","fields":{"queueName":"all","service":"pipeline-worker"}}
{"timestamp":"2026-09-12T12:06:49.603Z","level":"error","event":"queue.dispatch_cycle_failed","fields":{"queueName":"all","service":"pipeline-worker"}}
{"timestamp":"2026-09-12T12:06:50.632Z","level":"error","event":"queue.dispatch_cycle_failed","fields":{"queueName":"all","service":"pipeline-worker"}}
{"timestamp":"2026-09-12T12:06:51.660Z","level":"error","event":"queue.dispatch_cycle_failed","fields":{"queueName":"all","service":"pipeline-worker"}}
{"timestamp":"2026-09-12T12:06:52.696Z","level":"error","event":"queue.dispatch_cycle_failed","fields":{"queueName":"all","service":"pipeline-worker"}}
{"timestamp":"2026-09-12T12:06:55.461Z","level":"error","event":"queue.dispatch_cycle_failed","fields":{"queueName":"all","service":"pipeline-worker"}}
{"timestamp":"2026-09-12T12:06:55.491Z","level":"error","event":"worker.consumer_failed","fields":{"queueName":"pipeline","service":"pipeline-worker"}}
{"timestamp":"2026-09-12T12:06:56.377Z","level":"error","event":"worker.consumer_failed","fields":{"queueName":"pipeline","service":"pipeline-worker"}}
{"timestamp":"2026-09-12T12:06:56.493Z","level":"error","event":"queue.dispatch_cycle_failed","fields":{"queueName":"all","service":"pipeline-worker"}}
{"timestamp":"2026-09-12T12:06:57.284Z","level":"error","event":"queue.lease_sweep_failed","fields":{"queueName":"all","service":"pipeline-worker"}}
{"timestamp":"2026-09-12T12:06:57.521Z","level":"error","event":"queue.dispatch_cycle_failed","fields":{"queueName":"all","service":"pipeline-worker"}}
{"timestamp":"2026-09-12T12:06:58.547Z","level":"error","event":"queue.dispatch_cycle_failed","fields":{"queueName":"all","service":"pipeline-worker"}}
{"timestamp":"2026-09-12T12:07:08.191Z","level":"error","event":"queue.dispatch_cycle_failed","fields":{"queueName":"all","service":"pipeline-worker"}}
{"timestamp":"2026-09-12T12:07:09.220Z","level":"error","event":"queue.dispatch_cycle_failed","fields":{"queueName":"all","service":"pipeline-worker"}}
{"timestamp":"2026-09-12T12:07:10.251Z","level":"error","event":"queue.dispatch_cycle_failed","fields":{"queueName":"all","service":"pipeline-worker"}}
{"timestamp":"2026-09-12T12:07:11.296Z","level":"error","event":"queue.dispatch_cycle_failed","fields":{"queueName":"all","service":"pipeline-worker"}}
{"timestamp":"2026-09-12T12:07:12.313Z","level":"error","event":"queue.lease_sweep_failed","fields":{"queueName":"all","service":"pipeline-worker"}}
{"timestamp":"2026-09-12T12:07:13.131Z","level":"error","event":"queue.dispatch_cycle_failed","fields":{"queueName":"all","service":"pipeline-worker"}}
{"timestamp":"2026-09-12T12:07:14.162Z","level":"error","event":"queue.dispatch_cycle_failed","fields":{"queueName":"all","service":"pipeline-worker"}}
{"timestamp":"2026-09-12T12:07:15.511Z","level":"error","event":"worker.consumer_failed","fields":{"queueName":"pipeline","service":"pipeline-worker"}}
{"timestamp":"2026-09-12T12:07:16.391Z","level":"error","event":"worker.consumer_failed","fields":{"queueName":"pipeline","service":"pipeline-worker"}}
{"timestamp":"2026-09-12T12:07:16.892Z","level":"error","event":"queue.dispatch_cycle_failed","fields":{"queueName":"all","service":"pipeline-worker"}}
{"timestamp":"2026-09-12T12:07:17.928Z","level":"error","event":"queue.dispatch_cycle_failed","fields":{"queueName":"all","service":"pipeline-worker"}}
{"timestamp":"2026-09-12T12:07:18.962Z","level":"error","event":"queue.dispatch_cycle_failed","fields":{"queueName":"all","service":"pipeline-worker"}}
{"timestamp":"2026-09-12T12:07:27.088Z","level":"error","event":"queue.dispatch_cycle_failed","fields":{"queueName":"all","service":"pipeline-worker"}}
{"timestamp":"2026-09-12T12:07:27.343Z","level":"error","event":"queue.lease_sweep_failed","fields":{"queueName":"all","service":"pipeline-worker"}}
{"timestamp":"2026-09-12T12:07:28.120Z","level":"error","event":"queue.dispatch_cycle_failed","fields":{"queueName":"all","service":"pipeline-worker"}}
{"timestamp":"2026-09-12T12:07:29.142Z","level":"error","event":"queue.dispatch_cycle_failed","fields":{"queueName":"all","service":"pipeline-worker"}}
{"timestamp":"2026-09-12T12:07:30.173Z","level":"error","event":"queue.dispatch_cycle_failed","fields":{"queueName":"all","service":"pipeline-worker"}}
{"timestamp":"2026-09-12T12:07:31.206Z","level":"error","event":"queue.dispatch_cycle_failed","fields":{"queueName":"all","service":"pipeline-worker"}}
{"timestamp":"2026-09-12T12:07:32.229Z","level":"error","event":"queue.dispatch_cycle_failed","fields":{"queueName":"all","service":"pipeline-worker"}}
{"timestamp":"2026-09-12T12:07:35.521Z","level":"error","event":"worker.consumer_failed","fields":{"queueName":"pipeline","service":"pipeline-worker"}}
{"timestamp":"2026-09-12T12:07:35.523Z","level":"error","event":"queue.dispatch_cycle_failed","fields":{"queueName":"all","service":"pipeline-worker"}}
{"timestamp":"2026-09-12T12:07:36.395Z","level":"error","event":"worker.consumer_failed","fields":{"queueName":"pipeline","service":"pipeline-worker"}}
{"timestamp":"2026-09-12T12:07:36.533Z","level":"error","event":"queue.dispatch_cycle_failed","fields":{"queueName":"all","service":"pipeline-worker"}}
{"timestamp":"2026-09-12T12:07:37.556Z","level":"error","event":"queue.dispatch_cycle_failed","fields":{"queueName":"all","service":"pipeline-worker"}}
{"timestamp":"2026-09-12T12:07:39.771Z","level":"error","event":"queue.dispatch_cycle_failed","fields":{"queueName":"all","service":"pipeline-worker"}}
{"timestamp":"2026-09-12T12:07:40.811Z","level":"error","event":"queue.dispatch_cycle_failed","fields":{"queueName":"all","service":"pipeline-worker"}}
{"timestamp":"2026-09-12T12:07:41.852Z","level":"error","event":"queue.dispatch_cycle_failed","fields":{"queueName":"all","service":"pipeline-worker"}}
{"timestamp":"2026-09-12T12:07:42.864Z","level":"error","event":"queue.dispatch_cycle_failed","fields":{"queueName":"all","service":"pipeline-worker"}}
{"timestamp":"2026-09-12T12:07:43.079Z","level":"error","event":"queue.lease_sweep_failed","fields":{"queueName":"all","service":"pipeline-worker"}}
{"timestamp":"2026-09-12T12:07:47.364Z","level":"error","event":"queue.dispatch_cycle_failed","fields":{"queueName":"all","service":"pipeline-worker"}}
{"timestamp":"2026-09-12T12:07:49.816Z","level":"error","event":"queue.dispatch_cycle_failed","fields":{"queueName":"all","service":"pipeline-worker"}}
{"timestamp":"2026-09-12T12:07:50.850Z","level":"error","event":"queue.dispatch_cycle_failed","fields":{"queueName":"all","service":"pipeline-worker"}}
{"timestamp":"2026-09-12T12:07:54.444Z","level":"error","event":"queue.dispatch_cycle_failed","fields":{"queueName":"all","service":"pipeline-worker"}}
{"timestamp":"2026-09-12T12:07:55.478Z","level":"error","event":"queue.dispatch_cycle_failed","fields":{"queueName":"all","service":"pipeline-worker"}}
{"timestamp":"2026-09-12T12:07:55.531Z","level":"error","event":"worker.consumer_failed","fields":{"queueName":"pipeline","service":"pipeline-worker"}}
{"timestamp":"2026-09-12T12:07:56.413Z","level":"error","event":"worker.consumer_failed","fields":{"queueName":"pipeline","service":"pipeline-worker"}}
{"timestamp":"2026-09-12T12:07:58.804Z","level":"error","event":"queue.dispatch_cycle_failed","fields":{"queueName":"all","service":"pipeline-worker"}}
{"timestamp":"2026-09-12T12:07:59.828Z","level":"error","event":"queue.dispatch_cycle_failed","fields":{"queueName":"all","service":"pipeline-worker"}}
{"timestamp":"2026-09-12T12:08:00.172Z","level":"error","event":"queue.lease_sweep_failed","fields":{"queueName":"all","service":"pipeline-worker"}}
{"timestamp":"2026-09-12T12:08:00.876Z","level":"error","event":"queue.dispatch_cycle_failed","fields":{"queueName":"all","service":"pipeline-worker"}}
{"timestamp":"2026-09-12T12:08:02.815Z","level":"error","event":"queue.dispatch_cycle_failed","fields":{"queueName":"all","service":"pipeline-worker"}}
{"timestamp":"2026-09-12T12:08:03.829Z","level":"error","event":"queue.dispatch_cycle_failed","fields":{"queueName":"all","service":"pipeline-worker"}}
{"timestamp":"2026-09-12T12:08:06.646Z","level":"error","event":"queue.dispatch_cycle_failed","fields":{"queueName":"all","service":"pipeline-worker"}}
{"timestamp":"2026-09-12T12:08:08.754Z","level":"error","event":"queue.dispatch_cycle_failed","fields":{"queueName":"all","service":"pipeline-worker"}}
{"timestamp":"2026-09-12T12:08:11.377Z","level":"error","event":"queue.dispatch_cycle_failed","fields":{"queueName":"all","service":"pipeline-worker"}}
{"timestamp":"2026-09-12T12:08:13.576Z","level":"error","event":"queue.dispatch_cycle_failed","fields":{"queueName":"all","service":"pipeline-worker"}}
{"timestamp":"2026-09-12T12:08:14.605Z","level":"error","event":"queue.dispatch_cycle_failed","fields":{"queueName":"all","service":"pipeline-worker"}}
{"timestamp":"2026-09-12T12:08:15.547Z","level":"error","event":"worker.consumer_failed","fields":{"queueName":"pipeline","service":"pipeline-worker"}}
{"timestamp":"2026-09-12T12:08:15.624Z","level":"error","event":"queue.dispatch_cycle_failed","fields":{"queueName":"all","service":"pipeline-worker"}}
{"timestamp":"2026-09-12T12:08:16.430Z","level":"error","event":"worker.consumer_failed","fields":{"queueName":"pipeline","service":"pipeline-worker"}}
{"timestamp":"2026-09-12T12:08:16.648Z","level":"error","event":"queue.dispatch_cycle_failed","fields":{"queueName":"all","service":"pipeline-worker"}}
{"timestamp":"2026-09-12T12:08:17.284Z","level":"error","event":"queue.lease_sweep_failed","fields":{"queueName":"all","service":"pipeline-worker"}}
{"timestamp":"2026-09-12T12:08:17.676Z","level":"error","event":"queue.dispatch_cycle_failed","fields":{"queueName":"all","service":"pipeline-worker"}}
{"timestamp":"2026-09-12T12:08:22.050Z","level":"error","event":"queue.dispatch_cycle_failed","fields":{"queueName":"all","service":"pipeline-worker"}}
{"timestamp":"2026-09-12T12:08:23.072Z","level":"error","event":"queue.dispatch_cycle_failed","fields":{"queueName":"all","service":"pipeline-worker"}}
{"timestamp":"2026-09-12T12:08:26.252Z","level":"error","event":"queue.dispatch_cycle_failed","fields":{"queueName":"all","service":"pipeline-worker"}}
{"timestamp":"2026-09-12T12:08:30.952Z","level":"error","event":"queue.dispatch_cycle_failed","fields":{"queueName":"all","service":"pipeline-worker"}}
{"timestamp":"2026-09-12T12:08:31.981Z","level":"error","event":"queue.dispatch_cycle_failed","fields":{"queueName":"all","service":"pipeline-worker"}}
{"timestamp":"2026-09-12T12:08:32.325Z","level":"error","event":"queue.lease_sweep_failed","fields":{"queueName":"all","service":"pipeline-worker"}}
{"timestamp":"2026-09-12T12:08:33.118Z","level":"error","event":"queue.dispatch_cycle_failed","fields":{"queueName":"all","service":"pipeline-worker"}}
{"timestamp":"2026-09-12T12:08:34.209Z","level":"error","event":"queue.dispatch_cycle_failed","fields":{"queueName":"all","service":"pipeline-worker"}}
{"timestamp":"2026-09-12T12:08:35.234Z","level":"error","event":"queue.dispatch_cycle_failed","fields":{"queueName":"all","service":"pipeline-worker"}}
{"timestamp":"2026-09-12T12:08:35.568Z","level":"error","event":"worker.consumer_failed","fields":{"queueName":"pipeline","service":"pipeline-worker"}}
{"timestamp":"2026-09-12T12:08:36.269Z","level":"error","event":"queue.dispatch_cycle_failed","fields":{"queueName":"all","service":"pipeline-worker"}}
{"timestamp":"2026-09-12T12:08:36.453Z","level":"error","event":"worker.consumer_failed","fields":{"queueName":"pipeline","service":"pipeline-worker"}}
{"timestamp":"2026-09-12T12:08:40.324Z","level":"error","event":"queue.dispatch_cycle_failed","fields":{"queueName":"all","service":"pipeline-worker"}}
{"timestamp":"2026-09-12T12:08:41.359Z","level":"error","event":"queue.dispatch_cycle_failed","fields":{"queueName":"all","service":"pipeline-worker"}}
{"timestamp":"2026-09-12T12:08:45.655Z","level":"error","event":"queue.dispatch_cycle_failed","fields":{"queueName":"all","service":"pipeline-worker"}}
{"timestamp":"2026-09-12T12:08:46.677Z","level":"error","event":"queue.dispatch_cycle_failed","fields":{"queueName":"all","service":"pipeline-worker"}}
{"timestamp":"2026-09-12T12:08:47.367Z","level":"error","event":"queue.lease_sweep_failed","fields":{"queueName":"all","service":"pipeline-worker"}}
{"timestamp":"2026-09-12T12:08:48.607Z","level":"error","event":"queue.dispatch_cycle_failed","fields":{"queueName":"all","service":"pipeline-worker"}}
{"timestamp":"2026-09-12T12:08:49.638Z","level":"error","event":"queue.dispatch_cycle_failed","fields":{"queueName":"all","service":"pipeline-worker"}}
{"timestamp":"2026-09-12T12:08:50.682Z","level":"error","event":"queue.dispatch_cycle_failed","fields":{"queueName":"all","service":"pipeline-worker"}}
{"timestamp":"2026-09-12T12:08:51.731Z","level":"error","event":"queue.dispatch_cycle_failed","fields":{"queueName":"all","service":"pipeline-worker"}}
{"timestamp":"2026-09-12T12:08:52.758Z","level":"error","event":"queue.dispatch_cycle_failed","fields":{"queueName":"all","service":"pipeline-worker"}}
{"timestamp":"2026-09-12T12:08:53.790Z","level":"error","event":"queue.dispatch_cycle_failed","fields":{"queueName":"all","service":"pipeline-worker"}}
{"timestamp":"2026-09-12T12:08:54.816Z","level":"error","event":"queue.dispatch_cycle_failed","fields":{"queueName":"all","service":"pipeline-worker"}}
{"timestamp":"2026-09-12T12:08:55.586Z","level":"error","event":"worker.consumer_failed","fields":{"queueName":"pipeline","service":"pipeline-worker"}}
{"timestamp":"2026-09-12T12:08:55.853Z","level":"error","event":"queue.dispatch_cycle_failed","fields":{"queueName":"all","service":"pipeline-worker"}}
{"timestamp":"2026-09-12T12:08:56.467Z","level":"error","event":"worker.consumer_failed","fields":{"queueName":"pipeline","service":"pipeline-worker"}}
{"timestamp":"2026-09-12T12:09:02.327Z","level":"error","event":"queue.dispatch_cycle_failed","fields":{"queueName":"all","service":"pipeline-worker"}}
{"timestamp":"2026-09-12T12:09:02.409Z","level":"error","event":"queue.lease_sweep_failed","fields":{"queueName":"all","service":"pipeline-worker"}}
{"timestamp":"2026-09-12T12:09:06.108Z","level":"error","event":"queue.dispatch_cycle_failed","fields":{"queueName":"all","service":"pipeline-worker"}}
{"timestamp":"2026-09-12T12:09:07.137Z","level":"error","event":"queue.dispatch_cycle_failed","fields":{"queueName":"all","service":"pipeline-worker"}}
{"timestamp":"2026-09-12T12:09:08.167Z","level":"error","event":"queue.dispatch_cycle_failed","fields":{"queueName":"all","service":"pipeline-worker"}}
{"timestamp":"2026-09-12T12:09:09.206Z","level":"error","event":"queue.dispatch_cycle_failed","fields":{"queueName":"all","service":"pipeline-worker"}}
{"timestamp":"2026-09-12T12:09:10.241Z","level":"error","event":"queue.dispatch_cycle_failed","fields":{"queueName":"all","service":"pipeline-worker"}}
{"timestamp":"2026-09-12T12:09:11.270Z","level":"error","event":"queue.dispatch_cycle_failed","fields":{"queueName":"all","service":"pipeline-worker"}}
{"timestamp":"2026-09-12T12:09:12.308Z","level":"error","event":"queue.dispatch_cycle_failed","fields":{"queueName":"all","service":"pipeline-worker"}}
{"timestamp":"2026-09-12T12:09:13.346Z","level":"error","event":"queue.dispatch_cycle_failed","fields":{"queueName":"all","service":"pipeline-worker"}}
{"timestamp":"2026-09-12T12:09:14.602Z","level":"error","event":"queue.dispatch_cycle_failed","fields":{"queueName":"all","service":"pipeline-worker"}}
{"timestamp":"2026-09-12T12:09:15.593Z","level":"error","event":"worker.consumer_failed","fields":{"queueName":"pipeline","service":"pipeline-worker"}}
{"timestamp":"2026-09-12T12:09:16.475Z","level":"error","event":"worker.consumer_failed","fields":{"queueName":"pipeline","service":"pipeline-worker"}}
{"timestamp":"2026-09-12T12:09:18.512Z","level":"error","event":"queue.lease_sweep_failed","fields":{"queueName":"all","service":"pipeline-worker"}}
{"timestamp":"2026-09-12T12:09:20.679Z","level":"error","event":"queue.dispatch_cycle_failed","fields":{"queueName":"all","service":"pipeline-worker"}}
{"timestamp":"2026-09-12T12:09:21.915Z","level":"error","event":"queue.dispatch_cycle_failed","fields":{"queueName":"all","service":"pipeline-worker"}}
{"timestamp":"2026-09-12T12:09:25.598Z","level":"error","event":"queue.dispatch_cycle_failed","fields":{"queueName":"all","service":"pipeline-worker"}}
{"timestamp":"2026-09-12T12:09:26.616Z","level":"error","event":"queue.dispatch_cycle_failed","fields":{"queueName":"all","service":"pipeline-worker"}}
{"timestamp":"2026-09-12T12:09:27.645Z","level":"error","event":"queue.dispatch_cycle_failed","fields":{"queueName":"all","service":"pipeline-worker"}}
{"timestamp":"2026-09-12T12:09:28.667Z","level":"error","event":"queue.dispatch_cycle_failed","fields":{"queueName":"all","service":"pipeline-worker"}}
{"timestamp":"2026-09-12T12:09:29.700Z","level":"error","event":"queue.dispatch_cycle_failed","fields":{"queueName":"all","service":"pipeline-worker"}}
{"timestamp":"2026-09-12T12:09:30.727Z","level":"error","event":"queue.dispatch_cycle_failed","fields":{"queueName":"all","service":"pipeline-worker"}}
{"timestamp":"2026-09-12T12:09:31.750Z","level":"error","event":"queue.dispatch_cycle_failed","fields":{"queueName":"all","service":"pipeline-worker"}}
{"timestamp":"2026-09-12T12:09:33.354Z","level":"error","event":"queue.dispatch_cycle_failed","fields":{"queueName":"all","service":"pipeline-worker"}}
{"timestamp":"2026-09-12T12:09:33.546Z","level":"error","event":"queue.lease_sweep_failed","fields":{"queueName":"all","service":"pipeline-worker"}}
{"timestamp":"2026-09-12T12:09:34.388Z","level":"error","event":"queue.dispatch_cycle_failed","fields":{"queueName":"all","service":"pipeline-worker"}}
{"timestamp":"2026-09-12T12:09:35.617Z","level":"error","event":"worker.consumer_failed","fields":{"queueName":"pipeline","service":"pipeline-worker"}}
{"timestamp":"2026-09-12T12:09:36.493Z","level":"error","event":"worker.consumer_failed","fields":{"queueName":"pipeline","service":"pipeline-worker"}}
{"timestamp":"2026-09-12T12:09:39.024Z","level":"error","event":"queue.dispatch_cycle_failed","fields":{"queueName":"all","service":"pipeline-worker"}}
{"timestamp":"2026-09-12T12:09:43.261Z","level":"error","event":"queue.dispatch_cycle_failed","fields":{"queueName":"all","service":"pipeline-worker"}}
{"timestamp":"2026-09-12T12:09:44.295Z","level":"error","event":"queue.dispatch_cycle_failed","fields":{"queueName":"all","service":"pipeline-worker"}}
{"timestamp":"2026-09-12T12:09:45.316Z","level":"error","event":"queue.dispatch_cycle_failed","fields":{"queueName":"all","service":"pipeline-worker"}}
{"timestamp":"2026-09-12T12:09:46.345Z","level":"error","event":"queue.dispatch_cycle_failed","fields":{"queueName":"all","service":"pipeline-worker"}}
{"timestamp":"2026-09-12T12:09:47.377Z","level":"error","event":"queue.dispatch_cycle_failed","fields":{"queueName":"all","service":"pipeline-worker"}}
{"timestamp":"2026-09-12T12:09:48.562Z","level":"error","event":"queue.lease_sweep_failed","fields":{"queueName":"all","service":"pipeline-worker"}}
{"timestamp":"2026-09-12T12:09:50.281Z","level":"error","event":"queue.dispatch_cycle_failed","fields":{"queueName":"all","service":"pipeline-worker"}}
{"timestamp":"2026-09-12T12:09:51.303Z","level":"error","event":"queue.dispatch_cycle_failed","fields":{"queueName":"all","service":"pipeline-worker"}}
{"timestamp":"2026-09-12T12:09:52.748Z","level":"error","event":"queue.dispatch_cycle_failed","fields":{"queueName":"all","service":"pipeline-worker"}}
{"timestamp":"2026-09-12T12:09:55.633Z","level":"error","event":"worker.consumer_failed","fields":{"queueName":"pipeline","service":"pipeline-worker"}}
{"timestamp":"2026-09-12T12:09:56.503Z","level":"error","event":"worker.consumer_failed","fields":{"queueName":"pipeline","service":"pipeline-worker"}}
{"timestamp":"2026-09-12T12:09:58.717Z","level":"error","event":"queue.dispatch_cycle_failed","fields":{"queueName":"all","service":"pipeline-worker"}}
{"timestamp":"2026-09-12T12:09:59.752Z","level":"error","event":"queue.dispatch_cycle_failed","fields":{"queueName":"all","service":"pipeline-worker"}}
{"timestamp":"2026-09-12T12:10:00.783Z","level":"error","event":"queue.dispatch_cycle_failed","fields":{"queueName":"all","service":"pipeline-worker"}}
{"timestamp":"2026-09-12T12:10:03.595Z","level":"error","event":"queue.lease_sweep_failed","fields":{"queueName":"all","service":"pipeline-worker"}}
{"timestamp":"2026-09-12T12:10:04.389Z","level":"error","event":"queue.dispatch_cycle_failed","fields":{"queueName":"all","service":"pipeline-worker"}}
{"timestamp":"2026-09-12T12:10:05.422Z","level":"error","event":"queue.dispatch_cycle_failed","fields":{"queueName":"all","service":"pipeline-worker"}}
{"timestamp":"2026-09-12T12:10:06.539Z","level":"error","event":"queue.dispatch_cycle_failed","fields":{"queueName":"all","service":"pipeline-worker"}}
{"timestamp":"2026-09-12T12:10:09.410Z","level":"error","event":"queue.dispatch_cycle_failed","fields":{"queueName":"all","service":"pipeline-worker"}}
{"timestamp":"2026-09-12T12:10:10.437Z","level":"error","event":"queue.dispatch_cycle_failed","fields":{"queueName":"all","service":"pipeline-worker"}}
{"timestamp":"2026-09-12T12:10:12.316Z","level":"error","event":"queue.dispatch_cycle_failed","fields":{"queueName":"all","service":"pipeline-worker"}}
{"timestamp":"2026-09-12T12:10:13.345Z","level":"error","event":"queue.dispatch_cycle_failed","fields":{"queueName":"all","service":"pipeline-worker"}}
{"timestamp":"2026-09-12T12:10:14.372Z","level":"error","event":"queue.dispatch_cycle_failed","fields":{"queueName":"all","service":"pipeline-worker"}}
{"timestamp":"2026-09-12T12:10:15.408Z","level":"error","event":"queue.dispatch_cycle_failed","fields":{"queueName":"all","service":"pipeline-worker"}}
{"timestamp":"2026-09-12T12:10:15.643Z","level":"error","event":"worker.consumer_failed","fields":{"queueName":"pipeline","service":"pipeline-worker"}}
{"timestamp":"2026-09-12T12:10:16.519Z","level":"error","event":"worker.consumer_failed","fields":{"queueName":"pipeline","service":"pipeline-worker"}}
{"timestamp":"2026-09-12T12:10:18.622Z","level":"error","event":"queue.lease_sweep_failed","fields":{"queueName":"all","service":"pipeline-worker"}}
{"timestamp":"2026-09-12T12:10:19.625Z","level":"error","event":"queue.dispatch_cycle_failed","fields":{"queueName":"all","service":"pipeline-worker"}}
{"timestamp":"2026-09-12T12:10:20.656Z","level":"error","event":"queue.dispatch_cycle_failed","fields":{"queueName":"all","service":"pipeline-worker"}}
{"timestamp":"2026-09-12T12:10:21.685Z","level":"error","event":"queue.dispatch_cycle_failed","fields":{"queueName":"all","service":"pipeline-worker"}}
{"timestamp":"2026-09-12T12:10:22.715Z","level":"error","event":"queue.dispatch_cycle_failed","fields":{"queueName":"all","service":"pipeline-worker"}}
{"timestamp":"2026-09-12T12:10:24.333Z","level":"error","event":"queue.dispatch_cycle_failed","fields":{"queueName":"all","service":"pipeline-worker"}}
{"timestamp":"2026-09-12T12:10:32.241Z","level":"error","event":"queue.dispatch_cycle_failed","fields":{"queueName":"all","service":"pipeline-worker"}}
{"timestamp":"2026-09-12T12:10:33.275Z","level":"error","event":"queue.dispatch_cycle_failed","fields":{"queueName":"all","service":"pipeline-worker"}}
{"timestamp":"2026-09-12T12:10:33.642Z","level":"error","event":"queue.lease_sweep_failed","fields":{"queueName":"all","service":"pipeline-worker"}}
{"timestamp":"2026-09-12T12:10:34.308Z","level":"error","event":"queue.dispatch_cycle_failed","fields":{"queueName":"all","service":"pipeline-worker"}}
{"timestamp":"2026-09-12T12:10:35.327Z","level":"error","event":"queue.dispatch_cycle_failed","fields":{"queueName":"all","service":"pipeline-worker"}}
{"timestamp":"2026-09-12T12:10:35.654Z","level":"error","event":"worker.consumer_failed","fields":{"queueName":"pipeline","service":"pipeline-worker"}}
{"timestamp":"2026-09-12T12:10:36.365Z","level":"error","event":"queue.dispatch_cycle_failed","fields":{"queueName":"all","service":"pipeline-worker"}}
{"timestamp":"2026-09-12T12:10:36.536Z","level":"error","event":"worker.consumer_failed","fields":{"queueName":"pipeline","service":"pipeline-worker"}}
{"timestamp":"2026-09-12T12:10:38.861Z","level":"error","event":"queue.dispatch_cycle_failed","fields":{"queueName":"all","service":"pipeline-worker"}}
{"timestamp":"2026-09-12T12:10:39.895Z","level":"error","event":"queue.dispatch_cycle_failed","fields":{"queueName":"all","service":"pipeline-worker"}}
{"timestamp":"2026-09-12T12:10:40.930Z","level":"error","event":"queue.dispatch_cycle_failed","fields":{"queueName":"all","service":"pipeline-worker"}}
{"timestamp":"2026-09-12T12:10:42.746Z","level":"error","event":"queue.dispatch_cycle_failed","fields":{"queueName":"all","service":"pipeline-worker"}}
{"timestamp":"2026-09-12T12:10:47.123Z","level":"error","event":"queue.dispatch_cycle_failed","fields":{"queueName":"all","service":"pipeline-worker"}}
{"timestamp":"2026-09-12T12:10:48.147Z","level":"error","event":"queue.dispatch_cycle_failed","fields":{"queueName":"all","service":"pipeline-worker"}}
{"timestamp":"2026-09-12T12:10:48.680Z","level":"error","event":"queue.lease_sweep_failed","fields":{"queueName":"all","service":"pipeline-worker"}}
{"timestamp":"2026-09-12T12:10:49.178Z","level":"error","event":"queue.dispatch_cycle_failed","fields":{"queueName":"all","service":"pipeline-worker"}}
{"timestamp":"2026-09-12T12:10:50.211Z","level":"error","event":"queue.dispatch_cycle_failed","fields":{"queueName":"all","service":"pipeline-worker"}}
{"timestamp":"2026-09-12T12:10:51.831Z","level":"error","event":"queue.dispatch_cycle_failed","fields":{"queueName":"all","service":"pipeline-worker"}}
{"timestamp":"2026-09-12T12:10:55.668Z","level":"error","event":"worker.consumer_failed","fields":{"queueName":"pipeline","service":"pipeline-worker"}}
{"timestamp":"2026-09-12T12:10:56.542Z","level":"error","event":"worker.consumer_failed","fields":{"queueName":"pipeline","service":"pipeline-worker"}}
{"timestamp":"2026-09-12T12:10:58.127Z","level":"error","event":"queue.dispatch_cycle_failed","fields":{"queueName":"all","service":"pipeline-worker"}}
{"timestamp":"2026-09-12T12:10:59.744Z","level":"error","event":"queue.dispatch_cycle_failed","fields":{"queueName":"all","service":"pipeline-worker"}}
{"timestamp":"2026-09-12T12:11:00.765Z","level":"error","event":"queue.dispatch_cycle_failed","fields":{"queueName":"all","service":"pipeline-worker"}}
{"timestamp":"2026-09-12T12:11:01.810Z","level":"error","event":"queue.dispatch_cycle_failed","fields":{"queueName":"all","service":"pipeline-worker"}}
{"timestamp":"2026-09-12T12:11:03.714Z","level":"error","event":"queue.lease_sweep_failed","fields":{"queueName":"all","service":"pipeline-worker"}}
{"timestamp":"2026-09-12T12:11:05.289Z","level":"error","event":"queue.dispatch_cycle_failed","fields":{"queueName":"all","service":"pipeline-worker"}}
{"timestamp":"2026-09-12T12:11:06.324Z","level":"error","event":"queue.dispatch_cycle_failed","fields":{"queueName":"all","service":"pipeline-worker"}}
{"timestamp":"2026-09-12T12:11:07.356Z","level":"error","event":"queue.dispatch_cycle_failed","fields":{"queueName":"all","service":"pipeline-worker"}}
{"timestamp":"2026-09-12T12:11:09.322Z","level":"error","event":"queue.dispatch_cycle_failed","fields":{"queueName":"all","service":"pipeline-worker"}}
{"timestamp":"2026-09-12T12:11:10.344Z","level":"error","event":"queue.dispatch_cycle_failed","fields":{"queueName":"all","service":"pipeline-worker"}}
{"timestamp":"2026-09-12T12:11:11.372Z","level":"error","event":"queue.dispatch_cycle_failed","fields":{"queueName":"all","service":"pipeline-worker"}}
{"timestamp":"2026-09-12T12:11:14.757Z","level":"error","event":"queue.dispatch_cycle_failed","fields":{"queueName":"all","service":"pipeline-worker"}}
{"timestamp":"2026-09-12T12:11:15.685Z","level":"error","event":"worker.consumer_failed","fields":{"queueName":"pipeline","service":"pipeline-worker"}}
{"timestamp":"2026-09-12T12:11:16.553Z","level":"error","event":"worker.consumer_failed","fields":{"queueName":"pipeline","service":"pipeline-worker"}}
{"timestamp":"2026-09-12T12:11:19.059Z","level":"error","event":"queue.lease_sweep_failed","fields":{"queueName":"all","service":"pipeline-worker"}}
{"timestamp":"2026-09-12T12:11:20.744Z","level":"error","event":"queue.dispatch_cycle_failed","fields":{"queueName":"all","service":"pipeline-worker"}}
{"timestamp":"2026-09-12T12:11:21.775Z","level":"error","event":"queue.dispatch_cycle_failed","fields":{"queueName":"all","service":"pipeline-worker"}}
{"timestamp":"2026-09-12T12:11:22.800Z","level":"error","event":"queue.dispatch_cycle_failed","fields":{"queueName":"all","service":"pipeline-worker"}}
{"timestamp":"2026-09-12T12:11:23.811Z","level":"error","event":"queue.dispatch_cycle_failed","fields":{"queueName":"all","service":"pipeline-worker"}}
{"timestamp":"2026-09-12T12:11:24.828Z","level":"error","event":"queue.dispatch_cycle_failed","fields":{"queueName":"all","service":"pipeline-worker"}}
{"timestamp":"2026-09-12T12:11:28.031Z","level":"error","event":"queue.dispatch_cycle_failed","fields":{"queueName":"all","service":"pipeline-worker"}}
{"timestamp":"2026-09-12T12:11:29.044Z","level":"error","event":"queue.dispatch_cycle_failed","fields":{"queueName":"all","service":"pipeline-worker"}}
{"timestamp":"2026-09-12T12:11:30.078Z","level":"error","event":"queue.dispatch_cycle_failed","fields":{"queueName":"all","service":"pipeline-worker"}}
{"timestamp":"2026-09-12T12:11:34.085Z","level":"error","event":"queue.lease_sweep_failed","fields":{"queueName":"all","service":"pipeline-worker"}}
{"timestamp":"2026-09-12T12:11:34.580Z","level":"error","event":"queue.dispatch_cycle_failed","fields":{"queueName":"all","service":"pipeline-worker"}}
{"timestamp":"2026-09-12T12:11:35.699Z","level":"error","event":"worker.consumer_failed","fields":{"queueName":"pipeline","service":"pipeline-worker"}}
{"timestamp":"2026-09-12T12:11:36.578Z","level":"error","event":"worker.consumer_failed","fields":{"queueName":"pipeline","service":"pipeline-worker"}}
{"timestamp":"2026-09-12T12:11:39.904Z","level":"error","event":"queue.dispatch_cycle_failed","fields":{"queueName":"all","service":"pipeline-worker"}}
{"timestamp":"2026-09-12T12:11:40.927Z","level":"error","event":"queue.dispatch_cycle_failed","fields":{"queueName":"all","service":"pipeline-worker"}}
{"timestamp":"2026-09-12T12:11:41.966Z","level":"error","event":"queue.dispatch_cycle_failed","fields":{"queueName":"all","service":"pipeline-worker"}}
{"timestamp":"2026-09-12T12:11:43.004Z","level":"error","event":"queue.dispatch_cycle_failed","fields":{"queueName":"all","service":"pipeline-worker"}}
{"timestamp":"2026-09-12T12:11:44.032Z","level":"error","event":"queue.dispatch_cycle_failed","fields":{"queueName":"all","service":"pipeline-worker"}}
{"timestamp":"2026-09-12T12:11:45.309Z","level":"error","event":"queue.dispatch_cycle_failed","fields":{"queueName":"all","service":"pipeline-worker"}}
{"timestamp":"2026-09-12T12:11:46.343Z","level":"error","event":"queue.dispatch_cycle_failed","fields":{"queueName":"all","service":"pipeline-worker"}}
{"timestamp":"2026-09-12T12:11:47.367Z","level":"error","event":"queue.dispatch_cycle_failed","fields":{"queueName":"all","service":"pipeline-worker"}}
{"timestamp":"2026-09-12T12:11:50.078Z","level":"error","event":"queue.dispatch_cycle_failed","fields":{"queueName":"all","service":"pipeline-worker"}}
{"timestamp":"2026-09-12T12:11:50.990Z","level":"error","event":"queue.lease_sweep_failed","fields":{"queueName":"all","service":"pipeline-worker"}}
{"timestamp":"2026-09-12T12:11:53.326Z","level":"error","event":"queue.dispatch_cycle_failed","fields":{"queueName":"all","service":"pipeline-worker"}}
{"timestamp":"2026-09-12T12:11:54.363Z","level":"error","event":"queue.dispatch_cycle_failed","fields":{"queueName":"all","service":"pipeline-worker"}}
{"timestamp":"2026-09-12T12:11:55.727Z","level":"error","event":"worker.consumer_failed","fields":{"queueName":"pipeline","service":"pipeline-worker"}}
{"timestamp":"2026-09-12T12:11:56.597Z","level":"error","event":"worker.consumer_failed","fields":{"queueName":"pipeline","service":"pipeline-worker"}}
{"timestamp":"2026-09-12T12:11:58.531Z","level":"error","event":"queue.dispatch_cycle_failed","fields":{"queueName":"all","service":"pipeline-worker"}}
{"timestamp":"2026-09-12T12:11:59.665Z","level":"error","event":"queue.dispatch_cycle_failed","fields":{"queueName":"all","service":"pipeline-worker"}}
{"timestamp":"2026-09-12T12:12:02.321Z","level":"error","event":"queue.dispatch_cycle_failed","fields":{"queueName":"all","service":"pipeline-worker"}}
{"timestamp":"2026-09-12T12:12:03.358Z","level":"error","event":"queue.dispatch_cycle_failed","fields":{"queueName":"all","service":"pipeline-worker"}}
{"timestamp":"2026-09-12T12:12:05.841Z","level":"error","event":"queue.dispatch_cycle_failed","fields":{"queueName":"all","service":"pipeline-worker"}}
{"timestamp":"2026-09-12T12:12:06.018Z","level":"error","event":"queue.lease_sweep_failed","fields":{"queueName":"all","service":"pipeline-worker"}}
{"timestamp":"2026-09-12T12:12:06.865Z","level":"error","event":"queue.dispatch_cycle_failed","fields":{"queueName":"all","service":"pipeline-worker"}}
{"timestamp":"2026-09-12T12:12:07.904Z","level":"error","event":"queue.dispatch_cycle_failed","fields":{"queueName":"all","service":"pipeline-worker"}}
{"timestamp":"2026-09-12T12:12:11.767Z","level":"error","event":"queue.dispatch_cycle_failed","fields":{"queueName":"all","service":"pipeline-worker"}}
{"timestamp":"2026-09-12T12:12:12.810Z","level":"error","event":"queue.dispatch_cycle_failed","fields":{"queueName":"all","service":"pipeline-worker"}}
{"timestamp":"2026-09-12T12:12:13.845Z","level":"error","event":"queue.dispatch_cycle_failed","fields":{"queueName":"all","service":"pipeline-worker"}}
{"timestamp":"2026-09-12T12:12:15.758Z","level":"error","event":"worker.consumer_failed","fields":{"queueName":"pipeline","service":"pipeline-worker"}}
{"timestamp":"2026-09-12T12:12:16.611Z","level":"error","event":"worker.consumer_failed","fields":{"queueName":"pipeline","service":"pipeline-worker"}}
{"timestamp":"2026-09-12T12:12:17.113Z","level":"error","event":"queue.dispatch_cycle_failed","fields":{"queueName":"all","service":"pipeline-worker"}}
{"timestamp":"2026-09-12T12:12:21.063Z","level":"error","event":"queue.lease_sweep_failed","fields":{"queueName":"all","service":"pipeline-worker"}}
{"timestamp":"2026-09-12T12:12:22.258Z","level":"error","event":"queue.dispatch_cycle_failed","fields":{"queueName":"all","service":"pipeline-worker"}}
{"timestamp":"2026-09-12T12:12:23.283Z","level":"error","event":"queue.dispatch_cycle_failed","fields":{"queueName":"all","service":"pipeline-worker"}}
{"timestamp":"2026-09-12T12:12:24.295Z","level":"error","event":"queue.dispatch_cycle_failed","fields":{"queueName":"all","service":"pipeline-worker"}}
{"timestamp":"2026-09-12T12:12:25.322Z","level":"error","event":"queue.dispatch_cycle_failed","fields":{"queueName":"all","service":"pipeline-worker"}}
{"timestamp":"2026-09-12T12:12:26.365Z","level":"error","event":"queue.dispatch_cycle_failed","fields":{"queueName":"all","service":"pipeline-worker"}}
{"timestamp":"2026-09-12T12:12:27.432Z","level":"error","event":"queue.dispatch_cycle_failed","fields":{"queueName":"all","service":"pipeline-worker"}}
{"timestamp":"2026-09-12T12:12:28.462Z","level":"error","event":"queue.dispatch_cycle_failed","fields":{"queueName":"all","service":"pipeline-worker"}}
{"timestamp":"2026-09-12T12:12:31.148Z","level":"error","event":"queue.dispatch_cycle_failed","fields":{"queueName":"all","service":"pipeline-worker"}}
{"timestamp":"2026-09-12T12:12:32.178Z","level":"error","event":"queue.dispatch_cycle_failed","fields":{"queueName":"all","service":"pipeline-worker"}}
{"timestamp":"2026-09-12T12:12:33.332Z","level":"error","event":"queue.dispatch_cycle_failed","fields":{"queueName":"all","service":"pipeline-worker"}}
{"timestamp":"2026-09-12T12:12:35.785Z","level":"error","event":"worker.consumer_failed","fields":{"queueName":"pipeline","service":"pipeline-worker"}}
{"timestamp":"2026-09-12T12:12:36.640Z","level":"error","event":"worker.consumer_failed","fields":{"queueName":"pipeline","service":"pipeline-worker"}}
{"timestamp":"2026-09-12T12:12:40.026Z","level":"error","event":"queue.lease_sweep_failed","fields":{"queueName":"all","service":"pipeline-worker"}}
{"timestamp":"2026-09-12T12:12:41.646Z","level":"error","event":"queue.dispatch_cycle_failed","fields":{"queueName":"all","service":"pipeline-worker"}}
{"timestamp":"2026-09-12T12:12:42.682Z","level":"error","event":"queue.dispatch_cycle_failed","fields":{"queueName":"all","service":"pipeline-worker"}}
{"timestamp":"2026-09-12T12:12:43.709Z","level":"error","event":"queue.dispatch_cycle_failed","fields":{"queueName":"all","service":"pipeline-worker"}}
{"timestamp":"2026-09-12T12:12:44.861Z","level":"error","event":"queue.dispatch_cycle_failed","fields":{"queueName":"all","service":"pipeline-worker"}}
{"timestamp":"2026-09-12T12:12:45.892Z","level":"error","event":"queue.dispatch_cycle_failed","fields":{"queueName":"all","service":"pipeline-worker"}}
{"timestamp":"2026-09-12T12:12:46.928Z","level":"error","event":"queue.dispatch_cycle_failed","fields":{"queueName":"all","service":"pipeline-worker"}}
{"timestamp":"2026-09-12T12:12:47.959Z","level":"error","event":"queue.dispatch_cycle_failed","fields":{"queueName":"all","service":"pipeline-worker"}}
{"timestamp":"2026-09-12T12:12:48.983Z","level":"error","event":"queue.dispatch_cycle_failed","fields":{"queueName":"all","service":"pipeline-worker"}}
{"timestamp":"2026-09-12T12:12:50.028Z","level":"error","event":"queue.dispatch_cycle_failed","fields":{"queueName":"all","service":"pipeline-worker"}}
{"timestamp":"2026-09-12T12:12:54.340Z","level":"error","event":"queue.dispatch_cycle_failed","fields":{"queueName":"all","service":"pipeline-worker"}}
{"timestamp":"2026-09-12T12:12:55.065Z","level":"error","event":"queue.lease_sweep_failed","fields":{"queueName":"all","service":"pipeline-worker"}}
{"timestamp":"2026-09-12T12:12:55.794Z","level":"error","event":"worker.consumer_failed","fields":{"queueName":"pipeline","service":"pipeline-worker"}}
{"timestamp":"2026-09-12T12:12:56.663Z","level":"error","event":"worker.consumer_failed","fields":{"queueName":"pipeline","service":"pipeline-worker"}}
{"timestamp":"2026-09-12T12:12:57.693Z","level":"error","event":"queue.dispatch_cycle_failed","fields":{"queueName":"all","service":"pipeline-worker"}}
{"timestamp":"2026-09-12T12:12:58.710Z","level":"error","event":"queue.dispatch_cycle_failed","fields":{"queueName":"all","service":"pipeline-worker"}}
{"timestamp":"2026-09-12T12:13:04.824Z","level":"error","event":"queue.dispatch_cycle_failed","fields":{"queueName":"all","service":"pipeline-worker"}}
{"timestamp":"2026-09-12T12:13:05.857Z","level":"error","event":"queue.dispatch_cycle_failed","fields":{"queueName":"all","service":"pipeline-worker"}}
{"timestamp":"2026-09-12T12:13:06.873Z","level":"error","event":"queue.dispatch_cycle_failed","fields":{"queueName":"all","service":"pipeline-worker"}}
{"timestamp":"2026-09-12T12:13:07.918Z","level":"error","event":"queue.dispatch_cycle_failed","fields":{"queueName":"all","service":"pipeline-worker"}}
{"timestamp":"2026-09-12T12:13:08.942Z","level":"error","event":"queue.dispatch_cycle_failed","fields":{"queueName":"all","service":"pipeline-worker"}}
{"timestamp":"2026-09-12T12:13:09.970Z","level":"error","event":"queue.dispatch_cycle_failed","fields":{"queueName":"all","service":"pipeline-worker"}}
{"timestamp":"2026-09-12T12:13:10.658Z","level":"error","event":"queue.lease_sweep_failed","fields":{"queueName":"all","service":"pipeline-worker"}}
{"timestamp":"2026-09-12T12:13:11.005Z","level":"error","event":"queue.dispatch_cycle_failed","fields":{"queueName":"all","service":"pipeline-worker"}}
{"timestamp":"2026-09-12T12:13:12.072Z","level":"error","event":"queue.dispatch_cycle_failed","fields":{"queueName":"all","service":"pipeline-worker"}}
{"timestamp":"2026-09-12T12:13:13.084Z","level":"error","event":"queue.dispatch_cycle_failed","fields":{"queueName":"all","service":"pipeline-worker"}}
{"timestamp":"2026-09-12T12:13:15.807Z","level":"error","event":"worker.consumer_failed","fields":{"queueName":"pipeline","service":"pipeline-worker"}}
{"timestamp":"2026-09-12T12:13:15.951Z","level":"error","event":"queue.dispatch_cycle_failed","fields":{"queueName":"all","service":"pipeline-worker"}}
{"timestamp":"2026-09-12T12:13:16.679Z","level":"error","event":"worker.consumer_failed","fields":{"queueName":"pipeline","service":"pipeline-worker"}}
{"timestamp":"2026-09-12T12:13:23.290Z","level":"error","event":"queue.dispatch_cycle_failed","fields":{"queueName":"all","service":"pipeline-worker"}}
{"timestamp":"2026-09-12T12:13:25.599Z","level":"error","event":"queue.dispatch_cycle_failed","fields":{"queueName":"all","service":"pipeline-worker"}}
{"timestamp":"2026-09-12T12:13:25.740Z","level":"error","event":"queue.lease_sweep_failed","fields":{"queueName":"all","service":"pipeline-worker"}}
{"timestamp":"2026-09-12T12:13:26.624Z","level":"error","event":"queue.dispatch_cycle_failed","fields":{"queueName":"all","service":"pipeline-worker"}}
{"timestamp":"2026-09-12T12:13:27.647Z","level":"error","event":"queue.dispatch_cycle_failed","fields":{"queueName":"all","service":"pipeline-worker"}}
{"timestamp":"2026-09-12T12:13:28.663Z","level":"error","event":"queue.dispatch_cycle_failed","fields":{"queueName":"all","service":"pipeline-worker"}}
{"timestamp":"2026-09-12T12:13:29.677Z","level":"error","event":"queue.dispatch_cycle_failed","fields":{"queueName":"all","service":"pipeline-worker"}}
{"timestamp":"2026-09-12T12:13:30.712Z","level":"error","event":"queue.dispatch_cycle_failed","fields":{"queueName":"all","service":"pipeline-worker"}}
{"timestamp":"2026-09-12T12:13:31.724Z","level":"error","event":"queue.dispatch_cycle_failed","fields":{"queueName":"all","service":"pipeline-worker"}}
{"timestamp":"2026-09-12T12:13:32.755Z","level":"error","event":"queue.dispatch_cycle_failed","fields":{"queueName":"all","service":"pipeline-worker"}}
{"timestamp":"2026-09-12T12:13:35.829Z","level":"error","event":"worker.consumer_failed","fields":{"queueName":"pipeline","service":"pipeline-worker"}}
{"timestamp":"2026-09-12T12:13:36.700Z","level":"error","event":"worker.consumer_failed","fields":{"queueName":"pipeline","service":"pipeline-worker"}}
{"timestamp":"2026-09-12T12:13:37.492Z","level":"error","event":"queue.dispatch_cycle_failed","fields":{"queueName":"all","service":"pipeline-worker"}}
{"timestamp":"2026-09-12T12:13:39.010Z","level":"error","event":"queue.dispatch_cycle_failed","fields":{"queueName":"all","service":"pipeline-worker"}}
{"timestamp":"2026-09-12T12:13:40.034Z","level":"error","event":"queue.dispatch_cycle_failed","fields":{"queueName":"all","service":"pipeline-worker"}}
{"timestamp":"2026-09-12T12:13:40.778Z","level":"error","event":"queue.lease_sweep_failed","fields":{"queueName":"all","service":"pipeline-worker"}}
{"timestamp":"2026-09-12T12:13:43.280Z","level":"error","event":"queue.dispatch_cycle_failed","fields":{"queueName":"all","service":"pipeline-worker"}}
{"timestamp":"2026-09-12T12:13:44.309Z","level":"error","event":"queue.dispatch_cycle_failed","fields":{"queueName":"all","service":"pipeline-worker"}}
{"timestamp":"2026-09-12T12:13:45.352Z","level":"error","event":"queue.dispatch_cycle_failed","fields":{"queueName":"all","service":"pipeline-worker"}}
{"timestamp":"2026-09-12T12:13:46.389Z","level":"error","event":"queue.dispatch_cycle_failed","fields":{"queueName":"all","service":"pipeline-worker"}}
{"timestamp":"2026-09-12T12:13:49.384Z","level":"error","event":"queue.dispatch_cycle_failed","fields":{"queueName":"all","service":"pipeline-worker"}}
{"timestamp":"2026-09-12T12:13:50.409Z","level":"error","event":"queue.dispatch_cycle_failed","fields":{"queueName":"all","service":"pipeline-worker"}}
{"timestamp":"2026-09-12T12:13:51.439Z","level":"error","event":"queue.dispatch_cycle_failed","fields":{"queueName":"all","service":"pipeline-worker"}}
{"timestamp":"2026-09-12T12:13:55.811Z","level":"error","event":"queue.lease_sweep_failed","fields":{"queueName":"all","service":"pipeline-worker"}}
{"timestamp":"2026-09-12T12:13:55.839Z","level":"error","event":"worker.consumer_failed","fields":{"queueName":"pipeline","service":"pipeline-worker"}}
{"timestamp":"2026-09-12T12:13:56.721Z","level":"error","event":"worker.consumer_failed","fields":{"queueName":"pipeline","service":"pipeline-worker"}}
{"timestamp":"2026-09-12T12:13:58.758Z","level":"error","event":"queue.dispatch_cycle_failed","fields":{"queueName":"all","service":"pipeline-worker"}}
{"timestamp":"2026-09-12T12:13:59.780Z","level":"error","event":"queue.dispatch_cycle_failed","fields":{"queueName":"all","service":"pipeline-worker"}}
{"timestamp":"2026-09-12T12:14:00.806Z","level":"error","event":"queue.dispatch_cycle_failed","fields":{"queueName":"all","service":"pipeline-worker"}}
{"timestamp":"2026-09-12T12:14:04.002Z","level":"error","event":"queue.dispatch_cycle_failed","fields":{"queueName":"all","service":"pipeline-worker"}}
{"timestamp":"2026-09-12T12:14:05.032Z","level":"error","event":"queue.dispatch_cycle_failed","fields":{"queueName":"all","service":"pipeline-worker"}}
{"timestamp":"2026-09-12T12:14:06.058Z","level":"error","event":"queue.dispatch_cycle_failed","fields":{"queueName":"all","service":"pipeline-worker"}}
{"timestamp":"2026-09-12T12:14:07.085Z","level":"error","event":"queue.dispatch_cycle_failed","fields":{"queueName":"all","service":"pipeline-worker"}}
{"timestamp":"2026-09-12T12:14:08.121Z","level":"error","event":"queue.dispatch_cycle_failed","fields":{"queueName":"all","service":"pipeline-worker"}}
{"timestamp":"2026-09-12T12:14:09.155Z","level":"error","event":"queue.dispatch_cycle_failed","fields":{"queueName":"all","service":"pipeline-worker"}}
{"timestamp":"2026-09-12T12:14:10.192Z","level":"error","event":"queue.dispatch_cycle_failed","fields":{"queueName":"all","service":"pipeline-worker"}}
{"timestamp":"2026-09-12T12:14:11.219Z","level":"error","event":"queue.dispatch_cycle_failed","fields":{"queueName":"all","service":"pipeline-worker"}}
{"timestamp":"2026-09-12T12:14:13.575Z","level":"error","event":"queue.dispatch_cycle_failed","fields":{"queueName":"all","service":"pipeline-worker"}}
{"timestamp":"2026-09-12T12:14:14.156Z","level":"error","event":"queue.lease_sweep_failed","fields":{"queueName":"all","service":"pipeline-worker"}}
{"timestamp":"2026-09-12T12:14:15.863Z","level":"error","event":"worker.consumer_failed","fields":{"queueName":"pipeline","service":"pipeline-worker"}}
{"timestamp":"2026-09-12T12:14:16.737Z","level":"error","event":"worker.consumer_failed","fields":{"queueName":"pipeline","service":"pipeline-worker"}}
{"timestamp":"2026-09-12T12:14:20.792Z","level":"error","event":"queue.dispatch_cycle_failed","fields":{"queueName":"all","service":"pipeline-worker"}}
{"timestamp":"2026-09-12T12:14:22.480Z","level":"error","event":"queue.dispatch_cycle_failed","fields":{"queueName":"all","service":"pipeline-worker"}}
{"timestamp":"2026-09-12T12:14:24.519Z","level":"error","event":"queue.dispatch_cycle_failed","fields":{"queueName":"all","service":"pipeline-worker"}}
{"timestamp":"2026-09-12T12:14:26.151Z","level":"error","event":"queue.dispatch_cycle_failed","fields":{"queueName":"all","service":"pipeline-worker"}}
{"timestamp":"2026-09-12T12:14:27.737Z","level":"error","event":"queue.dispatch_cycle_failed","fields":{"queueName":"all","service":"pipeline-worker"}}
{"timestamp":"2026-09-12T12:14:28.763Z","level":"error","event":"queue.dispatch_cycle_failed","fields":{"queueName":"all","service":"pipeline-worker"}}
{"timestamp":"2026-09-12T12:14:29.188Z","level":"error","event":"queue.lease_sweep_failed","fields":{"queueName":"all","service":"pipeline-worker"}}
{"timestamp":"2026-09-12T12:14:29.781Z","level":"error","event":"queue.dispatch_cycle_failed","fields":{"queueName":"all","service":"pipeline-worker"}}
{"timestamp":"2026-09-12T12:14:30.813Z","level":"error","event":"queue.dispatch_cycle_failed","fields":{"queueName":"all","service":"pipeline-worker"}}
{"timestamp":"2026-09-12T12:14:31.849Z","level":"error","event":"queue.dispatch_cycle_failed","fields":{"queueName":"all","service":"pipeline-worker"}}
{"timestamp":"2026-09-12T12:14:35.885Z","level":"error","event":"worker.consumer_failed","fields":{"queueName":"pipeline","service":"pipeline-worker"}}
{"timestamp":"2026-09-12T12:14:37.328Z","level":"error","event":"worker.consumer_failed","fields":{"queueName":"pipeline","service":"pipeline-worker"}}
{"timestamp":"2026-09-12T12:14:40.629Z","level":"error","event":"queue.dispatch_cycle_failed","fields":{"queueName":"all","service":"pipeline-worker"}}
{"timestamp":"2026-09-12T12:14:41.668Z","level":"error","event":"queue.dispatch_cycle_failed","fields":{"queueName":"all","service":"pipeline-worker"}}
{"timestamp":"2026-09-12T12:14:42.706Z","level":"error","event":"queue.dispatch_cycle_failed","fields":{"queueName":"all","service":"pipeline-worker"}}
{"timestamp":"2026-09-12T12:14:43.730Z","level":"error","event":"queue.dispatch_cycle_failed","fields":{"queueName":"all","service":"pipeline-worker"}}
{"timestamp":"2026-09-12T12:14:44.223Z","level":"error","event":"queue.lease_sweep_failed","fields":{"queueName":"all","service":"pipeline-worker"}}
{"timestamp":"2026-09-12T12:14:44.757Z","level":"error","event":"queue.dispatch_cycle_failed","fields":{"queueName":"all","service":"pipeline-worker"}}
{"timestamp":"2026-09-12T12:14:45.785Z","level":"error","event":"queue.dispatch_cycle_failed","fields":{"queueName":"all","service":"pipeline-worker"}}
{"timestamp":"2026-09-12T12:14:47.050Z","level":"error","event":"queue.dispatch_cycle_failed","fields":{"queueName":"all","service":"pipeline-worker"}}
{"timestamp":"2026-09-12T12:14:48.123Z","level":"error","event":"queue.dispatch_cycle_failed","fields":{"queueName":"all","service":"pipeline-worker"}}
{"timestamp":"2026-09-12T12:14:50.414Z","level":"error","event":"queue.dispatch_cycle_failed","fields":{"queueName":"all","service":"pipeline-worker"}}
{"timestamp":"2026-09-12T12:14:53.813Z","level":"error","event":"queue.dispatch_cycle_failed","fields":{"queueName":"all","service":"pipeline-worker"}}
{"timestamp":"2026-09-12T12:14:55.649Z","level":"error","event":"queue.dispatch_cycle_failed","fields":{"queueName":"all","service":"pipeline-worker"}}
{"timestamp":"2026-09-12T12:14:55.895Z","level":"error","event":"worker.consumer_failed","fields":{"queueName":"pipeline","service":"pipeline-worker"}}
{"timestamp":"2026-09-12T12:14:56.661Z","level":"error","event":"queue.dispatch_cycle_failed","fields":{"queueName":"all","service":"pipeline-worker"}}
{"timestamp":"2026-09-12T12:14:57.343Z","level":"error","event":"worker.consumer_failed","fields":{"queueName":"pipeline","service":"pipeline-worker"}}
{"timestamp":"2026-09-12T12:15:00.061Z","level":"error","event":"queue.dispatch_cycle_failed","fields":{"queueName":"all","service":"pipeline-worker"}}
{"timestamp":"2026-09-12T12:15:01.089Z","level":"error","event":"queue.dispatch_cycle_failed","fields":{"queueName":"all","service":"pipeline-worker"}}
{"timestamp":"2026-09-12T12:15:01.168Z","level":"error","event":"queue.lease_sweep_failed","fields":{"queueName":"all","service":"pipeline-worker"}}
{"timestamp":"2026-09-12T12:15:02.124Z","level":"error","event":"queue.dispatch_cycle_failed","fields":{"queueName":"all","service":"pipeline-worker"}}
{"timestamp":"2026-09-12T12:15:03.156Z","level":"error","event":"queue.dispatch_cycle_failed","fields":{"queueName":"all","service":"pipeline-worker"}}
{"timestamp":"2026-09-12T12:15:04.182Z","level":"error","event":"queue.dispatch_cycle_failed","fields":{"queueName":"all","service":"pipeline-worker"}}
{"timestamp":"2026-09-12T12:15:05.220Z","level":"error","event":"queue.dispatch_cycle_failed","fields":{"queueName":"all","service":"pipeline-worker"}}
{"timestamp":"2026-09-12T12:15:09.360Z","level":"error","event":"queue.dispatch_cycle_failed","fields":{"queueName":"all","service":"pipeline-worker"}}
{"timestamp":"2026-09-12T12:15:10.389Z","level":"error","event":"queue.dispatch_cycle_failed","fields":{"queueName":"all","service":"pipeline-worker"}}
{"timestamp":"2026-09-12T12:15:11.436Z","level":"error","event":"queue.dispatch_cycle_failed","fields":{"queueName":"all","service":"pipeline-worker"}}
{"timestamp":"2026-09-12T12:15:12.472Z","level":"error","event":"queue.dispatch_cycle_failed","fields":{"queueName":"all","service":"pipeline-worker"}}
{"timestamp":"2026-09-12T12:15:13.498Z","level":"error","event":"queue.dispatch_cycle_failed","fields":{"queueName":"all","service":"pipeline-worker"}}
{"timestamp":"2026-09-12T12:15:15.899Z","level":"error","event":"worker.consumer_failed","fields":{"queueName":"pipeline","service":"pipeline-worker"}}
{"timestamp":"2026-09-12T12:15:16.863Z","level":"error","event":"queue.dispatch_cycle_failed","fields":{"queueName":"all","service":"pipeline-worker"}}
{"timestamp":"2026-09-12T12:15:17.358Z","level":"error","event":"worker.consumer_failed","fields":{"queueName":"pipeline","service":"pipeline-worker"}}
{"timestamp":"2026-09-12T12:15:17.901Z","level":"error","event":"queue.dispatch_cycle_failed","fields":{"queueName":"all","service":"pipeline-worker"}}
{"timestamp":"2026-09-12T12:15:19.930Z","level":"error","event":"queue.lease_sweep_failed","fields":{"queueName":"all","service":"pipeline-worker"}}
{"timestamp":"2026-09-12T12:15:23.790Z","level":"error","event":"queue.dispatch_cycle_failed","fields":{"queueName":"all","service":"pipeline-worker"}}
{"timestamp":"2026-09-12T12:15:24.808Z","level":"error","event":"queue.dispatch_cycle_failed","fields":{"queueName":"all","service":"pipeline-worker"}}
{"timestamp":"2026-09-12T12:15:28.243Z","level":"error","event":"queue.dispatch_cycle_failed","fields":{"queueName":"all","service":"pipeline-worker"}}
{"timestamp":"2026-09-12T12:15:29.257Z","level":"error","event":"queue.dispatch_cycle_failed","fields":{"queueName":"all","service":"pipeline-worker"}}
{"timestamp":"2026-09-12T12:15:30.286Z","level":"error","event":"queue.dispatch_cycle_failed","fields":{"queueName":"all","service":"pipeline-worker"}}
{"timestamp":"2026-09-12T12:15:31.324Z","level":"error","event":"queue.dispatch_cycle_failed","fields":{"queueName":"all","service":"pipeline-worker"}}
{"timestamp":"2026-09-12T12:15:32.355Z","level":"error","event":"queue.dispatch_cycle_failed","fields":{"queueName":"all","service":"pipeline-worker"}}
{"timestamp":"2026-09-12T12:15:33.380Z","level":"error","event":"queue.dispatch_cycle_failed","fields":{"queueName":"all","service":"pipeline-worker"}}
{"timestamp":"2026-09-12T12:15:35.038Z","level":"error","event":"queue.dispatch_cycle_failed","fields":{"queueName":"all","service":"pipeline-worker"}}
{"timestamp":"2026-09-12T12:15:35.907Z","level":"error","event":"worker.consumer_failed","fields":{"queueName":"pipeline","service":"pipeline-worker"}}
{"timestamp":"2026-09-12T12:15:36.338Z","level":"error","event":"queue.lease_sweep_failed","fields":{"queueName":"all","service":"pipeline-worker"}}
{"timestamp":"2026-09-12T12:15:37.369Z","level":"error","event":"worker.consumer_failed","fields":{"queueName":"pipeline","service":"pipeline-worker"}}
{"timestamp":"2026-09-12T12:15:39.578Z","level":"error","event":"queue.dispatch_cycle_failed","fields":{"queueName":"all","service":"pipeline-worker"}}
{"timestamp":"2026-09-12T12:15:41.185Z","level":"error","event":"queue.dispatch_cycle_failed","fields":{"queueName":"all","service":"pipeline-worker"}}
{"timestamp":"2026-09-12T12:15:42.226Z","level":"error","event":"queue.dispatch_cycle_failed","fields":{"queueName":"all","service":"pipeline-worker"}}
{"timestamp":"2026-09-12T12:15:48.081Z","level":"error","event":"queue.dispatch_cycle_failed","fields":{"queueName":"all","service":"pipeline-worker"}}
{"timestamp":"2026-09-12T12:15:49.120Z","level":"error","event":"queue.dispatch_cycle_failed","fields":{"queueName":"all","service":"pipeline-worker"}}
{"timestamp":"2026-09-12T12:15:50.141Z","level":"error","event":"queue.dispatch_cycle_failed","fields":{"queueName":"all","service":"pipeline-worker"}}
{"timestamp":"2026-09-12T12:15:51.174Z","level":"error","event":"queue.dispatch_cycle_failed","fields":{"queueName":"all","service":"pipeline-worker"}}
{"timestamp":"2026-09-12T12:15:51.388Z","level":"error","event":"queue.lease_sweep_failed","fields":{"queueName":"all","service":"pipeline-worker"}}
{"timestamp":"2026-09-12T12:15:52.203Z","level":"error","event":"queue.dispatch_cycle_failed","fields":{"queueName":"all","service":"pipeline-worker"}}
{"timestamp":"2026-09-12T12:15:54.492Z","level":"error","event":"queue.dispatch_cycle_failed","fields":{"queueName":"all","service":"pipeline-worker"}}
{"timestamp":"2026-09-12T12:15:55.922Z","level":"error","event":"worker.consumer_failed","fields":{"queueName":"pipeline","service":"pipeline-worker"}}
{"timestamp":"2026-09-12T12:15:56.439Z","level":"error","event":"queue.dispatch_cycle_failed","fields":{"queueName":"all","service":"pipeline-worker"}}
{"timestamp":"2026-09-12T12:15:57.390Z","level":"error","event":"worker.consumer_failed","fields":{"queueName":"pipeline","service":"pipeline-worker"}}
{"timestamp":"2026-09-12T12:15:58.054Z","level":"error","event":"queue.dispatch_cycle_failed","fields":{"queueName":"all","service":"pipeline-worker"}}
{"timestamp":"2026-09-12T12:16:01.871Z","level":"error","event":"queue.dispatch_cycle_failed","fields":{"queueName":"all","service":"pipeline-worker"}}
{"timestamp":"2026-09-12T12:16:02.889Z","level":"error","event":"queue.dispatch_cycle_failed","fields":{"queueName":"all","service":"pipeline-worker"}}
{"timestamp":"2026-09-12T12:16:03.914Z","level":"error","event":"queue.dispatch_cycle_failed","fields":{"queueName":"all","service":"pipeline-worker"}}
{"timestamp":"2026-09-12T12:16:06.421Z","level":"error","event":"queue.lease_sweep_failed","fields":{"queueName":"all","service":"pipeline-worker"}}
{"timestamp":"2026-09-12T12:16:09.909Z","level":"error","event":"queue.dispatch_cycle_failed","fields":{"queueName":"all","service":"pipeline-worker"}}
{"timestamp":"2026-09-12T12:16:11.002Z","level":"error","event":"queue.dispatch_cycle_failed","fields":{"queueName":"all","service":"pipeline-worker"}}
{"timestamp":"2026-09-12T12:16:12.023Z","level":"error","event":"queue.dispatch_cycle_failed","fields":{"queueName":"all","service":"pipeline-worker"}}
{"timestamp":"2026-09-12T12:16:13.056Z","level":"error","event":"queue.dispatch_cycle_failed","fields":{"queueName":"all","service":"pipeline-worker"}}
{"timestamp":"2026-09-12T12:16:14.090Z","level":"error","event":"queue.dispatch_cycle_failed","fields":{"queueName":"all","service":"pipeline-worker"}}
{"timestamp":"2026-09-12T12:16:15.389Z","level":"error","event":"queue.dispatch_cycle_failed","fields":{"queueName":"all","service":"pipeline-worker"}}
{"timestamp":"2026-09-12T12:16:15.941Z","level":"error","event":"worker.consumer_failed","fields":{"queueName":"pipeline","service":"pipeline-worker"}}
{"timestamp":"2026-09-12T12:16:17.400Z","level":"error","event":"worker.consumer_failed","fields":{"queueName":"pipeline","service":"pipeline-worker"}}
{"timestamp":"2026-09-12T12:16:20.251Z","level":"error","event":"queue.dispatch_cycle_failed","fields":{"queueName":"all","service":"pipeline-worker"}}
{"timestamp":"2026-09-12T12:16:21.446Z","level":"error","event":"queue.lease_sweep_failed","fields":{"queueName":"all","service":"pipeline-worker"}}
{"timestamp":"2026-09-12T12:16:21.958Z","level":"error","event":"queue.dispatch_cycle_failed","fields":{"queueName":"all","service":"pipeline-worker"}}
{"timestamp":"2026-09-12T12:16:22.973Z","level":"error","event":"queue.dispatch_cycle_failed","fields":{"queueName":"all","service":"pipeline-worker"}}
{"timestamp":"2026-09-12T12:16:24.003Z","level":"error","event":"queue.dispatch_cycle_failed","fields":{"queueName":"all","service":"pipeline-worker"}}
{"timestamp":"2026-09-12T12:16:25.044Z","level":"error","event":"queue.dispatch_cycle_failed","fields":{"queueName":"all","service":"pipeline-worker"}}
{"timestamp":"2026-09-12T12:16:26.353Z","level":"error","event":"queue.dispatch_cycle_failed","fields":{"queueName":"all","service":"pipeline-worker"}}
{"timestamp":"2026-09-12T12:16:27.396Z","level":"error","event":"queue.dispatch_cycle_failed","fields":{"queueName":"all","service":"pipeline-worker"}}
{"timestamp":"2026-09-12T12:16:29.338Z","level":"error","event":"queue.dispatch_cycle_failed","fields":{"queueName":"all","service":"pipeline-worker"}}
{"timestamp":"2026-09-12T12:16:34.973Z","level":"error","event":"queue.dispatch_cycle_failed","fields":{"queueName":"all","service":"pipeline-worker"}}
{"timestamp":"2026-09-12T12:16:35.951Z","level":"error","event":"worker.consumer_failed","fields":{"queueName":"pipeline","service":"pipeline-worker"}}
{"timestamp":"2026-09-12T12:16:36.001Z","level":"error","event":"queue.dispatch_cycle_failed","fields":{"queueName":"all","service":"pipeline-worker"}}
{"timestamp":"2026-09-12T12:16:36.468Z","level":"error","event":"queue.lease_sweep_failed","fields":{"queueName":"all","service":"pipeline-worker"}}
{"timestamp":"2026-09-12T12:16:37.409Z","level":"error","event":"worker.consumer_failed","fields":{"queueName":"pipeline","service":"pipeline-worker"}}
{"timestamp":"2026-09-12T12:16:38.305Z","level":"error","event":"queue.dispatch_cycle_failed","fields":{"queueName":"all","service":"pipeline-worker"}}
{"timestamp":"2026-09-12T12:16:40.546Z","level":"error","event":"queue.dispatch_cycle_failed","fields":{"queueName":"all","service":"pipeline-worker"}}
{"timestamp":"2026-09-12T12:16:41.977Z","level":"error","event":"queue.dispatch_cycle_failed","fields":{"queueName":"all","service":"pipeline-worker"}}
{"timestamp":"2026-09-12T12:16:43.004Z","level":"error","event":"queue.dispatch_cycle_failed","fields":{"queueName":"all","service":"pipeline-worker"}}
{"timestamp":"2026-09-12T12:16:44.069Z","level":"error","event":"queue.dispatch_cycle_failed","fields":{"queueName":"all","service":"pipeline-worker"}}
{"timestamp":"2026-09-12T12:16:45.101Z","level":"error","event":"queue.dispatch_cycle_failed","fields":{"queueName":"all","service":"pipeline-worker"}}
{"timestamp":"2026-09-12T12:16:47.503Z","level":"error","event":"queue.dispatch_cycle_failed","fields":{"queueName":"all","service":"pipeline-worker"}}
{"timestamp":"2026-09-12T12:16:48.527Z","level":"error","event":"queue.dispatch_cycle_failed","fields":{"queueName":"all","service":"pipeline-worker"}}
{"timestamp":"2026-09-12T12:16:51.518Z","level":"error","event":"queue.dispatch_cycle_failed","fields":{"queueName":"all","service":"pipeline-worker"}}
{"timestamp":"2026-09-12T12:16:51.975Z","level":"error","event":"queue.lease_sweep_failed","fields":{"queueName":"all","service":"pipeline-worker"}}
{"timestamp":"2026-09-12T12:16:52.574Z","level":"error","event":"queue.dispatch_cycle_failed","fields":{"queueName":"all","service":"pipeline-worker"}}
{"timestamp":"2026-09-12T12:16:53.608Z","level":"error","event":"queue.dispatch_cycle_failed","fields":{"queueName":"all","service":"pipeline-worker"}}
{"timestamp":"2026-09-12T12:16:55.970Z","level":"error","event":"worker.consumer_failed","fields":{"queueName":"pipeline","service":"pipeline-worker"}}
{"timestamp":"2026-09-12T12:16:56.576Z","level":"error","event":"queue.dispatch_cycle_failed","fields":{"queueName":"all","service":"pipeline-worker"}}
{"timestamp":"2026-09-12T12:16:57.426Z","level":"error","event":"worker.consumer_failed","fields":{"queueName":"pipeline","service":"pipeline-worker"}}
{"timestamp":"2026-09-12T12:16:57.602Z","level":"error","event":"queue.dispatch_cycle_failed","fields":{"queueName":"all","service":"pipeline-worker"}}
{"timestamp":"2026-09-12T12:16:58.630Z","level":"error","event":"queue.dispatch_cycle_failed","fields":{"queueName":"all","service":"pipeline-worker"}}
{"timestamp":"2026-09-12T12:16:59.670Z","level":"error","event":"queue.dispatch_cycle_failed","fields":{"queueName":"all","service":"pipeline-worker"}}
{"timestamp":"2026-09-12T12:17:00.764Z","level":"error","event":"queue.dispatch_cycle_failed","fields":{"queueName":"all","service":"pipeline-worker"}}
{"timestamp":"2026-09-12T12:17:01.787Z","level":"error","event":"queue.dispatch_cycle_failed","fields":{"queueName":"all","service":"pipeline-worker"}}
{"timestamp":"2026-09-12T12:17:09.589Z","level":"error","event":"queue.dispatch_cycle_failed","fields":{"queueName":"all","service":"pipeline-worker"}}
{"timestamp":"2026-09-12T12:17:11.071Z","level":"error","event":"queue.dispatch_cycle_failed","fields":{"queueName":"all","service":"pipeline-worker"}}
{"timestamp":"2026-09-12T12:17:11.263Z","level":"error","event":"queue.lease_sweep_failed","fields":{"queueName":"all","service":"pipeline-worker"}}
{"timestamp":"2026-09-12T12:17:12.097Z","level":"error","event":"queue.dispatch_cycle_failed","fields":{"queueName":"all","service":"pipeline-worker"}}
{"timestamp":"2026-09-12T12:17:13.139Z","level":"error","event":"queue.dispatch_cycle_failed","fields":{"queueName":"all","service":"pipeline-worker"}}
{"timestamp":"2026-09-12T12:17:14.170Z","level":"error","event":"queue.dispatch_cycle_failed","fields":{"queueName":"all","service":"pipeline-worker"}}
{"timestamp":"2026-09-12T12:17:15.212Z","level":"error","event":"queue.dispatch_cycle_failed","fields":{"queueName":"all","service":"pipeline-worker"}}
{"timestamp":"2026-09-12T12:17:15.993Z","level":"error","event":"worker.consumer_failed","fields":{"queueName":"pipeline","service":"pipeline-worker"}}
{"timestamp":"2026-09-12T12:17:16.230Z","level":"error","event":"queue.dispatch_cycle_failed","fields":{"queueName":"all","service":"pipeline-worker"}}
{"timestamp":"2026-09-12T12:17:17.437Z","level":"error","event":"worker.consumer_failed","fields":{"queueName":"pipeline","service":"pipeline-worker"}}
{"timestamp":"2026-09-12T12:17:20.685Z","level":"error","event":"queue.dispatch_cycle_failed","fields":{"queueName":"all","service":"pipeline-worker"}}
{"timestamp":"2026-09-12T12:17:21.709Z","level":"error","event":"queue.dispatch_cycle_failed","fields":{"queueName":"all","service":"pipeline-worker"}}
{"timestamp":"2026-09-12T12:17:22.726Z","level":"error","event":"queue.dispatch_cycle_failed","fields":{"queueName":"all","service":"pipeline-worker"}}
{"timestamp":"2026-09-12T12:17:23.775Z","level":"error","event":"queue.dispatch_cycle_failed","fields":{"queueName":"all","service":"pipeline-worker"}}
{"timestamp":"2026-09-12T12:17:28.562Z","level":"error","event":"queue.dispatch_cycle_failed","fields":{"queueName":"all","service":"pipeline-worker"}}
{"timestamp":"2026-09-12T12:17:28.704Z","level":"error","event":"queue.lease_sweep_failed","fields":{"queueName":"all","service":"pipeline-worker"}}
{"timestamp":"2026-09-12T12:17:29.604Z","level":"error","event":"queue.dispatch_cycle_failed","fields":{"queueName":"all","service":"pipeline-worker"}}
{"timestamp":"2026-09-12T12:17:30.623Z","level":"error","event":"queue.dispatch_cycle_failed","fields":{"queueName":"all","service":"pipeline-worker"}}
{"timestamp":"2026-09-12T12:17:31.658Z","level":"error","event":"queue.dispatch_cycle_failed","fields":{"queueName":"all","service":"pipeline-worker"}}
{"timestamp":"2026-09-12T12:17:32.707Z","level":"error","event":"queue.dispatch_cycle_failed","fields":{"queueName":"all","service":"pipeline-worker"}}
{"timestamp":"2026-09-12T12:17:34.149Z","level":"error","event":"queue.dispatch_cycle_failed","fields":{"queueName":"all","service":"pipeline-worker"}}
{"timestamp":"2026-09-12T12:17:35.155Z","level":"error","event":"queue.dispatch_cycle_failed","fields":{"queueName":"all","service":"pipeline-worker"}}
{"timestamp":"2026-09-12T12:17:36.005Z","level":"error","event":"worker.consumer_failed","fields":{"queueName":"pipeline","service":"pipeline-worker"}}
{"timestamp":"2026-09-12T12:17:36.177Z","level":"error","event":"queue.dispatch_cycle_failed","fields":{"queueName":"all","service":"pipeline-worker"}}
{"timestamp":"2026-09-12T12:17:37.218Z","level":"error","event":"queue.dispatch_cycle_failed","fields":{"queueName":"all","service":"pipeline-worker"}}
{"timestamp":"2026-09-12T12:17:37.450Z","level":"error","event":"worker.consumer_failed","fields":{"queueName":"pipeline","service":"pipeline-worker"}}
{"timestamp":"2026-09-12T12:17:45.142Z","level":"error","event":"queue.lease_sweep_failed","fields":{"queueName":"all","service":"pipeline-worker"}}
{"timestamp":"2026-09-12T12:17:46.493Z","level":"error","event":"queue.dispatch_cycle_failed","fields":{"queueName":"all","service":"pipeline-worker"}}
{"timestamp":"2026-09-12T12:17:47.512Z","level":"error","event":"queue.dispatch_cycle_failed","fields":{"queueName":"all","service":"pipeline-worker"}}
{"timestamp":"2026-09-12T12:17:49.120Z","level":"error","event":"queue.dispatch_cycle_failed","fields":{"queueName":"all","service":"pipeline-worker"}}
{"timestamp":"2026-09-12T12:17:50.153Z","level":"error","event":"queue.dispatch_cycle_failed","fields":{"queueName":"all","service":"pipeline-worker"}}
{"timestamp":"2026-09-12T12:17:51.937Z","level":"error","event":"queue.dispatch_cycle_failed","fields":{"queueName":"all","service":"pipeline-worker"}}
{"timestamp":"2026-09-12T12:17:52.959Z","level":"error","event":"queue.dispatch_cycle_failed","fields":{"queueName":"all","service":"pipeline-worker"}}
{"timestamp":"2026-09-12T12:17:55.053Z","level":"error","event":"queue.dispatch_cycle_failed","fields":{"queueName":"all","service":"pipeline-worker"}}
{"timestamp":"2026-09-12T12:17:56.034Z","level":"error","event":"worker.consumer_failed","fields":{"queueName":"pipeline","service":"pipeline-worker"}}
{"timestamp":"2026-09-12T12:17:56.074Z","level":"error","event":"queue.dispatch_cycle_failed","fields":{"queueName":"all","service":"pipeline-worker"}}
{"timestamp":"2026-09-12T12:17:57.094Z","level":"error","event":"queue.dispatch_cycle_failed","fields":{"queueName":"all","service":"pipeline-worker"}}
{"timestamp":"2026-09-12T12:17:57.460Z","level":"error","event":"worker.consumer_failed","fields":{"queueName":"pipeline","service":"pipeline-worker"}}
{"timestamp":"2026-09-12T12:17:58.123Z","level":"error","event":"queue.dispatch_cycle_failed","fields":{"queueName":"all","service":"pipeline-worker"}}
{"timestamp":"2026-09-12T12:18:05.971Z","level":"error","event":"queue.dispatch_cycle_failed","fields":{"queueName":"all","service":"pipeline-worker"}}
{"timestamp":"2026-09-12T12:18:06.604Z","level":"error","event":"queue.lease_sweep_failed","fields":{"queueName":"all","service":"pipeline-worker"}}
{"timestamp":"2026-09-12T12:18:07.754Z","level":"error","event":"queue.dispatch_cycle_failed","fields":{"queueName":"all","service":"pipeline-worker"}}
{"timestamp":"2026-09-12T12:18:09.819Z","level":"error","event":"queue.dispatch_cycle_failed","fields":{"queueName":"all","service":"pipeline-worker"}}
{"timestamp":"2026-09-12T12:18:10.840Z","level":"error","event":"queue.dispatch_cycle_failed","fields":{"queueName":"all","service":"pipeline-worker"}}
{"timestamp":"2026-09-12T12:18:12.721Z","level":"error","event":"queue.dispatch_cycle_failed","fields":{"queueName":"all","service":"pipeline-worker"}}
{"timestamp":"2026-09-12T12:18:14.228Z","level":"error","event":"queue.dispatch_cycle_failed","fields":{"queueName":"all","service":"pipeline-worker"}}
{"timestamp":"2026-09-12T12:18:15.251Z","level":"error","event":"queue.dispatch_cycle_failed","fields":{"queueName":"all","service":"pipeline-worker"}}
{"timestamp":"2026-09-12T12:18:16.054Z","level":"error","event":"worker.consumer_failed","fields":{"queueName":"pipeline","service":"pipeline-worker"}}
{"timestamp":"2026-09-12T12:18:16.278Z","level":"error","event":"queue.dispatch_cycle_failed","fields":{"queueName":"all","service":"pipeline-worker"}}
{"timestamp":"2026-09-12T12:18:17.307Z","level":"error","event":"queue.dispatch_cycle_failed","fields":{"queueName":"all","service":"pipeline-worker"}}
{"timestamp":"2026-09-12T12:18:17.480Z","level":"error","event":"worker.consumer_failed","fields":{"queueName":"pipeline","service":"pipeline-worker"}}
{"timestamp":"2026-09-12T12:18:21.638Z","level":"error","event":"queue.lease_sweep_failed","fields":{"queueName":"all","service":"pipeline-worker"}}
{"timestamp":"2026-09-12T12:18:22.935Z","level":"error","event":"queue.dispatch_cycle_failed","fields":{"queueName":"all","service":"pipeline-worker"}}
{"timestamp":"2026-09-12T12:18:23.964Z","level":"error","event":"queue.dispatch_cycle_failed","fields":{"queueName":"all","service":"pipeline-worker"}}
{"timestamp":"2026-09-12T12:18:24.995Z","level":"error","event":"queue.dispatch_cycle_failed","fields":{"queueName":"all","service":"pipeline-worker"}}
{"timestamp":"2026-09-12T12:18:26.023Z","level":"error","event":"queue.dispatch_cycle_failed","fields":{"queueName":"all","service":"pipeline-worker"}}
{"timestamp":"2026-09-12T12:18:27.051Z","level":"error","event":"queue.dispatch_cycle_failed","fields":{"queueName":"all","service":"pipeline-worker"}}
{"timestamp":"2026-09-12T12:18:28.085Z","level":"error","event":"queue.dispatch_cycle_failed","fields":{"queueName":"all","service":"pipeline-worker"}}
{"timestamp":"2026-09-12T12:18:29.101Z","level":"error","event":"queue.dispatch_cycle_failed","fields":{"queueName":"all","service":"pipeline-worker"}}
{"timestamp":"2026-09-12T12:18:30.125Z","level":"error","event":"queue.dispatch_cycle_failed","fields":{"queueName":"all","service":"pipeline-worker"}}
{"timestamp":"2026-09-12T12:18:31.949Z","level":"error","event":"queue.dispatch_cycle_failed","fields":{"queueName":"all","service":"pipeline-worker"}}
{"timestamp":"2026-09-12T12:18:34.986Z","level":"error","event":"queue.dispatch_cycle_failed","fields":{"queueName":"all","service":"pipeline-worker"}}
{"timestamp":"2026-09-12T12:18:36.074Z","level":"error","event":"queue.dispatch_cycle_failed","fields":{"queueName":"all","service":"pipeline-worker"}}
{"timestamp":"2026-09-12T12:18:36.083Z","level":"error","event":"worker.consumer_failed","fields":{"queueName":"pipeline","service":"pipeline-worker"}}
{"timestamp":"2026-09-12T12:18:37.613Z","level":"error","event":"worker.consumer_failed","fields":{"queueName":"pipeline","service":"pipeline-worker"}}
{"timestamp":"2026-09-12T12:18:37.864Z","level":"error","event":"queue.dispatch_cycle_failed","fields":{"queueName":"all","service":"pipeline-worker"}}
{"timestamp":"2026-09-12T12:18:38.995Z","level":"error","event":"queue.dispatch_cycle_failed","fields":{"queueName":"all","service":"pipeline-worker"}}
{"timestamp":"2026-09-12T12:18:41.948Z","level":"error","event":"queue.lease_sweep_failed","fields":{"queueName":"all","service":"pipeline-worker"}}
{"timestamp":"2026-09-12T12:18:44.185Z","level":"error","event":"queue.dispatch_cycle_failed","fields":{"queueName":"all","service":"pipeline-worker"}}
{"timestamp":"2026-09-12T12:18:45.223Z","level":"error","event":"queue.dispatch_cycle_failed","fields":{"queueName":"all","service":"pipeline-worker"}}
{"timestamp":"2026-09-12T12:18:47.184Z","level":"error","event":"queue.dispatch_cycle_failed","fields":{"queueName":"all","service":"pipeline-worker"}}
{"timestamp":"2026-09-12T12:18:48.714Z","level":"error","event":"queue.dispatch_cycle_failed","fields":{"queueName":"all","service":"pipeline-worker"}}
{"timestamp":"2026-09-12T12:18:49.736Z","level":"error","event":"queue.dispatch_cycle_failed","fields":{"queueName":"all","service":"pipeline-worker"}}
{"timestamp":"2026-09-12T12:18:50.762Z","level":"error","event":"queue.dispatch_cycle_failed","fields":{"queueName":"all","service":"pipeline-worker"}}
{"timestamp":"2026-09-12T12:18:51.795Z","level":"error","event":"queue.dispatch_cycle_failed","fields":{"queueName":"all","service":"pipeline-worker"}}
{"timestamp":"2026-09-12T12:18:52.822Z","level":"error","event":"queue.dispatch_cycle_failed","fields":{"queueName":"all","service":"pipeline-worker"}}
{"timestamp":"2026-09-12T12:18:53.852Z","level":"error","event":"queue.dispatch_cycle_failed","fields":{"queueName":"all","service":"pipeline-worker"}}
{"timestamp":"2026-09-12T12:18:56.098Z","level":"error","event":"worker.consumer_failed","fields":{"queueName":"pipeline","service":"pipeline-worker"}}
{"timestamp":"2026-09-12T12:18:56.531Z","level":"error","event":"queue.dispatch_cycle_failed","fields":{"queueName":"all","service":"pipeline-worker"}}
{"timestamp":"2026-09-12T12:18:56.970Z","level":"error","event":"queue.lease_sweep_failed","fields":{"queueName":"all","service":"pipeline-worker"}}
{"timestamp":"2026-09-12T12:18:57.624Z","level":"error","event":"worker.consumer_failed","fields":{"queueName":"pipeline","service":"pipeline-worker"}}
{"timestamp":"2026-09-12T12:19:04.861Z","level":"error","event":"queue.dispatch_cycle_failed","fields":{"queueName":"all","service":"pipeline-worker"}}
{"timestamp":"2026-09-12T12:19:05.897Z","level":"error","event":"queue.dispatch_cycle_failed","fields":{"queueName":"all","service":"pipeline-worker"}}
{"timestamp":"2026-09-12T12:19:06.904Z","level":"error","event":"queue.dispatch_cycle_failed","fields":{"queueName":"all","service":"pipeline-worker"}}
{"timestamp":"2026-09-12T12:19:07.934Z","level":"error","event":"queue.dispatch_cycle_failed","fields":{"queueName":"all","service":"pipeline-worker"}}
{"timestamp":"2026-09-12T12:19:08.970Z","level":"error","event":"queue.dispatch_cycle_failed","fields":{"queueName":"all","service":"pipeline-worker"}}
{"timestamp":"2026-09-12T12:19:09.990Z","level":"error","event":"queue.dispatch_cycle_failed","fields":{"queueName":"all","service":"pipeline-worker"}}
{"timestamp":"2026-09-12T12:19:11.055Z","level":"error","event":"queue.dispatch_cycle_failed","fields":{"queueName":"all","service":"pipeline-worker"}}
{"timestamp":"2026-09-12T12:19:12.017Z","level":"error","event":"queue.lease_sweep_failed","fields":{"queueName":"all","service":"pipeline-worker"}}
{"timestamp":"2026-09-12T12:19:12.085Z","level":"error","event":"queue.dispatch_cycle_failed","fields":{"queueName":"all","service":"pipeline-worker"}}
{"timestamp":"2026-09-12T12:19:13.103Z","level":"error","event":"queue.dispatch_cycle_failed","fields":{"queueName":"all","service":"pipeline-worker"}}
{"timestamp":"2026-09-12T12:19:16.108Z","level":"error","event":"worker.consumer_failed","fields":{"queueName":"pipeline","service":"pipeline-worker"}}
{"timestamp":"2026-09-12T12:19:17.636Z","level":"error","event":"worker.consumer_failed","fields":{"queueName":"pipeline","service":"pipeline-worker"}}
{"timestamp":"2026-09-12T12:19:20.527Z","level":"error","event":"queue.dispatch_cycle_failed","fields":{"queueName":"all","service":"pipeline-worker"}}
{"timestamp":"2026-09-12T12:19:25.310Z","level":"error","event":"queue.dispatch_cycle_failed","fields":{"queueName":"all","service":"pipeline-worker"}}
{"timestamp":"2026-09-12T12:19:26.337Z","level":"error","event":"queue.dispatch_cycle_failed","fields":{"queueName":"all","service":"pipeline-worker"}}
{"timestamp":"2026-09-12T12:19:27.054Z","level":"error","event":"queue.lease_sweep_failed","fields":{"queueName":"all","service":"pipeline-worker"}}
{"timestamp":"2026-09-12T12:19:27.370Z","level":"error","event":"queue.dispatch_cycle_failed","fields":{"queueName":"all","service":"pipeline-worker"}}
{"timestamp":"2026-09-12T12:19:28.386Z","level":"error","event":"queue.dispatch_cycle_failed","fields":{"queueName":"all","service":"pipeline-worker"}}
{"timestamp":"2026-09-12T12:19:29.404Z","level":"error","event":"queue.dispatch_cycle_failed","fields":{"queueName":"all","service":"pipeline-worker"}}
{"timestamp":"2026-09-12T12:19:30.427Z","level":"error","event":"queue.dispatch_cycle_failed","fields":{"queueName":"all","service":"pipeline-worker"}}
{"timestamp":"2026-09-12T12:19:31.853Z","level":"error","event":"queue.dispatch_cycle_failed","fields":{"queueName":"all","service":"pipeline-worker"}}
{"timestamp":"2026-09-12T12:19:32.872Z","level":"error","event":"queue.dispatch_cycle_failed","fields":{"queueName":"all","service":"pipeline-worker"}}
{"timestamp":"2026-09-12T12:19:34.419Z","level":"error","event":"queue.dispatch_cycle_failed","fields":{"queueName":"all","service":"pipeline-worker"}}
{"timestamp":"2026-09-12T12:19:36.119Z","level":"error","event":"worker.consumer_failed","fields":{"queueName":"pipeline","service":"pipeline-worker"}}
{"timestamp":"2026-09-12T12:19:37.651Z","level":"error","event":"worker.consumer_failed","fields":{"queueName":"pipeline","service":"pipeline-worker"}}
{"timestamp":"2026-09-12T12:19:43.869Z","level":"error","event":"queue.lease_sweep_failed","fields":{"queueName":"all","service":"pipeline-worker"}}
{"timestamp":"2026-09-12T12:19:44.501Z","level":"error","event":"queue.dispatch_cycle_failed","fields":{"queueName":"all","service":"pipeline-worker"}}
{"timestamp":"2026-09-12T12:19:45.614Z","level":"error","event":"queue.dispatch_cycle_failed","fields":{"queueName":"all","service":"pipeline-worker"}}
{"timestamp":"2026-09-12T12:19:46.641Z","level":"error","event":"queue.dispatch_cycle_failed","fields":{"queueName":"all","service":"pipeline-worker"}}
{"timestamp":"2026-09-12T12:19:47.670Z","level":"error","event":"queue.dispatch_cycle_failed","fields":{"queueName":"all","service":"pipeline-worker"}}
{"timestamp":"2026-09-12T12:19:48.690Z","level":"error","event":"queue.dispatch_cycle_failed","fields":{"queueName":"all","service":"pipeline-worker"}}
{"timestamp":"2026-09-12T12:19:49.709Z","level":"error","event":"queue.dispatch_cycle_failed","fields":{"queueName":"all","service":"pipeline-worker"}}
{"timestamp":"2026-09-12T12:19:50.740Z","level":"error","event":"queue.dispatch_cycle_failed","fields":{"queueName":"all","service":"pipeline-worker"}}
{"timestamp":"2026-09-12T12:19:51.759Z","level":"error","event":"queue.dispatch_cycle_failed","fields":{"queueName":"all","service":"pipeline-worker"}}
{"timestamp":"2026-09-12T12:19:52.785Z","level":"error","event":"queue.dispatch_cycle_failed","fields":{"queueName":"all","service":"pipeline-worker"}}
{"timestamp":"2026-09-12T12:19:56.130Z","level":"error","event":"worker.consumer_failed","fields":{"queueName":"pipeline","service":"pipeline-worker"}}
{"timestamp":"2026-09-12T12:19:57.661Z","level":"error","event":"worker.consumer_failed","fields":{"queueName":"pipeline","service":"pipeline-worker"}}
{"timestamp":"2026-09-12T12:19:57.768Z","level":"error","event":"queue.dispatch_cycle_failed","fields":{"queueName":"all","service":"pipeline-worker"}}
{"timestamp":"2026-09-12T12:19:58.803Z","level":"error","event":"queue.dispatch_cycle_failed","fields":{"queueName":"all","service":"pipeline-worker"}}
{"timestamp":"2026-09-12T12:19:58.893Z","level":"error","event":"queue.lease_sweep_failed","fields":{"queueName":"all","service":"pipeline-worker"}}
{"timestamp":"2026-09-12T12:20:05.542Z","level":"error","event":"queue.dispatch_cycle_failed","fields":{"queueName":"all","service":"pipeline-worker"}}
{"timestamp":"2026-09-12T12:20:06.565Z","level":"error","event":"queue.dispatch_cycle_failed","fields":{"queueName":"all","service":"pipeline-worker"}}
{"timestamp":"2026-09-12T12:20:07.705Z","level":"error","event":"queue.dispatch_cycle_failed","fields":{"queueName":"all","service":"pipeline-worker"}}
{"timestamp":"2026-09-12T12:20:09.152Z","level":"error","event":"queue.dispatch_cycle_failed","fields":{"queueName":"all","service":"pipeline-worker"}}
{"timestamp":"2026-09-12T12:20:10.186Z","level":"error","event":"queue.dispatch_cycle_failed","fields":{"queueName":"all","service":"pipeline-worker"}}
{"timestamp":"2026-09-12T12:20:11.206Z","level":"error","event":"queue.dispatch_cycle_failed","fields":{"queueName":"all","service":"pipeline-worker"}}
{"timestamp":"2026-09-12T12:20:12.239Z","level":"error","event":"queue.dispatch_cycle_failed","fields":{"queueName":"all","service":"pipeline-worker"}}
{"timestamp":"2026-09-12T12:20:13.266Z","level":"error","event":"queue.dispatch_cycle_failed","fields":{"queueName":"all","service":"pipeline-worker"}}
{"timestamp":"2026-09-12T12:20:14.526Z","level":"error","event":"queue.dispatch_cycle_failed","fields":{"queueName":"all","service":"pipeline-worker"}}
{"timestamp":"2026-09-12T12:20:16.142Z","level":"error","event":"worker.consumer_failed","fields":{"queueName":"pipeline","service":"pipeline-worker"}}
{"timestamp":"2026-09-12T12:20:17.632Z","level":"error","event":"queue.lease_sweep_failed","fields":{"queueName":"all","service":"pipeline-worker"}}
{"timestamp":"2026-09-12T12:20:17.683Z","level":"error","event":"worker.consumer_failed","fields":{"queueName":"pipeline","service":"pipeline-worker"}}
{"timestamp":"2026-09-12T12:20:19.786Z","level":"error","event":"queue.dispatch_cycle_failed","fields":{"queueName":"all","service":"pipeline-worker"}}
{"timestamp":"2026-09-12T12:20:22.206Z","level":"error","event":"queue.dispatch_cycle_failed","fields":{"queueName":"all","service":"pipeline-worker"}}
{"timestamp":"2026-09-12T12:20:23.230Z","level":"error","event":"queue.dispatch_cycle_failed","fields":{"queueName":"all","service":"pipeline-worker"}}
{"timestamp":"2026-09-12T12:20:24.266Z","level":"error","event":"queue.dispatch_cycle_failed","fields":{"queueName":"all","service":"pipeline-worker"}}
{"timestamp":"2026-09-12T12:20:27.499Z","level":"error","event":"queue.dispatch_cycle_failed","fields":{"queueName":"all","service":"pipeline-worker"}}
{"timestamp":"2026-09-12T12:20:30.911Z","level":"error","event":"queue.dispatch_cycle_failed","fields":{"queueName":"all","service":"pipeline-worker"}}
{"timestamp":"2026-09-12T12:20:31.933Z","level":"error","event":"queue.dispatch_cycle_failed","fields":{"queueName":"all","service":"pipeline-worker"}}
{"timestamp":"2026-09-12T12:20:32.651Z","level":"error","event":"queue.lease_sweep_failed","fields":{"queueName":"all","service":"pipeline-worker"}}
{"timestamp":"2026-09-12T12:20:32.955Z","level":"error","event":"queue.dispatch_cycle_failed","fields":{"queueName":"all","service":"pipeline-worker"}}
{"timestamp":"2026-09-12T12:20:34.848Z","level":"error","event":"queue.dispatch_cycle_failed","fields":{"queueName":"all","service":"pipeline-worker"}}
{"timestamp":"2026-09-12T12:20:36.154Z","level":"error","event":"worker.consumer_failed","fields":{"queueName":"pipeline","service":"pipeline-worker"}}
{"timestamp":"2026-09-12T12:20:37.603Z","level":"error","event":"queue.dispatch_cycle_failed","fields":{"queueName":"all","service":"pipeline-worker"}}
{"timestamp":"2026-09-12T12:20:37.691Z","level":"error","event":"worker.consumer_failed","fields":{"queueName":"pipeline","service":"pipeline-worker"}}
{"timestamp":"2026-09-12T12:20:38.641Z","level":"error","event":"queue.dispatch_cycle_failed","fields":{"queueName":"all","service":"pipeline-worker"}}
{"timestamp":"2026-09-12T12:20:39.652Z","level":"error","event":"queue.dispatch_cycle_failed","fields":{"queueName":"all","service":"pipeline-worker"}}
{"timestamp":"2026-09-12T12:20:41.547Z","level":"error","event":"queue.dispatch_cycle_failed","fields":{"queueName":"all","service":"pipeline-worker"}}
{"timestamp":"2026-09-12T12:20:43.283Z","level":"error","event":"queue.dispatch_cycle_failed","fields":{"queueName":"all","service":"pipeline-worker"}}
{"timestamp":"2026-09-12T12:20:44.314Z","level":"error","event":"queue.dispatch_cycle_failed","fields":{"queueName":"all","service":"pipeline-worker"}}
{"timestamp":"2026-09-12T12:20:47.561Z","level":"error","event":"queue.dispatch_cycle_failed","fields":{"queueName":"all","service":"pipeline-worker"}}
{"timestamp":"2026-09-12T12:20:47.673Z","level":"error","event":"queue.lease_sweep_failed","fields":{"queueName":"all","service":"pipeline-worker"}}
{"timestamp":"2026-09-12T12:20:48.605Z","level":"error","event":"queue.dispatch_cycle_failed","fields":{"queueName":"all","service":"pipeline-worker"}}
{"timestamp":"2026-09-12T12:20:49.633Z","level":"error","event":"queue.dispatch_cycle_failed","fields":{"queueName":"all","service":"pipeline-worker"}}
{"timestamp":"2026-09-12T12:20:56.170Z","level":"error","event":"worker.consumer_failed","fields":{"queueName":"pipeline","service":"pipeline-worker"}}
{"timestamp":"2026-09-12T12:20:57.207Z","level":"error","event":"queue.dispatch_cycle_failed","fields":{"queueName":"all","service":"pipeline-worker"}}
{"timestamp":"2026-09-12T12:20:57.710Z","level":"error","event":"worker.consumer_failed","fields":{"queueName":"pipeline","service":"pipeline-worker"}}
{"timestamp":"2026-09-12T12:20:58.262Z","level":"error","event":"queue.dispatch_cycle_failed","fields":{"queueName":"all","service":"pipeline-worker"}}
{"timestamp":"2026-09-12T12:20:59.297Z","level":"error","event":"queue.dispatch_cycle_failed","fields":{"queueName":"all","service":"pipeline-worker"}}
{"timestamp":"2026-09-12T12:21:00.331Z","level":"error","event":"queue.dispatch_cycle_failed","fields":{"queueName":"all","service":"pipeline-worker"}}
{"timestamp":"2026-09-12T12:21:01.359Z","level":"error","event":"queue.dispatch_cycle_failed","fields":{"queueName":"all","service":"pipeline-worker"}}
{"timestamp":"2026-09-12T12:21:02.395Z","level":"error","event":"queue.dispatch_cycle_failed","fields":{"queueName":"all","service":"pipeline-worker"}}
{"timestamp":"2026-09-12T12:21:02.696Z","level":"error","event":"queue.lease_sweep_failed","fields":{"queueName":"all","service":"pipeline-worker"}}
{"timestamp":"2026-09-12T12:21:03.435Z","level":"error","event":"queue.dispatch_cycle_failed","fields":{"queueName":"all","service":"pipeline-worker"}}
{"timestamp":"2026-09-12T12:21:08.131Z","level":"error","event":"queue.dispatch_cycle_failed","fields":{"queueName":"all","service":"pipeline-worker"}}
{"timestamp":"2026-09-12T12:21:09.168Z","level":"error","event":"queue.dispatch_cycle_failed","fields":{"queueName":"all","service":"pipeline-worker"}}
{"timestamp":"2026-09-12T12:21:10.204Z","level":"error","event":"queue.dispatch_cycle_failed","fields":{"queueName":"all","service":"pipeline-worker"}}
{"timestamp":"2026-09-12T12:21:16.190Z","level":"error","event":"worker.consumer_failed","fields":{"queueName":"pipeline","service":"pipeline-worker"}}
{"timestamp":"2026-09-12T12:21:17.727Z","level":"error","event":"queue.lease_sweep_failed","fields":{"queueName":"all","service":"pipeline-worker"}}
{"timestamp":"2026-09-12T12:21:17.745Z","level":"error","event":"worker.consumer_failed","fields":{"queueName":"pipeline","service":"pipeline-worker"}}
{"timestamp":"2026-09-12T12:21:17.827Z","level":"error","event":"queue.dispatch_cycle_failed","fields":{"queueName":"all","service":"pipeline-worker"}}
{"timestamp":"2026-09-12T12:21:18.861Z","level":"error","event":"queue.dispatch_cycle_failed","fields":{"queueName":"all","service":"pipeline-worker"}}
{"timestamp":"2026-09-12T12:21:19.899Z","level":"error","event":"queue.dispatch_cycle_failed","fields":{"queueName":"all","service":"pipeline-worker"}}
{"timestamp":"2026-09-12T12:21:20.921Z","level":"error","event":"queue.dispatch_cycle_failed","fields":{"queueName":"all","service":"pipeline-worker"}}
{"timestamp":"2026-09-12T12:21:21.951Z","level":"error","event":"queue.dispatch_cycle_failed","fields":{"queueName":"all","service":"pipeline-worker"}}
{"timestamp":"2026-09-12T12:21:22.999Z","level":"error","event":"queue.dispatch_cycle_failed","fields":{"queueName":"all","service":"pipeline-worker"}}
{"timestamp":"2026-09-12T12:21:24.031Z","level":"error","event":"queue.dispatch_cycle_failed","fields":{"queueName":"all","service":"pipeline-worker"}}
{"timestamp":"2026-09-12T12:21:25.057Z","level":"error","event":"queue.dispatch_cycle_failed","fields":{"queueName":"all","service":"pipeline-worker"}}
{"timestamp":"2026-09-12T12:21:28.218Z","level":"error","event":"queue.dispatch_cycle_failed","fields":{"queueName":"all","service":"pipeline-worker"}}
{"timestamp":"2026-09-12T12:21:32.751Z","level":"error","event":"queue.lease_sweep_failed","fields":{"queueName":"all","service":"pipeline-worker"}}
{"timestamp":"2026-09-12T12:21:36.119Z","level":"error","event":"queue.dispatch_cycle_failed","fields":{"queueName":"all","service":"pipeline-worker"}}
{"timestamp":"2026-09-12T12:21:36.207Z","level":"error","event":"worker.consumer_failed","fields":{"queueName":"pipeline","service":"pipeline-worker"}}
{"timestamp":"2026-09-12T12:21:37.143Z","level":"error","event":"queue.dispatch_cycle_failed","fields":{"queueName":"all","service":"pipeline-worker"}}
{"timestamp":"2026-09-12T12:21:37.767Z","level":"error","event":"worker.consumer_failed","fields":{"queueName":"pipeline","service":"pipeline-worker"}}
{"timestamp":"2026-09-12T12:21:38.195Z","level":"error","event":"queue.dispatch_cycle_failed","fields":{"queueName":"all","service":"pipeline-worker"}}
{"timestamp":"2026-09-12T12:21:39.232Z","level":"error","event":"queue.dispatch_cycle_failed","fields":{"queueName":"all","service":"pipeline-worker"}}
{"timestamp":"2026-09-12T12:21:40.269Z","level":"error","event":"queue.dispatch_cycle_failed","fields":{"queueName":"all","service":"pipeline-worker"}}
{"timestamp":"2026-09-12T12:21:41.304Z","level":"error","event":"queue.dispatch_cycle_failed","fields":{"queueName":"all","service":"pipeline-worker"}}
{"timestamp":"2026-09-12T12:21:42.320Z","level":"error","event":"queue.dispatch_cycle_failed","fields":{"queueName":"all","service":"pipeline-worker"}}
{"timestamp":"2026-09-12T12:21:43.329Z","level":"error","event":"queue.dispatch_cycle_failed","fields":{"queueName":"all","service":"pipeline-worker"}}
{"timestamp":"2026-09-12T12:21:46.457Z","level":"error","event":"queue.dispatch_cycle_failed","fields":{"queueName":"all","service":"pipeline-worker"}}
{"timestamp":"2026-09-12T12:21:49.042Z","level":"error","event":"queue.lease_sweep_failed","fields":{"queueName":"all","service":"pipeline-worker"}}
{"timestamp":"2026-09-12T12:21:50.329Z","level":"error","event":"queue.dispatch_cycle_failed","fields":{"queueName":"all","service":"pipeline-worker"}}
{"timestamp":"2026-09-12T12:21:51.375Z","level":"error","event":"queue.dispatch_cycle_failed","fields":{"queueName":"all","service":"pipeline-worker"}}
{"timestamp":"2026-09-12T12:21:56.218Z","level":"error","event":"worker.consumer_failed","fields":{"queueName":"pipeline","service":"pipeline-worker"}}
{"timestamp":"2026-09-12T12:21:56.751Z","level":"error","event":"queue.dispatch_cycle_failed","fields":{"queueName":"all","service":"pipeline-worker"}}
{"timestamp":"2026-09-12T12:21:57.784Z","level":"error","event":"worker.consumer_failed","fields":{"queueName":"pipeline","service":"pipeline-worker"}}
{"timestamp":"2026-09-12T12:21:58.869Z","level":"error","event":"queue.dispatch_cycle_failed","fields":{"queueName":"all","service":"pipeline-worker"}}
{"timestamp":"2026-09-12T12:21:59.907Z","level":"error","event":"queue.dispatch_cycle_failed","fields":{"queueName":"all","service":"pipeline-worker"}}
{"timestamp":"2026-09-12T12:22:00.938Z","level":"error","event":"queue.dispatch_cycle_failed","fields":{"queueName":"all","service":"pipeline-worker"}}
{"timestamp":"2026-09-12T12:22:01.984Z","level":"error","event":"queue.dispatch_cycle_failed","fields":{"queueName":"all","service":"pipeline-worker"}}
{"timestamp":"2026-09-12T12:22:03.019Z","level":"error","event":"queue.dispatch_cycle_failed","fields":{"queueName":"all","service":"pipeline-worker"}}
{"timestamp":"2026-09-12T12:22:04.048Z","level":"error","event":"queue.dispatch_cycle_failed","fields":{"queueName":"all","service":"pipeline-worker"}}
{"timestamp":"2026-09-12T12:22:04.231Z","level":"error","event":"queue.lease_sweep_failed","fields":{"queueName":"all","service":"pipeline-worker"}}
{"timestamp":"2026-09-12T12:22:10.200Z","level":"error","event":"queue.dispatch_cycle_failed","fields":{"queueName":"all","service":"pipeline-worker"}}
{"timestamp":"2026-09-12T12:22:11.236Z","level":"error","event":"queue.dispatch_cycle_failed","fields":{"queueName":"all","service":"pipeline-worker"}}
{"timestamp":"2026-09-12T12:22:15.157Z","level":"error","event":"queue.dispatch_cycle_failed","fields":{"queueName":"all","service":"pipeline-worker"}}
{"timestamp":"2026-09-12T12:22:16.168Z","level":"error","event":"queue.dispatch_cycle_failed","fields":{"queueName":"all","service":"pipeline-worker"}}
{"timestamp":"2026-09-12T12:22:16.235Z","level":"error","event":"worker.consumer_failed","fields":{"queueName":"pipeline","service":"pipeline-worker"}}
{"timestamp":"2026-09-12T12:22:17.184Z","level":"error","event":"queue.dispatch_cycle_failed","fields":{"queueName":"all","service":"pipeline-worker"}}
{"timestamp":"2026-09-12T12:22:17.802Z","level":"error","event":"worker.consumer_failed","fields":{"queueName":"pipeline","service":"pipeline-worker"}}
{"timestamp":"2026-09-12T12:22:18.206Z","level":"error","event":"queue.dispatch_cycle_failed","fields":{"queueName":"all","service":"pipeline-worker"}}
{"timestamp":"2026-09-12T12:22:19.232Z","level":"error","event":"queue.dispatch_cycle_failed","fields":{"queueName":"all","service":"pipeline-worker"}}
{"timestamp":"2026-09-12T12:22:19.265Z","level":"error","event":"queue.lease_sweep_failed","fields":{"queueName":"all","service":"pipeline-worker"}}
{"timestamp":"2026-09-12T12:22:20.286Z","level":"error","event":"queue.dispatch_cycle_failed","fields":{"queueName":"all","service":"pipeline-worker"}}
{"timestamp":"2026-09-12T12:22:21.965Z","level":"error","event":"queue.dispatch_cycle_failed","fields":{"queueName":"all","service":"pipeline-worker"}}
{"timestamp":"2026-09-12T12:22:22.979Z","level":"error","event":"queue.dispatch_cycle_failed","fields":{"queueName":"all","service":"pipeline-worker"}}
{"timestamp":"2026-09-12T12:22:26.382Z","level":"error","event":"queue.dispatch_cycle_failed","fields":{"queueName":"all","service":"pipeline-worker"}}
{"timestamp":"2026-09-12T12:22:29.236Z","level":"error","event":"queue.dispatch_cycle_failed","fields":{"queueName":"all","service":"pipeline-worker"}}
{"timestamp":"2026-09-12T12:22:32.149Z","level":"error","event":"queue.dispatch_cycle_failed","fields":{"queueName":"all","service":"pipeline-worker"}}
{"timestamp":"2026-09-12T12:22:34.082Z","level":"error","event":"queue.dispatch_cycle_failed","fields":{"queueName":"all","service":"pipeline-worker"}}
{"timestamp":"2026-09-12T12:22:35.668Z","level":"error","event":"queue.dispatch_cycle_failed","fields":{"queueName":"all","service":"pipeline-worker"}}
{"timestamp":"2026-09-12T12:22:36.957Z","level":"error","event":"worker.consumer_failed","fields":{"queueName":"pipeline","service":"pipeline-worker"}}
{"timestamp":"2026-09-12T12:22:37.855Z","level":"error","event":"worker.consumer_failed","fields":{"queueName":"pipeline","service":"pipeline-worker"}}
{"timestamp":"2026-09-12T12:22:38.633Z","level":"error","event":"queue.lease_sweep_failed","fields":{"queueName":"all","service":"pipeline-worker"}}
{"timestamp":"2026-09-12T12:22:39.331Z","level":"error","event":"queue.dispatch_cycle_failed","fields":{"queueName":"all","service":"pipeline-worker"}}
{"timestamp":"2026-09-12T12:22:40.968Z","level":"error","event":"queue.dispatch_cycle_failed","fields":{"queueName":"all","service":"pipeline-worker"}}
{"timestamp":"2026-09-12T12:22:43.171Z","level":"error","event":"queue.dispatch_cycle_failed","fields":{"queueName":"all","service":"pipeline-worker"}}
{"timestamp":"2026-09-12T12:22:44.183Z","level":"error","event":"queue.dispatch_cycle_failed","fields":{"queueName":"all","service":"pipeline-worker"}}
{"timestamp":"2026-09-12T12:22:45.215Z","level":"error","event":"queue.dispatch_cycle_failed","fields":{"queueName":"all","service":"pipeline-worker"}}
{"timestamp":"2026-09-12T12:22:48.883Z","level":"error","event":"queue.dispatch_cycle_failed","fields":{"queueName":"all","service":"pipeline-worker"}}
{"timestamp":"2026-09-12T12:22:50.882Z","level":"error","event":"queue.dispatch_cycle_failed","fields":{"queueName":"all","service":"pipeline-worker"}}
{"timestamp":"2026-09-12T12:22:52.586Z","level":"error","event":"queue.dispatch_cycle_failed","fields":{"queueName":"all","service":"pipeline-worker"}}
{"timestamp":"2026-09-12T12:22:54.683Z","level":"error","event":"queue.dispatch_cycle_failed","fields":{"queueName":"all","service":"pipeline-worker"}}
{"timestamp":"2026-09-12T12:22:55.543Z","level":"error","event":"queue.lease_sweep_failed","fields":{"queueName":"all","service":"pipeline-worker"}}
{"timestamp":"2026-09-12T12:22:55.713Z","level":"error","event":"queue.dispatch_cycle_failed","fields":{"queueName":"all","service":"pipeline-worker"}}
{"timestamp":"2026-09-12T12:22:57.865Z","level":"error","event":"worker.consumer_failed","fields":{"queueName":"pipeline","service":"pipeline-worker"}}
{"timestamp":"2026-09-12T12:22:58.296Z","level":"error","event":"queue.dispatch_cycle_failed","fields":{"queueName":"all","service":"pipeline-worker"}}
{"timestamp":"2026-09-12T12:22:58.633Z","level":"error","event":"worker.consumer_failed","fields":{"queueName":"pipeline","service":"pipeline-worker"}}
{"timestamp":"2026-09-12T12:22:59.321Z","level":"error","event":"queue.dispatch_cycle_failed","fields":{"queueName":"all","service":"pipeline-worker"}}
{"timestamp":"2026-09-12T12:23:00.355Z","level":"error","event":"queue.dispatch_cycle_failed","fields":{"queueName":"all","service":"pipeline-worker"}}
{"timestamp":"2026-09-12T12:23:01.382Z","level":"error","event":"queue.dispatch_cycle_failed","fields":{"queueName":"all","service":"pipeline-worker"}}
{"timestamp":"2026-09-12T12:23:02.414Z","level":"error","event":"queue.dispatch_cycle_failed","fields":{"queueName":"all","service":"pipeline-worker"}}
{"timestamp":"2026-09-12T12:23:11.164Z","level":"error","event":"queue.dispatch_cycle_failed","fields":{"queueName":"all","service":"pipeline-worker"}}
{"timestamp":"2026-09-12T12:23:11.411Z","level":"error","event":"queue.lease_sweep_failed","fields":{"queueName":"all","service":"pipeline-worker"}}
{"timestamp":"2026-09-12T12:23:12.204Z","level":"error","event":"queue.dispatch_cycle_failed","fields":{"queueName":"all","service":"pipeline-worker"}}
{"timestamp":"2026-09-12T12:23:13.606Z","level":"error","event":"queue.dispatch_cycle_failed","fields":{"queueName":"all","service":"pipeline-worker"}}
{"timestamp":"2026-09-12T12:23:14.644Z","level":"error","event":"queue.dispatch_cycle_failed","fields":{"queueName":"all","service":"pipeline-worker"}}
{"timestamp":"2026-09-12T12:23:15.684Z","level":"error","event":"queue.dispatch_cycle_failed","fields":{"queueName":"all","service":"pipeline-worker"}}
{"timestamp":"2026-09-12T12:23:17.600Z","level":"error","event":"queue.dispatch_cycle_failed","fields":{"queueName":"all","service":"pipeline-worker"}}
{"timestamp":"2026-09-12T12:23:17.888Z","level":"error","event":"worker.consumer_failed","fields":{"queueName":"pipeline","service":"pipeline-worker"}}
{"timestamp":"2026-09-12T12:23:18.632Z","level":"error","event":"queue.dispatch_cycle_failed","fields":{"queueName":"all","service":"pipeline-worker"}}
{"timestamp":"2026-09-12T12:23:18.642Z","level":"error","event":"worker.consumer_failed","fields":{"queueName":"pipeline","service":"pipeline-worker"}}
{"timestamp":"2026-09-12T12:23:19.668Z","level":"error","event":"queue.dispatch_cycle_failed","fields":{"queueName":"all","service":"pipeline-worker"}}
{"timestamp":"2026-09-12T12:23:20.685Z","level":"error","event":"queue.dispatch_cycle_failed","fields":{"queueName":"all","service":"pipeline-worker"}}
{"timestamp":"2026-09-12T12:23:28.697Z","level":"error","event":"queue.dispatch_cycle_failed","fields":{"queueName":"all","service":"pipeline-worker"}}
{"timestamp":"2026-09-12T12:23:29.369Z","level":"error","event":"queue.lease_sweep_failed","fields":{"queueName":"all","service":"pipeline-worker"}}
{"timestamp":"2026-09-12T12:23:29.741Z","level":"error","event":"queue.dispatch_cycle_failed","fields":{"queueName":"all","service":"pipeline-worker"}}
{"timestamp":"2026-09-12T12:23:30.775Z","level":"error","event":"queue.dispatch_cycle_failed","fields":{"queueName":"all","service":"pipeline-worker"}}
{"timestamp":"2026-09-12T12:23:33.073Z","level":"error","event":"queue.dispatch_cycle_failed","fields":{"queueName":"all","service":"pipeline-worker"}}
{"timestamp":"2026-09-12T12:23:35.027Z","level":"error","event":"queue.dispatch_cycle_failed","fields":{"queueName":"all","service":"pipeline-worker"}}
{"timestamp":"2026-09-12T12:23:36.118Z","level":"error","event":"queue.dispatch_cycle_failed","fields":{"queueName":"all","service":"pipeline-worker"}}
{"timestamp":"2026-09-12T12:23:37.162Z","level":"error","event":"queue.dispatch_cycle_failed","fields":{"queueName":"all","service":"pipeline-worker"}}
{"timestamp":"2026-09-12T12:23:37.909Z","level":"error","event":"worker.consumer_failed","fields":{"queueName":"pipeline","service":"pipeline-worker"}}
{"timestamp":"2026-09-12T12:23:38.243Z","level":"error","event":"queue.dispatch_cycle_failed","fields":{"queueName":"all","service":"pipeline-worker"}}
{"timestamp":"2026-09-12T12:23:38.650Z","level":"error","event":"worker.consumer_failed","fields":{"queueName":"pipeline","service":"pipeline-worker"}}
{"timestamp":"2026-09-12T12:23:39.392Z","level":"error","event":"queue.dispatch_cycle_failed","fields":{"queueName":"all","service":"pipeline-worker"}}
{"timestamp":"2026-09-12T12:23:44.582Z","level":"error","event":"queue.lease_sweep_failed","fields":{"queueName":"all","service":"pipeline-worker"}}
{"timestamp":"2026-09-12T12:23:45.631Z","level":"error","event":"queue.dispatch_cycle_failed","fields":{"queueName":"all","service":"pipeline-worker"}}
{"timestamp":"2026-09-12T12:23:48.052Z","level":"error","event":"queue.dispatch_cycle_failed","fields":{"queueName":"all","service":"pipeline-worker"}}
{"timestamp":"2026-09-12T12:23:49.085Z","level":"error","event":"queue.dispatch_cycle_failed","fields":{"queueName":"all","service":"pipeline-worker"}}
{"timestamp":"2026-09-12T12:23:50.140Z","level":"error","event":"queue.dispatch_cycle_failed","fields":{"queueName":"all","service":"pipeline-worker"}}
{"timestamp":"2026-09-12T12:23:52.223Z","level":"error","event":"queue.dispatch_cycle_failed","fields":{"queueName":"all","service":"pipeline-worker"}}
{"timestamp":"2026-09-12T12:23:54.954Z","level":"error","event":"queue.dispatch_cycle_failed","fields":{"queueName":"all","service":"pipeline-worker"}}
{"timestamp":"2026-09-12T12:23:55.983Z","level":"error","event":"queue.dispatch_cycle_failed","fields":{"queueName":"all","service":"pipeline-worker"}}
{"timestamp":"2026-09-12T12:23:57.007Z","level":"error","event":"queue.dispatch_cycle_failed","fields":{"queueName":"all","service":"pipeline-worker"}}
{"timestamp":"2026-09-12T12:23:57.991Z","level":"error","event":"worker.consumer_failed","fields":{"queueName":"pipeline","service":"pipeline-worker"}}
{"timestamp":"2026-09-12T12:23:58.036Z","level":"error","event":"queue.dispatch_cycle_failed","fields":{"queueName":"all","service":"pipeline-worker"}}
{"timestamp":"2026-09-12T12:23:58.749Z","level":"error","event":"worker.consumer_failed","fields":{"queueName":"pipeline","service":"pipeline-worker"}}
{"timestamp":"2026-09-12T12:23:59.601Z","level":"error","event":"queue.lease_sweep_failed","fields":{"queueName":"all","service":"pipeline-worker"}}
{"timestamp":"2026-09-12T12:24:01.311Z","level":"error","event":"queue.dispatch_cycle_failed","fields":{"queueName":"all","service":"pipeline-worker"}}
{"timestamp":"2026-09-12T12:24:02.347Z","level":"error","event":"queue.dispatch_cycle_failed","fields":{"queueName":"all","service":"pipeline-worker"}}
{"timestamp":"2026-09-12T12:24:06.136Z","level":"error","event":"queue.dispatch_cycle_failed","fields":{"queueName":"all","service":"pipeline-worker"}}
{"timestamp":"2026-09-12T12:24:07.164Z","level":"error","event":"queue.dispatch_cycle_failed","fields":{"queueName":"all","service":"pipeline-worker"}}
{"timestamp":"2026-09-12T12:24:08.194Z","level":"error","event":"queue.dispatch_cycle_failed","fields":{"queueName":"all","service":"pipeline-worker"}}
{"timestamp":"2026-09-12T12:24:09.230Z","level":"error","event":"queue.dispatch_cycle_failed","fields":{"queueName":"all","service":"pipeline-worker"}}
{"timestamp":"2026-09-12T12:24:10.264Z","level":"error","event":"queue.dispatch_cycle_failed","fields":{"queueName":"all","service":"pipeline-worker"}}
{"timestamp":"2026-09-12T12:24:14.265Z","level":"error","event":"queue.dispatch_cycle_failed","fields":{"queueName":"all","service":"pipeline-worker"}}
{"timestamp":"2026-09-12T12:24:14.615Z","level":"error","event":"queue.lease_sweep_failed","fields":{"queueName":"all","service":"pipeline-worker"}}
{"timestamp":"2026-09-12T12:24:18.012Z","level":"error","event":"worker.consumer_failed","fields":{"queueName":"pipeline","service":"pipeline-worker"}}
{"timestamp":"2026-09-12T12:24:18.765Z","level":"error","event":"worker.consumer_failed","fields":{"queueName":"pipeline","service":"pipeline-worker"}}
{"timestamp":"2026-09-12T12:24:19.347Z","level":"error","event":"queue.dispatch_cycle_failed","fields":{"queueName":"all","service":"pipeline-worker"}}
{"timestamp":"2026-09-12T12:24:20.370Z","level":"error","event":"queue.dispatch_cycle_failed","fields":{"queueName":"all","service":"pipeline-worker"}}
{"timestamp":"2026-09-12T12:24:21.402Z","level":"error","event":"queue.dispatch_cycle_failed","fields":{"queueName":"all","service":"pipeline-worker"}}
{"timestamp":"2026-09-12T12:24:23.135Z","level":"error","event":"queue.dispatch_cycle_failed","fields":{"queueName":"all","service":"pipeline-worker"}}
{"timestamp":"2026-09-12T12:24:24.146Z","level":"error","event":"queue.dispatch_cycle_failed","fields":{"queueName":"all","service":"pipeline-worker"}}
{"timestamp":"2026-09-12T12:24:25.176Z","level":"error","event":"queue.dispatch_cycle_failed","fields":{"queueName":"all","service":"pipeline-worker"}}
{"timestamp":"2026-09-12T12:24:26.216Z","level":"error","event":"queue.dispatch_cycle_failed","fields":{"queueName":"all","service":"pipeline-worker"}}
{"timestamp":"2026-09-12T12:24:29.245Z","level":"error","event":"queue.dispatch_cycle_failed","fields":{"queueName":"all","service":"pipeline-worker"}}
{"timestamp":"2026-09-12T12:24:29.649Z","level":"error","event":"queue.lease_sweep_failed","fields":{"queueName":"all","service":"pipeline-worker"}}
{"timestamp":"2026-09-12T12:24:31.152Z","level":"error","event":"queue.dispatch_cycle_failed","fields":{"queueName":"all","service":"pipeline-worker"}}
{"timestamp":"2026-09-12T12:24:32.194Z","level":"error","event":"queue.dispatch_cycle_failed","fields":{"queueName":"all","service":"pipeline-worker"}}
{"timestamp":"2026-09-12T12:24:34.681Z","level":"error","event":"queue.dispatch_cycle_failed","fields":{"queueName":"all","service":"pipeline-worker"}}
{"timestamp":"2026-09-12T12:24:36.447Z","level":"error","event":"queue.dispatch_cycle_failed","fields":{"queueName":"all","service":"pipeline-worker"}}
{"timestamp":"2026-09-12T12:24:38.229Z","level":"error","event":"worker.consumer_failed","fields":{"queueName":"pipeline","service":"pipeline-worker"}}
{"timestamp":"2026-09-12T12:24:38.808Z","level":"error","event":"worker.consumer_failed","fields":{"queueName":"pipeline","service":"pipeline-worker"}}
{"timestamp":"2026-09-12T12:24:40.133Z","level":"error","event":"queue.dispatch_cycle_failed","fields":{"queueName":"all","service":"pipeline-worker"}}
{"timestamp":"2026-09-12T12:24:41.612Z","level":"error","event":"queue.dispatch_cycle_failed","fields":{"queueName":"all","service":"pipeline-worker"}}
{"timestamp":"2026-09-12T12:24:44.055Z","level":"error","event":"queue.dispatch_cycle_failed","fields":{"queueName":"all","service":"pipeline-worker"}}
{"timestamp":"2026-09-12T12:24:44.996Z","level":"error","event":"queue.lease_sweep_failed","fields":{"queueName":"all","service":"pipeline-worker"}}
{"timestamp":"2026-09-12T12:24:45.083Z","level":"error","event":"queue.dispatch_cycle_failed","fields":{"queueName":"all","service":"pipeline-worker"}}
{"timestamp":"2026-09-12T12:24:48.346Z","level":"error","event":"queue.dispatch_cycle_failed","fields":{"queueName":"all","service":"pipeline-worker"}}
{"timestamp":"2026-09-12T12:24:49.382Z","level":"error","event":"queue.dispatch_cycle_failed","fields":{"queueName":"all","service":"pipeline-worker"}}
{"timestamp":"2026-09-12T12:24:50.413Z","level":"error","event":"queue.dispatch_cycle_failed","fields":{"queueName":"all","service":"pipeline-worker"}}
{"timestamp":"2026-09-12T12:24:51.441Z","level":"error","event":"queue.dispatch_cycle_failed","fields":{"queueName":"all","service":"pipeline-worker"}}
{"timestamp":"2026-09-12T12:24:56.599Z","level":"error","event":"queue.dispatch_cycle_failed","fields":{"queueName":"all","service":"pipeline-worker"}}
{"timestamp":"2026-09-12T12:24:58.790Z","level":"error","event":"worker.consumer_failed","fields":{"queueName":"pipeline","service":"pipeline-worker"}}
{"timestamp":"2026-09-12T12:24:58.922Z","level":"error","event":"worker.consumer_failed","fields":{"queueName":"pipeline","service":"pipeline-worker"}}
{"timestamp":"2026-09-12T12:25:00.023Z","level":"error","event":"queue.lease_sweep_failed","fields":{"queueName":"all","service":"pipeline-worker"}}
{"timestamp":"2026-09-12T12:25:00.327Z","level":"error","event":"queue.dispatch_cycle_failed","fields":{"queueName":"all","service":"pipeline-worker"}}
{"timestamp":"2026-09-12T12:25:03.964Z","level":"error","event":"queue.dispatch_cycle_failed","fields":{"queueName":"all","service":"pipeline-worker"}}
{"timestamp":"2026-09-12T12:25:04.996Z","level":"error","event":"queue.dispatch_cycle_failed","fields":{"queueName":"all","service":"pipeline-worker"}}
{"timestamp":"2026-09-12T12:25:06.033Z","level":"error","event":"queue.dispatch_cycle_failed","fields":{"queueName":"all","service":"pipeline-worker"}}
{"timestamp":"2026-09-12T12:25:07.058Z","level":"error","event":"queue.dispatch_cycle_failed","fields":{"queueName":"all","service":"pipeline-worker"}}
{"timestamp":"2026-09-12T12:25:08.087Z","level":"error","event":"queue.dispatch_cycle_failed","fields":{"queueName":"all","service":"pipeline-worker"}}
{"timestamp":"2026-09-12T12:25:09.098Z","level":"error","event":"queue.dispatch_cycle_failed","fields":{"queueName":"all","service":"pipeline-worker"}}
{"timestamp":"2026-09-12T12:25:10.138Z","level":"error","event":"queue.dispatch_cycle_failed","fields":{"queueName":"all","service":"pipeline-worker"}}
{"timestamp":"2026-09-12T12:25:11.176Z","level":"error","event":"queue.dispatch_cycle_failed","fields":{"queueName":"all","service":"pipeline-worker"}}
{"timestamp":"2026-09-12T12:25:18.820Z","level":"error","event":"worker.consumer_failed","fields":{"queueName":"pipeline","service":"pipeline-worker"}}
{"timestamp":"2026-09-12T12:25:18.940Z","level":"error","event":"worker.consumer_failed","fields":{"queueName":"pipeline","service":"pipeline-worker"}}
{"timestamp":"2026-09-12T12:25:19.606Z","level":"error","event":"queue.lease_sweep_failed","fields":{"queueName":"all","service":"pipeline-worker"}}
{"timestamp":"2026-09-12T12:25:19.971Z","level":"error","event":"queue.dispatch_cycle_failed","fields":{"queueName":"all","service":"pipeline-worker"}}
{"timestamp":"2026-09-12T12:25:20.999Z","level":"error","event":"queue.dispatch_cycle_failed","fields":{"queueName":"all","service":"pipeline-worker"}}
{"timestamp":"2026-09-12T12:25:22.023Z","level":"error","event":"queue.dispatch_cycle_failed","fields":{"queueName":"all","service":"pipeline-worker"}}
{"timestamp":"2026-09-12T12:25:23.058Z","level":"error","event":"queue.dispatch_cycle_failed","fields":{"queueName":"all","service":"pipeline-worker"}}
{"timestamp":"2026-09-12T12:25:24.098Z","level":"error","event":"queue.dispatch_cycle_failed","fields":{"queueName":"all","service":"pipeline-worker"}}
{"timestamp":"2026-09-12T12:25:25.170Z","level":"error","event":"queue.dispatch_cycle_failed","fields":{"queueName":"all","service":"pipeline-worker"}}
{"timestamp":"2026-09-12T12:25:26.208Z","level":"error","event":"queue.dispatch_cycle_failed","fields":{"queueName":"all","service":"pipeline-worker"}}
{"timestamp":"2026-09-12T12:25:27.249Z","level":"error","event":"queue.dispatch_cycle_failed","fields":{"queueName":"all","service":"pipeline-worker"}}
{"timestamp":"2026-09-12T12:25:28.288Z","level":"error","event":"queue.dispatch_cycle_failed","fields":{"queueName":"all","service":"pipeline-worker"}}
{"timestamp":"2026-09-12T12:25:33.331Z","level":"error","event":"queue.dispatch_cycle_failed","fields":{"queueName":"all","service":"pipeline-worker"}}
{"timestamp":"2026-09-12T12:25:38.012Z","level":"error","event":"queue.dispatch_cycle_failed","fields":{"queueName":"all","service":"pipeline-worker"}}
{"timestamp":"2026-09-12T12:25:38.831Z","level":"error","event":"worker.consumer_failed","fields":{"queueName":"pipeline","service":"pipeline-worker"}}
{"timestamp":"2026-09-12T12:25:38.956Z","level":"error","event":"worker.consumer_failed","fields":{"queueName":"pipeline","service":"pipeline-worker"}}
{"timestamp":"2026-09-12T12:25:39.059Z","level":"error","event":"queue.lease_sweep_failed","fields":{"queueName":"all","service":"pipeline-worker"}}
{"timestamp":"2026-09-12T12:25:39.061Z","level":"error","event":"queue.dispatch_cycle_failed","fields":{"queueName":"all","service":"pipeline-worker"}}
{"timestamp":"2026-09-12T12:25:42.744Z","level":"error","event":"queue.dispatch_cycle_failed","fields":{"queueName":"all","service":"pipeline-worker"}}
{"timestamp":"2026-09-12T12:25:43.780Z","level":"error","event":"queue.dispatch_cycle_failed","fields":{"queueName":"all","service":"pipeline-worker"}}
{"timestamp":"2026-09-12T12:25:44.797Z","level":"error","event":"queue.dispatch_cycle_failed","fields":{"queueName":"all","service":"pipeline-worker"}}
{"timestamp":"2026-09-12T12:25:45.831Z","level":"error","event":"queue.dispatch_cycle_failed","fields":{"queueName":"all","service":"pipeline-worker"}}
{"timestamp":"2026-09-12T12:25:46.911Z","level":"error","event":"queue.dispatch_cycle_failed","fields":{"queueName":"all","service":"pipeline-worker"}}
{"timestamp":"2026-09-12T12:25:47.950Z","level":"error","event":"queue.dispatch_cycle_failed","fields":{"queueName":"all","service":"pipeline-worker"}}
{"timestamp":"2026-09-12T12:25:48.986Z","level":"error","event":"queue.dispatch_cycle_failed","fields":{"queueName":"all","service":"pipeline-worker"}}
{"timestamp":"2026-09-12T12:25:54.097Z","level":"error","event":"queue.lease_sweep_failed","fields":{"queueName":"all","service":"pipeline-worker"}}
{"timestamp":"2026-09-12T12:25:57.784Z","level":"error","event":"queue.dispatch_cycle_failed","fields":{"queueName":"all","service":"pipeline-worker"}}
{"timestamp":"2026-09-12T12:25:58.826Z","level":"error","event":"queue.dispatch_cycle_failed","fields":{"queueName":"all","service":"pipeline-worker"}}
{"timestamp":"2026-09-12T12:25:58.842Z","level":"error","event":"worker.consumer_failed","fields":{"queueName":"pipeline","service":"pipeline-worker"}}
{"timestamp":"2026-09-12T12:25:58.976Z","level":"error","event":"worker.consumer_failed","fields":{"queueName":"pipeline","service":"pipeline-worker"}}
{"timestamp":"2026-09-12T12:25:59.848Z","level":"error","event":"queue.dispatch_cycle_failed","fields":{"queueName":"all","service":"pipeline-worker"}}
{"timestamp":"2026-09-12T12:26:00.876Z","level":"error","event":"queue.dispatch_cycle_failed","fields":{"queueName":"all","service":"pipeline-worker"}}
{"timestamp":"2026-09-12T12:26:01.900Z","level":"error","event":"queue.dispatch_cycle_failed","fields":{"queueName":"all","service":"pipeline-worker"}}
{"timestamp":"2026-09-12T12:26:02.917Z","level":"error","event":"queue.dispatch_cycle_failed","fields":{"queueName":"all","service":"pipeline-worker"}}
{"timestamp":"2026-09-12T12:26:03.954Z","level":"error","event":"queue.dispatch_cycle_failed","fields":{"queueName":"all","service":"pipeline-worker"}}
{"timestamp":"2026-09-12T12:26:04.990Z","level":"error","event":"queue.dispatch_cycle_failed","fields":{"queueName":"all","service":"pipeline-worker"}}
{"timestamp":"2026-09-12T12:26:06.032Z","level":"error","event":"queue.dispatch_cycle_failed","fields":{"queueName":"all","service":"pipeline-worker"}}
{"timestamp":"2026-09-12T12:26:07.077Z","level":"error","event":"queue.dispatch_cycle_failed","fields":{"queueName":"all","service":"pipeline-worker"}}
{"timestamp":"2026-09-12T12:26:09.113Z","level":"error","event":"queue.lease_sweep_failed","fields":{"queueName":"all","service":"pipeline-worker"}}
{"timestamp":"2026-09-12T12:26:16.753Z","level":"error","event":"queue.dispatch_cycle_failed","fields":{"queueName":"all","service":"pipeline-worker"}}
{"timestamp":"2026-09-12T12:26:17.768Z","level":"error","event":"queue.dispatch_cycle_failed","fields":{"queueName":"all","service":"pipeline-worker"}}
{"timestamp":"2026-09-12T12:26:18.812Z","level":"error","event":"queue.dispatch_cycle_failed","fields":{"queueName":"all","service":"pipeline-worker"}}
{"timestamp":"2026-09-12T12:26:18.861Z","level":"error","event":"worker.consumer_failed","fields":{"queueName":"pipeline","service":"pipeline-worker"}}
{"timestamp":"2026-09-12T12:26:18.990Z","level":"error","event":"worker.consumer_failed","fields":{"queueName":"pipeline","service":"pipeline-worker"}}
{"timestamp":"2026-09-12T12:26:19.849Z","level":"error","event":"queue.dispatch_cycle_failed","fields":{"queueName":"all","service":"pipeline-worker"}}
{"timestamp":"2026-09-12T12:26:20.898Z","level":"error","event":"queue.dispatch_cycle_failed","fields":{"queueName":"all","service":"pipeline-worker"}}
{"timestamp":"2026-09-12T12:26:22.815Z","level":"error","event":"queue.dispatch_cycle_failed","fields":{"queueName":"all","service":"pipeline-worker"}}
{"timestamp":"2026-09-12T12:26:23.835Z","level":"error","event":"queue.dispatch_cycle_failed","fields":{"queueName":"all","service":"pipeline-worker"}}
{"timestamp":"2026-09-12T12:26:24.155Z","level":"error","event":"queue.lease_sweep_failed","fields":{"queueName":"all","service":"pipeline-worker"}}
{"timestamp":"2026-09-12T12:26:24.885Z","level":"error","event":"queue.dispatch_cycle_failed","fields":{"queueName":"all","service":"pipeline-worker"}}
{"timestamp":"2026-09-12T12:26:25.911Z","level":"error","event":"queue.dispatch_cycle_failed","fields":{"queueName":"all","service":"pipeline-worker"}}
{"timestamp":"2026-09-12T12:26:31.188Z","level":"error","event":"queue.dispatch_cycle_failed","fields":{"queueName":"all","service":"pipeline-worker"}}
{"timestamp":"2026-09-12T12:26:37.334Z","level":"error","event":"queue.dispatch_cycle_failed","fields":{"queueName":"all","service":"pipeline-worker"}}
{"timestamp":"2026-09-12T12:26:38.367Z","level":"error","event":"queue.dispatch_cycle_failed","fields":{"queueName":"all","service":"pipeline-worker"}}
{"timestamp":"2026-09-12T12:26:38.891Z","level":"error","event":"worker.consumer_failed","fields":{"queueName":"pipeline","service":"pipeline-worker"}}
{"timestamp":"2026-09-12T12:26:39.000Z","level":"error","event":"worker.consumer_failed","fields":{"queueName":"pipeline","service":"pipeline-worker"}}
{"timestamp":"2026-09-12T12:26:39.202Z","level":"error","event":"queue.lease_sweep_failed","fields":{"queueName":"all","service":"pipeline-worker"}}
{"timestamp":"2026-09-12T12:26:39.397Z","level":"error","event":"queue.dispatch_cycle_failed","fields":{"queueName":"all","service":"pipeline-worker"}}
{"timestamp":"2026-09-12T12:26:40.422Z","level":"error","event":"queue.dispatch_cycle_failed","fields":{"queueName":"all","service":"pipeline-worker"}}
{"timestamp":"2026-09-12T12:26:42.755Z","level":"error","event":"queue.dispatch_cycle_failed","fields":{"queueName":"all","service":"pipeline-worker"}}
{"timestamp":"2026-09-12T12:26:43.803Z","level":"error","event":"queue.dispatch_cycle_failed","fields":{"queueName":"all","service":"pipeline-worker"}}
{"timestamp":"2026-09-12T12:26:44.833Z","level":"error","event":"queue.dispatch_cycle_failed","fields":{"queueName":"all","service":"pipeline-worker"}}
{"timestamp":"2026-09-12T12:26:45.868Z","level":"error","event":"queue.dispatch_cycle_failed","fields":{"queueName":"all","service":"pipeline-worker"}}
{"timestamp":"2026-09-12T12:26:48.307Z","level":"error","event":"queue.dispatch_cycle_failed","fields":{"queueName":"all","service":"pipeline-worker"}}
{"timestamp":"2026-09-12T12:26:53.531Z","level":"error","event":"queue.dispatch_cycle_failed","fields":{"queueName":"all","service":"pipeline-worker"}}
{"timestamp":"2026-09-12T12:26:54.235Z","level":"error","event":"queue.lease_sweep_failed","fields":{"queueName":"all","service":"pipeline-worker"}}
{"timestamp":"2026-09-12T12:26:54.597Z","level":"error","event":"queue.dispatch_cycle_failed","fields":{"queueName":"all","service":"pipeline-worker"}}
{"timestamp":"2026-09-12T12:26:57.826Z","level":"error","event":"queue.dispatch_cycle_failed","fields":{"queueName":"all","service":"pipeline-worker"}}
{"timestamp":"2026-09-12T12:26:58.852Z","level":"error","event":"queue.dispatch_cycle_failed","fields":{"queueName":"all","service":"pipeline-worker"}}
{"timestamp":"2026-09-12T12:26:58.898Z","level":"error","event":"worker.consumer_failed","fields":{"queueName":"pipeline","service":"pipeline-worker"}}
{"timestamp":"2026-09-12T12:26:59.009Z","level":"error","event":"worker.consumer_failed","fields":{"queueName":"pipeline","service":"pipeline-worker"}}
{"timestamp":"2026-09-12T12:26:59.877Z","level":"error","event":"queue.dispatch_cycle_failed","fields":{"queueName":"all","service":"pipeline-worker"}}
{"timestamp":"2026-09-12T12:27:02.133Z","level":"error","event":"queue.dispatch_cycle_failed","fields":{"queueName":"all","service":"pipeline-worker"}}
{"timestamp":"2026-09-12T12:27:03.150Z","level":"error","event":"queue.dispatch_cycle_failed","fields":{"queueName":"all","service":"pipeline-worker"}}
{"timestamp":"2026-09-12T12:27:04.181Z","level":"error","event":"queue.dispatch_cycle_failed","fields":{"queueName":"all","service":"pipeline-worker"}}
{"timestamp":"2026-09-12T12:27:07.537Z","level":"error","event":"queue.dispatch_cycle_failed","fields":{"queueName":"all","service":"pipeline-worker"}}
{"timestamp":"2026-09-12T12:27:08.564Z","level":"error","event":"queue.dispatch_cycle_failed","fields":{"queueName":"all","service":"pipeline-worker"}}
{"timestamp":"2026-09-12T12:27:09.606Z","level":"error","event":"queue.dispatch_cycle_failed","fields":{"queueName":"all","service":"pipeline-worker"}}
{"timestamp":"2026-09-12T12:27:10.971Z","level":"error","event":"queue.dispatch_cycle_failed","fields":{"queueName":"all","service":"pipeline-worker"}}
{"timestamp":"2026-09-12T12:27:13.469Z","level":"error","event":"queue.lease_sweep_failed","fields":{"queueName":"all","service":"pipeline-worker"}}
{"timestamp":"2026-09-12T12:27:16.284Z","level":"error","event":"queue.dispatch_cycle_failed","fields":{"queueName":"all","service":"pipeline-worker"}}
{"timestamp":"2026-09-12T12:27:17.330Z","level":"error","event":"queue.dispatch_cycle_failed","fields":{"queueName":"all","service":"pipeline-worker"}}
{"timestamp":"2026-09-12T12:27:18.360Z","level":"error","event":"queue.dispatch_cycle_failed","fields":{"queueName":"all","service":"pipeline-worker"}}
{"timestamp":"2026-09-12T12:27:18.917Z","level":"error","event":"worker.consumer_failed","fields":{"queueName":"pipeline","service":"pipeline-worker"}}
{"timestamp":"2026-09-12T12:27:19.024Z","level":"error","event":"worker.consumer_failed","fields":{"queueName":"pipeline","service":"pipeline-worker"}}
{"timestamp":"2026-09-12T12:27:19.383Z","level":"error","event":"queue.dispatch_cycle_failed","fields":{"queueName":"all","service":"pipeline-worker"}}
{"timestamp":"2026-09-12T12:27:20.409Z","level":"error","event":"queue.dispatch_cycle_failed","fields":{"queueName":"all","service":"pipeline-worker"}}
{"timestamp":"2026-09-12T12:27:23.809Z","level":"error","event":"queue.dispatch_cycle_failed","fields":{"queueName":"all","service":"pipeline-worker"}}
{"timestamp":"2026-09-12T12:27:25.845Z","level":"error","event":"queue.dispatch_cycle_failed","fields":{"queueName":"all","service":"pipeline-worker"}}
{"timestamp":"2026-09-12T12:27:29.416Z","level":"error","event":"queue.dispatch_cycle_failed","fields":{"queueName":"all","service":"pipeline-worker"}}
{"timestamp":"2026-09-12T12:27:30.252Z","level":"error","event":"queue.lease_sweep_failed","fields":{"queueName":"all","service":"pipeline-worker"}}
{"timestamp":"2026-09-12T12:27:30.446Z","level":"error","event":"queue.dispatch_cycle_failed","fields":{"queueName":"all","service":"pipeline-worker"}}
{"timestamp":"2026-09-12T12:27:33.270Z","level":"error","event":"queue.dispatch_cycle_failed","fields":{"queueName":"all","service":"pipeline-worker"}}
{"timestamp":"2026-09-12T12:27:34.297Z","level":"error","event":"queue.dispatch_cycle_failed","fields":{"queueName":"all","service":"pipeline-worker"}}
{"timestamp":"2026-09-12T12:27:35.313Z","level":"error","event":"queue.dispatch_cycle_failed","fields":{"queueName":"all","service":"pipeline-worker"}}
{"timestamp":"2026-09-12T12:27:36.328Z","level":"error","event":"queue.dispatch_cycle_failed","fields":{"queueName":"all","service":"pipeline-worker"}}
{"timestamp":"2026-09-12T12:27:37.814Z","level":"error","event":"queue.dispatch_cycle_failed","fields":{"queueName":"all","service":"pipeline-worker"}}
{"timestamp":"2026-09-12T12:27:38.831Z","level":"error","event":"queue.dispatch_cycle_failed","fields":{"queueName":"all","service":"pipeline-worker"}}
{"timestamp":"2026-09-12T12:27:38.944Z","level":"error","event":"worker.consumer_failed","fields":{"queueName":"pipeline","service":"pipeline-worker"}}
{"timestamp":"2026-09-12T12:27:39.044Z","level":"error","event":"worker.consumer_failed","fields":{"queueName":"pipeline","service":"pipeline-worker"}}
{"timestamp":"2026-09-12T12:27:39.876Z","level":"error","event":"queue.dispatch_cycle_failed","fields":{"queueName":"all","service":"pipeline-worker"}}
{"timestamp":"2026-09-12T12:27:45.513Z","level":"error","event":"queue.lease_sweep_failed","fields":{"queueName":"all","service":"pipeline-worker"}}
{"timestamp":"2026-09-12T12:27:48.570Z","level":"error","event":"queue.dispatch_cycle_failed","fields":{"queueName":"all","service":"pipeline-worker"}}
{"timestamp":"2026-09-12T12:27:49.607Z","level":"error","event":"queue.dispatch_cycle_failed","fields":{"queueName":"all","service":"pipeline-worker"}}
{"timestamp":"2026-09-12T12:27:51.601Z","level":"error","event":"queue.dispatch_cycle_failed","fields":{"queueName":"all","service":"pipeline-worker"}}
{"timestamp":"2026-09-12T12:27:52.662Z","level":"error","event":"queue.dispatch_cycle_failed","fields":{"queueName":"all","service":"pipeline-worker"}}
{"timestamp":"2026-09-12T12:27:53.699Z","level":"error","event":"queue.dispatch_cycle_failed","fields":{"queueName":"all","service":"pipeline-worker"}}
{"timestamp":"2026-09-12T12:27:55.878Z","level":"error","event":"queue.dispatch_cycle_failed","fields":{"queueName":"all","service":"pipeline-worker"}}
{"timestamp":"2026-09-12T12:27:56.911Z","level":"error","event":"queue.dispatch_cycle_failed","fields":{"queueName":"all","service":"pipeline-worker"}}
{"timestamp":"2026-09-12T12:27:57.932Z","level":"error","event":"queue.dispatch_cycle_failed","fields":{"queueName":"all","service":"pipeline-worker"}}
{"timestamp":"2026-09-12T12:27:58.960Z","level":"error","event":"worker.consumer_failed","fields":{"queueName":"pipeline","service":"pipeline-worker"}}
{"timestamp":"2026-09-12T12:27:58.962Z","level":"error","event":"queue.dispatch_cycle_failed","fields":{"queueName":"all","service":"pipeline-worker"}}
{"timestamp":"2026-09-12T12:27:59.057Z","level":"error","event":"worker.consumer_failed","fields":{"queueName":"pipeline","service":"pipeline-worker"}}
{"timestamp":"2026-09-12T12:28:02.426Z","level":"error","event":"queue.dispatch_cycle_failed","fields":{"queueName":"all","service":"pipeline-worker"}}
{"timestamp":"2026-09-12T12:28:03.815Z","level":"error","event":"queue.lease_sweep_failed","fields":{"queueName":"all","service":"pipeline-worker"}}
{"timestamp":"2026-09-12T12:28:07.502Z","level":"error","event":"queue.dispatch_cycle_failed","fields":{"queueName":"all","service":"pipeline-worker"}}
{"timestamp":"2026-09-12T12:28:08.537Z","level":"error","event":"queue.dispatch_cycle_failed","fields":{"queueName":"all","service":"pipeline-worker"}}
{"timestamp":"2026-09-12T12:28:09.579Z","level":"error","event":"queue.dispatch_cycle_failed","fields":{"queueName":"all","service":"pipeline-worker"}}
{"timestamp":"2026-09-12T12:28:12.931Z","level":"error","event":"queue.dispatch_cycle_failed","fields":{"queueName":"all","service":"pipeline-worker"}}
{"timestamp":"2026-09-12T12:28:15.570Z","level":"error","event":"queue.dispatch_cycle_failed","fields":{"queueName":"all","service":"pipeline-worker"}}
{"timestamp":"2026-09-12T12:28:16.592Z","level":"error","event":"queue.dispatch_cycle_failed","fields":{"queueName":"all","service":"pipeline-worker"}}
{"timestamp":"2026-09-12T12:28:17.898Z","level":"error","event":"queue.dispatch_cycle_failed","fields":{"queueName":"all","service":"pipeline-worker"}}
{"timestamp":"2026-09-12T12:28:19.261Z","level":"error","event":"worker.consumer_failed","fields":{"queueName":"pipeline","service":"pipeline-worker"}}
{"timestamp":"2026-09-12T12:28:25.371Z","level":"error","event":"worker.consumer_failed","fields":{"queueName":"pipeline","service":"pipeline-worker"}}
{"timestamp":"2026-09-12T12:28:25.378Z","level":"error","event":"queue.lease_sweep_failed","fields":{"queueName":"all","service":"pipeline-worker"}}
{"timestamp":"2026-09-12T12:28:25.405Z","level":"error","event":"queue.dispatch_cycle_failed","fields":{"queueName":"all","service":"pipeline-worker"}}
{"timestamp":"2026-09-12T12:28:26.443Z","level":"error","event":"queue.dispatch_cycle_failed","fields":{"queueName":"all","service":"pipeline-worker"}}
{"timestamp":"2026-09-12T12:28:27.477Z","level":"error","event":"queue.dispatch_cycle_failed","fields":{"queueName":"all","service":"pipeline-worker"}}
{"timestamp":"2026-09-12T12:28:28.498Z","level":"error","event":"queue.dispatch_cycle_failed","fields":{"queueName":"all","service":"pipeline-worker"}}
{"timestamp":"2026-09-12T12:28:29.525Z","level":"error","event":"queue.dispatch_cycle_failed","fields":{"queueName":"all","service":"pipeline-worker"}}
{"timestamp":"2026-09-12T12:28:31.978Z","level":"error","event":"queue.dispatch_cycle_failed","fields":{"queueName":"all","service":"pipeline-worker"}}
{"timestamp":"2026-09-12T12:28:34.098Z","level":"error","event":"queue.dispatch_cycle_failed","fields":{"queueName":"all","service":"pipeline-worker"}}
{"timestamp":"2026-09-12T12:28:35.111Z","level":"error","event":"queue.dispatch_cycle_failed","fields":{"queueName":"all","service":"pipeline-worker"}}
{"timestamp":"2026-09-12T12:28:36.142Z","level":"error","event":"queue.dispatch_cycle_failed","fields":{"queueName":"all","service":"pipeline-worker"}}
{"timestamp":"2026-09-12T12:28:39.824Z","level":"error","event":"worker.consumer_failed","fields":{"queueName":"pipeline","service":"pipeline-worker"}}
{"timestamp":"2026-09-12T12:28:43.277Z","level":"error","event":"queue.dispatch_cycle_failed","fields":{"queueName":"all","service":"pipeline-worker"}}
{"timestamp":"2026-09-12T12:28:43.573Z","level":"error","event":"queue.lease_sweep_failed","fields":{"queueName":"all","service":"pipeline-worker"}}
{"timestamp":"2026-09-12T12:28:44.301Z","level":"error","event":"queue.dispatch_cycle_failed","fields":{"queueName":"all","service":"pipeline-worker"}}
{"timestamp":"2026-09-12T12:28:45.332Z","level":"error","event":"queue.dispatch_cycle_failed","fields":{"queueName":"all","service":"pipeline-worker"}}
{"timestamp":"2026-09-12T12:28:45.399Z","level":"error","event":"worker.consumer_failed","fields":{"queueName":"pipeline","service":"pipeline-worker"}}
{"timestamp":"2026-09-12T12:28:46.368Z","level":"error","event":"queue.dispatch_cycle_failed","fields":{"queueName":"all","service":"pipeline-worker"}}
{"timestamp":"2026-09-12T12:28:47.376Z","level":"error","event":"queue.dispatch_cycle_failed","fields":{"queueName":"all","service":"pipeline-worker"}}
{"timestamp":"2026-09-12T12:28:48.418Z","level":"error","event":"queue.dispatch_cycle_failed","fields":{"queueName":"all","service":"pipeline-worker"}}
{"timestamp":"2026-09-12T12:28:49.438Z","level":"error","event":"queue.dispatch_cycle_failed","fields":{"queueName":"all","service":"pipeline-worker"}}
{"timestamp":"2026-09-12T12:28:52.176Z","level":"error","event":"queue.dispatch_cycle_failed","fields":{"queueName":"all","service":"pipeline-worker"}}
{"timestamp":"2026-09-12T12:28:53.212Z","level":"error","event":"queue.dispatch_cycle_failed","fields":{"queueName":"all","service":"pipeline-worker"}}
{"timestamp":"2026-09-12T12:28:55.684Z","level":"error","event":"queue.dispatch_cycle_failed","fields":{"queueName":"all","service":"pipeline-worker"}}
{"timestamp":"2026-09-12T12:28:56.718Z","level":"error","event":"queue.dispatch_cycle_failed","fields":{"queueName":"all","service":"pipeline-worker"}}
{"timestamp":"2026-09-12T12:28:59.845Z","level":"error","event":"worker.consumer_failed","fields":{"queueName":"pipeline","service":"pipeline-worker"}}
{"timestamp":"2026-09-12T12:29:00.332Z","level":"error","event":"queue.lease_sweep_failed","fields":{"queueName":"all","service":"pipeline-worker"}}
{"timestamp":"2026-09-12T12:29:02.816Z","level":"error","event":"queue.dispatch_cycle_failed","fields":{"queueName":"all","service":"pipeline-worker"}}
{"timestamp":"2026-09-12T12:29:05.413Z","level":"error","event":"worker.consumer_failed","fields":{"queueName":"pipeline","service":"pipeline-worker"}}
{"timestamp":"2026-09-12T12:29:05.714Z","level":"error","event":"queue.dispatch_cycle_failed","fields":{"queueName":"all","service":"pipeline-worker"}}
{"timestamp":"2026-09-12T12:29:06.732Z","level":"error","event":"queue.dispatch_cycle_failed","fields":{"queueName":"all","service":"pipeline-worker"}}
{"timestamp":"2026-09-12T12:29:07.754Z","level":"error","event":"queue.dispatch_cycle_failed","fields":{"queueName":"all","service":"pipeline-worker"}}
{"timestamp":"2026-09-12T12:29:08.784Z","level":"error","event":"queue.dispatch_cycle_failed","fields":{"queueName":"all","service":"pipeline-worker"}}
{"timestamp":"2026-09-12T12:29:10.845Z","level":"error","event":"queue.dispatch_cycle_failed","fields":{"queueName":"all","service":"pipeline-worker"}}
{"timestamp":"2026-09-12T12:29:11.880Z","level":"error","event":"queue.dispatch_cycle_failed","fields":{"queueName":"all","service":"pipeline-worker"}}
{"timestamp":"2026-09-12T12:29:12.912Z","level":"error","event":"queue.dispatch_cycle_failed","fields":{"queueName":"all","service":"pipeline-worker"}}
{"timestamp":"2026-09-12T12:29:14.340Z","level":"error","event":"queue.dispatch_cycle_failed","fields":{"queueName":"all","service":"pipeline-worker"}}
{"timestamp":"2026-09-12T12:29:15.361Z","level":"error","event":"queue.lease_sweep_failed","fields":{"queueName":"all","service":"pipeline-worker"}}
{"timestamp":"2026-09-12T12:29:17.428Z","level":"error","event":"queue.dispatch_cycle_failed","fields":{"queueName":"all","service":"pipeline-worker"}}
{"timestamp":"2026-09-12T12:29:18.452Z","level":"error","event":"queue.dispatch_cycle_failed","fields":{"queueName":"all","service":"pipeline-worker"}}
{"timestamp":"2026-09-12T12:29:19.871Z","level":"error","event":"worker.consumer_failed","fields":{"queueName":"pipeline","service":"pipeline-worker"}}
{"timestamp":"2026-09-12T12:29:24.412Z","level":"error","event":"queue.dispatch_cycle_failed","fields":{"queueName":"all","service":"pipeline-worker"}}
{"timestamp":"2026-09-12T12:29:25.442Z","level":"error","event":"queue.dispatch_cycle_failed","fields":{"queueName":"all","service":"pipeline-worker"}}
{"timestamp":"2026-09-12T12:29:25.445Z","level":"error","event":"worker.consumer_failed","fields":{"queueName":"pipeline","service":"pipeline-worker"}}
{"timestamp":"2026-09-12T12:29:26.467Z","level":"error","event":"queue.dispatch_cycle_failed","fields":{"queueName":"all","service":"pipeline-worker"}}
{"timestamp":"2026-09-12T12:29:28.651Z","level":"error","event":"queue.dispatch_cycle_failed","fields":{"queueName":"all","service":"pipeline-worker"}}
{"timestamp":"2026-09-12T12:29:29.691Z","level":"error","event":"queue.dispatch_cycle_failed","fields":{"queueName":"all","service":"pipeline-worker"}}
{"timestamp":"2026-09-12T12:29:30.396Z","level":"error","event":"queue.lease_sweep_failed","fields":{"queueName":"all","service":"pipeline-worker"}}
{"timestamp":"2026-09-12T12:29:33.125Z","level":"error","event":"queue.dispatch_cycle_failed","fields":{"queueName":"all","service":"pipeline-worker"}}
{"timestamp":"2026-09-12T12:29:34.161Z","level":"error","event":"queue.dispatch_cycle_failed","fields":{"queueName":"all","service":"pipeline-worker"}}
{"timestamp":"2026-09-12T12:29:36.608Z","level":"error","event":"queue.dispatch_cycle_failed","fields":{"queueName":"all","service":"pipeline-worker"}}
{"timestamp":"2026-09-12T12:29:38.024Z","level":"error","event":"queue.dispatch_cycle_failed","fields":{"queueName":"all","service":"pipeline-worker"}}
{"timestamp":"2026-09-12T12:29:39.880Z","level":"error","event":"worker.consumer_failed","fields":{"queueName":"pipeline","service":"pipeline-worker"}}
{"timestamp":"2026-09-12T12:29:40.044Z","level":"error","event":"queue.dispatch_cycle_failed","fields":{"queueName":"all","service":"pipeline-worker"}}
{"timestamp":"2026-09-12T12:29:41.648Z","level":"error","event":"queue.dispatch_cycle_failed","fields":{"queueName":"all","service":"pipeline-worker"}}
{"timestamp":"2026-09-12T12:29:44.005Z","level":"error","event":"queue.dispatch_cycle_failed","fields":{"queueName":"all","service":"pipeline-worker"}}
{"timestamp":"2026-09-12T12:29:45.040Z","level":"error","event":"queue.dispatch_cycle_failed","fields":{"queueName":"all","service":"pipeline-worker"}}
{"timestamp":"2026-09-12T12:29:45.456Z","level":"error","event":"worker.consumer_failed","fields":{"queueName":"pipeline","service":"pipeline-worker"}}
{"timestamp":"2026-09-12T12:29:47.257Z","level":"error","event":"queue.dispatch_cycle_failed","fields":{"queueName":"all","service":"pipeline-worker"}}
{"timestamp":"2026-09-12T12:29:48.278Z","level":"error","event":"queue.dispatch_cycle_failed","fields":{"queueName":"all","service":"pipeline-worker"}}
{"timestamp":"2026-09-12T12:29:48.309Z","level":"error","event":"queue.lease_sweep_failed","fields":{"queueName":"all","service":"pipeline-worker"}}
{"timestamp":"2026-09-12T12:29:49.307Z","level":"error","event":"queue.dispatch_cycle_failed","fields":{"queueName":"all","service":"pipeline-worker"}}
{"timestamp":"2026-09-12T12:29:50.340Z","level":"error","event":"queue.dispatch_cycle_failed","fields":{"queueName":"all","service":"pipeline-worker"}}
{"timestamp":"2026-09-12T12:29:56.959Z","level":"error","event":"queue.dispatch_cycle_failed","fields":{"queueName":"all","service":"pipeline-worker"}}
{"timestamp":"2026-09-12T12:29:57.990Z","level":"error","event":"queue.dispatch_cycle_failed","fields":{"queueName":"all","service":"pipeline-worker"}}
{"timestamp":"2026-09-12T12:29:59.025Z","level":"error","event":"queue.dispatch_cycle_failed","fields":{"queueName":"all","service":"pipeline-worker"}}
{"timestamp":"2026-09-12T12:29:59.895Z","level":"error","event":"worker.consumer_failed","fields":{"queueName":"pipeline","service":"pipeline-worker"}}
{"timestamp":"2026-09-12T12:30:02.457Z","level":"error","event":"queue.dispatch_cycle_failed","fields":{"queueName":"all","service":"pipeline-worker"}}
{"timestamp":"2026-09-12T12:30:03.338Z","level":"error","event":"queue.lease_sweep_failed","fields":{"queueName":"all","service":"pipeline-worker"}}
{"timestamp":"2026-09-12T12:30:05.475Z","level":"error","event":"worker.consumer_failed","fields":{"queueName":"pipeline","service":"pipeline-worker"}}
{"timestamp":"2026-09-12T12:30:06.275Z","level":"error","event":"queue.dispatch_cycle_failed","fields":{"queueName":"all","service":"pipeline-worker"}}
{"timestamp":"2026-09-12T12:30:07.297Z","level":"error","event":"queue.dispatch_cycle_failed","fields":{"queueName":"all","service":"pipeline-worker"}}
{"timestamp":"2026-09-12T12:30:08.323Z","level":"error","event":"queue.dispatch_cycle_failed","fields":{"queueName":"all","service":"pipeline-worker"}}
{"timestamp":"2026-09-12T12:30:09.354Z","level":"error","event":"queue.dispatch_cycle_failed","fields":{"queueName":"all","service":"pipeline-worker"}}
{"timestamp":"2026-09-12T12:30:10.392Z","level":"error","event":"queue.dispatch_cycle_failed","fields":{"queueName":"all","service":"pipeline-worker"}}
{"timestamp":"2026-09-12T12:30:11.413Z","level":"error","event":"queue.dispatch_cycle_failed","fields":{"queueName":"all","service":"pipeline-worker"}}
{"timestamp":"2026-09-12T12:30:12.425Z","level":"error","event":"queue.dispatch_cycle_failed","fields":{"queueName":"all","service":"pipeline-worker"}}
{"timestamp":"2026-09-12T12:30:18.140Z","level":"error","event":"queue.dispatch_cycle_failed","fields":{"queueName":"all","service":"pipeline-worker"}}
{"timestamp":"2026-09-12T12:30:19.160Z","level":"error","event":"queue.dispatch_cycle_failed","fields":{"queueName":"all","service":"pipeline-worker"}}
{"timestamp":"2026-09-12T12:30:19.335Z","level":"error","event":"queue.lease_sweep_failed","fields":{"queueName":"all","service":"pipeline-worker"}}
{"timestamp":"2026-09-12T12:30:19.911Z","level":"error","event":"worker.consumer_failed","fields":{"queueName":"pipeline","service":"pipeline-worker"}}
{"timestamp":"2026-09-12T12:30:21.494Z","level":"error","event":"queue.dispatch_cycle_failed","fields":{"queueName":"all","service":"pipeline-worker"}}
{"timestamp":"2026-09-12T12:30:25.490Z","level":"error","event":"worker.consumer_failed","fields":{"queueName":"pipeline","service":"pipeline-worker"}}
{"timestamp":"2026-09-12T12:30:25.707Z","level":"error","event":"queue.dispatch_cycle_failed","fields":{"queueName":"all","service":"pipeline-worker"}}
{"timestamp":"2026-09-12T12:30:27.976Z","level":"error","event":"queue.dispatch_cycle_failed","fields":{"queueName":"all","service":"pipeline-worker"}}
{"timestamp":"2026-09-12T12:30:28.994Z","level":"error","event":"queue.dispatch_cycle_failed","fields":{"queueName":"all","service":"pipeline-worker"}}
{"timestamp":"2026-09-12T12:30:30.011Z","level":"error","event":"queue.dispatch_cycle_failed","fields":{"queueName":"all","service":"pipeline-worker"}}
{"timestamp":"2026-09-12T12:30:31.043Z","level":"error","event":"queue.dispatch_cycle_failed","fields":{"queueName":"all","service":"pipeline-worker"}}
{"timestamp":"2026-09-12T12:30:32.083Z","level":"error","event":"queue.dispatch_cycle_failed","fields":{"queueName":"all","service":"pipeline-worker"}}
{"timestamp":"2026-09-12T12:30:35.717Z","level":"error","event":"queue.lease_sweep_failed","fields":{"queueName":"all","service":"pipeline-worker"}}
{"timestamp":"2026-09-12T12:30:36.812Z","level":"error","event":"queue.dispatch_cycle_failed","fields":{"queueName":"all","service":"pipeline-worker"}}
{"timestamp":"2026-09-12T12:30:37.849Z","level":"error","event":"queue.dispatch_cycle_failed","fields":{"queueName":"all","service":"pipeline-worker"}}
{"timestamp":"2026-09-12T12:30:38.873Z","level":"error","event":"queue.dispatch_cycle_failed","fields":{"queueName":"all","service":"pipeline-worker"}}
{"timestamp":"2026-09-12T12:30:39.901Z","level":"error","event":"queue.dispatch_cycle_failed","fields":{"queueName":"all","service":"pipeline-worker"}}
{"timestamp":"2026-09-12T12:30:39.944Z","level":"error","event":"worker.consumer_failed","fields":{"queueName":"pipeline","service":"pipeline-worker"}}
{"timestamp":"2026-09-12T12:30:41.486Z","level":"error","event":"queue.dispatch_cycle_failed","fields":{"queueName":"all","service":"pipeline-worker"}}
{"timestamp":"2026-09-12T12:30:42.511Z","level":"error","event":"queue.dispatch_cycle_failed","fields":{"queueName":"all","service":"pipeline-worker"}}
{"timestamp":"2026-09-12T12:30:45.507Z","level":"error","event":"worker.consumer_failed","fields":{"queueName":"pipeline","service":"pipeline-worker"}}
{"timestamp":"2026-09-12T12:30:47.127Z","level":"error","event":"queue.dispatch_cycle_failed","fields":{"queueName":"all","service":"pipeline-worker"}}
{"timestamp":"2026-09-12T12:30:48.159Z","level":"error","event":"queue.dispatch_cycle_failed","fields":{"queueName":"all","service":"pipeline-worker"}}
{"timestamp":"2026-09-12T12:30:49.186Z","level":"error","event":"queue.dispatch_cycle_failed","fields":{"queueName":"all","service":"pipeline-worker"}}
{"timestamp":"2026-09-12T12:30:50.225Z","level":"error","event":"queue.dispatch_cycle_failed","fields":{"queueName":"all","service":"pipeline-worker"}}
{"timestamp":"2026-09-12T12:30:50.747Z","level":"error","event":"queue.lease_sweep_failed","fields":{"queueName":"all","service":"pipeline-worker"}}
{"timestamp":"2026-09-12T12:30:55.914Z","level":"error","event":"queue.dispatch_cycle_failed","fields":{"queueName":"all","service":"pipeline-worker"}}
{"timestamp":"2026-09-12T12:30:56.941Z","level":"error","event":"queue.dispatch_cycle_failed","fields":{"queueName":"all","service":"pipeline-worker"}}
{"timestamp":"2026-09-12T12:30:59.393Z","level":"error","event":"queue.dispatch_cycle_failed","fields":{"queueName":"all","service":"pipeline-worker"}}
{"timestamp":"2026-09-12T12:30:59.964Z","level":"error","event":"worker.consumer_failed","fields":{"queueName":"pipeline","service":"pipeline-worker"}}
{"timestamp":"2026-09-12T12:31:00.441Z","level":"error","event":"queue.dispatch_cycle_failed","fields":{"queueName":"all","service":"pipeline-worker"}}
{"timestamp":"2026-09-12T12:31:01.477Z","level":"error","event":"queue.dispatch_cycle_failed","fields":{"queueName":"all","service":"pipeline-worker"}}
{"timestamp":"2026-09-12T12:31:04.161Z","level":"error","event":"queue.dispatch_cycle_failed","fields":{"queueName":"all","service":"pipeline-worker"}}
{"timestamp":"2026-09-12T12:31:05.190Z","level":"error","event":"queue.dispatch_cycle_failed","fields":{"queueName":"all","service":"pipeline-worker"}}
{"timestamp":"2026-09-12T12:31:05.524Z","level":"error","event":"worker.consumer_failed","fields":{"queueName":"pipeline","service":"pipeline-worker"}}
{"timestamp":"2026-09-12T12:31:05.778Z","level":"error","event":"queue.lease_sweep_failed","fields":{"queueName":"all","service":"pipeline-worker"}}
{"timestamp":"2026-09-12T12:31:06.225Z","level":"error","event":"queue.dispatch_cycle_failed","fields":{"queueName":"all","service":"pipeline-worker"}}
{"timestamp":"2026-09-12T12:31:07.248Z","level":"error","event":"queue.dispatch_cycle_failed","fields":{"queueName":"all","service":"pipeline-worker"}}
{"timestamp":"2026-09-12T12:31:15.832Z","level":"error","event":"queue.dispatch_cycle_failed","fields":{"queueName":"all","service":"pipeline-worker"}}
{"timestamp":"2026-09-12T12:31:16.857Z","level":"error","event":"queue.dispatch_cycle_failed","fields":{"queueName":"all","service":"pipeline-worker"}}
{"timestamp":"2026-09-12T12:31:17.876Z","level":"error","event":"queue.dispatch_cycle_failed","fields":{"queueName":"all","service":"pipeline-worker"}}
{"timestamp":"2026-09-12T12:31:18.900Z","level":"error","event":"queue.dispatch_cycle_failed","fields":{"queueName":"all","service":"pipeline-worker"}}
{"timestamp":"2026-09-12T12:31:19.934Z","level":"error","event":"queue.dispatch_cycle_failed","fields":{"queueName":"all","service":"pipeline-worker"}}
{"timestamp":"2026-09-12T12:31:19.985Z","level":"error","event":"worker.consumer_failed","fields":{"queueName":"pipeline","service":"pipeline-worker"}}
{"timestamp":"2026-09-12T12:31:20.813Z","level":"error","event":"queue.lease_sweep_failed","fields":{"queueName":"all","service":"pipeline-worker"}}
{"timestamp":"2026-09-12T12:31:23.072Z","level":"error","event":"queue.dispatch_cycle_failed","fields":{"queueName":"all","service":"pipeline-worker"}}
{"timestamp":"2026-09-12T12:31:24.112Z","level":"error","event":"queue.dispatch_cycle_failed","fields":{"queueName":"all","service":"pipeline-worker"}}
{"timestamp":"2026-09-12T12:31:25.134Z","level":"error","event":"queue.dispatch_cycle_failed","fields":{"queueName":"all","service":"pipeline-worker"}}
{"timestamp":"2026-09-12T12:31:25.542Z","level":"error","event":"worker.consumer_failed","fields":{"queueName":"pipeline","service":"pipeline-worker"}}
{"timestamp":"2026-09-12T12:31:26.152Z","level":"error","event":"queue.dispatch_cycle_failed","fields":{"queueName":"all","service":"pipeline-worker"}}
{"timestamp":"2026-09-12T12:31:35.712Z","level":"error","event":"queue.dispatch_cycle_failed","fields":{"queueName":"all","service":"pipeline-worker"}}
{"timestamp":"2026-09-12T12:31:35.838Z","level":"error","event":"queue.lease_sweep_failed","fields":{"queueName":"all","service":"pipeline-worker"}}
{"timestamp":"2026-09-12T12:31:36.746Z","level":"error","event":"queue.dispatch_cycle_failed","fields":{"queueName":"all","service":"pipeline-worker"}}
{"timestamp":"2026-09-12T12:31:37.774Z","level":"error","event":"queue.dispatch_cycle_failed","fields":{"queueName":"all","service":"pipeline-worker"}}
{"timestamp":"2026-09-12T12:31:38.802Z","level":"error","event":"queue.dispatch_cycle_failed","fields":{"queueName":"all","service":"pipeline-worker"}}
{"timestamp":"2026-09-12T12:31:39.842Z","level":"error","event":"queue.dispatch_cycle_failed","fields":{"queueName":"all","service":"pipeline-worker"}}
{"timestamp":"2026-09-12T12:31:39.995Z","level":"error","event":"worker.consumer_failed","fields":{"queueName":"pipeline","service":"pipeline-worker"}}
{"timestamp":"2026-09-12T12:31:40.864Z","level":"error","event":"queue.dispatch_cycle_failed","fields":{"queueName":"all","service":"pipeline-worker"}}
{"timestamp":"2026-09-12T12:31:42.272Z","level":"error","event":"queue.dispatch_cycle_failed","fields":{"queueName":"all","service":"pipeline-worker"}}
{"timestamp":"2026-09-12T12:31:43.294Z","level":"error","event":"queue.dispatch_cycle_failed","fields":{"queueName":"all","service":"pipeline-worker"}}
{"timestamp":"2026-09-12T12:31:44.331Z","level":"error","event":"queue.dispatch_cycle_failed","fields":{"queueName":"all","service":"pipeline-worker"}}
{"timestamp":"2026-09-12T12:31:45.554Z","level":"error","event":"worker.consumer_failed","fields":{"queueName":"pipeline","service":"pipeline-worker"}}
{"timestamp":"2026-09-12T12:31:46.812Z","level":"error","event":"queue.dispatch_cycle_failed","fields":{"queueName":"all","service":"pipeline-worker"}}
{"timestamp":"2026-09-12T12:31:48.183Z","level":"error","event":"queue.dispatch_cycle_failed","fields":{"queueName":"all","service":"pipeline-worker"}}
{"timestamp":"2026-09-12T12:31:54.453Z","level":"error","event":"queue.dispatch_cycle_failed","fields":{"queueName":"all","service":"pipeline-worker"}}
{"timestamp":"2026-09-12T12:31:55.094Z","level":"error","event":"queue.lease_sweep_failed","fields":{"queueName":"all","service":"pipeline-worker"}}
{"timestamp":"2026-09-12T12:31:55.485Z","level":"error","event":"queue.dispatch_cycle_failed","fields":{"queueName":"all","service":"pipeline-worker"}}
{"timestamp":"2026-09-12T12:31:57.280Z","level":"error","event":"queue.dispatch_cycle_failed","fields":{"queueName":"all","service":"pipeline-worker"}}
{"timestamp":"2026-09-12T12:31:58.318Z","level":"error","event":"queue.dispatch_cycle_failed","fields":{"queueName":"all","service":"pipeline-worker"}}
{"timestamp":"2026-09-12T12:31:59.347Z","level":"error","event":"queue.dispatch_cycle_failed","fields":{"queueName":"all","service":"pipeline-worker"}}
{"timestamp":"2026-09-12T12:32:00.030Z","level":"error","event":"worker.consumer_failed","fields":{"queueName":"pipeline","service":"pipeline-worker"}}
{"timestamp":"2026-09-12T12:32:02.142Z","level":"error","event":"queue.dispatch_cycle_failed","fields":{"queueName":"all","service":"pipeline-worker"}}
{"timestamp":"2026-09-12T12:32:03.187Z","level":"error","event":"queue.dispatch_cycle_failed","fields":{"queueName":"all","service":"pipeline-worker"}}
{"timestamp":"2026-09-12T12:32:04.217Z","level":"error","event":"queue.dispatch_cycle_failed","fields":{"queueName":"all","service":"pipeline-worker"}}
{"timestamp":"2026-09-12T12:32:05.243Z","level":"error","event":"queue.dispatch_cycle_failed","fields":{"queueName":"all","service":"pipeline-worker"}}
{"timestamp":"2026-09-12T12:32:05.574Z","level":"error","event":"worker.consumer_failed","fields":{"queueName":"pipeline","service":"pipeline-worker"}}
{"timestamp":"2026-09-12T12:32:07.872Z","level":"error","event":"queue.dispatch_cycle_failed","fields":{"queueName":"all","service":"pipeline-worker"}}
{"timestamp":"2026-09-12T12:32:08.899Z","level":"error","event":"queue.dispatch_cycle_failed","fields":{"queueName":"all","service":"pipeline-worker"}}
{"timestamp":"2026-09-12T12:32:12.583Z","level":"error","event":"queue.dispatch_cycle_failed","fields":{"queueName":"all","service":"pipeline-worker"}}
{"timestamp":"2026-09-12T12:32:17.048Z","level":"error","event":"queue.dispatch_cycle_failed","fields":{"queueName":"all","service":"pipeline-worker"}}
{"timestamp":"2026-09-12T12:32:17.247Z","level":"error","event":"queue.lease_sweep_failed","fields":{"queueName":"all","service":"pipeline-worker"}}
{"timestamp":"2026-09-12T12:32:18.073Z","level":"error","event":"queue.dispatch_cycle_failed","fields":{"queueName":"all","service":"pipeline-worker"}}
{"timestamp":"2026-09-12T12:32:19.103Z","level":"error","event":"queue.dispatch_cycle_failed","fields":{"queueName":"all","service":"pipeline-worker"}}
{"timestamp":"2026-09-12T12:32:20.048Z","level":"error","event":"worker.consumer_failed","fields":{"queueName":"pipeline","service":"pipeline-worker"}}
{"timestamp":"2026-09-12T12:32:22.581Z","level":"error","event":"queue.dispatch_cycle_failed","fields":{"queueName":"all","service":"pipeline-worker"}}
{"timestamp":"2026-09-12T12:32:23.593Z","level":"error","event":"queue.dispatch_cycle_failed","fields":{"queueName":"all","service":"pipeline-worker"}}
{"timestamp":"2026-09-12T12:32:24.609Z","level":"error","event":"queue.dispatch_cycle_failed","fields":{"queueName":"all","service":"pipeline-worker"}}
{"timestamp":"2026-09-12T12:32:25.579Z","level":"error","event":"worker.consumer_failed","fields":{"queueName":"pipeline","service":"pipeline-worker"}}
{"timestamp":"2026-09-12T12:32:26.523Z","level":"error","event":"queue.dispatch_cycle_failed","fields":{"queueName":"all","service":"pipeline-worker"}}
{"timestamp":"2026-09-12T12:32:27.575Z","level":"error","event":"queue.dispatch_cycle_failed","fields":{"queueName":"all","service":"pipeline-worker"}}
{"timestamp":"2026-09-12T12:32:28.607Z","level":"error","event":"queue.dispatch_cycle_failed","fields":{"queueName":"all","service":"pipeline-worker"}}
{"timestamp":"2026-09-12T12:32:31.125Z","level":"error","event":"queue.dispatch_cycle_failed","fields":{"queueName":"all","service":"pipeline-worker"}}
{"timestamp":"2026-09-12T12:32:32.155Z","level":"error","event":"queue.dispatch_cycle_failed","fields":{"queueName":"all","service":"pipeline-worker"}}
{"timestamp":"2026-09-12T12:32:32.257Z","level":"error","event":"queue.lease_sweep_failed","fields":{"queueName":"all","service":"pipeline-worker"}}
{"timestamp":"2026-09-12T12:32:33.192Z","level":"error","event":"queue.dispatch_cycle_failed","fields":{"queueName":"all","service":"pipeline-worker"}}
{"timestamp":"2026-09-12T12:32:35.254Z","level":"error","event":"queue.dispatch_cycle_failed","fields":{"queueName":"all","service":"pipeline-worker"}}
{"timestamp":"2026-09-12T12:32:37.401Z","level":"error","event":"queue.dispatch_cycle_failed","fields":{"queueName":"all","service":"pipeline-worker"}}
{"timestamp":"2026-09-12T12:32:38.439Z","level":"error","event":"queue.dispatch_cycle_failed","fields":{"queueName":"all","service":"pipeline-worker"}}
{"timestamp":"2026-09-12T12:32:40.066Z","level":"error","event":"worker.consumer_failed","fields":{"queueName":"pipeline","service":"pipeline-worker"}}
{"timestamp":"2026-09-12T12:32:40.649Z","level":"error","event":"queue.dispatch_cycle_failed","fields":{"queueName":"all","service":"pipeline-worker"}}
{"timestamp":"2026-09-12T12:32:41.684Z","level":"error","event":"queue.dispatch_cycle_failed","fields":{"queueName":"all","service":"pipeline-worker"}}
{"timestamp":"2026-09-12T12:32:42.719Z","level":"error","event":"queue.dispatch_cycle_failed","fields":{"queueName":"all","service":"pipeline-worker"}}
{"timestamp":"2026-09-12T12:32:43.753Z","level":"error","event":"queue.dispatch_cycle_failed","fields":{"queueName":"all","service":"pipeline-worker"}}
{"timestamp":"2026-09-12T12:32:45.590Z","level":"error","event":"worker.consumer_failed","fields":{"queueName":"pipeline","service":"pipeline-worker"}}
{"timestamp":"2026-09-12T12:32:49.450Z","level":"error","event":"queue.dispatch_cycle_failed","fields":{"queueName":"all","service":"pipeline-worker"}}
{"timestamp":"2026-09-12T12:32:50.491Z","level":"error","event":"queue.dispatch_cycle_failed","fields":{"queueName":"all","service":"pipeline-worker"}}
{"timestamp":"2026-09-12T12:32:51.117Z","level":"error","event":"queue.lease_sweep_failed","fields":{"queueName":"all","service":"pipeline-worker"}}
{"timestamp":"2026-09-12T12:32:51.529Z","level":"error","event":"queue.dispatch_cycle_failed","fields":{"queueName":"all","service":"pipeline-worker"}}
{"timestamp":"2026-09-12T12:32:55.686Z","level":"error","event":"queue.dispatch_cycle_failed","fields":{"queueName":"all","service":"pipeline-worker"}}
{"timestamp":"2026-09-12T12:32:56.720Z","level":"error","event":"queue.dispatch_cycle_failed","fields":{"queueName":"all","service":"pipeline-worker"}}
{"timestamp":"2026-09-12T12:32:59.671Z","level":"error","event":"queue.dispatch_cycle_failed","fields":{"queueName":"all","service":"pipeline-worker"}}
{"timestamp":"2026-09-12T12:33:00.084Z","level":"error","event":"worker.consumer_failed","fields":{"queueName":"pipeline","service":"pipeline-worker"}}
{"timestamp":"2026-09-12T12:33:00.701Z","level":"error","event":"queue.dispatch_cycle_failed","fields":{"queueName":"all","service":"pipeline-worker"}}
{"timestamp":"2026-09-12T12:33:01.738Z","level":"error","event":"queue.dispatch_cycle_failed","fields":{"queueName":"all","service":"pipeline-worker"}}
{"timestamp":"2026-09-12T12:33:02.758Z","level":"error","event":"queue.dispatch_cycle_failed","fields":{"queueName":"all","service":"pipeline-worker"}}
{"timestamp":"2026-09-12T12:33:03.794Z","level":"error","event":"queue.dispatch_cycle_failed","fields":{"queueName":"all","service":"pipeline-worker"}}
{"timestamp":"2026-09-12T12:33:05.608Z","level":"error","event":"worker.consumer_failed","fields":{"queueName":"pipeline","service":"pipeline-worker"}}
{"timestamp":"2026-09-12T12:33:06.139Z","level":"error","event":"queue.lease_sweep_failed","fields":{"queueName":"all","service":"pipeline-worker"}}
{"timestamp":"2026-09-12T12:33:09.259Z","level":"error","event":"queue.dispatch_cycle_failed","fields":{"queueName":"all","service":"pipeline-worker"}}
{"timestamp":"2026-09-12T12:33:10.285Z","level":"error","event":"queue.dispatch_cycle_failed","fields":{"queueName":"all","service":"pipeline-worker"}}
{"timestamp":"2026-09-12T12:33:15.486Z","level":"error","event":"queue.dispatch_cycle_failed","fields":{"queueName":"all","service":"pipeline-worker"}}
{"timestamp":"2026-09-12T12:33:16.593Z","level":"error","event":"queue.dispatch_cycle_failed","fields":{"queueName":"all","service":"pipeline-worker"}}
{"timestamp":"2026-09-12T12:33:17.627Z","level":"error","event":"queue.dispatch_cycle_failed","fields":{"queueName":"all","service":"pipeline-worker"}}
{"timestamp":"2026-09-12T12:33:18.640Z","level":"error","event":"queue.dispatch_cycle_failed","fields":{"queueName":"all","service":"pipeline-worker"}}
{"timestamp":"2026-09-12T12:33:19.685Z","level":"error","event":"queue.dispatch_cycle_failed","fields":{"queueName":"all","service":"pipeline-worker"}}
{"timestamp":"2026-09-12T12:33:20.100Z","level":"error","event":"worker.consumer_failed","fields":{"queueName":"pipeline","service":"pipeline-worker"}}
{"timestamp":"2026-09-12T12:33:20.718Z","level":"error","event":"queue.dispatch_cycle_failed","fields":{"queueName":"all","service":"pipeline-worker"}}
{"timestamp":"2026-09-12T12:33:21.177Z","level":"error","event":"queue.lease_sweep_failed","fields":{"queueName":"all","service":"pipeline-worker"}}
{"timestamp":"2026-09-12T12:33:21.744Z","level":"error","event":"queue.dispatch_cycle_failed","fields":{"queueName":"all","service":"pipeline-worker"}}
{"timestamp":"2026-09-12T12:33:24.589Z","level":"error","event":"queue.dispatch_cycle_failed","fields":{"queueName":"all","service":"pipeline-worker"}}
{"timestamp":"2026-09-12T12:33:25.623Z","level":"error","event":"worker.consumer_failed","fields":{"queueName":"pipeline","service":"pipeline-worker"}}
{"timestamp":"2026-09-12T12:33:26.770Z","level":"error","event":"queue.dispatch_cycle_failed","fields":{"queueName":"all","service":"pipeline-worker"}}
{"timestamp":"2026-09-12T12:33:35.481Z","level":"error","event":"queue.dispatch_cycle_failed","fields":{"queueName":"all","service":"pipeline-worker"}}
{"timestamp":"2026-09-12T12:33:36.203Z","level":"error","event":"queue.lease_sweep_failed","fields":{"queueName":"all","service":"pipeline-worker"}}
{"timestamp":"2026-09-12T12:33:36.874Z","level":"error","event":"queue.dispatch_cycle_failed","fields":{"queueName":"all","service":"pipeline-worker"}}
{"timestamp":"2026-09-12T12:33:37.889Z","level":"error","event":"queue.dispatch_cycle_failed","fields":{"queueName":"all","service":"pipeline-worker"}}
{"timestamp":"2026-09-12T12:33:38.915Z","level":"error","event":"queue.dispatch_cycle_failed","fields":{"queueName":"all","service":"pipeline-worker"}}
{"timestamp":"2026-09-12T12:33:39.967Z","level":"error","event":"queue.dispatch_cycle_failed","fields":{"queueName":"all","service":"pipeline-worker"}}
{"timestamp":"2026-09-12T12:33:40.106Z","level":"error","event":"worker.consumer_failed","fields":{"queueName":"pipeline","service":"pipeline-worker"}}
{"timestamp":"2026-09-12T12:33:41.005Z","level":"error","event":"queue.dispatch_cycle_failed","fields":{"queueName":"all","service":"pipeline-worker"}}
{"timestamp":"2026-09-12T12:33:42.037Z","level":"error","event":"queue.dispatch_cycle_failed","fields":{"queueName":"all","service":"pipeline-worker"}}
{"timestamp":"2026-09-12T12:33:43.075Z","level":"error","event":"queue.dispatch_cycle_failed","fields":{"queueName":"all","service":"pipeline-worker"}}
{"timestamp":"2026-09-12T12:33:44.092Z","level":"error","event":"queue.dispatch_cycle_failed","fields":{"queueName":"all","service":"pipeline-worker"}}
{"timestamp":"2026-09-12T12:33:45.648Z","level":"error","event":"worker.consumer_failed","fields":{"queueName":"pipeline","service":"pipeline-worker"}}
{"timestamp":"2026-09-12T12:33:48.765Z","level":"error","event":"queue.dispatch_cycle_failed","fields":{"queueName":"all","service":"pipeline-worker"}}
{"timestamp":"2026-09-12T12:33:51.241Z","level":"error","event":"queue.lease_sweep_failed","fields":{"queueName":"all","service":"pipeline-worker"}}
{"timestamp":"2026-09-12T12:33:52.637Z","level":"error","event":"queue.dispatch_cycle_failed","fields":{"queueName":"all","service":"pipeline-worker"}}
{"timestamp":"2026-09-12T12:33:53.672Z","level":"error","event":"queue.dispatch_cycle_failed","fields":{"queueName":"all","service":"pipeline-worker"}}
{"timestamp":"2026-09-12T12:33:54.703Z","level":"error","event":"queue.dispatch_cycle_failed","fields":{"queueName":"all","service":"pipeline-worker"}}
{"timestamp":"2026-09-12T12:33:59.290Z","level":"error","event":"queue.dispatch_cycle_failed","fields":{"queueName":"all","service":"pipeline-worker"}}
{"timestamp":"2026-09-12T12:34:00.111Z","level":"error","event":"worker.consumer_failed","fields":{"queueName":"pipeline","service":"pipeline-worker"}}
{"timestamp":"2026-09-12T12:34:00.996Z","level":"error","event":"queue.dispatch_cycle_failed","fields":{"queueName":"all","service":"pipeline-worker"}}
{"timestamp":"2026-09-12T12:34:02.017Z","level":"error","event":"queue.dispatch_cycle_failed","fields":{"queueName":"all","service":"pipeline-worker"}}
{"timestamp":"2026-09-12T12:34:03.053Z","level":"error","event":"queue.dispatch_cycle_failed","fields":{"queueName":"all","service":"pipeline-worker"}}
{"timestamp":"2026-09-12T12:34:04.073Z","level":"error","event":"queue.dispatch_cycle_failed","fields":{"queueName":"all","service":"pipeline-worker"}}
{"timestamp":"2026-09-12T12:34:05.110Z","level":"error","event":"queue.dispatch_cycle_failed","fields":{"queueName":"all","service":"pipeline-worker"}}
{"timestamp":"2026-09-12T12:34:05.663Z","level":"error","event":"worker.consumer_failed","fields":{"queueName":"pipeline","service":"pipeline-worker"}}
{"timestamp":"2026-09-12T12:34:06.133Z","level":"error","event":"queue.dispatch_cycle_failed","fields":{"queueName":"all","service":"pipeline-worker"}}
{"timestamp":"2026-09-12T12:34:07.164Z","level":"error","event":"queue.dispatch_cycle_failed","fields":{"queueName":"all","service":"pipeline-worker"}}
{"timestamp":"2026-09-12T12:34:08.193Z","level":"error","event":"queue.dispatch_cycle_failed","fields":{"queueName":"all","service":"pipeline-worker"}}
{"timestamp":"2026-09-12T12:34:10.875Z","level":"error","event":"queue.lease_sweep_failed","fields":{"queueName":"all","service":"pipeline-worker"}}
{"timestamp":"2026-09-12T12:34:18.137Z","level":"error","event":"queue.dispatch_cycle_failed","fields":{"queueName":"all","service":"pipeline-worker"}}
{"timestamp":"2026-09-12T12:34:19.171Z","level":"error","event":"queue.dispatch_cycle_failed","fields":{"queueName":"all","service":"pipeline-worker"}}
{"timestamp":"2026-09-12T12:34:20.125Z","level":"error","event":"worker.consumer_failed","fields":{"queueName":"pipeline","service":"pipeline-worker"}}
{"timestamp":"2026-09-12T12:34:21.044Z","level":"error","event":"queue.dispatch_cycle_failed","fields":{"queueName":"all","service":"pipeline-worker"}}
{"timestamp":"2026-09-12T12:34:22.081Z","level":"error","event":"queue.dispatch_cycle_failed","fields":{"queueName":"all","service":"pipeline-worker"}}
{"timestamp":"2026-09-12T12:34:23.111Z","level":"error","event":"queue.dispatch_cycle_failed","fields":{"queueName":"all","service":"pipeline-worker"}}
{"timestamp":"2026-09-12T12:34:24.154Z","level":"error","event":"queue.dispatch_cycle_failed","fields":{"queueName":"all","service":"pipeline-worker"}}
{"timestamp":"2026-09-12T12:34:25.687Z","level":"error","event":"worker.consumer_failed","fields":{"queueName":"pipeline","service":"pipeline-worker"}}
{"timestamp":"2026-09-12T12:34:25.824Z","level":"error","event":"queue.dispatch_cycle_failed","fields":{"queueName":"all","service":"pipeline-worker"}}
{"timestamp":"2026-09-12T12:34:25.902Z","level":"error","event":"queue.lease_sweep_failed","fields":{"queueName":"all","service":"pipeline-worker"}}
{"timestamp":"2026-09-12T12:34:26.867Z","level":"error","event":"queue.dispatch_cycle_failed","fields":{"queueName":"all","service":"pipeline-worker"}}
{"timestamp":"2026-09-12T12:34:27.894Z","level":"error","event":"queue.dispatch_cycle_failed","fields":{"queueName":"all","service":"pipeline-worker"}}
{"timestamp":"2026-09-12T12:34:30.336Z","level":"error","event":"queue.dispatch_cycle_failed","fields":{"queueName":"all","service":"pipeline-worker"}}
{"timestamp":"2026-09-12T12:34:31.358Z","level":"error","event":"queue.dispatch_cycle_failed","fields":{"queueName":"all","service":"pipeline-worker"}}
{"timestamp":"2026-09-12T12:34:34.213Z","level":"error","event":"queue.dispatch_cycle_failed","fields":{"queueName":"all","service":"pipeline-worker"}}
{"timestamp":"2026-09-12T12:34:38.323Z","level":"error","event":"queue.dispatch_cycle_failed","fields":{"queueName":"all","service":"pipeline-worker"}}
{"timestamp":"2026-09-12T12:34:39.370Z","level":"error","event":"queue.dispatch_cycle_failed","fields":{"queueName":"all","service":"pipeline-worker"}}
{"timestamp":"2026-09-12T12:34:40.144Z","level":"error","event":"worker.consumer_failed","fields":{"queueName":"pipeline","service":"pipeline-worker"}}
{"timestamp":"2026-09-12T12:34:40.401Z","level":"error","event":"queue.dispatch_cycle_failed","fields":{"queueName":"all","service":"pipeline-worker"}}
{"timestamp":"2026-09-12T12:34:41.032Z","level":"error","event":"queue.lease_sweep_failed","fields":{"queueName":"all","service":"pipeline-worker"}}
{"timestamp":"2026-09-12T12:34:44.771Z","level":"error","event":"queue.dispatch_cycle_failed","fields":{"queueName":"all","service":"pipeline-worker"}}
{"timestamp":"2026-09-12T12:34:45.709Z","level":"error","event":"worker.consumer_failed","fields":{"queueName":"pipeline","service":"pipeline-worker"}}
{"timestamp":"2026-09-12T12:34:45.805Z","level":"error","event":"queue.dispatch_cycle_failed","fields":{"queueName":"all","service":"pipeline-worker"}}
{"timestamp":"2026-09-12T12:34:47.868Z","level":"error","event":"queue.dispatch_cycle_failed","fields":{"queueName":"all","service":"pipeline-worker"}}
{"timestamp":"2026-09-12T12:34:48.901Z","level":"error","event":"queue.dispatch_cycle_failed","fields":{"queueName":"all","service":"pipeline-worker"}}
{"timestamp":"2026-09-12T12:34:49.927Z","level":"error","event":"queue.dispatch_cycle_failed","fields":{"queueName":"all","service":"pipeline-worker"}}
{"timestamp":"2026-09-12T12:34:50.965Z","level":"error","event":"queue.dispatch_cycle_failed","fields":{"queueName":"all","service":"pipeline-worker"}}
{"timestamp":"2026-09-12T12:34:53.213Z","level":"error","event":"queue.dispatch_cycle_failed","fields":{"queueName":"all","service":"pipeline-worker"}}
{"timestamp":"2026-09-12T12:34:54.248Z","level":"error","event":"queue.dispatch_cycle_failed","fields":{"queueName":"all","service":"pipeline-worker"}}
{"timestamp":"2026-09-12T12:34:56.069Z","level":"error","event":"queue.lease_sweep_failed","fields":{"queueName":"all","service":"pipeline-worker"}}
{"timestamp":"2026-09-12T12:34:56.680Z","level":"error","event":"queue.dispatch_cycle_failed","fields":{"queueName":"all","service":"pipeline-worker"}}
{"timestamp":"2026-09-12T12:34:57.959Z","level":"error","event":"queue.dispatch_cycle_failed","fields":{"queueName":"all","service":"pipeline-worker"}}
{"timestamp":"2026-09-12T12:35:00.162Z","level":"error","event":"worker.consumer_failed","fields":{"queueName":"pipeline","service":"pipeline-worker"}}
{"timestamp":"2026-09-12T12:35:05.274Z","level":"error","event":"queue.dispatch_cycle_failed","fields":{"queueName":"all","service":"pipeline-worker"}}
{"timestamp":"2026-09-12T12:35:05.719Z","level":"error","event":"worker.consumer_failed","fields":{"queueName":"pipeline","service":"pipeline-worker"}}
{"timestamp":"2026-09-12T12:35:06.309Z","level":"error","event":"queue.dispatch_cycle_failed","fields":{"queueName":"all","service":"pipeline-worker"}}
{"timestamp":"2026-09-12T12:35:07.334Z","level":"error","event":"queue.dispatch_cycle_failed","fields":{"queueName":"all","service":"pipeline-worker"}}
{"timestamp":"2026-09-12T12:35:08.368Z","level":"error","event":"queue.dispatch_cycle_failed","fields":{"queueName":"all","service":"pipeline-worker"}}
{"timestamp":"2026-09-12T12:35:10.066Z","level":"error","event":"queue.dispatch_cycle_failed","fields":{"queueName":"all","service":"pipeline-worker"}}
{"timestamp":"2026-09-12T12:35:11.102Z","level":"error","event":"queue.lease_sweep_failed","fields":{"queueName":"all","service":"pipeline-worker"}}
{"timestamp":"2026-09-12T12:35:11.106Z","level":"error","event":"queue.dispatch_cycle_failed","fields":{"queueName":"all","service":"pipeline-worker"}}
{"timestamp":"2026-09-12T12:35:13.277Z","level":"error","event":"queue.dispatch_cycle_failed","fields":{"queueName":"all","service":"pipeline-worker"}}
{"timestamp":"2026-09-12T12:35:14.306Z","level":"error","event":"queue.dispatch_cycle_failed","fields":{"queueName":"all","service":"pipeline-worker"}}
{"timestamp":"2026-09-12T12:35:15.341Z","level":"error","event":"queue.dispatch_cycle_failed","fields":{"queueName":"all","service":"pipeline-worker"}}
{"timestamp":"2026-09-12T12:35:18.840Z","level":"error","event":"queue.dispatch_cycle_failed","fields":{"queueName":"all","service":"pipeline-worker"}}
{"timestamp":"2026-09-12T12:35:20.170Z","level":"error","event":"worker.consumer_failed","fields":{"queueName":"pipeline","service":"pipeline-worker"}}
{"timestamp":"2026-09-12T12:35:20.493Z","level":"error","event":"queue.dispatch_cycle_failed","fields":{"queueName":"all","service":"pipeline-worker"}}
{"timestamp":"2026-09-12T12:35:25.736Z","level":"error","event":"worker.consumer_failed","fields":{"queueName":"pipeline","service":"pipeline-worker"}}
{"timestamp":"2026-09-12T12:35:26.136Z","level":"error","event":"queue.lease_sweep_failed","fields":{"queueName":"all","service":"pipeline-worker"}}
{"timestamp":"2026-09-12T12:35:26.672Z","level":"error","event":"queue.dispatch_cycle_failed","fields":{"queueName":"all","service":"pipeline-worker"}}
{"timestamp":"2026-09-12T12:35:29.493Z","level":"error","event":"queue.dispatch_cycle_failed","fields":{"queueName":"all","service":"pipeline-worker"}}
{"timestamp":"2026-09-12T12:35:30.518Z","level":"error","event":"queue.dispatch_cycle_failed","fields":{"queueName":"all","service":"pipeline-worker"}}
{"timestamp":"2026-09-12T12:35:31.547Z","level":"error","event":"queue.dispatch_cycle_failed","fields":{"queueName":"all","service":"pipeline-worker"}}
{"timestamp":"2026-09-12T12:35:32.578Z","level":"error","event":"queue.dispatch_cycle_failed","fields":{"queueName":"all","service":"pipeline-worker"}}
{"timestamp":"2026-09-12T12:35:33.599Z","level":"error","event":"queue.dispatch_cycle_failed","fields":{"queueName":"all","service":"pipeline-worker"}}
{"timestamp":"2026-09-12T12:35:35.352Z","level":"error","event":"queue.dispatch_cycle_failed","fields":{"queueName":"all","service":"pipeline-worker"}}
{"timestamp":"2026-09-12T12:35:36.381Z","level":"error","event":"queue.dispatch_cycle_failed","fields":{"queueName":"all","service":"pipeline-worker"}}
{"timestamp":"2026-09-12T12:35:37.397Z","level":"error","event":"queue.dispatch_cycle_failed","fields":{"queueName":"all","service":"pipeline-worker"}}
{"timestamp":"2026-09-12T12:35:40.194Z","level":"error","event":"worker.consumer_failed","fields":{"queueName":"pipeline","service":"pipeline-worker"}}
{"timestamp":"2026-09-12T12:35:41.179Z","level":"error","event":"queue.lease_sweep_failed","fields":{"queueName":"all","service":"pipeline-worker"}}
{"timestamp":"2026-09-12T12:35:45.037Z","level":"error","event":"queue.dispatch_cycle_failed","fields":{"queueName":"all","service":"pipeline-worker"}}
{"timestamp":"2026-09-12T12:35:45.750Z","level":"error","event":"worker.consumer_failed","fields":{"queueName":"pipeline","service":"pipeline-worker"}}
{"timestamp":"2026-09-12T12:35:47.335Z","level":"error","event":"queue.dispatch_cycle_failed","fields":{"queueName":"all","service":"pipeline-worker"}}
{"timestamp":"2026-09-12T12:35:48.368Z","level":"error","event":"queue.dispatch_cycle_failed","fields":{"queueName":"all","service":"pipeline-worker"}}
{"timestamp":"2026-09-12T12:35:49.387Z","level":"error","event":"queue.dispatch_cycle_failed","fields":{"queueName":"all","service":"pipeline-worker"}}
{"timestamp":"2026-09-12T12:35:50.428Z","level":"error","event":"queue.dispatch_cycle_failed","fields":{"queueName":"all","service":"pipeline-worker"}}
{"timestamp":"2026-09-12T12:35:51.464Z","level":"error","event":"queue.dispatch_cycle_failed","fields":{"queueName":"all","service":"pipeline-worker"}}
{"timestamp":"2026-09-12T12:35:52.501Z","level":"error","event":"queue.dispatch_cycle_failed","fields":{"queueName":"all","service":"pipeline-worker"}}
{"timestamp":"2026-09-12T12:35:53.549Z","level":"error","event":"queue.dispatch_cycle_failed","fields":{"queueName":"all","service":"pipeline-worker"}}
{"timestamp":"2026-09-12T12:35:54.582Z","level":"error","event":"queue.dispatch_cycle_failed","fields":{"queueName":"all","service":"pipeline-worker"}}
{"timestamp":"2026-09-12T12:35:55.616Z","level":"error","event":"queue.dispatch_cycle_failed","fields":{"queueName":"all","service":"pipeline-worker"}}
{"timestamp":"2026-09-12T12:36:00.213Z","level":"error","event":"worker.consumer_failed","fields":{"queueName":"pipeline","service":"pipeline-worker"}}
{"timestamp":"2026-09-12T12:36:03.313Z","level":"error","event":"queue.lease_sweep_failed","fields":{"queueName":"all","service":"pipeline-worker"}}
{"timestamp":"2026-09-12T12:36:05.694Z","level":"error","event":"queue.dispatch_cycle_failed","fields":{"queueName":"all","service":"pipeline-worker"}}
{"timestamp":"2026-09-12T12:36:05.757Z","level":"error","event":"worker.consumer_failed","fields":{"queueName":"pipeline","service":"pipeline-worker"}}
{"timestamp":"2026-09-12T12:36:06.736Z","level":"error","event":"queue.dispatch_cycle_failed","fields":{"queueName":"all","service":"pipeline-worker"}}
{"timestamp":"2026-09-12T12:36:07.770Z","level":"error","event":"queue.dispatch_cycle_failed","fields":{"queueName":"all","service":"pipeline-worker"}}
{"timestamp":"2026-09-12T12:36:08.804Z","level":"error","event":"queue.dispatch_cycle_failed","fields":{"queueName":"all","service":"pipeline-worker"}}
{"timestamp":"2026-09-12T12:36:11.332Z","level":"error","event":"queue.dispatch_cycle_failed","fields":{"queueName":"all","service":"pipeline-worker"}}
{"timestamp":"2026-09-12T12:36:12.367Z","level":"error","event":"queue.dispatch_cycle_failed","fields":{"queueName":"all","service":"pipeline-worker"}}
{"timestamp":"2026-09-12T12:36:13.400Z","level":"error","event":"queue.dispatch_cycle_failed","fields":{"queueName":"all","service":"pipeline-worker"}}
{"timestamp":"2026-09-12T12:36:14.433Z","level":"error","event":"queue.dispatch_cycle_failed","fields":{"queueName":"all","service":"pipeline-worker"}}
{"timestamp":"2026-09-12T12:36:15.467Z","level":"error","event":"queue.dispatch_cycle_failed","fields":{"queueName":"all","service":"pipeline-worker"}}
{"timestamp":"2026-09-12T12:36:16.500Z","level":"error","event":"queue.dispatch_cycle_failed","fields":{"queueName":"all","service":"pipeline-worker"}}
{"timestamp":"2026-09-12T12:36:18.339Z","level":"error","event":"queue.lease_sweep_failed","fields":{"queueName":"all","service":"pipeline-worker"}}
{"timestamp":"2026-09-12T12:36:20.234Z","level":"error","event":"worker.consumer_failed","fields":{"queueName":"pipeline","service":"pipeline-worker"}}
{"timestamp":"2026-09-12T12:36:23.461Z","level":"error","event":"queue.dispatch_cycle_failed","fields":{"queueName":"all","service":"pipeline-worker"}}
{"timestamp":"2026-09-12T12:36:25.785Z","level":"error","event":"worker.consumer_failed","fields":{"queueName":"pipeline","service":"pipeline-worker"}}
{"timestamp":"2026-09-12T12:36:26.570Z","level":"error","event":"queue.dispatch_cycle_failed","fields":{"queueName":"all","service":"pipeline-worker"}}
{"timestamp":"2026-09-12T12:36:27.602Z","level":"error","event":"queue.dispatch_cycle_failed","fields":{"queueName":"all","service":"pipeline-worker"}}
{"timestamp":"2026-09-12T12:36:28.911Z","level":"error","event":"queue.dispatch_cycle_failed","fields":{"queueName":"all","service":"pipeline-worker"}}
{"timestamp":"2026-09-12T12:36:29.943Z","level":"error","event":"queue.dispatch_cycle_failed","fields":{"queueName":"all","service":"pipeline-worker"}}
{"timestamp":"2026-09-12T12:36:30.992Z","level":"error","event":"queue.dispatch_cycle_failed","fields":{"queueName":"all","service":"pipeline-worker"}}
{"timestamp":"2026-09-12T12:36:32.028Z","level":"error","event":"queue.dispatch_cycle_failed","fields":{"queueName":"all","service":"pipeline-worker"}}
{"timestamp":"2026-09-12T12:36:33.065Z","level":"error","event":"queue.dispatch_cycle_failed","fields":{"queueName":"all","service":"pipeline-worker"}}
{"timestamp":"2026-09-12T12:36:33.364Z","level":"error","event":"queue.lease_sweep_failed","fields":{"queueName":"all","service":"pipeline-worker"}}
{"timestamp":"2026-09-12T12:36:35.131Z","level":"error","event":"queue.dispatch_cycle_failed","fields":{"queueName":"all","service":"pipeline-worker"}}
{"timestamp":"2026-09-12T12:36:38.770Z","level":"error","event":"queue.dispatch_cycle_failed","fields":{"queueName":"all","service":"pipeline-worker"}}
{"timestamp":"2026-09-12T12:36:40.251Z","level":"error","event":"worker.consumer_failed","fields":{"queueName":"pipeline","service":"pipeline-worker"}}
{"timestamp":"2026-09-12T12:36:41.920Z","level":"error","event":"queue.dispatch_cycle_failed","fields":{"queueName":"all","service":"pipeline-worker"}}
{"timestamp":"2026-09-12T12:36:44.632Z","level":"error","event":"queue.dispatch_cycle_failed","fields":{"queueName":"all","service":"pipeline-worker"}}
{"timestamp":"2026-09-12T12:36:45.825Z","level":"error","event":"worker.consumer_failed","fields":{"queueName":"pipeline","service":"pipeline-worker"}}
{"timestamp":"2026-09-12T12:36:47.614Z","level":"error","event":"queue.dispatch_cycle_failed","fields":{"queueName":"all","service":"pipeline-worker"}}
{"timestamp":"2026-09-12T12:36:48.398Z","level":"error","event":"queue.lease_sweep_failed","fields":{"queueName":"all","service":"pipeline-worker"}}
{"timestamp":"2026-09-12T12:36:48.663Z","level":"error","event":"queue.dispatch_cycle_failed","fields":{"queueName":"all","service":"pipeline-worker"}}
{"timestamp":"2026-09-12T12:36:49.696Z","level":"error","event":"queue.dispatch_cycle_failed","fields":{"queueName":"all","service":"pipeline-worker"}}
{"timestamp":"2026-09-12T12:36:50.735Z","level":"error","event":"queue.dispatch_cycle_failed","fields":{"queueName":"all","service":"pipeline-worker"}}
{"timestamp":"2026-09-12T12:36:53.039Z","level":"error","event":"queue.dispatch_cycle_failed","fields":{"queueName":"all","service":"pipeline-worker"}}
{"timestamp":"2026-09-12T12:36:54.071Z","level":"error","event":"queue.dispatch_cycle_failed","fields":{"queueName":"all","service":"pipeline-worker"}}
{"timestamp":"2026-09-12T12:36:55.114Z","level":"error","event":"queue.dispatch_cycle_failed","fields":{"queueName":"all","service":"pipeline-worker"}}
{"timestamp":"2026-09-12T12:36:59.170Z","level":"error","event":"queue.dispatch_cycle_failed","fields":{"queueName":"all","service":"pipeline-worker"}}
{"timestamp":"2026-09-12T12:37:00.205Z","level":"error","event":"queue.dispatch_cycle_failed","fields":{"queueName":"all","service":"pipeline-worker"}}
{"timestamp":"2026-09-12T12:37:00.271Z","level":"error","event":"worker.consumer_failed","fields":{"queueName":"pipeline","service":"pipeline-worker"}}
{"timestamp":"2026-09-12T12:37:01.270Z","level":"error","event":"queue.dispatch_cycle_failed","fields":{"queueName":"all","service":"pipeline-worker"}}
{"timestamp":"2026-09-12T12:37:05.394Z","level":"error","event":"queue.dispatch_cycle_failed","fields":{"queueName":"all","service":"pipeline-worker"}}
{"timestamp":"2026-09-12T12:37:05.848Z","level":"error","event":"worker.consumer_failed","fields":{"queueName":"pipeline","service":"pipeline-worker"}}
{"timestamp":"2026-09-12T12:37:06.036Z","level":"error","event":"queue.lease_sweep_failed","fields":{"queueName":"all","service":"pipeline-worker"}}
{"timestamp":"2026-09-12T12:37:06.427Z","level":"error","event":"queue.dispatch_cycle_failed","fields":{"queueName":"all","service":"pipeline-worker"}}
{"timestamp":"2026-09-12T12:37:09.971Z","level":"error","event":"queue.dispatch_cycle_failed","fields":{"queueName":"all","service":"pipeline-worker"}}
{"timestamp":"2026-09-12T12:37:11.007Z","level":"error","event":"queue.dispatch_cycle_failed","fields":{"queueName":"all","service":"pipeline-worker"}}
{"timestamp":"2026-09-12T12:37:12.046Z","level":"error","event":"queue.dispatch_cycle_failed","fields":{"queueName":"all","service":"pipeline-worker"}}
{"timestamp":"2026-09-12T12:37:13.082Z","level":"error","event":"queue.dispatch_cycle_failed","fields":{"queueName":"all","service":"pipeline-worker"}}
{"timestamp":"2026-09-12T12:37:14.148Z","level":"error","event":"queue.dispatch_cycle_failed","fields":{"queueName":"all","service":"pipeline-worker"}}
{"timestamp":"2026-09-12T12:37:18.047Z","level":"error","event":"queue.dispatch_cycle_failed","fields":{"queueName":"all","service":"pipeline-worker"}}
{"timestamp":"2026-09-12T12:37:19.076Z","level":"error","event":"queue.dispatch_cycle_failed","fields":{"queueName":"all","service":"pipeline-worker"}}
{"timestamp":"2026-09-12T12:37:20.118Z","level":"error","event":"queue.dispatch_cycle_failed","fields":{"queueName":"all","service":"pipeline-worker"}}
{"timestamp":"2026-09-12T12:37:20.291Z","level":"error","event":"worker.consumer_failed","fields":{"queueName":"pipeline","service":"pipeline-worker"}}
{"timestamp":"2026-09-12T12:37:21.531Z","level":"error","event":"queue.lease_sweep_failed","fields":{"queueName":"all","service":"pipeline-worker"}}
{"timestamp":"2026-09-12T12:37:25.384Z","level":"error","event":"queue.dispatch_cycle_failed","fields":{"queueName":"all","service":"pipeline-worker"}}
{"timestamp":"2026-09-12T12:37:25.868Z","level":"error","event":"worker.consumer_failed","fields":{"queueName":"pipeline","service":"pipeline-worker"}}
{"timestamp":"2026-09-12T12:37:26.419Z","level":"error","event":"queue.dispatch_cycle_failed","fields":{"queueName":"all","service":"pipeline-worker"}}
{"timestamp":"2026-09-12T12:37:27.470Z","level":"error","event":"queue.dispatch_cycle_failed","fields":{"queueName":"all","service":"pipeline-worker"}}
{"timestamp":"2026-09-12T12:37:28.497Z","level":"error","event":"queue.dispatch_cycle_failed","fields":{"queueName":"all","service":"pipeline-worker"}}
{"timestamp":"2026-09-12T12:37:29.532Z","level":"error","event":"queue.dispatch_cycle_failed","fields":{"queueName":"all","service":"pipeline-worker"}}
{"timestamp":"2026-09-12T12:37:30.570Z","level":"error","event":"queue.dispatch_cycle_failed","fields":{"queueName":"all","service":"pipeline-worker"}}
{"timestamp":"2026-09-12T12:37:32.003Z","level":"error","event":"queue.dispatch_cycle_failed","fields":{"queueName":"all","service":"pipeline-worker"}}
{"timestamp":"2026-09-12T12:37:35.105Z","level":"error","event":"queue.dispatch_cycle_failed","fields":{"queueName":"all","service":"pipeline-worker"}}
{"timestamp":"2026-09-12T12:37:36.140Z","level":"error","event":"queue.dispatch_cycle_failed","fields":{"queueName":"all","service":"pipeline-worker"}}
{"timestamp":"2026-09-12T12:37:40.312Z","level":"error","event":"worker.consumer_failed","fields":{"queueName":"pipeline","service":"pipeline-worker"}}
{"timestamp":"2026-09-12T12:37:40.755Z","level":"error","event":"queue.lease_sweep_failed","fields":{"queueName":"all","service":"pipeline-worker"}}
{"timestamp":"2026-09-12T12:37:44.536Z","level":"error","event":"queue.dispatch_cycle_failed","fields":{"queueName":"all","service":"pipeline-worker"}}
{"timestamp":"2026-09-12T12:37:45.567Z","level":"error","event":"queue.dispatch_cycle_failed","fields":{"queueName":"all","service":"pipeline-worker"}}
{"timestamp":"2026-09-12T12:37:45.900Z","level":"error","event":"worker.consumer_failed","fields":{"queueName":"pipeline","service":"pipeline-worker"}}
{"timestamp":"2026-09-12T12:37:46.614Z","level":"error","event":"queue.dispatch_cycle_failed","fields":{"queueName":"all","service":"pipeline-worker"}}
{"timestamp":"2026-09-12T12:37:47.635Z","level":"error","event":"queue.dispatch_cycle_failed","fields":{"queueName":"all","service":"pipeline-worker"}}
{"timestamp":"2026-09-12T12:37:48.668Z","level":"error","event":"queue.dispatch_cycle_failed","fields":{"queueName":"all","service":"pipeline-worker"}}
{"timestamp":"2026-09-12T12:37:49.692Z","level":"error","event":"queue.dispatch_cycle_failed","fields":{"queueName":"all","service":"pipeline-worker"}}
{"timestamp":"2026-09-12T12:37:50.727Z","level":"error","event":"queue.dispatch_cycle_failed","fields":{"queueName":"all","service":"pipeline-worker"}}
{"timestamp":"2026-09-12T12:37:51.764Z","level":"error","event":"queue.dispatch_cycle_failed","fields":{"queueName":"all","service":"pipeline-worker"}}
{"timestamp":"2026-09-12T12:37:52.799Z","level":"error","event":"queue.dispatch_cycle_failed","fields":{"queueName":"all","service":"pipeline-worker"}}
{"timestamp":"2026-09-12T12:37:55.788Z","level":"error","event":"queue.lease_sweep_failed","fields":{"queueName":"all","service":"pipeline-worker"}}
{"timestamp":"2026-09-12T12:37:58.016Z","level":"error","event":"queue.dispatch_cycle_failed","fields":{"queueName":"all","service":"pipeline-worker"}}
{"timestamp":"2026-09-12T12:37:59.049Z","level":"error","event":"queue.dispatch_cycle_failed","fields":{"queueName":"all","service":"pipeline-worker"}}
{"timestamp":"2026-09-12T12:38:00.089Z","level":"error","event":"queue.dispatch_cycle_failed","fields":{"queueName":"all","service":"pipeline-worker"}}
{"timestamp":"2026-09-12T12:38:00.319Z","level":"error","event":"worker.consumer_failed","fields":{"queueName":"pipeline","service":"pipeline-worker"}}
{"timestamp":"2026-09-12T12:38:02.641Z","level":"error","event":"queue.dispatch_cycle_failed","fields":{"queueName":"all","service":"pipeline-worker"}}
{"timestamp":"2026-09-12T12:38:05.857Z","level":"error","event":"queue.dispatch_cycle_failed","fields":{"queueName":"all","service":"pipeline-worker"}}
{"timestamp":"2026-09-12T12:38:05.921Z","level":"error","event":"worker.consumer_failed","fields":{"queueName":"pipeline","service":"pipeline-worker"}}
{"timestamp":"2026-09-12T12:38:06.891Z","level":"error","event":"queue.dispatch_cycle_failed","fields":{"queueName":"all","service":"pipeline-worker"}}
{"timestamp":"2026-09-12T12:38:07.929Z","level":"error","event":"queue.dispatch_cycle_failed","fields":{"queueName":"all","service":"pipeline-worker"}}
{"timestamp":"2026-09-12T12:38:08.961Z","level":"error","event":"queue.dispatch_cycle_failed","fields":{"queueName":"all","service":"pipeline-worker"}}
{"timestamp":"2026-09-12T12:38:09.999Z","level":"error","event":"queue.dispatch_cycle_failed","fields":{"queueName":"all","service":"pipeline-worker"}}
{"timestamp":"2026-09-12T12:38:11.823Z","level":"error","event":"queue.dispatch_cycle_failed","fields":{"queueName":"all","service":"pipeline-worker"}}
{"timestamp":"2026-09-12T12:38:12.868Z","level":"error","event":"queue.dispatch_cycle_failed","fields":{"queueName":"all","service":"pipeline-worker"}}
{"timestamp":"2026-09-12T12:38:13.897Z","level":"error","event":"queue.dispatch_cycle_failed","fields":{"queueName":"all","service":"pipeline-worker"}}
{"timestamp":"2026-09-12T12:38:14.936Z","level":"error","event":"queue.dispatch_cycle_failed","fields":{"queueName":"all","service":"pipeline-worker"}}
{"timestamp":"2026-09-12T12:38:15.111Z","level":"error","event":"queue.lease_sweep_failed","fields":{"queueName":"all","service":"pipeline-worker"}}
{"timestamp":"2026-09-12T12:38:19.792Z","level":"error","event":"queue.dispatch_cycle_failed","fields":{"queueName":"all","service":"pipeline-worker"}}
{"timestamp":"2026-09-12T12:38:20.334Z","level":"error","event":"worker.consumer_failed","fields":{"queueName":"pipeline","service":"pipeline-worker"}}
{"timestamp":"2026-09-12T12:38:23.672Z","level":"error","event":"queue.dispatch_cycle_failed","fields":{"queueName":"all","service":"pipeline-worker"}}
{"timestamp":"2026-09-12T12:38:25.312Z","level":"error","event":"queue.dispatch_cycle_failed","fields":{"queueName":"all","service":"pipeline-worker"}}
{"timestamp":"2026-09-12T12:38:25.942Z","level":"error","event":"worker.consumer_failed","fields":{"queueName":"pipeline","service":"pipeline-worker"}}
{"timestamp":"2026-09-12T12:38:26.351Z","level":"error","event":"queue.dispatch_cycle_failed","fields":{"queueName":"all","service":"pipeline-worker"}}
{"timestamp":"2026-09-12T12:38:28.060Z","level":"error","event":"queue.dispatch_cycle_failed","fields":{"queueName":"all","service":"pipeline-worker"}}
{"timestamp":"2026-09-12T12:38:29.659Z","level":"error","event":"queue.dispatch_cycle_failed","fields":{"queueName":"all","service":"pipeline-worker"}}
{"timestamp":"2026-09-12T12:38:30.145Z","level":"error","event":"queue.lease_sweep_failed","fields":{"queueName":"all","service":"pipeline-worker"}}
{"timestamp":"2026-09-12T12:38:30.697Z","level":"error","event":"queue.dispatch_cycle_failed","fields":{"queueName":"all","service":"pipeline-worker"}}
{"timestamp":"2026-09-12T12:38:31.731Z","level":"error","event":"queue.dispatch_cycle_failed","fields":{"queueName":"all","service":"pipeline-worker"}}
{"timestamp":"2026-09-12T12:38:32.767Z","level":"error","event":"queue.dispatch_cycle_failed","fields":{"queueName":"all","service":"pipeline-worker"}}
{"timestamp":"2026-09-12T12:38:38.881Z","level":"error","event":"queue.dispatch_cycle_failed","fields":{"queueName":"all","service":"pipeline-worker"}}
{"timestamp":"2026-09-12T12:38:39.912Z","level":"error","event":"queue.dispatch_cycle_failed","fields":{"queueName":"all","service":"pipeline-worker"}}
{"timestamp":"2026-09-12T12:38:40.356Z","level":"error","event":"worker.consumer_failed","fields":{"queueName":"pipeline","service":"pipeline-worker"}}
{"timestamp":"2026-09-12T12:38:43.022Z","level":"error","event":"queue.dispatch_cycle_failed","fields":{"queueName":"all","service":"pipeline-worker"}}
{"timestamp":"2026-09-12T12:38:45.185Z","level":"error","event":"queue.lease_sweep_failed","fields":{"queueName":"all","service":"pipeline-worker"}}
{"timestamp":"2026-09-12T12:38:45.664Z","level":"error","event":"queue.dispatch_cycle_failed","fields":{"queueName":"all","service":"pipeline-worker"}}
{"timestamp":"2026-09-12T12:38:45.952Z","level":"error","event":"worker.consumer_failed","fields":{"queueName":"pipeline","service":"pipeline-worker"}}
{"timestamp":"2026-09-12T12:38:46.707Z","level":"error","event":"queue.dispatch_cycle_failed","fields":{"queueName":"all","service":"pipeline-worker"}}
{"timestamp":"2026-09-12T12:38:47.736Z","level":"error","event":"queue.dispatch_cycle_failed","fields":{"queueName":"all","service":"pipeline-worker"}}
{"timestamp":"2026-09-12T12:38:49.574Z","level":"error","event":"queue.dispatch_cycle_failed","fields":{"queueName":"all","service":"pipeline-worker"}}
{"timestamp":"2026-09-12T12:38:50.612Z","level":"error","event":"queue.dispatch_cycle_failed","fields":{"queueName":"all","service":"pipeline-worker"}}
{"timestamp":"2026-09-12T12:38:51.657Z","level":"error","event":"queue.dispatch_cycle_failed","fields":{"queueName":"all","service":"pipeline-worker"}}
{"timestamp":"2026-09-12T12:38:52.698Z","level":"error","event":"queue.dispatch_cycle_failed","fields":{"queueName":"all","service":"pipeline-worker"}}
{"timestamp":"2026-09-12T12:38:53.727Z","level":"error","event":"queue.dispatch_cycle_failed","fields":{"queueName":"all","service":"pipeline-worker"}}
{"timestamp":"2026-09-12T12:39:00.363Z","level":"error","event":"worker.consumer_failed","fields":{"queueName":"pipeline","service":"pipeline-worker"}}
{"timestamp":"2026-09-12T12:39:01.051Z","level":"error","event":"queue.lease_sweep_failed","fields":{"queueName":"all","service":"pipeline-worker"}}
{"timestamp":"2026-09-12T12:39:01.930Z","level":"error","event":"queue.dispatch_cycle_failed","fields":{"queueName":"all","service":"pipeline-worker"}}
{"timestamp":"2026-09-12T12:39:05.205Z","level":"error","event":"queue.dispatch_cycle_failed","fields":{"queueName":"all","service":"pipeline-worker"}}
{"timestamp":"2026-09-12T12:39:05.965Z","level":"error","event":"worker.consumer_failed","fields":{"queueName":"pipeline","service":"pipeline-worker"}}
{"timestamp":"2026-09-12T12:39:06.244Z","level":"error","event":"queue.dispatch_cycle_failed","fields":{"queueName":"all","service":"pipeline-worker"}}
{"timestamp":"2026-09-12T12:39:07.278Z","level":"error","event":"queue.dispatch_cycle_failed","fields":{"queueName":"all","service":"pipeline-worker"}}
{"timestamp":"2026-09-12T12:39:08.312Z","level":"error","event":"queue.dispatch_cycle_failed","fields":{"queueName":"all","service":"pipeline-worker"}}
{"timestamp":"2026-09-12T12:39:09.350Z","level":"error","event":"queue.dispatch_cycle_failed","fields":{"queueName":"all","service":"pipeline-worker"}}
{"timestamp":"2026-09-12T12:39:10.383Z","level":"error","event":"queue.dispatch_cycle_failed","fields":{"queueName":"all","service":"pipeline-worker"}}
{"timestamp":"2026-09-12T12:39:11.411Z","level":"error","event":"queue.dispatch_cycle_failed","fields":{"queueName":"all","service":"pipeline-worker"}}
{"timestamp":"2026-09-12T12:39:12.448Z","level":"error","event":"queue.dispatch_cycle_failed","fields":{"queueName":"all","service":"pipeline-worker"}}
{"timestamp":"2026-09-12T12:39:18.004Z","level":"error","event":"queue.dispatch_cycle_failed","fields":{"queueName":"all","service":"pipeline-worker"}}
{"timestamp":"2026-09-12T12:39:18.994Z","level":"error","event":"queue.lease_sweep_failed","fields":{"queueName":"all","service":"pipeline-worker"}}
{"timestamp":"2026-09-12T12:39:19.054Z","level":"error","event":"queue.dispatch_cycle_failed","fields":{"queueName":"all","service":"pipeline-worker"}}
{"timestamp":"2026-09-12T12:39:20.118Z","level":"error","event":"queue.dispatch_cycle_failed","fields":{"queueName":"all","service":"pipeline-worker"}}
{"timestamp":"2026-09-12T12:39:20.396Z","level":"error","event":"worker.consumer_failed","fields":{"queueName":"pipeline","service":"pipeline-worker"}}
{"timestamp":"2026-09-12T12:39:22.866Z","level":"error","event":"queue.dispatch_cycle_failed","fields":{"queueName":"all","service":"pipeline-worker"}}
{"timestamp":"2026-09-12T12:39:26.001Z","level":"error","event":"worker.consumer_failed","fields":{"queueName":"pipeline","service":"pipeline-worker"}}
{"timestamp":"2026-09-12T12:39:26.161Z","level":"error","event":"queue.dispatch_cycle_failed","fields":{"queueName":"all","service":"pipeline-worker"}}
{"timestamp":"2026-09-12T12:39:27.196Z","level":"error","event":"queue.dispatch_cycle_failed","fields":{"queueName":"all","service":"pipeline-worker"}}
{"timestamp":"2026-09-12T12:39:28.232Z","level":"error","event":"queue.dispatch_cycle_failed","fields":{"queueName":"all","service":"pipeline-worker"}}
{"timestamp":"2026-09-12T12:39:29.267Z","level":"error","event":"queue.dispatch_cycle_failed","fields":{"queueName":"all","service":"pipeline-worker"}}
{"timestamp":"2026-09-12T12:39:30.298Z","level":"error","event":"queue.dispatch_cycle_failed","fields":{"queueName":"all","service":"pipeline-worker"}}
{"timestamp":"2026-09-12T12:39:34.040Z","level":"error","event":"queue.lease_sweep_failed","fields":{"queueName":"all","service":"pipeline-worker"}}
{"timestamp":"2026-09-12T12:39:35.130Z","level":"error","event":"queue.dispatch_cycle_failed","fields":{"queueName":"all","service":"pipeline-worker"}}
{"timestamp":"2026-09-12T12:39:36.163Z","level":"error","event":"queue.dispatch_cycle_failed","fields":{"queueName":"all","service":"pipeline-worker"}}
{"timestamp":"2026-09-12T12:39:38.366Z","level":"error","event":"queue.dispatch_cycle_failed","fields":{"queueName":"all","service":"pipeline-worker"}}
{"timestamp":"2026-09-12T12:39:39.403Z","level":"error","event":"queue.dispatch_cycle_failed","fields":{"queueName":"all","service":"pipeline-worker"}}
{"timestamp":"2026-09-12T12:39:40.411Z","level":"error","event":"worker.consumer_failed","fields":{"queueName":"pipeline","service":"pipeline-worker"}}
{"timestamp":"2026-09-12T12:39:40.445Z","level":"error","event":"queue.dispatch_cycle_failed","fields":{"queueName":"all","service":"pipeline-worker"}}
{"timestamp":"2026-09-12T12:39:41.667Z","level":"error","event":"queue.dispatch_cycle_failed","fields":{"queueName":"all","service":"pipeline-worker"}}
{"timestamp":"2026-09-12T12:39:46.022Z","level":"error","event":"worker.consumer_failed","fields":{"queueName":"pipeline","service":"pipeline-worker"}}
{"timestamp":"2026-09-12T12:39:47.030Z","level":"error","event":"queue.dispatch_cycle_failed","fields":{"queueName":"all","service":"pipeline-worker"}}
{"timestamp":"2026-09-12T12:39:48.063Z","level":"error","event":"queue.dispatch_cycle_failed","fields":{"queueName":"all","service":"pipeline-worker"}}
{"timestamp":"2026-09-12T12:39:49.080Z","level":"error","event":"queue.lease_sweep_failed","fields":{"queueName":"all","service":"pipeline-worker"}}
{"timestamp":"2026-09-12T12:39:49.092Z","level":"error","event":"queue.dispatch_cycle_failed","fields":{"queueName":"all","service":"pipeline-worker"}}
{"timestamp":"2026-09-12T12:39:51.101Z","level":"error","event":"queue.dispatch_cycle_failed","fields":{"queueName":"all","service":"pipeline-worker"}}
{"timestamp":"2026-09-12T12:39:52.140Z","level":"error","event":"queue.dispatch_cycle_failed","fields":{"queueName":"all","service":"pipeline-worker"}}
{"timestamp":"2026-09-12T12:39:53.179Z","level":"error","event":"queue.dispatch_cycle_failed","fields":{"queueName":"all","service":"pipeline-worker"}}
{"timestamp":"2026-09-12T12:39:54.226Z","level":"error","event":"queue.dispatch_cycle_failed","fields":{"queueName":"all","service":"pipeline-worker"}}
{"timestamp":"2026-09-12T12:39:55.488Z","level":"error","event":"queue.dispatch_cycle_failed","fields":{"queueName":"all","service":"pipeline-worker"}}
{"timestamp":"2026-09-12T12:39:56.531Z","level":"error","event":"queue.dispatch_cycle_failed","fields":{"queueName":"all","service":"pipeline-worker"}}
{"timestamp":"2026-09-12T12:40:00.420Z","level":"error","event":"worker.consumer_failed","fields":{"queueName":"pipeline","service":"pipeline-worker"}}
{"timestamp":"2026-09-12T12:40:04.117Z","level":"error","event":"queue.lease_sweep_failed","fields":{"queueName":"all","service":"pipeline-worker"}}
{"timestamp":"2026-09-12T12:40:04.165Z","level":"error","event":"queue.dispatch_cycle_failed","fields":{"queueName":"all","service":"pipeline-worker"}}
{"timestamp":"2026-09-12T12:40:06.033Z","level":"error","event":"worker.consumer_failed","fields":{"queueName":"pipeline","service":"pipeline-worker"}}
{"timestamp":"2026-09-12T12:40:08.633Z","level":"error","event":"queue.dispatch_cycle_failed","fields":{"queueName":"all","service":"pipeline-worker"}}
{"timestamp":"2026-09-12T12:40:09.665Z","level":"error","event":"queue.dispatch_cycle_failed","fields":{"queueName":"all","service":"pipeline-worker"}}
{"timestamp":"2026-09-12T12:40:10.684Z","level":"error","event":"queue.dispatch_cycle_failed","fields":{"queueName":"all","service":"pipeline-worker"}}
{"timestamp":"2026-09-12T12:40:11.712Z","level":"error","event":"queue.dispatch_cycle_failed","fields":{"queueName":"all","service":"pipeline-worker"}}
{"timestamp":"2026-09-12T12:40:12.753Z","level":"error","event":"queue.dispatch_cycle_failed","fields":{"queueName":"all","service":"pipeline-worker"}}
{"timestamp":"2026-09-12T12:40:13.782Z","level":"error","event":"queue.dispatch_cycle_failed","fields":{"queueName":"all","service":"pipeline-worker"}}
{"timestamp":"2026-09-12T12:40:14.815Z","level":"error","event":"queue.dispatch_cycle_failed","fields":{"queueName":"all","service":"pipeline-worker"}}
{"timestamp":"2026-09-12T12:40:15.842Z","level":"error","event":"queue.dispatch_cycle_failed","fields":{"queueName":"all","service":"pipeline-worker"}}
{"timestamp":"2026-09-12T12:40:20.000Z","level":"error","event":"queue.lease_sweep_failed","fields":{"queueName":"all","service":"pipeline-worker"}}
{"timestamp":"2026-09-12T12:40:20.443Z","level":"error","event":"worker.consumer_failed","fields":{"queueName":"pipeline","service":"pipeline-worker"}}
{"timestamp":"2026-09-12T12:40:20.798Z","level":"error","event":"queue.dispatch_cycle_failed","fields":{"queueName":"all","service":"pipeline-worker"}}
{"timestamp":"2026-09-12T12:40:26.056Z","level":"error","event":"worker.consumer_failed","fields":{"queueName":"pipeline","service":"pipeline-worker"}}
{"timestamp":"2026-09-12T12:40:27.826Z","level":"error","event":"queue.dispatch_cycle_failed","fields":{"queueName":"all","service":"pipeline-worker"}}
{"timestamp":"2026-09-12T12:40:28.858Z","level":"error","event":"queue.dispatch_cycle_failed","fields":{"queueName":"all","service":"pipeline-worker"}}
{"timestamp":"2026-09-12T12:40:29.900Z","level":"error","event":"queue.dispatch_cycle_failed","fields":{"queueName":"all","service":"pipeline-worker"}}
{"timestamp":"2026-09-12T12:40:30.930Z","level":"error","event":"queue.dispatch_cycle_failed","fields":{"queueName":"all","service":"pipeline-worker"}}
{"timestamp":"2026-09-12T12:40:31.958Z","level":"error","event":"queue.dispatch_cycle_failed","fields":{"queueName":"all","service":"pipeline-worker"}}
{"timestamp":"2026-09-12T12:40:32.997Z","level":"error","event":"queue.dispatch_cycle_failed","fields":{"queueName":"all","service":"pipeline-worker"}}
{"timestamp":"2026-09-12T12:40:34.018Z","level":"error","event":"queue.dispatch_cycle_failed","fields":{"queueName":"all","service":"pipeline-worker"}}
{"timestamp":"2026-09-12T12:40:35.042Z","level":"error","event":"queue.lease_sweep_failed","fields":{"queueName":"all","service":"pipeline-worker"}}
{"timestamp":"2026-09-12T12:40:35.051Z","level":"error","event":"queue.dispatch_cycle_failed","fields":{"queueName":"all","service":"pipeline-worker"}}
{"timestamp":"2026-09-12T12:40:36.081Z","level":"error","event":"queue.dispatch_cycle_failed","fields":{"queueName":"all","service":"pipeline-worker"}}
{"timestamp":"2026-09-12T12:40:40.462Z","level":"error","event":"worker.consumer_failed","fields":{"queueName":"pipeline","service":"pipeline-worker"}}
{"timestamp":"2026-09-12T12:40:45.780Z","level":"error","event":"queue.dispatch_cycle_failed","fields":{"queueName":"all","service":"pipeline-worker"}}
{"timestamp":"2026-09-12T12:40:46.069Z","level":"error","event":"worker.consumer_failed","fields":{"queueName":"pipeline","service":"pipeline-worker"}}
{"timestamp":"2026-09-12T12:40:46.812Z","level":"error","event":"queue.dispatch_cycle_failed","fields":{"queueName":"all","service":"pipeline-worker"}}
{"timestamp":"2026-09-12T12:40:47.850Z","level":"error","event":"queue.dispatch_cycle_failed","fields":{"queueName":"all","service":"pipeline-worker"}}
{"timestamp":"2026-09-12T12:40:48.884Z","level":"error","event":"queue.dispatch_cycle_failed","fields":{"queueName":"all","service":"pipeline-worker"}}
{"timestamp":"2026-09-12T12:40:49.905Z","level":"error","event":"queue.dispatch_cycle_failed","fields":{"queueName":"all","service":"pipeline-worker"}}
{"timestamp":"2026-09-12T12:40:50.074Z","level":"error","event":"queue.lease_sweep_failed","fields":{"queueName":"all","service":"pipeline-worker"}}
{"timestamp":"2026-09-12T12:40:50.942Z","level":"error","event":"queue.dispatch_cycle_failed","fields":{"queueName":"all","service":"pipeline-worker"}}
{"timestamp":"2026-09-12T12:40:53.577Z","level":"error","event":"queue.dispatch_cycle_failed","fields":{"queueName":"all","service":"pipeline-worker"}}
{"timestamp":"2026-09-12T12:40:54.614Z","level":"error","event":"queue.dispatch_cycle_failed","fields":{"queueName":"all","service":"pipeline-worker"}}
{"timestamp":"2026-09-12T12:40:55.645Z","level":"error","event":"queue.dispatch_cycle_failed","fields":{"queueName":"all","service":"pipeline-worker"}}
{"timestamp":"2026-09-12T12:41:00.475Z","level":"error","event":"worker.consumer_failed","fields":{"queueName":"pipeline","service":"pipeline-worker"}}
{"timestamp":"2026-09-12T12:41:04.113Z","level":"error","event":"queue.dispatch_cycle_failed","fields":{"queueName":"all","service":"pipeline-worker"}}
{"timestamp":"2026-09-12T12:41:05.117Z","level":"error","event":"queue.lease_sweep_failed","fields":{"queueName":"all","service":"pipeline-worker"}}
{"timestamp":"2026-09-12T12:41:06.088Z","level":"error","event":"worker.consumer_failed","fields":{"queueName":"pipeline","service":"pipeline-worker"}}
{"timestamp":"2026-09-12T12:41:07.024Z","level":"error","event":"queue.dispatch_cycle_failed","fields":{"queueName":"all","service":"pipeline-worker"}}
{"timestamp":"2026-09-12T12:41:08.058Z","level":"error","event":"queue.dispatch_cycle_failed","fields":{"queueName":"all","service":"pipeline-worker"}}
{"timestamp":"2026-09-12T12:41:09.096Z","level":"error","event":"queue.dispatch_cycle_failed","fields":{"queueName":"all","service":"pipeline-worker"}}
{"timestamp":"2026-09-12T12:41:10.129Z","level":"error","event":"queue.dispatch_cycle_failed","fields":{"queueName":"all","service":"pipeline-worker"}}
{"timestamp":"2026-09-12T12:41:11.165Z","level":"error","event":"queue.dispatch_cycle_failed","fields":{"queueName":"all","service":"pipeline-worker"}}
{"timestamp":"2026-09-12T12:41:12.200Z","level":"error","event":"queue.dispatch_cycle_failed","fields":{"queueName":"all","service":"pipeline-worker"}}
{"timestamp":"2026-09-12T12:41:13.232Z","level":"error","event":"queue.dispatch_cycle_failed","fields":{"queueName":"all","service":"pipeline-worker"}}
{"timestamp":"2026-09-12T12:41:14.259Z","level":"error","event":"queue.dispatch_cycle_failed","fields":{"queueName":"all","service":"pipeline-worker"}}
{"timestamp":"2026-09-12T12:41:18.597Z","level":"error","event":"queue.dispatch_cycle_failed","fields":{"queueName":"all","service":"pipeline-worker"}}
{"timestamp":"2026-09-12T12:41:20.498Z","level":"error","event":"worker.consumer_failed","fields":{"queueName":"pipeline","service":"pipeline-worker"}}
{"timestamp":"2026-09-12T12:41:21.666Z","level":"error","event":"queue.lease_sweep_failed","fields":{"queueName":"all","service":"pipeline-worker"}}
{"timestamp":"2026-09-12T12:41:23.006Z","level":"error","event":"queue.dispatch_cycle_failed","fields":{"queueName":"all","service":"pipeline-worker"}}
{"timestamp":"2026-09-12T12:41:24.034Z","level":"error","event":"queue.dispatch_cycle_failed","fields":{"queueName":"all","service":"pipeline-worker"}}
{"timestamp":"2026-09-12T12:41:25.061Z","level":"error","event":"queue.dispatch_cycle_failed","fields":{"queueName":"all","service":"pipeline-worker"}}
{"timestamp":"2026-09-12T12:41:26.102Z","level":"error","event":"worker.consumer_failed","fields":{"queueName":"pipeline","service":"pipeline-worker"}}
{"timestamp":"2026-09-12T12:41:28.257Z","level":"error","event":"queue.dispatch_cycle_failed","fields":{"queueName":"all","service":"pipeline-worker"}}
{"timestamp":"2026-09-12T12:41:29.295Z","level":"error","event":"queue.dispatch_cycle_failed","fields":{"queueName":"all","service":"pipeline-worker"}}
{"timestamp":"2026-09-12T12:41:30.326Z","level":"error","event":"queue.dispatch_cycle_failed","fields":{"queueName":"all","service":"pipeline-worker"}}
{"timestamp":"2026-09-12T12:41:31.625Z","level":"error","event":"queue.dispatch_cycle_failed","fields":{"queueName":"all","service":"pipeline-worker"}}
{"timestamp":"2026-09-12T12:41:33.574Z","level":"error","event":"queue.dispatch_cycle_failed","fields":{"queueName":"all","service":"pipeline-worker"}}
{"timestamp":"2026-09-12T12:41:35.591Z","level":"error","event":"queue.dispatch_cycle_failed","fields":{"queueName":"all","service":"pipeline-worker"}}
{"timestamp":"2026-09-12T12:41:39.751Z","level":"error","event":"queue.lease_sweep_failed","fields":{"queueName":"all","service":"pipeline-worker"}}
{"timestamp":"2026-09-12T12:41:39.841Z","level":"error","event":"queue.dispatch_cycle_failed","fields":{"queueName":"all","service":"pipeline-worker"}}
{"timestamp":"2026-09-12T12:41:40.518Z","level":"error","event":"worker.consumer_failed","fields":{"queueName":"pipeline","service":"pipeline-worker"}}
{"timestamp":"2026-09-12T12:41:43.597Z","level":"error","event":"queue.dispatch_cycle_failed","fields":{"queueName":"all","service":"pipeline-worker"}}
{"timestamp":"2026-09-12T12:41:44.628Z","level":"error","event":"queue.dispatch_cycle_failed","fields":{"queueName":"all","service":"pipeline-worker"}}
{"timestamp":"2026-09-12T12:41:45.666Z","level":"error","event":"queue.dispatch_cycle_failed","fields":{"queueName":"all","service":"pipeline-worker"}}
{"timestamp":"2026-09-12T12:41:46.116Z","level":"error","event":"worker.consumer_failed","fields":{"queueName":"pipeline","service":"pipeline-worker"}}
{"timestamp":"2026-09-12T12:41:46.694Z","level":"error","event":"queue.dispatch_cycle_failed","fields":{"queueName":"all","service":"pipeline-worker"}}
{"timestamp":"2026-09-12T12:41:47.732Z","level":"error","event":"queue.dispatch_cycle_failed","fields":{"queueName":"all","service":"pipeline-worker"}}
{"timestamp":"2026-09-12T12:41:50.684Z","level":"error","event":"queue.dispatch_cycle_failed","fields":{"queueName":"all","service":"pipeline-worker"}}
{"timestamp":"2026-09-12T12:41:51.714Z","level":"error","event":"queue.dispatch_cycle_failed","fields":{"queueName":"all","service":"pipeline-worker"}}
{"timestamp":"2026-09-12T12:41:52.755Z","level":"error","event":"queue.dispatch_cycle_failed","fields":{"queueName":"all","service":"pipeline-worker"}}
{"timestamp":"2026-09-12T12:41:55.148Z","level":"error","event":"queue.lease_sweep_failed","fields":{"queueName":"all","service":"pipeline-worker"}}
{"timestamp":"2026-09-12T12:41:55.612Z","level":"error","event":"queue.dispatch_cycle_failed","fields":{"queueName":"all","service":"pipeline-worker"}}
{"timestamp":"2026-09-12T12:41:56.651Z","level":"error","event":"queue.dispatch_cycle_failed","fields":{"queueName":"all","service":"pipeline-worker"}}
{"timestamp":"2026-09-12T12:41:57.688Z","level":"error","event":"queue.dispatch_cycle_failed","fields":{"queueName":"all","service":"pipeline-worker"}}
{"timestamp":"2026-09-12T12:41:58.724Z","level":"error","event":"queue.dispatch_cycle_failed","fields":{"queueName":"all","service":"pipeline-worker"}}
{"timestamp":"2026-09-12T12:42:00.543Z","level":"error","event":"worker.consumer_failed","fields":{"queueName":"pipeline","service":"pipeline-worker"}}
{"timestamp":"2026-09-12T12:42:04.258Z","level":"error","event":"queue.dispatch_cycle_failed","fields":{"queueName":"all","service":"pipeline-worker"}}
{"timestamp":"2026-09-12T12:42:05.293Z","level":"error","event":"queue.dispatch_cycle_failed","fields":{"queueName":"all","service":"pipeline-worker"}}
{"timestamp":"2026-09-12T12:42:06.131Z","level":"error","event":"worker.consumer_failed","fields":{"queueName":"pipeline","service":"pipeline-worker"}}
{"timestamp":"2026-09-12T12:42:07.149Z","level":"error","event":"queue.dispatch_cycle_failed","fields":{"queueName":"all","service":"pipeline-worker"}}
{"timestamp":"2026-09-12T12:42:08.181Z","level":"error","event":"queue.dispatch_cycle_failed","fields":{"queueName":"all","service":"pipeline-worker"}}
{"timestamp":"2026-09-12T12:42:10.194Z","level":"error","event":"queue.lease_sweep_failed","fields":{"queueName":"all","service":"pipeline-worker"}}
{"timestamp":"2026-09-12T12:42:10.579Z","level":"error","event":"queue.dispatch_cycle_failed","fields":{"queueName":"all","service":"pipeline-worker"}}
{"timestamp":"2026-09-12T12:42:11.609Z","level":"error","event":"queue.dispatch_cycle_failed","fields":{"queueName":"all","service":"pipeline-worker"}}
{"timestamp":"2026-09-12T12:42:12.647Z","level":"error","event":"queue.dispatch_cycle_failed","fields":{"queueName":"all","service":"pipeline-worker"}}
{"timestamp":"2026-09-12T12:42:13.789Z","level":"error","event":"queue.dispatch_cycle_failed","fields":{"queueName":"all","service":"pipeline-worker"}}
{"timestamp":"2026-09-12T12:42:14.824Z","level":"error","event":"queue.dispatch_cycle_failed","fields":{"queueName":"all","service":"pipeline-worker"}}
{"timestamp":"2026-09-12T12:42:20.566Z","level":"error","event":"worker.consumer_failed","fields":{"queueName":"pipeline","service":"pipeline-worker"}}
{"timestamp":"2026-09-12T12:42:23.778Z","level":"error","event":"queue.dispatch_cycle_failed","fields":{"queueName":"all","service":"pipeline-worker"}}
{"timestamp":"2026-09-12T12:42:24.814Z","level":"error","event":"queue.dispatch_cycle_failed","fields":{"queueName":"all","service":"pipeline-worker"}}
{"timestamp":"2026-09-12T12:42:25.228Z","level":"error","event":"queue.lease_sweep_failed","fields":{"queueName":"all","service":"pipeline-worker"}}
{"timestamp":"2026-09-12T12:42:25.832Z","level":"error","event":"queue.dispatch_cycle_failed","fields":{"queueName":"all","service":"pipeline-worker"}}
{"timestamp":"2026-09-12T12:42:26.152Z","level":"error","event":"worker.consumer_failed","fields":{"queueName":"pipeline","service":"pipeline-worker"}}
{"timestamp":"2026-09-12T12:42:26.862Z","level":"error","event":"queue.dispatch_cycle_failed","fields":{"queueName":"all","service":"pipeline-worker"}}
{"timestamp":"2026-09-12T12:42:27.896Z","level":"error","event":"queue.dispatch_cycle_failed","fields":{"queueName":"all","service":"pipeline-worker"}}
{"timestamp":"2026-09-12T12:42:28.929Z","level":"error","event":"queue.dispatch_cycle_failed","fields":{"queueName":"all","service":"pipeline-worker"}}
{"timestamp":"2026-09-12T12:42:29.958Z","level":"error","event":"queue.dispatch_cycle_failed","fields":{"queueName":"all","service":"pipeline-worker"}}
{"timestamp":"2026-09-12T12:42:32.940Z","level":"error","event":"queue.dispatch_cycle_failed","fields":{"queueName":"all","service":"pipeline-worker"}}
{"timestamp":"2026-09-12T12:42:33.974Z","level":"error","event":"queue.dispatch_cycle_failed","fields":{"queueName":"all","service":"pipeline-worker"}}
{"timestamp":"2026-09-12T12:42:38.707Z","level":"error","event":"queue.dispatch_cycle_failed","fields":{"queueName":"all","service":"pipeline-worker"}}
{"timestamp":"2026-09-12T12:42:40.261Z","level":"error","event":"queue.lease_sweep_failed","fields":{"queueName":"all","service":"pipeline-worker"}}
{"timestamp":"2026-09-12T12:42:40.585Z","level":"error","event":"worker.consumer_failed","fields":{"queueName":"pipeline","service":"pipeline-worker"}}
{"timestamp":"2026-09-12T12:42:42.734Z","level":"error","event":"queue.dispatch_cycle_failed","fields":{"queueName":"all","service":"pipeline-worker"}}
{"timestamp":"2026-09-12T12:42:43.761Z","level":"error","event":"queue.dispatch_cycle_failed","fields":{"queueName":"all","service":"pipeline-worker"}}
{"timestamp":"2026-09-12T12:42:46.172Z","level":"error","event":"worker.consumer_failed","fields":{"queueName":"pipeline","service":"pipeline-worker"}}
{"timestamp":"2026-09-12T12:42:46.773Z","level":"error","event":"queue.dispatch_cycle_failed","fields":{"queueName":"all","service":"pipeline-worker"}}
{"timestamp":"2026-09-12T12:42:47.803Z","level":"error","event":"queue.dispatch_cycle_failed","fields":{"queueName":"all","service":"pipeline-worker"}}
{"timestamp":"2026-09-12T12:42:48.839Z","level":"error","event":"queue.dispatch_cycle_failed","fields":{"queueName":"all","service":"pipeline-worker"}}
{"timestamp":"2026-09-12T12:42:49.876Z","level":"error","event":"queue.dispatch_cycle_failed","fields":{"queueName":"all","service":"pipeline-worker"}}
{"timestamp":"2026-09-12T12:42:50.900Z","level":"error","event":"queue.dispatch_cycle_failed","fields":{"queueName":"all","service":"pipeline-worker"}}
{"timestamp":"2026-09-12T12:42:51.928Z","level":"error","event":"queue.dispatch_cycle_failed","fields":{"queueName":"all","service":"pipeline-worker"}}
{"timestamp":"2026-09-12T12:42:55.289Z","level":"error","event":"queue.lease_sweep_failed","fields":{"queueName":"all","service":"pipeline-worker"}}
{"timestamp":"2026-09-12T12:42:57.791Z","level":"error","event":"queue.dispatch_cycle_failed","fields":{"queueName":"all","service":"pipeline-worker"}}
{"timestamp":"2026-09-12T12:42:58.824Z","level":"error","event":"queue.dispatch_cycle_failed","fields":{"queueName":"all","service":"pipeline-worker"}}
{"timestamp":"2026-09-12T12:42:59.858Z","level":"error","event":"queue.dispatch_cycle_failed","fields":{"queueName":"all","service":"pipeline-worker"}}
{"timestamp":"2026-09-12T12:43:00.600Z","level":"error","event":"worker.consumer_failed","fields":{"queueName":"pipeline","service":"pipeline-worker"}}
{"timestamp":"2026-09-12T12:43:02.164Z","level":"error","event":"queue.dispatch_cycle_failed","fields":{"queueName":"all","service":"pipeline-worker"}}
{"timestamp":"2026-09-12T12:43:03.200Z","level":"error","event":"queue.dispatch_cycle_failed","fields":{"queueName":"all","service":"pipeline-worker"}}
{"timestamp":"2026-09-12T12:43:04.238Z","level":"error","event":"queue.dispatch_cycle_failed","fields":{"queueName":"all","service":"pipeline-worker"}}
{"timestamp":"2026-09-12T12:43:06.194Z","level":"error","event":"worker.consumer_failed","fields":{"queueName":"pipeline","service":"pipeline-worker"}}
{"timestamp":"2026-09-12T12:43:07.092Z","level":"error","event":"queue.dispatch_cycle_failed","fields":{"queueName":"all","service":"pipeline-worker"}}
{"timestamp":"2026-09-12T12:43:08.131Z","level":"error","event":"queue.dispatch_cycle_failed","fields":{"queueName":"all","service":"pipeline-worker"}}
{"timestamp":"2026-09-12T12:43:09.167Z","level":"error","event":"queue.dispatch_cycle_failed","fields":{"queueName":"all","service":"pipeline-worker"}}
{"timestamp":"2026-09-12T12:43:10.195Z","level":"error","event":"queue.dispatch_cycle_failed","fields":{"queueName":"all","service":"pipeline-worker"}}
{"timestamp":"2026-09-12T12:43:12.706Z","level":"error","event":"queue.lease_sweep_failed","fields":{"queueName":"all","service":"pipeline-worker"}}
{"timestamp":"2026-09-12T12:43:17.343Z","level":"error","event":"queue.dispatch_cycle_failed","fields":{"queueName":"all","service":"pipeline-worker"}}
{"timestamp":"2026-09-12T12:43:18.380Z","level":"error","event":"queue.dispatch_cycle_failed","fields":{"queueName":"all","service":"pipeline-worker"}}
{"timestamp":"2026-09-12T12:43:19.413Z","level":"error","event":"queue.dispatch_cycle_failed","fields":{"queueName":"all","service":"pipeline-worker"}}
{"timestamp":"2026-09-12T12:43:20.449Z","level":"error","event":"queue.dispatch_cycle_failed","fields":{"queueName":"all","service":"pipeline-worker"}}
{"timestamp":"2026-09-12T12:43:20.620Z","level":"error","event":"worker.consumer_failed","fields":{"queueName":"pipeline","service":"pipeline-worker"}}
{"timestamp":"2026-09-12T12:43:22.563Z","level":"error","event":"queue.dispatch_cycle_failed","fields":{"queueName":"all","service":"pipeline-worker"}}
{"timestamp":"2026-09-12T12:43:26.214Z","level":"error","event":"worker.consumer_failed","fields":{"queueName":"pipeline","service":"pipeline-worker"}}
{"timestamp":"2026-09-12T12:43:26.632Z","level":"error","event":"queue.dispatch_cycle_failed","fields":{"queueName":"all","service":"pipeline-worker"}}
{"timestamp":"2026-09-12T12:43:27.673Z","level":"error","event":"queue.dispatch_cycle_failed","fields":{"queueName":"all","service":"pipeline-worker"}}
{"timestamp":"2026-09-12T12:43:27.744Z","level":"error","event":"queue.lease_sweep_failed","fields":{"queueName":"all","service":"pipeline-worker"}}
{"timestamp":"2026-09-12T12:43:28.698Z","level":"error","event":"queue.dispatch_cycle_failed","fields":{"queueName":"all","service":"pipeline-worker"}}
{"timestamp":"2026-09-12T12:43:29.733Z","level":"error","event":"queue.dispatch_cycle_failed","fields":{"queueName":"all","service":"pipeline-worker"}}
{"timestamp":"2026-09-12T12:43:33.806Z","level":"error","event":"queue.dispatch_cycle_failed","fields":{"queueName":"all","service":"pipeline-worker"}}
{"timestamp":"2026-09-12T12:43:34.845Z","level":"error","event":"queue.dispatch_cycle_failed","fields":{"queueName":"all","service":"pipeline-worker"}}
{"timestamp":"2026-09-12T12:43:35.879Z","level":"error","event":"queue.dispatch_cycle_failed","fields":{"queueName":"all","service":"pipeline-worker"}}
{"timestamp":"2026-09-12T12:43:38.264Z","level":"error","event":"queue.dispatch_cycle_failed","fields":{"queueName":"all","service":"pipeline-worker"}}
{"timestamp":"2026-09-12T12:43:40.648Z","level":"error","event":"worker.consumer_failed","fields":{"queueName":"pipeline","service":"pipeline-worker"}}
{"timestamp":"2026-09-12T12:43:41.196Z","level":"error","event":"queue.dispatch_cycle_failed","fields":{"queueName":"all","service":"pipeline-worker"}}
{"timestamp":"2026-09-12T12:43:42.228Z","level":"error","event":"queue.dispatch_cycle_failed","fields":{"queueName":"all","service":"pipeline-worker"}}
{"timestamp":"2026-09-12T12:43:43.326Z","level":"error","event":"queue.lease_sweep_failed","fields":{"queueName":"all","service":"pipeline-worker"}}
{"timestamp":"2026-09-12T12:43:44.221Z","level":"error","event":"queue.dispatch_cycle_failed","fields":{"queueName":"all","service":"pipeline-worker"}}
{"timestamp":"2026-09-12T12:43:45.760Z","level":"error","event":"queue.dispatch_cycle_failed","fields":{"queueName":"all","service":"pipeline-worker"}}
{"timestamp":"2026-09-12T12:43:46.301Z","level":"error","event":"worker.consumer_failed","fields":{"queueName":"pipeline","service":"pipeline-worker"}}
{"timestamp":"2026-09-12T12:43:47.749Z","level":"error","event":"queue.dispatch_cycle_failed","fields":{"queueName":"all","service":"pipeline-worker"}}
{"timestamp":"2026-09-12T12:43:51.173Z","level":"error","event":"queue.dispatch_cycle_failed","fields":{"queueName":"all","service":"pipeline-worker"}}
{"timestamp":"2026-09-12T12:43:52.601Z","level":"error","event":"queue.dispatch_cycle_failed","fields":{"queueName":"all","service":"pipeline-worker"}}
{"timestamp":"2026-09-12T12:43:53.988Z","level":"error","event":"queue.dispatch_cycle_failed","fields":{"queueName":"all","service":"pipeline-worker"}}
{"timestamp":"2026-09-12T12:43:55.023Z","level":"error","event":"queue.dispatch_cycle_failed","fields":{"queueName":"all","service":"pipeline-worker"}}
{"timestamp":"2026-09-12T12:43:56.529Z","level":"error","event":"queue.dispatch_cycle_failed","fields":{"queueName":"all","service":"pipeline-worker"}}
{"timestamp":"2026-09-12T12:43:58.994Z","level":"error","event":"queue.lease_sweep_failed","fields":{"queueName":"all","service":"pipeline-worker"}}
{"timestamp":"2026-09-12T12:44:00.293Z","level":"error","event":"queue.dispatch_cycle_failed","fields":{"queueName":"all","service":"pipeline-worker"}}
{"timestamp":"2026-09-12T12:44:00.679Z","level":"error","event":"worker.consumer_failed","fields":{"queueName":"pipeline","service":"pipeline-worker"}}
{"timestamp":"2026-09-12T12:44:03.943Z","level":"error","event":"queue.dispatch_cycle_failed","fields":{"queueName":"all","service":"pipeline-worker"}}
{"timestamp":"2026-09-12T12:44:04.965Z","level":"error","event":"queue.dispatch_cycle_failed","fields":{"queueName":"all","service":"pipeline-worker"}}
{"timestamp":"2026-09-12T12:44:05.992Z","level":"error","event":"queue.dispatch_cycle_failed","fields":{"queueName":"all","service":"pipeline-worker"}}
{"timestamp":"2026-09-12T12:44:06.858Z","level":"error","event":"worker.consumer_failed","fields":{"queueName":"pipeline","service":"pipeline-worker"}}
{"timestamp":"2026-09-12T12:44:09.695Z","level":"error","event":"queue.dispatch_cycle_failed","fields":{"queueName":"all","service":"pipeline-worker"}}
{"timestamp":"2026-09-12T12:44:10.727Z","level":"error","event":"queue.dispatch_cycle_failed","fields":{"queueName":"all","service":"pipeline-worker"}}
{"timestamp":"2026-09-12T12:44:11.759Z","level":"error","event":"queue.dispatch_cycle_failed","fields":{"queueName":"all","service":"pipeline-worker"}}
{"timestamp":"2026-09-12T12:44:12.793Z","level":"error","event":"queue.dispatch_cycle_failed","fields":{"queueName":"all","service":"pipeline-worker"}}
{"timestamp":"2026-09-12T12:44:13.825Z","level":"error","event":"queue.dispatch_cycle_failed","fields":{"queueName":"all","service":"pipeline-worker"}}
{"timestamp":"2026-09-12T12:44:14.028Z","level":"error","event":"queue.lease_sweep_failed","fields":{"queueName":"all","service":"pipeline-worker"}}
{"timestamp":"2026-09-12T12:44:16.728Z","level":"error","event":"queue.dispatch_cycle_failed","fields":{"queueName":"all","service":"pipeline-worker"}}
{"timestamp":"2026-09-12T12:44:17.759Z","level":"error","event":"queue.dispatch_cycle_failed","fields":{"queueName":"all","service":"pipeline-worker"}}
{"timestamp":"2026-09-12T12:44:20.701Z","level":"error","event":"worker.consumer_failed","fields":{"queueName":"pipeline","service":"pipeline-worker"}}
{"timestamp":"2026-09-12T12:44:21.889Z","level":"error","event":"queue.dispatch_cycle_failed","fields":{"queueName":"all","service":"pipeline-worker"}}
{"timestamp":"2026-09-12T12:44:22.921Z","level":"error","event":"queue.dispatch_cycle_failed","fields":{"queueName":"all","service":"pipeline-worker"}}
{"timestamp":"2026-09-12T12:44:26.870Z","level":"error","event":"worker.consumer_failed","fields":{"queueName":"pipeline","service":"pipeline-worker"}}
{"timestamp":"2026-09-12T12:44:29.067Z","level":"error","event":"queue.lease_sweep_failed","fields":{"queueName":"all","service":"pipeline-worker"}}
{"timestamp":"2026-09-12T12:44:29.558Z","level":"error","event":"queue.dispatch_cycle_failed","fields":{"queueName":"all","service":"pipeline-worker"}}
{"timestamp":"2026-09-12T12:44:30.589Z","level":"error","event":"queue.dispatch_cycle_failed","fields":{"queueName":"all","service":"pipeline-worker"}}
{"timestamp":"2026-09-12T12:44:31.621Z","level":"error","event":"queue.dispatch_cycle_failed","fields":{"queueName":"all","service":"pipeline-worker"}}
{"timestamp":"2026-09-12T12:44:32.654Z","level":"error","event":"queue.dispatch_cycle_failed","fields":{"queueName":"all","service":"pipeline-worker"}}
{"timestamp":"2026-09-12T12:44:33.692Z","level":"error","event":"queue.dispatch_cycle_failed","fields":{"queueName":"all","service":"pipeline-worker"}}
{"timestamp":"2026-09-12T12:44:36.356Z","level":"error","event":"queue.dispatch_cycle_failed","fields":{"queueName":"all","service":"pipeline-worker"}}
{"timestamp":"2026-09-12T12:44:37.389Z","level":"error","event":"queue.dispatch_cycle_failed","fields":{"queueName":"all","service":"pipeline-worker"}}
{"timestamp":"2026-09-12T12:44:38.425Z","level":"error","event":"queue.dispatch_cycle_failed","fields":{"queueName":"all","service":"pipeline-worker"}}
{"timestamp":"2026-09-12T12:44:39.459Z","level":"error","event":"queue.dispatch_cycle_failed","fields":{"queueName":"all","service":"pipeline-worker"}}
{"timestamp":"2026-09-12T12:44:40.717Z","level":"error","event":"worker.consumer_failed","fields":{"queueName":"pipeline","service":"pipeline-worker"}}
{"timestamp":"2026-09-12T12:44:44.623Z","level":"error","event":"queue.lease_sweep_failed","fields":{"queueName":"all","service":"pipeline-worker"}}
{"timestamp":"2026-09-12T12:44:46.895Z","level":"error","event":"worker.consumer_failed","fields":{"queueName":"pipeline","service":"pipeline-worker"}}
{"timestamp":"2026-09-12T12:44:47.602Z","level":"error","event":"queue.dispatch_cycle_failed","fields":{"queueName":"all","service":"pipeline-worker"}}
{"timestamp":"2026-09-12T12:44:48.634Z","level":"error","event":"queue.dispatch_cycle_failed","fields":{"queueName":"all","service":"pipeline-worker"}}
{"timestamp":"2026-09-12T12:44:49.668Z","level":"error","event":"queue.dispatch_cycle_failed","fields":{"queueName":"all","service":"pipeline-worker"}}
{"timestamp":"2026-09-12T12:44:50.706Z","level":"error","event":"queue.dispatch_cycle_failed","fields":{"queueName":"all","service":"pipeline-worker"}}
{"timestamp":"2026-09-12T12:44:51.736Z","level":"error","event":"queue.dispatch_cycle_failed","fields":{"queueName":"all","service":"pipeline-worker"}}
{"timestamp":"2026-09-12T12:44:52.774Z","level":"error","event":"queue.dispatch_cycle_failed","fields":{"queueName":"all","service":"pipeline-worker"}}
{"timestamp":"2026-09-12T12:44:57.276Z","level":"error","event":"queue.dispatch_cycle_failed","fields":{"queueName":"all","service":"pipeline-worker"}}
{"timestamp":"2026-09-12T12:44:58.300Z","level":"error","event":"queue.dispatch_cycle_failed","fields":{"queueName":"all","service":"pipeline-worker"}}
{"timestamp":"2026-09-12T12:44:59.340Z","level":"error","event":"queue.dispatch_cycle_failed","fields":{"queueName":"all","service":"pipeline-worker"}}
{"timestamp":"2026-09-12T12:44:59.663Z","level":"error","event":"queue.lease_sweep_failed","fields":{"queueName":"all","service":"pipeline-worker"}}
{"timestamp":"2026-09-12T12:45:00.739Z","level":"error","event":"worker.consumer_failed","fields":{"queueName":"pipeline","service":"pipeline-worker"}}
{"timestamp":"2026-09-12T12:45:01.403Z","level":"error","event":"queue.dispatch_cycle_failed","fields":{"queueName":"all","service":"pipeline-worker"}}
{"timestamp":"2026-09-12T12:45:06.904Z","level":"error","event":"worker.consumer_failed","fields":{"queueName":"pipeline","service":"pipeline-worker"}}
{"timestamp":"2026-09-12T12:45:08.457Z","level":"error","event":"queue.dispatch_cycle_failed","fields":{"queueName":"all","service":"pipeline-worker"}}
{"timestamp":"2026-09-12T12:45:09.487Z","level":"error","event":"queue.dispatch_cycle_failed","fields":{"queueName":"all","service":"pipeline-worker"}}
{"timestamp":"2026-09-12T12:45:10.512Z","level":"error","event":"queue.dispatch_cycle_failed","fields":{"queueName":"all","service":"pipeline-worker"}}
{"timestamp":"2026-09-12T12:45:11.538Z","level":"error","event":"queue.dispatch_cycle_failed","fields":{"queueName":"all","service":"pipeline-worker"}}
{"timestamp":"2026-09-12T12:45:12.568Z","level":"error","event":"queue.dispatch_cycle_failed","fields":{"queueName":"all","service":"pipeline-worker"}}
{"timestamp":"2026-09-12T12:45:13.597Z","level":"error","event":"queue.dispatch_cycle_failed","fields":{"queueName":"all","service":"pipeline-worker"}}
{"timestamp":"2026-09-12T12:45:14.631Z","level":"error","event":"queue.dispatch_cycle_failed","fields":{"queueName":"all","service":"pipeline-worker"}}
{"timestamp":"2026-09-12T12:45:14.697Z","level":"error","event":"queue.lease_sweep_failed","fields":{"queueName":"all","service":"pipeline-worker"}}
{"timestamp":"2026-09-12T12:45:15.661Z","level":"error","event":"queue.dispatch_cycle_failed","fields":{"queueName":"all","service":"pipeline-worker"}}
{"timestamp":"2026-09-12T12:45:18.111Z","level":"error","event":"queue.dispatch_cycle_failed","fields":{"queueName":"all","service":"pipeline-worker"}}
{"timestamp":"2026-09-12T12:45:20.760Z","level":"error","event":"worker.consumer_failed","fields":{"queueName":"pipeline","service":"pipeline-worker"}}
{"timestamp":"2026-09-12T12:45:21.955Z","level":"error","event":"queue.dispatch_cycle_failed","fields":{"queueName":"all","service":"pipeline-worker"}}
{"timestamp":"2026-09-12T12:45:26.913Z","level":"error","event":"worker.consumer_failed","fields":{"queueName":"pipeline","service":"pipeline-worker"}}
{"timestamp":"2026-09-12T12:45:28.162Z","level":"error","event":"queue.dispatch_cycle_failed","fields":{"queueName":"all","service":"pipeline-worker"}}
{"timestamp":"2026-09-12T12:45:29.189Z","level":"error","event":"queue.dispatch_cycle_failed","fields":{"queueName":"all","service":"pipeline-worker"}}
{"timestamp":"2026-09-12T12:45:29.723Z","level":"error","event":"queue.lease_sweep_failed","fields":{"queueName":"all","service":"pipeline-worker"}}
{"timestamp":"2026-09-12T12:45:30.222Z","level":"error","event":"queue.dispatch_cycle_failed","fields":{"queueName":"all","service":"pipeline-worker"}}
{"timestamp":"2026-09-12T12:45:31.253Z","level":"error","event":"queue.dispatch_cycle_failed","fields":{"queueName":"all","service":"pipeline-worker"}}
{"timestamp":"2026-09-12T12:45:32.276Z","level":"error","event":"queue.dispatch_cycle_failed","fields":{"queueName":"all","service":"pipeline-worker"}}
{"timestamp":"2026-09-12T12:45:33.306Z","level":"error","event":"queue.dispatch_cycle_failed","fields":{"queueName":"all","service":"pipeline-worker"}}
{"timestamp":"2026-09-12T12:45:34.343Z","level":"error","event":"queue.dispatch_cycle_failed","fields":{"queueName":"all","service":"pipeline-worker"}}
{"timestamp":"2026-09-12T12:45:35.381Z","level":"error","event":"queue.dispatch_cycle_failed","fields":{"queueName":"all","service":"pipeline-worker"}}
{"timestamp":"2026-09-12T12:45:38.646Z","level":"error","event":"queue.dispatch_cycle_failed","fields":{"queueName":"all","service":"pipeline-worker"}}
{"timestamp":"2026-09-12T12:45:40.459Z","level":"error","event":"queue.dispatch_cycle_failed","fields":{"queueName":"all","service":"pipeline-worker"}}
{"timestamp":"2026-09-12T12:45:40.780Z","level":"error","event":"worker.consumer_failed","fields":{"queueName":"pipeline","service":"pipeline-worker"}}
{"timestamp":"2026-09-12T12:45:41.490Z","level":"error","event":"queue.dispatch_cycle_failed","fields":{"queueName":"all","service":"pipeline-worker"}}
{"timestamp":"2026-09-12T12:45:42.513Z","level":"error","event":"queue.dispatch_cycle_failed","fields":{"queueName":"all","service":"pipeline-worker"}}
{"timestamp":"2026-09-12T12:45:45.645Z","level":"error","event":"queue.lease_sweep_failed","fields":{"queueName":"all","service":"pipeline-worker"}}
{"timestamp":"2026-09-12T12:45:46.933Z","level":"error","event":"worker.consumer_failed","fields":{"queueName":"pipeline","service":"pipeline-worker"}}
{"timestamp":"2026-09-12T12:45:48.096Z","level":"error","event":"queue.dispatch_cycle_failed","fields":{"queueName":"all","service":"pipeline-worker"}}
{"timestamp":"2026-09-12T12:45:51.542Z","level":"error","event":"queue.dispatch_cycle_failed","fields":{"queueName":"all","service":"pipeline-worker"}}
{"timestamp":"2026-09-12T12:45:52.577Z","level":"error","event":"queue.dispatch_cycle_failed","fields":{"queueName":"all","service":"pipeline-worker"}}
{"timestamp":"2026-09-12T12:45:53.603Z","level":"error","event":"queue.dispatch_cycle_failed","fields":{"queueName":"all","service":"pipeline-worker"}}
{"timestamp":"2026-09-12T12:45:54.637Z","level":"error","event":"queue.dispatch_cycle_failed","fields":{"queueName":"all","service":"pipeline-worker"}}
{"timestamp":"2026-09-12T12:45:55.667Z","level":"error","event":"queue.dispatch_cycle_failed","fields":{"queueName":"all","service":"pipeline-worker"}}
{"timestamp":"2026-09-12T12:45:56.705Z","level":"error","event":"queue.dispatch_cycle_failed","fields":{"queueName":"all","service":"pipeline-worker"}}
{"timestamp":"2026-09-12T12:45:57.744Z","level":"error","event":"queue.dispatch_cycle_failed","fields":{"queueName":"all","service":"pipeline-worker"}}
{"timestamp":"2026-09-12T12:45:58.959Z","level":"error","event":"queue.dispatch_cycle_failed","fields":{"queueName":"all","service":"pipeline-worker"}}
{"timestamp":"2026-09-12T12:46:00.792Z","level":"error","event":"worker.consumer_failed","fields":{"queueName":"pipeline","service":"pipeline-worker"}}
{"timestamp":"2026-09-12T12:46:01.861Z","level":"error","event":"queue.dispatch_cycle_failed","fields":{"queueName":"all","service":"pipeline-worker"}}
{"timestamp":"2026-09-12T12:46:02.878Z","level":"error","event":"queue.dispatch_cycle_failed","fields":{"queueName":"all","service":"pipeline-worker"}}
{"timestamp":"2026-09-12T12:46:06.690Z","level":"error","event":"queue.lease_sweep_failed","fields":{"queueName":"all","service":"pipeline-worker"}}
{"timestamp":"2026-09-12T12:46:06.940Z","level":"error","event":"worker.consumer_failed","fields":{"queueName":"pipeline","service":"pipeline-worker"}}
{"timestamp":"2026-09-12T12:46:10.472Z","level":"error","event":"queue.dispatch_cycle_failed","fields":{"queueName":"all","service":"pipeline-worker"}}
{"timestamp":"2026-09-12T12:46:11.500Z","level":"error","event":"queue.dispatch_cycle_failed","fields":{"queueName":"all","service":"pipeline-worker"}}
{"timestamp":"2026-09-12T12:46:14.254Z","level":"error","event":"queue.dispatch_cycle_failed","fields":{"queueName":"all","service":"pipeline-worker"}}
{"timestamp":"2026-09-12T12:46:15.303Z","level":"error","event":"queue.dispatch_cycle_failed","fields":{"queueName":"all","service":"pipeline-worker"}}
{"timestamp":"2026-09-12T12:46:16.341Z","level":"error","event":"queue.dispatch_cycle_failed","fields":{"queueName":"all","service":"pipeline-worker"}}
{"timestamp":"2026-09-12T12:46:17.574Z","level":"error","event":"queue.dispatch_cycle_failed","fields":{"queueName":"all","service":"pipeline-worker"}}
{"timestamp":"2026-09-12T12:46:18.616Z","level":"error","event":"queue.dispatch_cycle_failed","fields":{"queueName":"all","service":"pipeline-worker"}}
{"timestamp":"2026-09-12T12:46:19.658Z","level":"error","event":"queue.dispatch_cycle_failed","fields":{"queueName":"all","service":"pipeline-worker"}}
{"timestamp":"2026-09-12T12:46:20.801Z","level":"error","event":"worker.consumer_failed","fields":{"queueName":"pipeline","service":"pipeline-worker"}}
{"timestamp":"2026-09-12T12:46:21.729Z","level":"error","event":"queue.lease_sweep_failed","fields":{"queueName":"all","service":"pipeline-worker"}}
{"timestamp":"2026-09-12T12:46:22.762Z","level":"error","event":"queue.dispatch_cycle_failed","fields":{"queueName":"all","service":"pipeline-worker"}}
{"timestamp":"2026-09-12T12:46:26.953Z","level":"error","event":"worker.consumer_failed","fields":{"queueName":"pipeline","service":"pipeline-worker"}}
{"timestamp":"2026-09-12T12:46:27.483Z","level":"error","event":"queue.dispatch_cycle_failed","fields":{"queueName":"all","service":"pipeline-worker"}}
{"timestamp":"2026-09-12T12:46:28.517Z","level":"error","event":"queue.dispatch_cycle_failed","fields":{"queueName":"all","service":"pipeline-worker"}}
{"timestamp":"2026-09-12T12:46:30.434Z","level":"error","event":"queue.dispatch_cycle_failed","fields":{"queueName":"all","service":"pipeline-worker"}}
{"timestamp":"2026-09-12T12:46:34.304Z","level":"error","event":"queue.dispatch_cycle_failed","fields":{"queueName":"all","service":"pipeline-worker"}}
{"timestamp":"2026-09-12T12:46:35.337Z","level":"error","event":"queue.dispatch_cycle_failed","fields":{"queueName":"all","service":"pipeline-worker"}}
{"timestamp":"2026-09-12T12:46:36.376Z","level":"error","event":"queue.dispatch_cycle_failed","fields":{"queueName":"all","service":"pipeline-worker"}}
{"timestamp":"2026-09-12T12:46:36.749Z","level":"error","event":"queue.lease_sweep_failed","fields":{"queueName":"all","service":"pipeline-worker"}}
{"timestamp":"2026-09-12T12:46:37.406Z","level":"error","event":"queue.dispatch_cycle_failed","fields":{"queueName":"all","service":"pipeline-worker"}}
{"timestamp":"2026-09-12T12:46:38.444Z","level":"error","event":"queue.dispatch_cycle_failed","fields":{"queueName":"all","service":"pipeline-worker"}}
{"timestamp":"2026-09-12T12:46:39.474Z","level":"error","event":"queue.dispatch_cycle_failed","fields":{"queueName":"all","service":"pipeline-worker"}}
{"timestamp":"2026-09-12T12:46:40.506Z","level":"error","event":"queue.dispatch_cycle_failed","fields":{"queueName":"all","service":"pipeline-worker"}}
{"timestamp":"2026-09-12T12:46:40.824Z","level":"error","event":"worker.consumer_failed","fields":{"queueName":"pipeline","service":"pipeline-worker"}}
{"timestamp":"2026-09-12T12:46:46.817Z","level":"error","event":"queue.dispatch_cycle_failed","fields":{"queueName":"all","service":"pipeline-worker"}}
{"timestamp":"2026-09-12T12:46:46.976Z","level":"error","event":"worker.consumer_failed","fields":{"queueName":"pipeline","service":"pipeline-worker"}}
{"timestamp":"2026-09-12T12:46:48.675Z","level":"error","event":"queue.dispatch_cycle_failed","fields":{"queueName":"all","service":"pipeline-worker"}}
{"timestamp":"2026-09-12T12:46:49.709Z","level":"error","event":"queue.dispatch_cycle_failed","fields":{"queueName":"all","service":"pipeline-worker"}}
{"timestamp":"2026-09-12T12:46:50.745Z","level":"error","event":"queue.dispatch_cycle_failed","fields":{"queueName":"all","service":"pipeline-worker"}}
{"timestamp":"2026-09-12T12:46:52.650Z","level":"error","event":"queue.lease_sweep_failed","fields":{"queueName":"all","service":"pipeline-worker"}}
{"timestamp":"2026-09-12T12:46:55.671Z","level":"error","event":"queue.dispatch_cycle_failed","fields":{"queueName":"all","service":"pipeline-worker"}}
{"timestamp":"2026-09-12T12:46:56.710Z","level":"error","event":"queue.dispatch_cycle_failed","fields":{"queueName":"all","service":"pipeline-worker"}}
{"timestamp":"2026-09-12T12:46:57.734Z","level":"error","event":"queue.dispatch_cycle_failed","fields":{"queueName":"all","service":"pipeline-worker"}}
{"timestamp":"2026-09-12T12:46:58.764Z","level":"error","event":"queue.dispatch_cycle_failed","fields":{"queueName":"all","service":"pipeline-worker"}}
{"timestamp":"2026-09-12T12:46:59.792Z","level":"error","event":"queue.dispatch_cycle_failed","fields":{"queueName":"all","service":"pipeline-worker"}}
{"timestamp":"2026-09-12T12:47:00.839Z","level":"error","event":"worker.consumer_failed","fields":{"queueName":"pipeline","service":"pipeline-worker"}}
{"timestamp":"2026-09-12T12:47:03.218Z","level":"error","event":"queue.dispatch_cycle_failed","fields":{"queueName":"all","service":"pipeline-worker"}}
{"timestamp":"2026-09-12T12:47:04.251Z","level":"error","event":"queue.dispatch_cycle_failed","fields":{"queueName":"all","service":"pipeline-worker"}}
{"timestamp":"2026-09-12T12:47:05.287Z","level":"error","event":"queue.dispatch_cycle_failed","fields":{"queueName":"all","service":"pipeline-worker"}}
{"timestamp":"2026-09-12T12:47:06.321Z","level":"error","event":"queue.dispatch_cycle_failed","fields":{"queueName":"all","service":"pipeline-worker"}}
{"timestamp":"2026-09-12T12:47:06.998Z","level":"error","event":"worker.consumer_failed","fields":{"queueName":"pipeline","service":"pipeline-worker"}}
{"timestamp":"2026-09-12T12:47:07.686Z","level":"error","event":"queue.lease_sweep_failed","fields":{"queueName":"all","service":"pipeline-worker"}}
{"timestamp":"2026-09-12T12:47:08.858Z","level":"error","event":"queue.dispatch_cycle_failed","fields":{"queueName":"all","service":"pipeline-worker"}}
{"timestamp":"2026-09-12T12:47:10.003Z","level":"error","event":"queue.dispatch_cycle_failed","fields":{"queueName":"all","service":"pipeline-worker"}}
{"timestamp":"2026-09-12T12:47:11.040Z","level":"error","event":"queue.dispatch_cycle_failed","fields":{"queueName":"all","service":"pipeline-worker"}}
{"timestamp":"2026-09-12T12:47:16.033Z","level":"error","event":"queue.dispatch_cycle_failed","fields":{"queueName":"all","service":"pipeline-worker"}}
{"timestamp":"2026-09-12T12:47:17.260Z","level":"error","event":"queue.dispatch_cycle_failed","fields":{"queueName":"all","service":"pipeline-worker"}}
{"timestamp":"2026-09-12T12:47:18.293Z","level":"error","event":"queue.dispatch_cycle_failed","fields":{"queueName":"all","service":"pipeline-worker"}}
{"timestamp":"2026-09-12T12:47:19.328Z","level":"error","event":"queue.dispatch_cycle_failed","fields":{"queueName":"all","service":"pipeline-worker"}}
{"timestamp":"2026-09-12T12:47:20.358Z","level":"error","event":"queue.dispatch_cycle_failed","fields":{"queueName":"all","service":"pipeline-worker"}}
{"timestamp":"2026-09-12T12:47:20.848Z","level":"error","event":"worker.consumer_failed","fields":{"queueName":"pipeline","service":"pipeline-worker"}}
{"timestamp":"2026-09-12T12:47:22.724Z","level":"error","event":"queue.lease_sweep_failed","fields":{"queueName":"all","service":"pipeline-worker"}}
{"timestamp":"2026-09-12T12:47:25.751Z","level":"error","event":"queue.dispatch_cycle_failed","fields":{"queueName":"all","service":"pipeline-worker"}}
{"timestamp":"2026-09-12T12:47:26.789Z","level":"error","event":"queue.dispatch_cycle_failed","fields":{"queueName":"all","service":"pipeline-worker"}}
{"timestamp":"2026-09-12T12:47:27.018Z","level":"error","event":"worker.consumer_failed","fields":{"queueName":"pipeline","service":"pipeline-worker"}}
{"timestamp":"2026-09-12T12:47:27.818Z","level":"error","event":"queue.dispatch_cycle_failed","fields":{"queueName":"all","service":"pipeline-worker"}}
{"timestamp":"2026-09-12T12:47:28.841Z","level":"error","event":"queue.dispatch_cycle_failed","fields":{"queueName":"all","service":"pipeline-worker"}}
{"timestamp":"2026-09-12T12:47:29.875Z","level":"error","event":"queue.dispatch_cycle_failed","fields":{"queueName":"all","service":"pipeline-worker"}}
{"timestamp":"2026-09-12T12:47:30.912Z","level":"error","event":"queue.dispatch_cycle_failed","fields":{"queueName":"all","service":"pipeline-worker"}}
{"timestamp":"2026-09-12T12:47:31.943Z","level":"error","event":"queue.dispatch_cycle_failed","fields":{"queueName":"all","service":"pipeline-worker"}}
{"timestamp":"2026-09-12T12:47:32.981Z","level":"error","event":"queue.dispatch_cycle_failed","fields":{"queueName":"all","service":"pipeline-worker"}}
{"timestamp":"2026-09-12T12:47:34.015Z","level":"error","event":"queue.dispatch_cycle_failed","fields":{"queueName":"all","service":"pipeline-worker"}}
{"timestamp":"2026-09-12T12:47:35.051Z","level":"error","event":"queue.dispatch_cycle_failed","fields":{"queueName":"all","service":"pipeline-worker"}}
{"timestamp":"2026-09-12T12:47:40.872Z","level":"error","event":"worker.consumer_failed","fields":{"queueName":"pipeline","service":"pipeline-worker"}}
{"timestamp":"2026-09-12T12:47:41.188Z","level":"error","event":"queue.dispatch_cycle_failed","fields":{"queueName":"all","service":"pipeline-worker"}}
{"timestamp":"2026-09-12T12:47:44.740Z","level":"error","event":"queue.lease_sweep_failed","fields":{"queueName":"all","service":"pipeline-worker"}}
{"timestamp":"2026-09-12T12:47:47.038Z","level":"error","event":"worker.consumer_failed","fields":{"queueName":"pipeline","service":"pipeline-worker"}}
{"timestamp":"2026-09-12T12:47:47.426Z","level":"error","event":"queue.dispatch_cycle_failed","fields":{"queueName":"all","service":"pipeline-worker"}}
{"timestamp":"2026-09-12T12:47:48.456Z","level":"error","event":"queue.dispatch_cycle_failed","fields":{"queueName":"all","service":"pipeline-worker"}}
{"timestamp":"2026-09-12T12:47:49.479Z","level":"error","event":"queue.dispatch_cycle_failed","fields":{"queueName":"all","service":"pipeline-worker"}}
{"timestamp":"2026-09-12T12:47:50.517Z","level":"error","event":"queue.dispatch_cycle_failed","fields":{"queueName":"all","service":"pipeline-worker"}}
{"timestamp":"2026-09-12T12:47:51.545Z","level":"error","event":"queue.dispatch_cycle_failed","fields":{"queueName":"all","service":"pipeline-worker"}}
{"timestamp":"2026-09-12T12:47:52.580Z","level":"error","event":"queue.dispatch_cycle_failed","fields":{"queueName":"all","service":"pipeline-worker"}}
{"timestamp":"2026-09-12T12:47:53.615Z","level":"error","event":"queue.dispatch_cycle_failed","fields":{"queueName":"all","service":"pipeline-worker"}}
{"timestamp":"2026-09-12T12:47:54.650Z","level":"error","event":"queue.dispatch_cycle_failed","fields":{"queueName":"all","service":"pipeline-worker"}}
{"timestamp":"2026-09-12T12:47:57.253Z","level":"error","event":"queue.dispatch_cycle_failed","fields":{"queueName":"all","service":"pipeline-worker"}}
{"timestamp":"2026-09-12T12:47:59.609Z","level":"error","event":"queue.dispatch_cycle_failed","fields":{"queueName":"all","service":"pipeline-worker"}}
{"timestamp":"2026-09-12T12:48:00.888Z","level":"error","event":"worker.consumer_failed","fields":{"queueName":"pipeline","service":"pipeline-worker"}}
{"timestamp":"2026-09-12T12:48:03.417Z","level":"error","event":"queue.dispatch_cycle_failed","fields":{"queueName":"all","service":"pipeline-worker"}}
{"timestamp":"2026-09-12T12:48:05.169Z","level":"error","event":"queue.lease_sweep_failed","fields":{"queueName":"all","service":"pipeline-worker"}}
{"timestamp":"2026-09-12T12:48:06.110Z","level":"error","event":"queue.dispatch_cycle_failed","fields":{"queueName":"all","service":"pipeline-worker"}}
{"timestamp":"2026-09-12T12:48:07.075Z","level":"error","event":"worker.consumer_failed","fields":{"queueName":"pipeline","service":"pipeline-worker"}}
{"timestamp":"2026-09-12T12:48:07.120Z","level":"error","event":"queue.dispatch_cycle_failed","fields":{"queueName":"all","service":"pipeline-worker"}}
{"timestamp":"2026-09-12T12:48:08.153Z","level":"error","event":"queue.dispatch_cycle_failed","fields":{"queueName":"all","service":"pipeline-worker"}}
{"timestamp":"2026-09-12T12:48:09.188Z","level":"error","event":"queue.dispatch_cycle_failed","fields":{"queueName":"all","service":"pipeline-worker"}}
{"timestamp":"2026-09-12T12:48:10.225Z","level":"error","event":"queue.dispatch_cycle_failed","fields":{"queueName":"all","service":"pipeline-worker"}}
{"timestamp":"2026-09-12T12:48:11.256Z","level":"error","event":"queue.dispatch_cycle_failed","fields":{"queueName":"all","service":"pipeline-worker"}}
{"timestamp":"2026-09-12T12:48:13.345Z","level":"error","event":"queue.dispatch_cycle_failed","fields":{"queueName":"all","service":"pipeline-worker"}}
{"timestamp":"2026-09-12T12:48:19.289Z","level":"error","event":"queue.dispatch_cycle_failed","fields":{"queueName":"all","service":"pipeline-worker"}}
{"timestamp":"2026-09-12T12:48:20.900Z","level":"error","event":"worker.consumer_failed","fields":{"queueName":"pipeline","service":"pipeline-worker"}}
{"timestamp":"2026-09-12T12:48:21.540Z","level":"error","event":"queue.lease_sweep_failed","fields":{"queueName":"all","service":"pipeline-worker"}}
{"timestamp":"2026-09-12T12:48:25.102Z","level":"error","event":"queue.dispatch_cycle_failed","fields":{"queueName":"all","service":"pipeline-worker"}}
{"timestamp":"2026-09-12T12:48:26.138Z","level":"error","event":"queue.dispatch_cycle_failed","fields":{"queueName":"all","service":"pipeline-worker"}}
{"timestamp":"2026-09-12T12:48:27.091Z","level":"error","event":"worker.consumer_failed","fields":{"queueName":"pipeline","service":"pipeline-worker"}}
{"timestamp":"2026-09-12T12:48:27.172Z","level":"error","event":"queue.dispatch_cycle_failed","fields":{"queueName":"all","service":"pipeline-worker"}}
{"timestamp":"2026-09-12T12:48:28.212Z","level":"error","event":"queue.dispatch_cycle_failed","fields":{"queueName":"all","service":"pipeline-worker"}}
{"timestamp":"2026-09-12T12:48:29.241Z","level":"error","event":"queue.dispatch_cycle_failed","fields":{"queueName":"all","service":"pipeline-worker"}}
{"timestamp":"2026-09-12T12:48:30.274Z","level":"error","event":"queue.dispatch_cycle_failed","fields":{"queueName":"all","service":"pipeline-worker"}}
{"timestamp":"2026-09-12T12:48:31.310Z","level":"error","event":"queue.dispatch_cycle_failed","fields":{"queueName":"all","service":"pipeline-worker"}}
{"timestamp":"2026-09-12T12:48:32.345Z","level":"error","event":"queue.dispatch_cycle_failed","fields":{"queueName":"all","service":"pipeline-worker"}}
{"timestamp":"2026-09-12T12:48:34.387Z","level":"error","event":"queue.dispatch_cycle_failed","fields":{"queueName":"all","service":"pipeline-worker"}}
{"timestamp":"2026-09-12T12:48:36.569Z","level":"error","event":"queue.lease_sweep_failed","fields":{"queueName":"all","service":"pipeline-worker"}}
{"timestamp":"2026-09-12T12:48:36.658Z","level":"error","event":"queue.dispatch_cycle_failed","fields":{"queueName":"all","service":"pipeline-worker"}}
{"timestamp":"2026-09-12T12:48:40.912Z","level":"error","event":"worker.consumer_failed","fields":{"queueName":"pipeline","service":"pipeline-worker"}}
{"timestamp":"2026-09-12T12:48:45.488Z","level":"error","event":"queue.dispatch_cycle_failed","fields":{"queueName":"all","service":"pipeline-worker"}}
{"timestamp":"2026-09-12T12:48:46.521Z","level":"error","event":"queue.dispatch_cycle_failed","fields":{"queueName":"all","service":"pipeline-worker"}}
{"timestamp":"2026-09-12T12:48:47.103Z","level":"error","event":"worker.consumer_failed","fields":{"queueName":"pipeline","service":"pipeline-worker"}}
{"timestamp":"2026-09-12T12:48:47.551Z","level":"error","event":"queue.dispatch_cycle_failed","fields":{"queueName":"all","service":"pipeline-worker"}}
{"timestamp":"2026-09-12T12:48:48.594Z","level":"error","event":"queue.dispatch_cycle_failed","fields":{"queueName":"all","service":"pipeline-worker"}}
{"timestamp":"2026-09-12T12:48:49.627Z","level":"error","event":"queue.dispatch_cycle_failed","fields":{"queueName":"all","service":"pipeline-worker"}}
{"timestamp":"2026-09-12T12:48:50.661Z","level":"error","event":"queue.dispatch_cycle_failed","fields":{"queueName":"all","service":"pipeline-worker"}}
{"timestamp":"2026-09-12T12:48:51.605Z","level":"error","event":"queue.lease_sweep_failed","fields":{"queueName":"all","service":"pipeline-worker"}}
{"timestamp":"2026-09-12T12:48:51.674Z","level":"error","event":"queue.dispatch_cycle_failed","fields":{"queueName":"all","service":"pipeline-worker"}}
{"timestamp":"2026-09-12T12:48:52.701Z","level":"error","event":"queue.dispatch_cycle_failed","fields":{"queueName":"all","service":"pipeline-worker"}}
{"timestamp":"2026-09-12T12:48:53.737Z","level":"error","event":"queue.dispatch_cycle_failed","fields":{"queueName":"all","service":"pipeline-worker"}}
{"timestamp":"2026-09-12T12:48:57.311Z","level":"error","event":"queue.dispatch_cycle_failed","fields":{"queueName":"all","service":"pipeline-worker"}}
{"timestamp":"2026-09-12T12:49:00.931Z","level":"error","event":"worker.consumer_failed","fields":{"queueName":"pipeline","service":"pipeline-worker"}}
{"timestamp":"2026-09-12T12:49:04.189Z","level":"error","event":"queue.dispatch_cycle_failed","fields":{"queueName":"all","service":"pipeline-worker"}}
{"timestamp":"2026-09-12T12:49:05.226Z","level":"error","event":"queue.dispatch_cycle_failed","fields":{"queueName":"all","service":"pipeline-worker"}}
{"timestamp":"2026-09-12T12:49:06.261Z","level":"error","event":"queue.dispatch_cycle_failed","fields":{"queueName":"all","service":"pipeline-worker"}}
{"timestamp":"2026-09-12T12:49:06.639Z","level":"error","event":"queue.lease_sweep_failed","fields":{"queueName":"all","service":"pipeline-worker"}}
{"timestamp":"2026-09-12T12:49:07.128Z","level":"error","event":"worker.consumer_failed","fields":{"queueName":"pipeline","service":"pipeline-worker"}}
{"timestamp":"2026-09-12T12:49:07.298Z","level":"error","event":"queue.dispatch_cycle_failed","fields":{"queueName":"all","service":"pipeline-worker"}}
{"timestamp":"2026-09-12T12:49:11.451Z","level":"error","event":"queue.dispatch_cycle_failed","fields":{"queueName":"all","service":"pipeline-worker"}}
{"timestamp":"2026-09-12T12:49:12.485Z","level":"error","event":"queue.dispatch_cycle_failed","fields":{"queueName":"all","service":"pipeline-worker"}}
{"timestamp":"2026-09-12T12:49:13.518Z","level":"error","event":"queue.dispatch_cycle_failed","fields":{"queueName":"all","service":"pipeline-worker"}}
{"timestamp":"2026-09-12T12:49:14.555Z","level":"error","event":"queue.dispatch_cycle_failed","fields":{"queueName":"all","service":"pipeline-worker"}}
{"timestamp":"2026-09-12T12:49:15.591Z","level":"error","event":"queue.dispatch_cycle_failed","fields":{"queueName":"all","service":"pipeline-worker"}}
{"timestamp":"2026-09-12T12:49:19.577Z","level":"error","event":"queue.dispatch_cycle_failed","fields":{"queueName":"all","service":"pipeline-worker"}}
{"timestamp":"2026-09-12T12:49:20.603Z","level":"error","event":"queue.dispatch_cycle_failed","fields":{"queueName":"all","service":"pipeline-worker"}}
{"timestamp":"2026-09-12T12:49:20.961Z","level":"error","event":"worker.consumer_failed","fields":{"queueName":"pipeline","service":"pipeline-worker"}}
{"timestamp":"2026-09-12T12:49:23.713Z","level":"error","event":"queue.dispatch_cycle_failed","fields":{"queueName":"all","service":"pipeline-worker"}}
{"timestamp":"2026-09-12T12:49:24.985Z","level":"error","event":"queue.lease_sweep_failed","fields":{"queueName":"all","service":"pipeline-worker"}}
{"timestamp":"2026-09-12T12:49:26.929Z","level":"error","event":"queue.dispatch_cycle_failed","fields":{"queueName":"all","service":"pipeline-worker"}}
{"timestamp":"2026-09-12T12:49:27.150Z","level":"error","event":"worker.consumer_failed","fields":{"queueName":"pipeline","service":"pipeline-worker"}}
{"timestamp":"2026-09-12T12:49:27.963Z","level":"error","event":"queue.dispatch_cycle_failed","fields":{"queueName":"all","service":"pipeline-worker"}}
{"timestamp":"2026-09-12T12:49:28.996Z","level":"error","event":"queue.dispatch_cycle_failed","fields":{"queueName":"all","service":"pipeline-worker"}}
{"timestamp":"2026-09-12T12:49:32.671Z","level":"error","event":"queue.dispatch_cycle_failed","fields":{"queueName":"all","service":"pipeline-worker"}}
{"timestamp":"2026-09-12T12:49:33.703Z","level":"error","event":"queue.dispatch_cycle_failed","fields":{"queueName":"all","service":"pipeline-worker"}}
{"timestamp":"2026-09-12T12:49:34.737Z","level":"error","event":"queue.dispatch_cycle_failed","fields":{"queueName":"all","service":"pipeline-worker"}}
{"timestamp":"2026-09-12T12:49:35.771Z","level":"error","event":"queue.dispatch_cycle_failed","fields":{"queueName":"all","service":"pipeline-worker"}}
{"timestamp":"2026-09-12T12:49:37.884Z","level":"error","event":"queue.dispatch_cycle_failed","fields":{"queueName":"all","service":"pipeline-worker"}}
{"timestamp":"2026-09-12T12:49:38.920Z","level":"error","event":"queue.dispatch_cycle_failed","fields":{"queueName":"all","service":"pipeline-worker"}}
{"timestamp":"2026-09-12T12:49:40.976Z","level":"error","event":"worker.consumer_failed","fields":{"queueName":"pipeline","service":"pipeline-worker"}}
{"timestamp":"2026-09-12T12:49:42.481Z","level":"error","event":"queue.lease_sweep_failed","fields":{"queueName":"all","service":"pipeline-worker"}}
{"timestamp":"2026-09-12T12:49:44.552Z","level":"error","event":"queue.dispatch_cycle_failed","fields":{"queueName":"all","service":"pipeline-worker"}}
{"timestamp":"2026-09-12T12:49:45.587Z","level":"error","event":"queue.dispatch_cycle_failed","fields":{"queueName":"all","service":"pipeline-worker"}}
{"timestamp":"2026-09-12T12:49:46.625Z","level":"error","event":"queue.dispatch_cycle_failed","fields":{"queueName":"all","service":"pipeline-worker"}}
{"timestamp":"2026-09-12T12:49:47.174Z","level":"error","event":"worker.consumer_failed","fields":{"queueName":"pipeline","service":"pipeline-worker"}}
{"timestamp":"2026-09-12T12:49:52.414Z","level":"error","event":"queue.dispatch_cycle_failed","fields":{"queueName":"all","service":"pipeline-worker"}}
{"timestamp":"2026-09-12T12:49:53.445Z","level":"error","event":"queue.dispatch_cycle_failed","fields":{"queueName":"all","service":"pipeline-worker"}}
{"timestamp":"2026-09-12T12:49:54.477Z","level":"error","event":"queue.dispatch_cycle_failed","fields":{"queueName":"all","service":"pipeline-worker"}}
{"timestamp":"2026-09-12T12:49:55.510Z","level":"error","event":"queue.dispatch_cycle_failed","fields":{"queueName":"all","service":"pipeline-worker"}}
{"timestamp":"2026-09-12T12:49:56.548Z","level":"error","event":"queue.dispatch_cycle_failed","fields":{"queueName":"all","service":"pipeline-worker"}}
{"timestamp":"2026-09-12T12:49:57.503Z","level":"error","event":"queue.lease_sweep_failed","fields":{"queueName":"all","service":"pipeline-worker"}}
{"timestamp":"2026-09-12T12:49:57.586Z","level":"error","event":"queue.dispatch_cycle_failed","fields":{"queueName":"all","service":"pipeline-worker"}}
{"timestamp":"2026-09-12T12:50:00.986Z","level":"error","event":"worker.consumer_failed","fields":{"queueName":"pipeline","service":"pipeline-worker"}}
{"timestamp":"2026-09-12T12:50:01.690Z","level":"error","event":"queue.dispatch_cycle_failed","fields":{"queueName":"all","service":"pipeline-worker"}}
{"timestamp":"2026-09-12T12:50:02.709Z","level":"error","event":"queue.dispatch_cycle_failed","fields":{"queueName":"all","service":"pipeline-worker"}}
{"timestamp":"2026-09-12T12:50:03.750Z","level":"error","event":"queue.dispatch_cycle_failed","fields":{"queueName":"all","service":"pipeline-worker"}}
{"timestamp":"2026-09-12T12:50:07.197Z","level":"error","event":"worker.consumer_failed","fields":{"queueName":"pipeline","service":"pipeline-worker"}}
{"timestamp":"2026-09-12T12:50:12.400Z","level":"error","event":"queue.dispatch_cycle_failed","fields":{"queueName":"all","service":"pipeline-worker"}}
{"timestamp":"2026-09-12T12:50:12.526Z","level":"error","event":"queue.lease_sweep_failed","fields":{"queueName":"all","service":"pipeline-worker"}}
{"timestamp":"2026-09-12T12:50:13.434Z","level":"error","event":"queue.dispatch_cycle_failed","fields":{"queueName":"all","service":"pipeline-worker"}}
{"timestamp":"2026-09-12T12:50:14.466Z","level":"error","event":"queue.dispatch_cycle_failed","fields":{"queueName":"all","service":"pipeline-worker"}}
{"timestamp":"2026-09-12T12:50:15.505Z","level":"error","event":"queue.dispatch_cycle_failed","fields":{"queueName":"all","service":"pipeline-worker"}}
{"timestamp":"2026-09-12T12:50:16.540Z","level":"error","event":"queue.dispatch_cycle_failed","fields":{"queueName":"all","service":"pipeline-worker"}}
{"timestamp":"2026-09-12T12:50:17.558Z","level":"error","event":"queue.dispatch_cycle_failed","fields":{"queueName":"all","service":"pipeline-worker"}}
{"timestamp":"2026-09-12T12:50:18.585Z","level":"error","event":"queue.dispatch_cycle_failed","fields":{"queueName":"all","service":"pipeline-worker"}}
{"timestamp":"2026-09-12T12:50:19.620Z","level":"error","event":"queue.dispatch_cycle_failed","fields":{"queueName":"all","service":"pipeline-worker"}}
{"timestamp":"2026-09-12T12:50:20.655Z","level":"error","event":"queue.dispatch_cycle_failed","fields":{"queueName":"all","service":"pipeline-worker"}}
{"timestamp":"2026-09-12T12:50:20.998Z","level":"error","event":"worker.consumer_failed","fields":{"queueName":"pipeline","service":"pipeline-worker"}}
{"timestamp":"2026-09-12T12:50:26.437Z","level":"error","event":"queue.dispatch_cycle_failed","fields":{"queueName":"all","service":"pipeline-worker"}}
{"timestamp":"2026-09-12T12:50:27.218Z","level":"error","event":"worker.consumer_failed","fields":{"queueName":"pipeline","service":"pipeline-worker"}}
{"timestamp":"2026-09-12T12:50:27.478Z","level":"error","event":"queue.dispatch_cycle_failed","fields":{"queueName":"all","service":"pipeline-worker"}}
{"timestamp":"2026-09-12T12:50:30.918Z","level":"error","event":"queue.dispatch_cycle_failed","fields":{"queueName":"all","service":"pipeline-worker"}}
{"timestamp":"2026-09-12T12:50:31.937Z","level":"error","event":"queue.lease_sweep_failed","fields":{"queueName":"all","service":"pipeline-worker"}}
{"timestamp":"2026-09-12T12:50:31.944Z","level":"error","event":"queue.dispatch_cycle_failed","fields":{"queueName":"all","service":"pipeline-worker"}}
{"timestamp":"2026-09-12T12:50:32.975Z","level":"error","event":"queue.dispatch_cycle_failed","fields":{"queueName":"all","service":"pipeline-worker"}}
{"timestamp":"2026-09-12T12:50:34.067Z","level":"error","event":"queue.dispatch_cycle_failed","fields":{"queueName":"all","service":"pipeline-worker"}}
{"timestamp":"2026-09-12T12:50:35.107Z","level":"error","event":"queue.dispatch_cycle_failed","fields":{"queueName":"all","service":"pipeline-worker"}}
{"timestamp":"2026-09-12T12:50:36.140Z","level":"error","event":"queue.dispatch_cycle_failed","fields":{"queueName":"all","service":"pipeline-worker"}}
{"timestamp":"2026-09-12T12:50:37.156Z","level":"error","event":"queue.dispatch_cycle_failed","fields":{"queueName":"all","service":"pipeline-worker"}}
{"timestamp":"2026-09-12T12:50:39.672Z","level":"error","event":"queue.dispatch_cycle_failed","fields":{"queueName":"all","service":"pipeline-worker"}}
{"timestamp":"2026-09-12T12:50:41.018Z","level":"error","event":"worker.consumer_failed","fields":{"queueName":"pipeline","service":"pipeline-worker"}}
{"timestamp":"2026-09-12T12:50:44.357Z","level":"error","event":"queue.dispatch_cycle_failed","fields":{"queueName":"all","service":"pipeline-worker"}}
{"timestamp":"2026-09-12T12:50:45.393Z","level":"error","event":"queue.dispatch_cycle_failed","fields":{"queueName":"all","service":"pipeline-worker"}}
{"timestamp":"2026-09-12T12:50:46.433Z","level":"error","event":"queue.dispatch_cycle_failed","fields":{"queueName":"all","service":"pipeline-worker"}}
{"timestamp":"2026-09-12T12:50:47.078Z","level":"error","event":"queue.lease_sweep_failed","fields":{"queueName":"all","service":"pipeline-worker"}}
{"timestamp":"2026-09-12T12:50:47.237Z","level":"error","event":"worker.consumer_failed","fields":{"queueName":"pipeline","service":"pipeline-worker"}}
{"timestamp":"2026-09-12T12:50:52.543Z","level":"error","event":"queue.dispatch_cycle_failed","fields":{"queueName":"all","service":"pipeline-worker"}}
{"timestamp":"2026-09-12T12:50:54.015Z","level":"error","event":"queue.dispatch_cycle_failed","fields":{"queueName":"all","service":"pipeline-worker"}}
{"timestamp":"2026-09-12T12:50:55.043Z","level":"error","event":"queue.dispatch_cycle_failed","fields":{"queueName":"all","service":"pipeline-worker"}}
{"timestamp":"2026-09-12T12:50:56.076Z","level":"error","event":"queue.dispatch_cycle_failed","fields":{"queueName":"all","service":"pipeline-worker"}}
{"timestamp":"2026-09-12T12:50:57.092Z","level":"error","event":"queue.dispatch_cycle_failed","fields":{"queueName":"all","service":"pipeline-worker"}}
{"timestamp":"2026-09-12T12:50:58.124Z","level":"error","event":"queue.dispatch_cycle_failed","fields":{"queueName":"all","service":"pipeline-worker"}}
{"timestamp":"2026-09-12T12:50:59.162Z","level":"error","event":"queue.dispatch_cycle_failed","fields":{"queueName":"all","service":"pipeline-worker"}}
{"timestamp":"2026-09-12T12:51:01.042Z","level":"error","event":"worker.consumer_failed","fields":{"queueName":"pipeline","service":"pipeline-worker"}}
{"timestamp":"2026-09-12T12:51:02.090Z","level":"error","event":"queue.lease_sweep_failed","fields":{"queueName":"all","service":"pipeline-worker"}}
{"timestamp":"2026-09-12T12:51:04.006Z","level":"error","event":"queue.dispatch_cycle_failed","fields":{"queueName":"all","service":"pipeline-worker"}}
{"timestamp":"2026-09-12T12:51:05.042Z","level":"error","event":"queue.dispatch_cycle_failed","fields":{"queueName":"all","service":"pipeline-worker"}}
{"timestamp":"2026-09-12T12:51:06.073Z","level":"error","event":"queue.dispatch_cycle_failed","fields":{"queueName":"all","service":"pipeline-worker"}}
{"timestamp":"2026-09-12T12:51:07.253Z","level":"error","event":"worker.consumer_failed","fields":{"queueName":"pipeline","service":"pipeline-worker"}}
{"timestamp":"2026-09-12T12:51:10.531Z","level":"error","event":"queue.dispatch_cycle_failed","fields":{"queueName":"all","service":"pipeline-worker"}}
{"timestamp":"2026-09-12T12:51:11.569Z","level":"error","event":"queue.dispatch_cycle_failed","fields":{"queueName":"all","service":"pipeline-worker"}}
{"timestamp":"2026-09-12T12:51:13.942Z","level":"error","event":"queue.dispatch_cycle_failed","fields":{"queueName":"all","service":"pipeline-worker"}}
{"timestamp":"2026-09-12T12:51:14.981Z","level":"error","event":"queue.dispatch_cycle_failed","fields":{"queueName":"all","service":"pipeline-worker"}}
{"timestamp":"2026-09-12T12:51:16.014Z","level":"error","event":"queue.dispatch_cycle_failed","fields":{"queueName":"all","service":"pipeline-worker"}}
{"timestamp":"2026-09-12T12:51:17.048Z","level":"error","event":"queue.dispatch_cycle_failed","fields":{"queueName":"all","service":"pipeline-worker"}}
{"timestamp":"2026-09-12T12:51:20.103Z","level":"error","event":"queue.lease_sweep_failed","fields":{"queueName":"all","service":"pipeline-worker"}}
{"timestamp":"2026-09-12T12:51:21.055Z","level":"error","event":"worker.consumer_failed","fields":{"queueName":"pipeline","service":"pipeline-worker"}}
{"timestamp":"2026-09-12T12:51:22.178Z","level":"error","event":"queue.dispatch_cycle_failed","fields":{"queueName":"all","service":"pipeline-worker"}}
{"timestamp":"2026-09-12T12:51:23.216Z","level":"error","event":"queue.dispatch_cycle_failed","fields":{"queueName":"all","service":"pipeline-worker"}}
{"timestamp":"2026-09-12T12:51:24.245Z","level":"error","event":"queue.dispatch_cycle_failed","fields":{"queueName":"all","service":"pipeline-worker"}}
{"timestamp":"2026-09-12T12:51:25.282Z","level":"error","event":"queue.dispatch_cycle_failed","fields":{"queueName":"all","service":"pipeline-worker"}}
{"timestamp":"2026-09-12T12:51:26.321Z","level":"error","event":"queue.dispatch_cycle_failed","fields":{"queueName":"all","service":"pipeline-worker"}}
{"timestamp":"2026-09-12T12:51:27.274Z","level":"error","event":"worker.consumer_failed","fields":{"queueName":"pipeline","service":"pipeline-worker"}}
{"timestamp":"2026-09-12T12:51:28.890Z","level":"error","event":"queue.dispatch_cycle_failed","fields":{"queueName":"all","service":"pipeline-worker"}}
{"timestamp":"2026-09-12T12:51:29.917Z","level":"error","event":"queue.dispatch_cycle_failed","fields":{"queueName":"all","service":"pipeline-worker"}}
{"timestamp":"2026-09-12T12:51:33.015Z","level":"error","event":"queue.dispatch_cycle_failed","fields":{"queueName":"all","service":"pipeline-worker"}}
{"timestamp":"2026-09-12T12:51:34.047Z","level":"error","event":"queue.dispatch_cycle_failed","fields":{"queueName":"all","service":"pipeline-worker"}}
{"timestamp":"2026-09-12T12:51:35.231Z","level":"error","event":"queue.dispatch_cycle_failed","fields":{"queueName":"all","service":"pipeline-worker"}}
{"timestamp":"2026-09-12T12:51:39.115Z","level":"error","event":"queue.lease_sweep_failed","fields":{"queueName":"all","service":"pipeline-worker"}}
{"timestamp":"2026-09-12T12:51:40.319Z","level":"error","event":"queue.dispatch_cycle_failed","fields":{"queueName":"all","service":"pipeline-worker"}}
{"timestamp":"2026-09-12T12:51:41.067Z","level":"error","event":"worker.consumer_failed","fields":{"queueName":"pipeline","service":"pipeline-worker"}}
{"timestamp":"2026-09-12T12:51:41.352Z","level":"error","event":"queue.dispatch_cycle_failed","fields":{"queueName":"all","service":"pipeline-worker"}}
{"timestamp":"2026-09-12T12:51:42.389Z","level":"error","event":"queue.dispatch_cycle_failed","fields":{"queueName":"all","service":"pipeline-worker"}}
{"timestamp":"2026-09-12T12:51:43.407Z","level":"error","event":"queue.dispatch_cycle_failed","fields":{"queueName":"all","service":"pipeline-worker"}}
{"timestamp":"2026-09-12T12:51:44.586Z","level":"error","event":"queue.dispatch_cycle_failed","fields":{"queueName":"all","service":"pipeline-worker"}}
{"timestamp":"2026-09-12T12:51:45.616Z","level":"error","event":"queue.dispatch_cycle_failed","fields":{"queueName":"all","service":"pipeline-worker"}}
{"timestamp":"2026-09-12T12:51:46.654Z","level":"error","event":"queue.dispatch_cycle_failed","fields":{"queueName":"all","service":"pipeline-worker"}}
{"timestamp":"2026-09-12T12:51:47.298Z","level":"error","event":"worker.consumer_failed","fields":{"queueName":"pipeline","service":"pipeline-worker"}}
{"timestamp":"2026-09-12T12:51:49.774Z","level":"error","event":"queue.dispatch_cycle_failed","fields":{"queueName":"all","service":"pipeline-worker"}}
{"timestamp":"2026-09-12T12:51:50.800Z","level":"error","event":"queue.dispatch_cycle_failed","fields":{"queueName":"all","service":"pipeline-worker"}}
{"timestamp":"2026-09-12T12:51:55.291Z","level":"error","event":"queue.dispatch_cycle_failed","fields":{"queueName":"all","service":"pipeline-worker"}}
{"timestamp":"2026-09-12T12:51:56.424Z","level":"error","event":"queue.lease_sweep_failed","fields":{"queueName":"all","service":"pipeline-worker"}}
{"timestamp":"2026-09-12T12:51:58.786Z","level":"error","event":"queue.dispatch_cycle_failed","fields":{"queueName":"all","service":"pipeline-worker"}}
{"timestamp":"2026-09-12T12:51:59.812Z","level":"error","event":"queue.dispatch_cycle_failed","fields":{"queueName":"all","service":"pipeline-worker"}}
{"timestamp":"2026-09-12T12:52:00.854Z","level":"error","event":"queue.dispatch_cycle_failed","fields":{"queueName":"all","service":"pipeline-worker"}}
{"timestamp":"2026-09-12T12:52:01.082Z","level":"error","event":"worker.consumer_failed","fields":{"queueName":"pipeline","service":"pipeline-worker"}}
{"timestamp":"2026-09-12T12:52:01.886Z","level":"error","event":"queue.dispatch_cycle_failed","fields":{"queueName":"all","service":"pipeline-worker"}}
{"timestamp":"2026-09-12T12:52:02.925Z","level":"error","event":"queue.dispatch_cycle_failed","fields":{"queueName":"all","service":"pipeline-worker"}}
{"timestamp":"2026-09-12T12:52:06.638Z","level":"error","event":"queue.dispatch_cycle_failed","fields":{"queueName":"all","service":"pipeline-worker"}}
{"timestamp":"2026-09-12T12:52:07.322Z","level":"error","event":"worker.consumer_failed","fields":{"queueName":"pipeline","service":"pipeline-worker"}}
{"timestamp":"2026-09-12T12:52:07.669Z","level":"error","event":"queue.dispatch_cycle_failed","fields":{"queueName":"all","service":"pipeline-worker"}}
{"timestamp":"2026-09-12T12:52:08.706Z","level":"error","event":"queue.dispatch_cycle_failed","fields":{"queueName":"all","service":"pipeline-worker"}}
{"timestamp":"2026-09-12T12:52:13.460Z","level":"error","event":"queue.lease_sweep_failed","fields":{"queueName":"all","service":"pipeline-worker"}}
{"timestamp":"2026-09-12T12:52:13.582Z","level":"error","event":"queue.dispatch_cycle_failed","fields":{"queueName":"all","service":"pipeline-worker"}}
{"timestamp":"2026-09-12T12:52:14.622Z","level":"error","event":"queue.dispatch_cycle_failed","fields":{"queueName":"all","service":"pipeline-worker"}}
{"timestamp":"2026-09-12T12:52:15.659Z","level":"error","event":"queue.dispatch_cycle_failed","fields":{"queueName":"all","service":"pipeline-worker"}}
{"timestamp":"2026-09-12T12:52:19.162Z","level":"error","event":"queue.dispatch_cycle_failed","fields":{"queueName":"all","service":"pipeline-worker"}}
{"timestamp":"2026-09-12T12:52:20.190Z","level":"error","event":"queue.dispatch_cycle_failed","fields":{"queueName":"all","service":"pipeline-worker"}}
{"timestamp":"2026-09-12T12:52:21.106Z","level":"error","event":"worker.consumer_failed","fields":{"queueName":"pipeline","service":"pipeline-worker"}}
{"timestamp":"2026-09-12T12:52:21.216Z","level":"error","event":"queue.dispatch_cycle_failed","fields":{"queueName":"all","service":"pipeline-worker"}}
{"timestamp":"2026-09-12T12:52:23.789Z","level":"error","event":"queue.dispatch_cycle_failed","fields":{"queueName":"all","service":"pipeline-worker"}}
{"timestamp":"2026-09-12T12:52:24.818Z","level":"error","event":"queue.dispatch_cycle_failed","fields":{"queueName":"all","service":"pipeline-worker"}}
{"timestamp":"2026-09-12T12:52:25.851Z","level":"error","event":"queue.dispatch_cycle_failed","fields":{"queueName":"all","service":"pipeline-worker"}}
{"timestamp":"2026-09-12T12:52:26.886Z","level":"error","event":"queue.dispatch_cycle_failed","fields":{"queueName":"all","service":"pipeline-worker"}}
{"timestamp":"2026-09-12T12:52:27.332Z","level":"error","event":"worker.consumer_failed","fields":{"queueName":"pipeline","service":"pipeline-worker"}}
{"timestamp":"2026-09-12T12:52:27.903Z","level":"error","event":"queue.dispatch_cycle_failed","fields":{"queueName":"all","service":"pipeline-worker"}}
{"timestamp":"2026-09-12T12:52:28.936Z","level":"error","event":"queue.dispatch_cycle_failed","fields":{"queueName":"all","service":"pipeline-worker"}}
{"timestamp":"2026-09-12T12:52:31.816Z","level":"error","event":"queue.lease_sweep_failed","fields":{"queueName":"all","service":"pipeline-worker"}}
{"timestamp":"2026-09-12T12:52:34.050Z","level":"error","event":"queue.dispatch_cycle_failed","fields":{"queueName":"all","service":"pipeline-worker"}}
{"timestamp":"2026-09-12T12:52:35.073Z","level":"error","event":"queue.dispatch_cycle_failed","fields":{"queueName":"all","service":"pipeline-worker"}}
{"timestamp":"2026-09-12T12:52:36.107Z","level":"error","event":"queue.dispatch_cycle_failed","fields":{"queueName":"all","service":"pipeline-worker"}}
{"timestamp":"2026-09-12T12:52:37.147Z","level":"error","event":"queue.dispatch_cycle_failed","fields":{"queueName":"all","service":"pipeline-worker"}}
{"timestamp":"2026-09-12T12:52:38.179Z","level":"error","event":"queue.dispatch_cycle_failed","fields":{"queueName":"all","service":"pipeline-worker"}}
{"timestamp":"2026-09-12T12:52:40.943Z","level":"error","event":"queue.dispatch_cycle_failed","fields":{"queueName":"all","service":"pipeline-worker"}}
{"timestamp":"2026-09-12T12:52:41.117Z","level":"error","event":"worker.consumer_failed","fields":{"queueName":"pipeline","service":"pipeline-worker"}}
{"timestamp":"2026-09-12T12:52:41.975Z","level":"error","event":"queue.dispatch_cycle_failed","fields":{"queueName":"all","service":"pipeline-worker"}}
{"timestamp":"2026-09-12T12:52:43.013Z","level":"error","event":"queue.dispatch_cycle_failed","fields":{"queueName":"all","service":"pipeline-worker"}}
{"timestamp":"2026-09-12T12:52:46.857Z","level":"error","event":"queue.lease_sweep_failed","fields":{"queueName":"all","service":"pipeline-worker"}}
{"timestamp":"2026-09-12T12:52:47.353Z","level":"error","event":"worker.consumer_failed","fields":{"queueName":"pipeline","service":"pipeline-worker"}}
{"timestamp":"2026-09-12T12:52:48.909Z","level":"error","event":"queue.dispatch_cycle_failed","fields":{"queueName":"all","service":"pipeline-worker"}}
{"timestamp":"2026-09-12T12:52:50.037Z","level":"error","event":"queue.dispatch_cycle_failed","fields":{"queueName":"all","service":"pipeline-worker"}}
{"timestamp":"2026-09-12T12:52:51.870Z","level":"error","event":"queue.dispatch_cycle_failed","fields":{"queueName":"all","service":"pipeline-worker"}}
{"timestamp":"2026-09-12T12:52:52.903Z","level":"error","event":"queue.dispatch_cycle_failed","fields":{"queueName":"all","service":"pipeline-worker"}}
{"timestamp":"2026-09-12T12:52:53.937Z","level":"error","event":"queue.dispatch_cycle_failed","fields":{"queueName":"all","service":"pipeline-worker"}}
{"timestamp":"2026-09-12T12:52:54.968Z","level":"error","event":"queue.dispatch_cycle_failed","fields":{"queueName":"all","service":"pipeline-worker"}}
{"timestamp":"2026-09-12T12:52:57.002Z","level":"error","event":"queue.dispatch_cycle_failed","fields":{"queueName":"all","service":"pipeline-worker"}}
{"timestamp":"2026-09-12T12:52:58.036Z","level":"error","event":"queue.dispatch_cycle_failed","fields":{"queueName":"all","service":"pipeline-worker"}}
{"timestamp":"2026-09-12T12:53:01.135Z","level":"error","event":"worker.consumer_failed","fields":{"queueName":"pipeline","service":"pipeline-worker"}}
{"timestamp":"2026-09-12T12:53:01.382Z","level":"error","event":"queue.dispatch_cycle_failed","fields":{"queueName":"all","service":"pipeline-worker"}}
{"timestamp":"2026-09-12T12:53:02.422Z","level":"error","event":"queue.dispatch_cycle_failed","fields":{"queueName":"all","service":"pipeline-worker"}}
{"timestamp":"2026-09-12T12:53:03.435Z","level":"error","event":"queue.lease_sweep_failed","fields":{"queueName":"all","service":"pipeline-worker"}}
{"timestamp":"2026-09-12T12:53:04.899Z","level":"error","event":"queue.dispatch_cycle_failed","fields":{"queueName":"all","service":"pipeline-worker"}}
{"timestamp":"2026-09-12T12:53:05.931Z","level":"error","event":"queue.dispatch_cycle_failed","fields":{"queueName":"all","service":"pipeline-worker"}}
{"timestamp":"2026-09-12T12:53:07.372Z","level":"error","event":"worker.consumer_failed","fields":{"queueName":"pipeline","service":"pipeline-worker"}}
{"timestamp":"2026-09-12T12:53:12.255Z","level":"error","event":"queue.dispatch_cycle_failed","fields":{"queueName":"all","service":"pipeline-worker"}}
{"timestamp":"2026-09-12T12:53:13.290Z","level":"error","event":"queue.dispatch_cycle_failed","fields":{"queueName":"all","service":"pipeline-worker"}}
{"timestamp":"2026-09-12T12:53:14.322Z","level":"error","event":"queue.dispatch_cycle_failed","fields":{"queueName":"all","service":"pipeline-worker"}}
{"timestamp":"2026-09-12T12:53:16.896Z","level":"error","event":"queue.dispatch_cycle_failed","fields":{"queueName":"all","service":"pipeline-worker"}}
{"timestamp":"2026-09-12T12:53:17.927Z","level":"error","event":"queue.dispatch_cycle_failed","fields":{"queueName":"all","service":"pipeline-worker"}}
{"timestamp":"2026-09-12T12:53:19.400Z","level":"error","event":"queue.lease_sweep_failed","fields":{"queueName":"all","service":"pipeline-worker"}}
{"timestamp":"2026-09-12T12:53:21.157Z","level":"error","event":"worker.consumer_failed","fields":{"queueName":"pipeline","service":"pipeline-worker"}}
{"timestamp":"2026-09-12T12:53:21.470Z","level":"error","event":"queue.dispatch_cycle_failed","fields":{"queueName":"all","service":"pipeline-worker"}}
{"timestamp":"2026-09-12T12:53:22.497Z","level":"error","event":"queue.dispatch_cycle_failed","fields":{"queueName":"all","service":"pipeline-worker"}}
{"timestamp":"2026-09-12T12:53:23.534Z","level":"error","event":"queue.dispatch_cycle_failed","fields":{"queueName":"all","service":"pipeline-worker"}}
{"timestamp":"2026-09-12T12:53:24.561Z","level":"error","event":"queue.dispatch_cycle_failed","fields":{"queueName":"all","service":"pipeline-worker"}}
{"timestamp":"2026-09-12T12:53:27.399Z","level":"error","event":"worker.consumer_failed","fields":{"queueName":"pipeline","service":"pipeline-worker"}}
{"timestamp":"2026-09-12T12:53:29.469Z","level":"error","event":"queue.dispatch_cycle_failed","fields":{"queueName":"all","service":"pipeline-worker"}}
{"timestamp":"2026-09-12T12:53:30.501Z","level":"error","event":"queue.dispatch_cycle_failed","fields":{"queueName":"all","service":"pipeline-worker"}}
{"timestamp":"2026-09-12T12:53:31.532Z","level":"error","event":"queue.dispatch_cycle_failed","fields":{"queueName":"all","service":"pipeline-worker"}}
{"timestamp":"2026-09-12T12:53:35.938Z","level":"error","event":"queue.lease_sweep_failed","fields":{"queueName":"all","service":"pipeline-worker"}}
{"timestamp":"2026-09-12T12:53:36.211Z","level":"error","event":"queue.dispatch_cycle_failed","fields":{"queueName":"all","service":"pipeline-worker"}}
{"timestamp":"2026-09-12T12:53:38.028Z","level":"error","event":"queue.dispatch_cycle_failed","fields":{"queueName":"all","service":"pipeline-worker"}}
{"timestamp":"2026-09-12T12:53:39.066Z","level":"error","event":"queue.dispatch_cycle_failed","fields":{"queueName":"all","service":"pipeline-worker"}}
{"timestamp":"2026-09-12T12:53:40.097Z","level":"error","event":"queue.dispatch_cycle_failed","fields":{"queueName":"all","service":"pipeline-worker"}}
{"timestamp":"2026-09-12T12:53:41.133Z","level":"error","event":"queue.dispatch_cycle_failed","fields":{"queueName":"all","service":"pipeline-worker"}}
{"timestamp":"2026-09-12T12:53:41.182Z","level":"error","event":"worker.consumer_failed","fields":{"queueName":"pipeline","service":"pipeline-worker"}}
{"timestamp":"2026-09-12T12:53:42.167Z","level":"error","event":"queue.dispatch_cycle_failed","fields":{"queueName":"all","service":"pipeline-worker"}}
{"timestamp":"2026-09-12T12:53:45.523Z","level":"error","event":"queue.dispatch_cycle_failed","fields":{"queueName":"all","service":"pipeline-worker"}}
{"timestamp":"2026-09-12T12:53:46.562Z","level":"error","event":"queue.dispatch_cycle_failed","fields":{"queueName":"all","service":"pipeline-worker"}}
{"timestamp":"2026-09-12T12:53:47.408Z","level":"error","event":"worker.consumer_failed","fields":{"queueName":"pipeline","service":"pipeline-worker"}}
{"timestamp":"2026-09-12T12:53:47.592Z","level":"error","event":"queue.dispatch_cycle_failed","fields":{"queueName":"all","service":"pipeline-worker"}}
{"timestamp":"2026-09-12T12:53:50.649Z","level":"error","event":"queue.dispatch_cycle_failed","fields":{"queueName":"all","service":"pipeline-worker"}}
{"timestamp":"2026-09-12T12:53:50.967Z","level":"error","event":"queue.lease_sweep_failed","fields":{"queueName":"all","service":"pipeline-worker"}}
{"timestamp":"2026-09-12T12:53:54.901Z","level":"error","event":"queue.dispatch_cycle_failed","fields":{"queueName":"all","service":"pipeline-worker"}}
{"timestamp":"2026-09-12T12:53:55.918Z","level":"error","event":"queue.dispatch_cycle_failed","fields":{"queueName":"all","service":"pipeline-worker"}}
{"timestamp":"2026-09-12T12:53:56.949Z","level":"error","event":"queue.dispatch_cycle_failed","fields":{"queueName":"all","service":"pipeline-worker"}}
{"timestamp":"2026-09-12T12:53:57.979Z","level":"error","event":"queue.dispatch_cycle_failed","fields":{"queueName":"all","service":"pipeline-worker"}}
{"timestamp":"2026-09-12T12:53:59.018Z","level":"error","event":"queue.dispatch_cycle_failed","fields":{"queueName":"all","service":"pipeline-worker"}}
{"timestamp":"2026-09-12T12:54:01.203Z","level":"error","event":"worker.consumer_failed","fields":{"queueName":"pipeline","service":"pipeline-worker"}}
{"timestamp":"2026-09-12T12:54:03.717Z","level":"error","event":"queue.dispatch_cycle_failed","fields":{"queueName":"all","service":"pipeline-worker"}}
{"timestamp":"2026-09-12T12:54:05.926Z","level":"error","event":"queue.dispatch_cycle_failed","fields":{"queueName":"all","service":"pipeline-worker"}}
{"timestamp":"2026-09-12T12:54:06.698Z","level":"error","event":"queue.lease_sweep_failed","fields":{"queueName":"all","service":"pipeline-worker"}}
{"timestamp":"2026-09-12T12:54:07.417Z","level":"error","event":"worker.consumer_failed","fields":{"queueName":"pipeline","service":"pipeline-worker"}}
{"timestamp":"2026-09-12T12:54:08.213Z","level":"error","event":"queue.dispatch_cycle_failed","fields":{"queueName":"all","service":"pipeline-worker"}}
{"timestamp":"2026-09-12T12:54:09.249Z","level":"error","event":"queue.dispatch_cycle_failed","fields":{"queueName":"all","service":"pipeline-worker"}}
{"timestamp":"2026-09-12T12:54:12.754Z","level":"error","event":"queue.dispatch_cycle_failed","fields":{"queueName":"all","service":"pipeline-worker"}}
{"timestamp":"2026-09-12T12:54:13.785Z","level":"error","event":"queue.dispatch_cycle_failed","fields":{"queueName":"all","service":"pipeline-worker"}}
{"timestamp":"2026-09-12T12:54:16.921Z","level":"error","event":"queue.dispatch_cycle_failed","fields":{"queueName":"all","service":"pipeline-worker"}}
{"timestamp":"2026-09-12T12:54:17.949Z","level":"error","event":"queue.dispatch_cycle_failed","fields":{"queueName":"all","service":"pipeline-worker"}}
{"timestamp":"2026-09-12T12:54:18.974Z","level":"error","event":"queue.dispatch_cycle_failed","fields":{"queueName":"all","service":"pipeline-worker"}}
{"timestamp":"2026-09-12T12:54:20.009Z","level":"error","event":"queue.dispatch_cycle_failed","fields":{"queueName":"all","service":"pipeline-worker"}}
{"timestamp":"2026-09-12T12:54:21.044Z","level":"error","event":"queue.dispatch_cycle_failed","fields":{"queueName":"all","service":"pipeline-worker"}}
{"timestamp":"2026-09-12T12:54:21.222Z","level":"error","event":"worker.consumer_failed","fields":{"queueName":"pipeline","service":"pipeline-worker"}}
{"timestamp":"2026-09-12T12:54:22.065Z","level":"error","event":"queue.dispatch_cycle_failed","fields":{"queueName":"all","service":"pipeline-worker"}}
{"timestamp":"2026-09-12T12:54:23.533Z","level":"error","event":"queue.dispatch_cycle_failed","fields":{"queueName":"all","service":"pipeline-worker"}}
{"timestamp":"2026-09-12T12:54:24.303Z","level":"error","event":"queue.lease_sweep_failed","fields":{"queueName":"all","service":"pipeline-worker"}}
{"timestamp":"2026-09-12T12:54:27.439Z","level":"error","event":"worker.consumer_failed","fields":{"queueName":"pipeline","service":"pipeline-worker"}}
{"timestamp":"2026-09-12T12:54:30.115Z","level":"error","event":"queue.dispatch_cycle_failed","fields":{"queueName":"all","service":"pipeline-worker"}}
{"timestamp":"2026-09-12T12:54:31.139Z","level":"error","event":"queue.dispatch_cycle_failed","fields":{"queueName":"all","service":"pipeline-worker"}}
{"timestamp":"2026-09-12T12:54:32.176Z","level":"error","event":"queue.dispatch_cycle_failed","fields":{"queueName":"all","service":"pipeline-worker"}}
{"timestamp":"2026-09-12T12:54:33.332Z","level":"error","event":"queue.dispatch_cycle_failed","fields":{"queueName":"all","service":"pipeline-worker"}}
{"timestamp":"2026-09-12T12:54:34.372Z","level":"error","event":"queue.dispatch_cycle_failed","fields":{"queueName":"all","service":"pipeline-worker"}}
{"timestamp":"2026-09-12T12:54:35.403Z","level":"error","event":"queue.dispatch_cycle_failed","fields":{"queueName":"all","service":"pipeline-worker"}}
{"timestamp":"2026-09-12T12:54:38.105Z","level":"error","event":"queue.dispatch_cycle_failed","fields":{"queueName":"all","service":"pipeline-worker"}}
{"timestamp":"2026-09-12T12:54:39.140Z","level":"error","event":"queue.dispatch_cycle_failed","fields":{"queueName":"all","service":"pipeline-worker"}}
{"timestamp":"2026-09-12T12:54:39.349Z","level":"error","event":"queue.lease_sweep_failed","fields":{"queueName":"all","service":"pipeline-worker"}}
{"timestamp":"2026-09-12T12:54:41.239Z","level":"error","event":"worker.consumer_failed","fields":{"queueName":"pipeline","service":"pipeline-worker"}}
{"timestamp":"2026-09-12T12:54:43.485Z","level":"error","event":"queue.dispatch_cycle_failed","fields":{"queueName":"all","service":"pipeline-worker"}}
{"timestamp":"2026-09-12T12:54:44.517Z","level":"error","event":"queue.dispatch_cycle_failed","fields":{"queueName":"all","service":"pipeline-worker"}}
{"timestamp":"2026-09-12T12:54:45.545Z","level":"error","event":"queue.dispatch_cycle_failed","fields":{"queueName":"all","service":"pipeline-worker"}}
{"timestamp":"2026-09-12T12:54:46.588Z","level":"error","event":"queue.dispatch_cycle_failed","fields":{"queueName":"all","service":"pipeline-worker"}}
{"timestamp":"2026-09-12T12:54:47.465Z","level":"error","event":"worker.consumer_failed","fields":{"queueName":"pipeline","service":"pipeline-worker"}}
{"timestamp":"2026-09-12T12:54:47.622Z","level":"error","event":"queue.dispatch_cycle_failed","fields":{"queueName":"all","service":"pipeline-worker"}}
{"timestamp":"2026-09-12T12:54:49.235Z","level":"error","event":"queue.dispatch_cycle_failed","fields":{"queueName":"all","service":"pipeline-worker"}}
{"timestamp":"2026-09-12T12:54:50.267Z","level":"error","event":"queue.dispatch_cycle_failed","fields":{"queueName":"all","service":"pipeline-worker"}}
{"timestamp":"2026-09-12T12:54:53.438Z","level":"error","event":"queue.dispatch_cycle_failed","fields":{"queueName":"all","service":"pipeline-worker"}}
{"timestamp":"2026-09-12T12:54:54.378Z","level":"error","event":"queue.lease_sweep_failed","fields":{"queueName":"all","service":"pipeline-worker"}}
{"timestamp":"2026-09-12T12:54:58.627Z","level":"error","event":"queue.dispatch_cycle_failed","fields":{"queueName":"all","service":"pipeline-worker"}}
{"timestamp":"2026-09-12T12:55:01.262Z","level":"error","event":"worker.consumer_failed","fields":{"queueName":"pipeline","service":"pipeline-worker"}}
{"timestamp":"2026-09-12T12:55:02.039Z","level":"error","event":"queue.dispatch_cycle_failed","fields":{"queueName":"all","service":"pipeline-worker"}}
{"timestamp":"2026-09-12T12:55:03.457Z","level":"error","event":"queue.dispatch_cycle_failed","fields":{"queueName":"all","service":"pipeline-worker"}}
{"timestamp":"2026-09-12T12:55:04.490Z","level":"error","event":"queue.dispatch_cycle_failed","fields":{"queueName":"all","service":"pipeline-worker"}}
{"timestamp":"2026-09-12T12:55:05.528Z","level":"error","event":"queue.dispatch_cycle_failed","fields":{"queueName":"all","service":"pipeline-worker"}}
{"timestamp":"2026-09-12T12:55:06.566Z","level":"error","event":"queue.dispatch_cycle_failed","fields":{"queueName":"all","service":"pipeline-worker"}}
{"timestamp":"2026-09-12T12:55:07.483Z","level":"error","event":"worker.consumer_failed","fields":{"queueName":"pipeline","service":"pipeline-worker"}}
{"timestamp":"2026-09-12T12:55:07.599Z","level":"error","event":"queue.dispatch_cycle_failed","fields":{"queueName":"all","service":"pipeline-worker"}}
{"timestamp":"2026-09-12T12:55:09.405Z","level":"error","event":"queue.dispatch_cycle_failed","fields":{"queueName":"all","service":"pipeline-worker"}}
{"timestamp":"2026-09-12T12:55:10.437Z","level":"error","event":"queue.dispatch_cycle_failed","fields":{"queueName":"all","service":"pipeline-worker"}}
{"timestamp":"2026-09-12T12:55:12.713Z","level":"error","event":"queue.lease_sweep_failed","fields":{"queueName":"all","service":"pipeline-worker"}}
{"timestamp":"2026-09-12T12:55:17.730Z","level":"error","event":"queue.dispatch_cycle_failed","fields":{"queueName":"all","service":"pipeline-worker"}}
{"timestamp":"2026-09-12T12:55:18.759Z","level":"error","event":"queue.dispatch_cycle_failed","fields":{"queueName":"all","service":"pipeline-worker"}}
{"timestamp":"2026-09-12T12:55:19.796Z","level":"error","event":"queue.dispatch_cycle_failed","fields":{"queueName":"all","service":"pipeline-worker"}}
{"timestamp":"2026-09-12T12:55:20.828Z","level":"error","event":"queue.dispatch_cycle_failed","fields":{"queueName":"all","service":"pipeline-worker"}}
{"timestamp":"2026-09-12T12:55:21.285Z","level":"error","event":"worker.consumer_failed","fields":{"queueName":"pipeline","service":"pipeline-worker"}}
{"timestamp":"2026-09-12T12:55:21.867Z","level":"error","event":"queue.dispatch_cycle_failed","fields":{"queueName":"all","service":"pipeline-worker"}}
{"timestamp":"2026-09-12T12:55:22.903Z","level":"error","event":"queue.dispatch_cycle_failed","fields":{"queueName":"all","service":"pipeline-worker"}}
{"timestamp":"2026-09-12T12:55:23.934Z","level":"error","event":"queue.dispatch_cycle_failed","fields":{"queueName":"all","service":"pipeline-worker"}}
{"timestamp":"2026-09-12T12:55:24.954Z","level":"error","event":"queue.dispatch_cycle_failed","fields":{"queueName":"all","service":"pipeline-worker"}}
{"timestamp":"2026-09-12T12:55:25.992Z","level":"error","event":"queue.dispatch_cycle_failed","fields":{"queueName":"all","service":"pipeline-worker"}}
{"timestamp":"2026-09-12T12:55:27.027Z","level":"error","event":"queue.dispatch_cycle_failed","fields":{"queueName":"all","service":"pipeline-worker"}}
{"timestamp":"2026-09-12T12:55:27.508Z","level":"error","event":"worker.consumer_failed","fields":{"queueName":"pipeline","service":"pipeline-worker"}}
{"timestamp":"2026-09-12T12:55:31.071Z","level":"error","event":"queue.dispatch_cycle_failed","fields":{"queueName":"all","service":"pipeline-worker"}}
{"timestamp":"2026-09-12T12:55:32.966Z","level":"error","event":"queue.dispatch_cycle_failed","fields":{"queueName":"all","service":"pipeline-worker"}}
{"timestamp":"2026-09-12T12:55:37.067Z","level":"error","event":"queue.lease_sweep_failed","fields":{"queueName":"all","service":"pipeline-worker"}}
{"timestamp":"2026-09-12T12:55:38.455Z","level":"error","event":"queue.dispatch_cycle_failed","fields":{"queueName":"all","service":"pipeline-worker"}}
{"timestamp":"2026-09-12T12:55:39.493Z","level":"error","event":"queue.dispatch_cycle_failed","fields":{"queueName":"all","service":"pipeline-worker"}}
{"timestamp":"2026-09-12T12:55:40.525Z","level":"error","event":"queue.dispatch_cycle_failed","fields":{"queueName":"all","service":"pipeline-worker"}}
{"timestamp":"2026-09-12T12:55:41.297Z","level":"error","event":"worker.consumer_failed","fields":{"queueName":"pipeline","service":"pipeline-worker"}}
{"timestamp":"2026-09-12T12:55:43.310Z","level":"error","event":"queue.dispatch_cycle_failed","fields":{"queueName":"all","service":"pipeline-worker"}}
{"timestamp":"2026-09-12T12:55:44.843Z","level":"error","event":"queue.dispatch_cycle_failed","fields":{"queueName":"all","service":"pipeline-worker"}}
{"timestamp":"2026-09-12T12:55:45.873Z","level":"error","event":"queue.dispatch_cycle_failed","fields":{"queueName":"all","service":"pipeline-worker"}}
{"timestamp":"2026-09-12T12:55:46.908Z","level":"error","event":"queue.dispatch_cycle_failed","fields":{"queueName":"all","service":"pipeline-worker"}}
{"timestamp":"2026-09-12T12:55:47.519Z","level":"error","event":"worker.consumer_failed","fields":{"queueName":"pipeline","service":"pipeline-worker"}}
{"timestamp":"2026-09-12T12:55:47.939Z","level":"error","event":"queue.dispatch_cycle_failed","fields":{"queueName":"all","service":"pipeline-worker"}}
{"timestamp":"2026-09-12T12:55:52.597Z","level":"error","event":"queue.dispatch_cycle_failed","fields":{"queueName":"all","service":"pipeline-worker"}}
{"timestamp":"2026-09-12T12:55:52.860Z","level":"error","event":"queue.lease_sweep_failed","fields":{"queueName":"all","service":"pipeline-worker"}}
{"timestamp":"2026-09-12T12:55:56.380Z","level":"error","event":"queue.dispatch_cycle_failed","fields":{"queueName":"all","service":"pipeline-worker"}}
{"timestamp":"2026-09-12T12:55:57.410Z","level":"error","event":"queue.dispatch_cycle_failed","fields":{"queueName":"all","service":"pipeline-worker"}}
{"timestamp":"2026-09-12T12:55:58.448Z","level":"error","event":"queue.dispatch_cycle_failed","fields":{"queueName":"all","service":"pipeline-worker"}}
{"timestamp":"2026-09-12T12:55:59.996Z","level":"error","event":"queue.dispatch_cycle_failed","fields":{"queueName":"all","service":"pipeline-worker"}}
{"timestamp":"2026-09-12T12:56:01.018Z","level":"error","event":"queue.dispatch_cycle_failed","fields":{"queueName":"all","service":"pipeline-worker"}}
{"timestamp":"2026-09-12T12:56:01.317Z","level":"error","event":"worker.consumer_failed","fields":{"queueName":"pipeline","service":"pipeline-worker"}}
{"timestamp":"2026-09-12T12:56:04.717Z","level":"error","event":"queue.dispatch_cycle_failed","fields":{"queueName":"all","service":"pipeline-worker"}}
{"timestamp":"2026-09-12T12:56:06.749Z","level":"error","event":"queue.dispatch_cycle_failed","fields":{"queueName":"all","service":"pipeline-worker"}}
{"timestamp":"2026-09-12T12:56:07.544Z","level":"error","event":"worker.consumer_failed","fields":{"queueName":"pipeline","service":"pipeline-worker"}}
{"timestamp":"2026-09-12T12:56:07.782Z","level":"error","event":"queue.dispatch_cycle_failed","fields":{"queueName":"all","service":"pipeline-worker"}}
{"timestamp":"2026-09-12T12:56:08.080Z","level":"error","event":"queue.lease_sweep_failed","fields":{"queueName":"all","service":"pipeline-worker"}}
{"timestamp":"2026-09-12T12:56:08.814Z","level":"error","event":"queue.dispatch_cycle_failed","fields":{"queueName":"all","service":"pipeline-worker"}}
{"timestamp":"2026-09-12T12:56:15.010Z","level":"error","event":"queue.dispatch_cycle_failed","fields":{"queueName":"all","service":"pipeline-worker"}}
{"timestamp":"2026-09-12T12:56:16.056Z","level":"error","event":"queue.dispatch_cycle_failed","fields":{"queueName":"all","service":"pipeline-worker"}}
{"timestamp":"2026-09-12T12:56:17.095Z","level":"error","event":"queue.dispatch_cycle_failed","fields":{"queueName":"all","service":"pipeline-worker"}}
{"timestamp":"2026-09-12T12:56:18.966Z","level":"error","event":"queue.dispatch_cycle_failed","fields":{"queueName":"all","service":"pipeline-worker"}}
{"timestamp":"2026-09-12T12:56:19.984Z","level":"error","event":"queue.dispatch_cycle_failed","fields":{"queueName":"all","service":"pipeline-worker"}}
{"timestamp":"2026-09-12T12:56:21.017Z","level":"error","event":"queue.dispatch_cycle_failed","fields":{"queueName":"all","service":"pipeline-worker"}}
{"timestamp":"2026-09-12T12:56:21.329Z","level":"error","event":"worker.consumer_failed","fields":{"queueName":"pipeline","service":"pipeline-worker"}}
{"timestamp":"2026-09-12T12:56:22.422Z","level":"error","event":"queue.dispatch_cycle_failed","fields":{"queueName":"all","service":"pipeline-worker"}}
{"timestamp":"2026-09-12T12:56:23.459Z","level":"error","event":"queue.dispatch_cycle_failed","fields":{"queueName":"all","service":"pipeline-worker"}}
{"timestamp":"2026-09-12T12:56:24.492Z","level":"error","event":"queue.dispatch_cycle_failed","fields":{"queueName":"all","service":"pipeline-worker"}}
{"timestamp":"2026-09-12T12:56:24.697Z","level":"error","event":"queue.lease_sweep_failed","fields":{"queueName":"all","service":"pipeline-worker"}}
{"timestamp":"2026-09-12T12:56:27.567Z","level":"error","event":"worker.consumer_failed","fields":{"queueName":"pipeline","service":"pipeline-worker"}}
{"timestamp":"2026-09-12T12:56:27.813Z","level":"error","event":"queue.dispatch_cycle_failed","fields":{"queueName":"all","service":"pipeline-worker"}}
{"timestamp":"2026-09-12T12:56:34.548Z","level":"error","event":"queue.dispatch_cycle_failed","fields":{"queueName":"all","service":"pipeline-worker"}}
{"timestamp":"2026-09-12T12:56:35.577Z","level":"error","event":"queue.dispatch_cycle_failed","fields":{"queueName":"all","service":"pipeline-worker"}}
{"timestamp":"2026-09-12T12:56:36.611Z","level":"error","event":"queue.dispatch_cycle_failed","fields":{"queueName":"all","service":"pipeline-worker"}}
{"timestamp":"2026-09-12T12:56:37.649Z","level":"error","event":"queue.dispatch_cycle_failed","fields":{"queueName":"all","service":"pipeline-worker"}}
{"timestamp":"2026-09-12T12:56:38.695Z","level":"error","event":"queue.dispatch_cycle_failed","fields":{"queueName":"all","service":"pipeline-worker"}}
{"timestamp":"2026-09-12T12:56:39.735Z","level":"error","event":"queue.dispatch_cycle_failed","fields":{"queueName":"all","service":"pipeline-worker"}}
{"timestamp":"2026-09-12T12:56:41.349Z","level":"error","event":"worker.consumer_failed","fields":{"queueName":"pipeline","service":"pipeline-worker"}}
{"timestamp":"2026-09-12T12:56:42.934Z","level":"error","event":"queue.lease_sweep_failed","fields":{"queueName":"all","service":"pipeline-worker"}}
{"timestamp":"2026-09-12T12:56:44.231Z","level":"error","event":"queue.dispatch_cycle_failed","fields":{"queueName":"all","service":"pipeline-worker"}}
{"timestamp":"2026-09-12T12:56:45.257Z","level":"error","event":"queue.dispatch_cycle_failed","fields":{"queueName":"all","service":"pipeline-worker"}}
{"timestamp":"2026-09-12T12:56:46.291Z","level":"error","event":"queue.dispatch_cycle_failed","fields":{"queueName":"all","service":"pipeline-worker"}}
{"timestamp":"2026-09-12T12:56:47.584Z","level":"error","event":"worker.consumer_failed","fields":{"queueName":"pipeline","service":"pipeline-worker"}}
{"timestamp":"2026-09-12T12:56:50.258Z","level":"error","event":"queue.dispatch_cycle_failed","fields":{"queueName":"all","service":"pipeline-worker"}}
{"timestamp":"2026-09-12T12:56:51.293Z","level":"error","event":"queue.dispatch_cycle_failed","fields":{"queueName":"all","service":"pipeline-worker"}}
{"timestamp":"2026-09-12T12:56:55.564Z","level":"error","event":"queue.dispatch_cycle_failed","fields":{"queueName":"all","service":"pipeline-worker"}}
{"timestamp":"2026-09-12T12:56:56.596Z","level":"error","event":"queue.dispatch_cycle_failed","fields":{"queueName":"all","service":"pipeline-worker"}}
{"timestamp":"2026-09-12T12:56:57.628Z","level":"error","event":"queue.dispatch_cycle_failed","fields":{"queueName":"all","service":"pipeline-worker"}}
{"timestamp":"2026-09-12T12:56:57.970Z","level":"error","event":"queue.lease_sweep_failed","fields":{"queueName":"all","service":"pipeline-worker"}}
{"timestamp":"2026-09-12T12:56:58.666Z","level":"error","event":"queue.dispatch_cycle_failed","fields":{"queueName":"all","service":"pipeline-worker"}}
{"timestamp":"2026-09-12T12:56:59.698Z","level":"error","event":"queue.dispatch_cycle_failed","fields":{"queueName":"all","service":"pipeline-worker"}}
{"timestamp":"2026-09-12T12:57:00.732Z","level":"error","event":"queue.dispatch_cycle_failed","fields":{"queueName":"all","service":"pipeline-worker"}}
{"timestamp":"2026-09-12T12:57:01.359Z","level":"error","event":"worker.consumer_failed","fields":{"queueName":"pipeline","service":"pipeline-worker"}}
{"timestamp":"2026-09-12T12:57:06.201Z","level":"error","event":"queue.dispatch_cycle_failed","fields":{"queueName":"all","service":"pipeline-worker"}}
{"timestamp":"2026-09-12T12:57:07.217Z","level":"error","event":"queue.dispatch_cycle_failed","fields":{"queueName":"all","service":"pipeline-worker"}}
{"timestamp":"2026-09-12T12:57:07.598Z","level":"error","event":"worker.consumer_failed","fields":{"queueName":"pipeline","service":"pipeline-worker"}}
{"timestamp":"2026-09-12T12:57:11.048Z","level":"error","event":"queue.dispatch_cycle_failed","fields":{"queueName":"all","service":"pipeline-worker"}}
{"timestamp":"2026-09-12T12:57:12.081Z","level":"error","event":"queue.dispatch_cycle_failed","fields":{"queueName":"all","service":"pipeline-worker"}}
{"timestamp":"2026-09-12T12:57:13.001Z","level":"error","event":"queue.lease_sweep_failed","fields":{"queueName":"all","service":"pipeline-worker"}}
{"timestamp":"2026-09-12T12:57:17.050Z","level":"error","event":"queue.dispatch_cycle_failed","fields":{"queueName":"all","service":"pipeline-worker"}}
{"timestamp":"2026-09-12T12:57:18.074Z","level":"error","event":"queue.dispatch_cycle_failed","fields":{"queueName":"all","service":"pipeline-worker"}}
{"timestamp":"2026-09-12T12:57:19.106Z","level":"error","event":"queue.dispatch_cycle_failed","fields":{"queueName":"all","service":"pipeline-worker"}}
{"timestamp":"2026-09-12T12:57:20.147Z","level":"error","event":"queue.dispatch_cycle_failed","fields":{"queueName":"all","service":"pipeline-worker"}}
{"timestamp":"2026-09-12T12:57:21.176Z","level":"error","event":"queue.dispatch_cycle_failed","fields":{"queueName":"all","service":"pipeline-worker"}}
{"timestamp":"2026-09-12T12:57:21.382Z","level":"error","event":"worker.consumer_failed","fields":{"queueName":"pipeline","service":"pipeline-worker"}}
{"timestamp":"2026-09-12T12:57:22.220Z","level":"error","event":"queue.dispatch_cycle_failed","fields":{"queueName":"all","service":"pipeline-worker"}}
{"timestamp":"2026-09-12T12:57:23.244Z","level":"error","event":"queue.dispatch_cycle_failed","fields":{"queueName":"all","service":"pipeline-worker"}}
{"timestamp":"2026-09-12T12:57:24.277Z","level":"error","event":"queue.dispatch_cycle_failed","fields":{"queueName":"all","service":"pipeline-worker"}}
{"timestamp":"2026-09-12T12:57:25.318Z","level":"error","event":"queue.dispatch_cycle_failed","fields":{"queueName":"all","service":"pipeline-worker"}}
{"timestamp":"2026-09-12T12:57:26.351Z","level":"error","event":"queue.dispatch_cycle_failed","fields":{"queueName":"all","service":"pipeline-worker"}}
{"timestamp":"2026-09-12T12:57:27.619Z","level":"error","event":"worker.consumer_failed","fields":{"queueName":"pipeline","service":"pipeline-worker"}}
{"timestamp":"2026-09-12T12:57:28.395Z","level":"error","event":"queue.lease_sweep_failed","fields":{"queueName":"all","service":"pipeline-worker"}}
{"timestamp":"2026-09-12T12:57:34.114Z","level":"error","event":"queue.dispatch_cycle_failed","fields":{"queueName":"all","service":"pipeline-worker"}}
{"timestamp":"2026-09-12T12:57:35.147Z","level":"error","event":"queue.dispatch_cycle_failed","fields":{"queueName":"all","service":"pipeline-worker"}}
{"timestamp":"2026-09-12T12:57:36.175Z","level":"error","event":"queue.dispatch_cycle_failed","fields":{"queueName":"all","service":"pipeline-worker"}}
{"timestamp":"2026-09-12T12:57:37.206Z","level":"error","event":"queue.dispatch_cycle_failed","fields":{"queueName":"all","service":"pipeline-worker"}}
{"timestamp":"2026-09-12T12:57:38.238Z","level":"error","event":"queue.dispatch_cycle_failed","fields":{"queueName":"all","service":"pipeline-worker"}}
{"timestamp":"2026-09-12T12:57:39.276Z","level":"error","event":"queue.dispatch_cycle_failed","fields":{"queueName":"all","service":"pipeline-worker"}}
{"timestamp":"2026-09-12T12:57:40.904Z","level":"error","event":"queue.dispatch_cycle_failed","fields":{"queueName":"all","service":"pipeline-worker"}}
{"timestamp":"2026-09-12T12:57:41.403Z","level":"error","event":"worker.consumer_failed","fields":{"queueName":"pipeline","service":"pipeline-worker"}}
{"timestamp":"2026-09-12T12:57:44.761Z","level":"error","event":"queue.dispatch_cycle_failed","fields":{"queueName":"all","service":"pipeline-worker"}}
{"timestamp":"2026-09-12T12:57:45.286Z","level":"error","event":"queue.lease_sweep_failed","fields":{"queueName":"all","service":"pipeline-worker"}}
{"timestamp":"2026-09-12T12:57:45.796Z","level":"error","event":"queue.dispatch_cycle_failed","fields":{"queueName":"all","service":"pipeline-worker"}}
{"timestamp":"2026-09-12T12:57:47.643Z","level":"error","event":"worker.consumer_failed","fields":{"queueName":"pipeline","service":"pipeline-worker"}}
{"timestamp":"2026-09-12T12:57:49.997Z","level":"error","event":"queue.dispatch_cycle_failed","fields":{"queueName":"all","service":"pipeline-worker"}}
{"timestamp":"2026-09-12T12:57:52.757Z","level":"error","event":"queue.dispatch_cycle_failed","fields":{"queueName":"all","service":"pipeline-worker"}}
{"timestamp":"2026-09-12T12:57:53.803Z","level":"error","event":"queue.dispatch_cycle_failed","fields":{"queueName":"all","service":"pipeline-worker"}}
{"timestamp":"2026-09-12T12:57:54.828Z","level":"error","event":"queue.dispatch_cycle_failed","fields":{"queueName":"all","service":"pipeline-worker"}}
{"timestamp":"2026-09-12T12:57:55.864Z","level":"error","event":"queue.dispatch_cycle_failed","fields":{"queueName":"all","service":"pipeline-worker"}}
{"timestamp":"2026-09-12T12:57:56.883Z","level":"error","event":"queue.dispatch_cycle_failed","fields":{"queueName":"all","service":"pipeline-worker"}}
{"timestamp":"2026-09-12T12:57:57.917Z","level":"error","event":"queue.dispatch_cycle_failed","fields":{"queueName":"all","service":"pipeline-worker"}}
{"timestamp":"2026-09-12T12:57:58.955Z","level":"error","event":"queue.dispatch_cycle_failed","fields":{"queueName":"all","service":"pipeline-worker"}}
{"timestamp":"2026-09-12T12:57:59.988Z","level":"error","event":"queue.dispatch_cycle_failed","fields":{"queueName":"all","service":"pipeline-worker"}}
{"timestamp":"2026-09-12T12:58:00.309Z","level":"error","event":"queue.lease_sweep_failed","fields":{"queueName":"all","service":"pipeline-worker"}}
{"timestamp":"2026-09-12T12:58:01.411Z","level":"error","event":"worker.consumer_failed","fields":{"queueName":"pipeline","service":"pipeline-worker"}}
{"timestamp":"2026-09-12T12:58:07.661Z","level":"error","event":"worker.consumer_failed","fields":{"queueName":"pipeline","service":"pipeline-worker"}}
{"timestamp":"2026-09-12T12:58:09.142Z","level":"error","event":"queue.dispatch_cycle_failed","fields":{"queueName":"all","service":"pipeline-worker"}}
{"timestamp":"2026-09-12T12:58:10.178Z","level":"error","event":"queue.dispatch_cycle_failed","fields":{"queueName":"all","service":"pipeline-worker"}}
{"timestamp":"2026-09-12T12:58:11.869Z","level":"error","event":"queue.dispatch_cycle_failed","fields":{"queueName":"all","service":"pipeline-worker"}}
{"timestamp":"2026-09-12T12:58:12.898Z","level":"error","event":"queue.dispatch_cycle_failed","fields":{"queueName":"all","service":"pipeline-worker"}}
{"timestamp":"2026-09-12T12:58:13.911Z","level":"error","event":"queue.dispatch_cycle_failed","fields":{"queueName":"all","service":"pipeline-worker"}}
{"timestamp":"2026-09-12T12:58:14.950Z","level":"error","event":"queue.dispatch_cycle_failed","fields":{"queueName":"all","service":"pipeline-worker"}}
{"timestamp":"2026-09-12T12:58:15.982Z","level":"error","event":"queue.dispatch_cycle_failed","fields":{"queueName":"all","service":"pipeline-worker"}}
{"timestamp":"2026-09-12T12:58:17.019Z","level":"error","event":"queue.dispatch_cycle_failed","fields":{"queueName":"all","service":"pipeline-worker"}}
{"timestamp":"2026-09-12T12:58:17.603Z","level":"error","event":"queue.lease_sweep_failed","fields":{"queueName":"all","service":"pipeline-worker"}}
{"timestamp":"2026-09-12T12:58:18.054Z","level":"error","event":"queue.dispatch_cycle_failed","fields":{"queueName":"all","service":"pipeline-worker"}}
{"timestamp":"2026-09-12T12:58:21.428Z","level":"error","event":"worker.consumer_failed","fields":{"queueName":"pipeline","service":"pipeline-worker"}}
{"timestamp":"2026-09-12T12:58:23.064Z","level":"error","event":"queue.dispatch_cycle_failed","fields":{"queueName":"all","service":"pipeline-worker"}}
{"timestamp":"2026-09-12T12:58:24.084Z","level":"error","event":"queue.dispatch_cycle_failed","fields":{"queueName":"all","service":"pipeline-worker"}}
{"timestamp":"2026-09-12T12:58:25.115Z","level":"error","event":"queue.dispatch_cycle_failed","fields":{"queueName":"all","service":"pipeline-worker"}}
{"timestamp":"2026-09-12T12:58:27.674Z","level":"error","event":"worker.consumer_failed","fields":{"queueName":"pipeline","service":"pipeline-worker"}}
{"timestamp":"2026-09-12T12:58:31.525Z","level":"error","event":"queue.dispatch_cycle_failed","fields":{"queueName":"all","service":"pipeline-worker"}}
{"timestamp":"2026-09-12T12:58:32.550Z","level":"error","event":"queue.dispatch_cycle_failed","fields":{"queueName":"all","service":"pipeline-worker"}}
{"timestamp":"2026-09-12T12:58:32.629Z","level":"error","event":"queue.lease_sweep_failed","fields":{"queueName":"all","service":"pipeline-worker"}}
{"timestamp":"2026-09-12T12:58:33.967Z","level":"error","event":"queue.dispatch_cycle_failed","fields":{"queueName":"all","service":"pipeline-worker"}}
{"timestamp":"2026-09-12T12:58:34.998Z","level":"error","event":"queue.dispatch_cycle_failed","fields":{"queueName":"all","service":"pipeline-worker"}}
{"timestamp":"2026-09-12T12:58:36.034Z","level":"error","event":"queue.dispatch_cycle_failed","fields":{"queueName":"all","service":"pipeline-worker"}}
{"timestamp":"2026-09-12T12:58:37.070Z","level":"error","event":"queue.dispatch_cycle_failed","fields":{"queueName":"all","service":"pipeline-worker"}}
{"timestamp":"2026-09-12T12:58:38.109Z","level":"error","event":"queue.dispatch_cycle_failed","fields":{"queueName":"all","service":"pipeline-worker"}}
{"timestamp":"2026-09-12T12:58:39.139Z","level":"error","event":"queue.dispatch_cycle_failed","fields":{"queueName":"all","service":"pipeline-worker"}}
{"timestamp":"2026-09-12T12:58:40.170Z","level":"error","event":"queue.dispatch_cycle_failed","fields":{"queueName":"all","service":"pipeline-worker"}}
{"timestamp":"2026-09-12T12:58:41.446Z","level":"error","event":"worker.consumer_failed","fields":{"queueName":"pipeline","service":"pipeline-worker"}}
{"timestamp":"2026-09-12T12:58:46.761Z","level":"error","event":"queue.dispatch_cycle_failed","fields":{"queueName":"all","service":"pipeline-worker"}}
{"timestamp":"2026-09-12T12:58:47.653Z","level":"error","event":"queue.lease_sweep_failed","fields":{"queueName":"all","service":"pipeline-worker"}}
{"timestamp":"2026-09-12T12:58:47.684Z","level":"error","event":"worker.consumer_failed","fields":{"queueName":"pipeline","service":"pipeline-worker"}}
{"timestamp":"2026-09-12T12:58:51.873Z","level":"error","event":"queue.dispatch_cycle_failed","fields":{"queueName":"all","service":"pipeline-worker"}}
{"timestamp":"2026-09-12T12:58:52.908Z","level":"error","event":"queue.dispatch_cycle_failed","fields":{"queueName":"all","service":"pipeline-worker"}}
{"timestamp":"2026-09-12T12:58:53.942Z","level":"error","event":"queue.dispatch_cycle_failed","fields":{"queueName":"all","service":"pipeline-worker"}}
{"timestamp":"2026-09-12T12:58:54.979Z","level":"error","event":"queue.dispatch_cycle_failed","fields":{"queueName":"all","service":"pipeline-worker"}}
{"timestamp":"2026-09-12T12:58:56.014Z","level":"error","event":"queue.dispatch_cycle_failed","fields":{"queueName":"all","service":"pipeline-worker"}}
{"timestamp":"2026-09-12T12:58:57.042Z","level":"error","event":"queue.dispatch_cycle_failed","fields":{"queueName":"all","service":"pipeline-worker"}}
{"timestamp":"2026-09-12T12:58:58.081Z","level":"error","event":"queue.dispatch_cycle_failed","fields":{"queueName":"all","service":"pipeline-worker"}}
{"timestamp":"2026-09-12T12:58:59.116Z","level":"error","event":"queue.dispatch_cycle_failed","fields":{"queueName":"all","service":"pipeline-worker"}}
{"timestamp":"2026-09-12T12:59:01.468Z","level":"error","event":"worker.consumer_failed","fields":{"queueName":"pipeline","service":"pipeline-worker"}}
{"timestamp":"2026-09-12T12:59:02.832Z","level":"error","event":"queue.dispatch_cycle_failed","fields":{"queueName":"all","service":"pipeline-worker"}}
{"timestamp":"2026-09-12T12:59:04.411Z","level":"error","event":"queue.lease_sweep_failed","fields":{"queueName":"all","service":"pipeline-worker"}}
{"timestamp":"2026-09-12T12:59:07.694Z","level":"error","event":"worker.consumer_failed","fields":{"queueName":"pipeline","service":"pipeline-worker"}}
{"timestamp":"2026-09-12T12:59:10.986Z","level":"error","event":"queue.dispatch_cycle_failed","fields":{"queueName":"all","service":"pipeline-worker"}}
{"timestamp":"2026-09-12T12:59:12.021Z","level":"error","event":"queue.dispatch_cycle_failed","fields":{"queueName":"all","service":"pipeline-worker"}}
{"timestamp":"2026-09-12T12:59:13.054Z","level":"error","event":"queue.dispatch_cycle_failed","fields":{"queueName":"all","service":"pipeline-worker"}}
{"timestamp":"2026-09-12T12:59:14.092Z","level":"error","event":"queue.dispatch_cycle_failed","fields":{"queueName":"all","service":"pipeline-worker"}}
{"timestamp":"2026-09-12T12:59:15.123Z","level":"error","event":"queue.dispatch_cycle_failed","fields":{"queueName":"all","service":"pipeline-worker"}}
{"timestamp":"2026-09-12T12:59:16.156Z","level":"error","event":"queue.dispatch_cycle_failed","fields":{"queueName":"all","service":"pipeline-worker"}}
{"timestamp":"2026-09-12T12:59:17.319Z","level":"error","event":"queue.dispatch_cycle_failed","fields":{"queueName":"all","service":"pipeline-worker"}}
{"timestamp":"2026-09-12T12:59:18.360Z","level":"error","event":"queue.dispatch_cycle_failed","fields":{"queueName":"all","service":"pipeline-worker"}}
{"timestamp":"2026-09-12T12:59:19.440Z","level":"error","event":"queue.lease_sweep_failed","fields":{"queueName":"all","service":"pipeline-worker"}}
{"timestamp":"2026-09-12T12:59:20.993Z","level":"error","event":"queue.dispatch_cycle_failed","fields":{"queueName":"all","service":"pipeline-worker"}}
{"timestamp":"2026-09-12T12:59:21.481Z","level":"error","event":"worker.consumer_failed","fields":{"queueName":"pipeline","service":"pipeline-worker"}}
{"timestamp":"2026-09-12T12:59:22.360Z","level":"error","event":"queue.dispatch_cycle_failed","fields":{"queueName":"all","service":"pipeline-worker"}}
{"timestamp":"2026-09-12T12:59:25.633Z","level":"error","event":"queue.dispatch_cycle_failed","fields":{"queueName":"all","service":"pipeline-worker"}}
{"timestamp":"2026-09-12T12:59:27.711Z","level":"error","event":"worker.consumer_failed","fields":{"queueName":"pipeline","service":"pipeline-worker"}}
{"timestamp":"2026-09-12T12:59:30.425Z","level":"error","event":"queue.dispatch_cycle_failed","fields":{"queueName":"all","service":"pipeline-worker"}}
{"timestamp":"2026-09-12T12:59:31.465Z","level":"error","event":"queue.dispatch_cycle_failed","fields":{"queueName":"all","service":"pipeline-worker"}}
{"timestamp":"2026-09-12T12:59:32.500Z","level":"error","event":"queue.dispatch_cycle_failed","fields":{"queueName":"all","service":"pipeline-worker"}}
{"timestamp":"2026-09-12T12:59:33.531Z","level":"error","event":"queue.dispatch_cycle_failed","fields":{"queueName":"all","service":"pipeline-worker"}}
{"timestamp":"2026-09-12T12:59:34.556Z","level":"error","event":"queue.dispatch_cycle_failed","fields":{"queueName":"all","service":"pipeline-worker"}}
{"timestamp":"2026-09-12T12:59:34.680Z","level":"error","event":"queue.lease_sweep_failed","fields":{"queueName":"all","service":"pipeline-worker"}}
{"timestamp":"2026-09-12T12:59:35.589Z","level":"error","event":"queue.dispatch_cycle_failed","fields":{"queueName":"all","service":"pipeline-worker"}}
{"timestamp":"2026-09-12T12:59:36.615Z","level":"error","event":"queue.dispatch_cycle_failed","fields":{"queueName":"all","service":"pipeline-worker"}}
{"timestamp":"2026-09-12T12:59:37.642Z","level":"error","event":"queue.dispatch_cycle_failed","fields":{"queueName":"all","service":"pipeline-worker"}}
{"timestamp":"2026-09-12T12:59:38.678Z","level":"error","event":"queue.dispatch_cycle_failed","fields":{"queueName":"all","service":"pipeline-worker"}}
{"timestamp":"2026-09-12T12:59:41.495Z","level":"error","event":"worker.consumer_failed","fields":{"queueName":"pipeline","service":"pipeline-worker"}}
{"timestamp":"2026-09-12T12:59:47.725Z","level":"error","event":"worker.consumer_failed","fields":{"queueName":"pipeline","service":"pipeline-worker"}}
{"timestamp":"2026-09-12T12:59:49.718Z","level":"error","event":"queue.lease_sweep_failed","fields":{"queueName":"all","service":"pipeline-worker"}}
{"timestamp":"2026-09-12T12:59:50.218Z","level":"error","event":"queue.dispatch_cycle_failed","fields":{"queueName":"all","service":"pipeline-worker"}}
{"timestamp":"2026-09-12T12:59:51.250Z","level":"error","event":"queue.dispatch_cycle_failed","fields":{"queueName":"all","service":"pipeline-worker"}}
{"timestamp":"2026-09-12T12:59:52.289Z","level":"error","event":"queue.dispatch_cycle_failed","fields":{"queueName":"all","service":"pipeline-worker"}}
{"timestamp":"2026-09-12T12:59:53.321Z","level":"error","event":"queue.dispatch_cycle_failed","fields":{"queueName":"all","service":"pipeline-worker"}}
{"timestamp":"2026-09-12T12:59:54.338Z","level":"error","event":"queue.dispatch_cycle_failed","fields":{"queueName":"all","service":"pipeline-worker"}}
{"timestamp":"2026-09-12T12:59:55.364Z","level":"error","event":"queue.dispatch_cycle_failed","fields":{"queueName":"all","service":"pipeline-worker"}}
{"timestamp":"2026-09-12T12:59:56.394Z","level":"error","event":"queue.dispatch_cycle_failed","fields":{"queueName":"all","service":"pipeline-worker"}}
{"timestamp":"2026-09-12T12:59:57.428Z","level":"error","event":"queue.dispatch_cycle_failed","fields":{"queueName":"all","service":"pipeline-worker"}}
{"timestamp":"2026-09-12T12:59:58.464Z","level":"error","event":"queue.dispatch_cycle_failed","fields":{"queueName":"all","service":"pipeline-worker"}}
{"timestamp":"2026-09-12T13:00:01.523Z","level":"error","event":"worker.consumer_failed","fields":{"queueName":"pipeline","service":"pipeline-worker"}}
{"timestamp":"2026-09-12T13:00:02.563Z","level":"error","event":"queue.dispatch_cycle_failed","fields":{"queueName":"all","service":"pipeline-worker"}}
{"timestamp":"2026-09-12T13:00:06.493Z","level":"error","event":"queue.dispatch_cycle_failed","fields":{"queueName":"all","service":"pipeline-worker"}}
{"timestamp":"2026-09-12T13:00:07.059Z","level":"error","event":"queue.lease_sweep_failed","fields":{"queueName":"all","service":"pipeline-worker"}}
{"timestamp":"2026-09-12T13:00:07.749Z","level":"error","event":"worker.consumer_failed","fields":{"queueName":"pipeline","service":"pipeline-worker"}}
{"timestamp":"2026-09-12T13:00:12.226Z","level":"error","event":"queue.dispatch_cycle_failed","fields":{"queueName":"all","service":"pipeline-worker"}}
{"timestamp":"2026-09-12T13:00:13.262Z","level":"error","event":"queue.dispatch_cycle_failed","fields":{"queueName":"all","service":"pipeline-worker"}}
{"timestamp":"2026-09-12T13:00:14.307Z","level":"error","event":"queue.dispatch_cycle_failed","fields":{"queueName":"all","service":"pipeline-worker"}}
{"timestamp":"2026-09-12T13:00:15.339Z","level":"error","event":"queue.dispatch_cycle_failed","fields":{"queueName":"all","service":"pipeline-worker"}}
{"timestamp":"2026-09-12T13:00:16.373Z","level":"error","event":"queue.dispatch_cycle_failed","fields":{"queueName":"all","service":"pipeline-worker"}}
{"timestamp":"2026-09-12T13:00:17.402Z","level":"error","event":"queue.dispatch_cycle_failed","fields":{"queueName":"all","service":"pipeline-worker"}}
{"timestamp":"2026-09-12T13:00:18.423Z","level":"error","event":"queue.dispatch_cycle_failed","fields":{"queueName":"all","service":"pipeline-worker"}}
{"timestamp":"2026-09-12T13:00:19.448Z","level":"error","event":"queue.dispatch_cycle_failed","fields":{"queueName":"all","service":"pipeline-worker"}}
{"timestamp":"2026-09-12T13:00:21.531Z","level":"error","event":"worker.consumer_failed","fields":{"queueName":"pipeline","service":"pipeline-worker"}}
{"timestamp":"2026-09-12T13:00:22.097Z","level":"error","event":"queue.lease_sweep_failed","fields":{"queueName":"all","service":"pipeline-worker"}}
{"timestamp":"2026-09-12T13:00:24.399Z","level":"error","event":"queue.dispatch_cycle_failed","fields":{"queueName":"all","service":"pipeline-worker"}}
{"timestamp":"2026-09-12T13:00:27.672Z","level":"error","event":"queue.dispatch_cycle_failed","fields":{"queueName":"all","service":"pipeline-worker"}}
{"timestamp":"2026-09-12T13:00:27.768Z","level":"error","event":"worker.consumer_failed","fields":{"queueName":"pipeline","service":"pipeline-worker"}}
{"timestamp":"2026-09-12T13:00:28.851Z","level":"error","event":"queue.dispatch_cycle_failed","fields":{"queueName":"all","service":"pipeline-worker"}}
{"timestamp":"2026-09-12T13:00:30.592Z","level":"error","event":"queue.dispatch_cycle_failed","fields":{"queueName":"all","service":"pipeline-worker"}}
{"timestamp":"2026-09-12T13:00:31.632Z","level":"error","event":"queue.dispatch_cycle_failed","fields":{"queueName":"all","service":"pipeline-worker"}}
{"timestamp":"2026-09-12T13:00:32.668Z","level":"error","event":"queue.dispatch_cycle_failed","fields":{"queueName":"all","service":"pipeline-worker"}}
{"timestamp":"2026-09-12T13:00:33.700Z","level":"error","event":"queue.dispatch_cycle_failed","fields":{"queueName":"all","service":"pipeline-worker"}}
{"timestamp":"2026-09-12T13:00:35.881Z","level":"error","event":"queue.dispatch_cycle_failed","fields":{"queueName":"all","service":"pipeline-worker"}}
{"timestamp":"2026-09-12T13:00:36.918Z","level":"error","event":"queue.dispatch_cycle_failed","fields":{"queueName":"all","service":"pipeline-worker"}}
{"timestamp":"2026-09-12T13:00:37.950Z","level":"error","event":"queue.dispatch_cycle_failed","fields":{"queueName":"all","service":"pipeline-worker"}}
{"timestamp":"2026-09-12T13:00:38.340Z","level":"error","event":"queue.lease_sweep_failed","fields":{"queueName":"all","service":"pipeline-worker"}}
{"timestamp":"2026-09-12T13:00:41.553Z","level":"error","event":"worker.consumer_failed","fields":{"queueName":"pipeline","service":"pipeline-worker"}}
{"timestamp":"2026-09-12T13:00:41.687Z","level":"error","event":"queue.dispatch_cycle_failed","fields":{"queueName":"all","service":"pipeline-worker"}}
{"timestamp":"2026-09-12T13:00:45.040Z","level":"error","event":"queue.dispatch_cycle_failed","fields":{"queueName":"all","service":"pipeline-worker"}}
{"timestamp":"2026-09-12T13:00:47.777Z","level":"error","event":"worker.consumer_failed","fields":{"queueName":"pipeline","service":"pipeline-worker"}}
{"timestamp":"2026-09-12T13:00:49.990Z","level":"error","event":"queue.dispatch_cycle_failed","fields":{"queueName":"all","service":"pipeline-worker"}}
{"timestamp":"2026-09-12T13:00:51.023Z","level":"error","event":"queue.dispatch_cycle_failed","fields":{"queueName":"all","service":"pipeline-worker"}}
{"timestamp":"2026-09-12T13:00:52.063Z","level":"error","event":"queue.dispatch_cycle_failed","fields":{"queueName":"all","service":"pipeline-worker"}}
{"timestamp":"2026-09-12T13:00:53.094Z","level":"error","event":"queue.dispatch_cycle_failed","fields":{"queueName":"all","service":"pipeline-worker"}}
{"timestamp":"2026-09-12T13:00:53.381Z","level":"error","event":"queue.lease_sweep_failed","fields":{"queueName":"all","service":"pipeline-worker"}}
{"timestamp":"2026-09-12T13:00:54.126Z","level":"error","event":"queue.dispatch_cycle_failed","fields":{"queueName":"all","service":"pipeline-worker"}}
{"timestamp":"2026-09-12T13:00:55.435Z","level":"error","event":"queue.dispatch_cycle_failed","fields":{"queueName":"all","service":"pipeline-worker"}}
{"timestamp":"2026-09-12T13:00:56.463Z","level":"error","event":"queue.dispatch_cycle_failed","fields":{"queueName":"all","service":"pipeline-worker"}}
{"timestamp":"2026-09-12T13:00:59.730Z","level":"error","event":"queue.dispatch_cycle_failed","fields":{"queueName":"all","service":"pipeline-worker"}}
{"timestamp":"2026-09-12T13:01:01.580Z","level":"error","event":"worker.consumer_failed","fields":{"queueName":"pipeline","service":"pipeline-worker"}}
{"timestamp":"2026-09-12T13:01:03.559Z","level":"error","event":"queue.dispatch_cycle_failed","fields":{"queueName":"all","service":"pipeline-worker"}}
{"timestamp":"2026-09-12T13:01:07.791Z","level":"error","event":"worker.consumer_failed","fields":{"queueName":"pipeline","service":"pipeline-worker"}}
{"timestamp":"2026-09-12T13:01:08.411Z","level":"error","event":"queue.lease_sweep_failed","fields":{"queueName":"all","service":"pipeline-worker"}}
{"timestamp":"2026-09-12T13:01:09.463Z","level":"error","event":"queue.dispatch_cycle_failed","fields":{"queueName":"all","service":"pipeline-worker"}}
{"timestamp":"2026-09-12T13:01:11.944Z","level":"error","event":"queue.dispatch_cycle_failed","fields":{"queueName":"all","service":"pipeline-worker"}}
{"timestamp":"2026-09-12T13:01:12.983Z","level":"error","event":"queue.dispatch_cycle_failed","fields":{"queueName":"all","service":"pipeline-worker"}}
{"timestamp":"2026-09-12T13:01:14.015Z","level":"error","event":"queue.dispatch_cycle_failed","fields":{"queueName":"all","service":"pipeline-worker"}}
{"timestamp":"2026-09-12T13:01:15.049Z","level":"error","event":"queue.dispatch_cycle_failed","fields":{"queueName":"all","service":"pipeline-worker"}}
{"timestamp":"2026-09-12T13:01:16.080Z","level":"error","event":"queue.dispatch_cycle_failed","fields":{"queueName":"all","service":"pipeline-worker"}}
{"timestamp":"2026-09-12T13:01:17.122Z","level":"error","event":"queue.dispatch_cycle_failed","fields":{"queueName":"all","service":"pipeline-worker"}}
{"timestamp":"2026-09-12T13:01:18.159Z","level":"error","event":"queue.dispatch_cycle_failed","fields":{"queueName":"all","service":"pipeline-worker"}}
{"timestamp":"2026-09-12T13:01:21.596Z","level":"error","event":"worker.consumer_failed","fields":{"queueName":"pipeline","service":"pipeline-worker"}}
{"timestamp":"2026-09-12T13:01:22.402Z","level":"error","event":"queue.dispatch_cycle_failed","fields":{"queueName":"all","service":"pipeline-worker"}}
{"timestamp":"2026-09-12T13:01:27.313Z","level":"error","event":"queue.dispatch_cycle_failed","fields":{"queueName":"all","service":"pipeline-worker"}}
{"timestamp":"2026-09-12T13:01:27.813Z","level":"error","event":"worker.consumer_failed","fields":{"queueName":"pipeline","service":"pipeline-worker"}}
{"timestamp":"2026-09-12T13:01:28.220Z","level":"error","event":"queue.lease_sweep_failed","fields":{"queueName":"all","service":"pipeline-worker"}}
{"timestamp":"2026-09-12T13:01:28.349Z","level":"error","event":"queue.dispatch_cycle_failed","fields":{"queueName":"all","service":"pipeline-worker"}}
{"timestamp":"2026-09-12T13:01:29.371Z","level":"error","event":"queue.dispatch_cycle_failed","fields":{"queueName":"all","service":"pipeline-worker"}}
{"timestamp":"2026-09-12T13:01:30.391Z","level":"error","event":"queue.dispatch_cycle_failed","fields":{"queueName":"all","service":"pipeline-worker"}}
{"timestamp":"2026-09-12T13:01:31.419Z","level":"error","event":"queue.dispatch_cycle_failed","fields":{"queueName":"all","service":"pipeline-worker"}}
{"timestamp":"2026-09-12T13:01:35.496Z","level":"error","event":"queue.dispatch_cycle_failed","fields":{"queueName":"all","service":"pipeline-worker"}}
{"timestamp":"2026-09-12T13:01:36.545Z","level":"error","event":"queue.dispatch_cycle_failed","fields":{"queueName":"all","service":"pipeline-worker"}}
{"timestamp":"2026-09-12T13:01:37.596Z","level":"error","event":"queue.dispatch_cycle_failed","fields":{"queueName":"all","service":"pipeline-worker"}}
{"timestamp":"2026-09-12T13:01:38.629Z","level":"error","event":"queue.dispatch_cycle_failed","fields":{"queueName":"all","service":"pipeline-worker"}}
{"timestamp":"2026-09-12T13:01:41.614Z","level":"error","event":"worker.consumer_failed","fields":{"queueName":"pipeline","service":"pipeline-worker"}}
{"timestamp":"2026-09-12T13:01:43.401Z","level":"error","event":"queue.lease_sweep_failed","fields":{"queueName":"all","service":"pipeline-worker"}}
{"timestamp":"2026-09-12T13:01:45.957Z","level":"error","event":"queue.dispatch_cycle_failed","fields":{"queueName":"all","service":"pipeline-worker"}}
{"timestamp":"2026-09-12T13:01:46.993Z","level":"error","event":"queue.dispatch_cycle_failed","fields":{"queueName":"all","service":"pipeline-worker"}}
{"timestamp":"2026-09-12T13:01:47.834Z","level":"error","event":"worker.consumer_failed","fields":{"queueName":"pipeline","service":"pipeline-worker"}}
{"timestamp":"2026-09-12T13:01:48.025Z","level":"error","event":"queue.dispatch_cycle_failed","fields":{"queueName":"all","service":"pipeline-worker"}}
{"timestamp":"2026-09-12T13:01:49.060Z","level":"error","event":"queue.dispatch_cycle_failed","fields":{"queueName":"all","service":"pipeline-worker"}}
{"timestamp":"2026-09-12T13:01:50.093Z","level":"error","event":"queue.dispatch_cycle_failed","fields":{"queueName":"all","service":"pipeline-worker"}}
{"timestamp":"2026-09-12T13:01:51.862Z","level":"error","event":"queue.dispatch_cycle_failed","fields":{"queueName":"all","service":"pipeline-worker"}}
{"timestamp":"2026-09-12T13:01:56.286Z","level":"error","event":"queue.dispatch_cycle_failed","fields":{"queueName":"all","service":"pipeline-worker"}}
{"timestamp":"2026-09-12T13:01:57.318Z","level":"error","event":"queue.dispatch_cycle_failed","fields":{"queueName":"all","service":"pipeline-worker"}}
{"timestamp":"2026-09-12T13:01:58.362Z","level":"error","event":"queue.dispatch_cycle_failed","fields":{"queueName":"all","service":"pipeline-worker"}}
{"timestamp":"2026-09-12T13:01:58.437Z","level":"error","event":"queue.lease_sweep_failed","fields":{"queueName":"all","service":"pipeline-worker"}}
{"timestamp":"2026-09-12T13:01:59.390Z","level":"error","event":"queue.dispatch_cycle_failed","fields":{"queueName":"all","service":"pipeline-worker"}}
{"timestamp":"2026-09-12T13:02:00.424Z","level":"error","event":"queue.dispatch_cycle_failed","fields":{"queueName":"all","service":"pipeline-worker"}}
{"timestamp":"2026-09-12T13:02:01.637Z","level":"error","event":"worker.consumer_failed","fields":{"queueName":"pipeline","service":"pipeline-worker"}}
{"timestamp":"2026-09-12T13:02:05.741Z","level":"error","event":"queue.dispatch_cycle_failed","fields":{"queueName":"all","service":"pipeline-worker"}}
{"timestamp":"2026-09-12T13:02:06.776Z","level":"error","event":"queue.dispatch_cycle_failed","fields":{"queueName":"all","service":"pipeline-worker"}}
{"timestamp":"2026-09-12T13:02:07.813Z","level":"error","event":"queue.dispatch_cycle_failed","fields":{"queueName":"all","service":"pipeline-worker"}}
{"timestamp":"2026-09-12T13:02:07.857Z","level":"error","event":"worker.consumer_failed","fields":{"queueName":"pipeline","service":"pipeline-worker"}}
{"timestamp":"2026-09-12T13:02:08.848Z","level":"error","event":"queue.dispatch_cycle_failed","fields":{"queueName":"all","service":"pipeline-worker"}}
{"timestamp":"2026-09-12T13:02:13.461Z","level":"error","event":"queue.lease_sweep_failed","fields":{"queueName":"all","service":"pipeline-worker"}}
{"timestamp":"2026-09-12T13:02:13.566Z","level":"error","event":"queue.dispatch_cycle_failed","fields":{"queueName":"all","service":"pipeline-worker"}}
{"timestamp":"2026-09-12T13:02:14.616Z","level":"error","event":"queue.dispatch_cycle_failed","fields":{"queueName":"all","service":"pipeline-worker"}}
{"timestamp":"2026-09-12T13:02:15.657Z","level":"error","event":"queue.dispatch_cycle_failed","fields":{"queueName":"all","service":"pipeline-worker"}}
{"timestamp":"2026-09-12T13:02:19.132Z","level":"error","event":"queue.dispatch_cycle_failed","fields":{"queueName":"all","service":"pipeline-worker"}}
{"timestamp":"2026-09-12T13:02:20.167Z","level":"error","event":"queue.dispatch_cycle_failed","fields":{"queueName":"all","service":"pipeline-worker"}}
{"timestamp":"2026-09-12T13:02:21.652Z","level":"error","event":"worker.consumer_failed","fields":{"queueName":"pipeline","service":"pipeline-worker"}}
{"timestamp":"2026-09-12T13:02:24.280Z","level":"error","event":"queue.dispatch_cycle_failed","fields":{"queueName":"all","service":"pipeline-worker"}}
{"timestamp":"2026-09-12T13:02:25.305Z","level":"error","event":"queue.dispatch_cycle_failed","fields":{"queueName":"all","service":"pipeline-worker"}}
{"timestamp":"2026-09-12T13:02:26.341Z","level":"error","event":"queue.dispatch_cycle_failed","fields":{"queueName":"all","service":"pipeline-worker"}}
{"timestamp":"2026-09-12T13:02:27.378Z","level":"error","event":"queue.dispatch_cycle_failed","fields":{"queueName":"all","service":"pipeline-worker"}}
{"timestamp":"2026-09-12T13:02:27.869Z","level":"error","event":"worker.consumer_failed","fields":{"queueName":"pipeline","service":"pipeline-worker"}}
{"timestamp":"2026-09-12T13:02:28.423Z","level":"error","event":"queue.dispatch_cycle_failed","fields":{"queueName":"all","service":"pipeline-worker"}}
{"timestamp":"2026-09-12T13:02:28.490Z","level":"error","event":"queue.lease_sweep_failed","fields":{"queueName":"all","service":"pipeline-worker"}}
{"timestamp":"2026-09-12T13:02:29.459Z","level":"error","event":"queue.dispatch_cycle_failed","fields":{"queueName":"all","service":"pipeline-worker"}}
{"timestamp":"2026-09-12T13:02:30.484Z","level":"error","event":"queue.dispatch_cycle_failed","fields":{"queueName":"all","service":"pipeline-worker"}}
{"timestamp":"2026-09-12T13:02:32.417Z","level":"error","event":"queue.dispatch_cycle_failed","fields":{"queueName":"all","service":"pipeline-worker"}}
{"timestamp":"2026-09-12T13:02:40.112Z","level":"error","event":"queue.dispatch_cycle_failed","fields":{"queueName":"all","service":"pipeline-worker"}}
{"timestamp":"2026-09-12T13:02:41.144Z","level":"error","event":"queue.dispatch_cycle_failed","fields":{"queueName":"all","service":"pipeline-worker"}}
{"timestamp":"2026-09-12T13:02:41.676Z","level":"error","event":"worker.consumer_failed","fields":{"queueName":"pipeline","service":"pipeline-worker"}}
{"timestamp":"2026-09-12T13:02:42.173Z","level":"error","event":"queue.dispatch_cycle_failed","fields":{"queueName":"all","service":"pipeline-worker"}}
{"timestamp":"2026-09-12T13:02:43.484Z","level":"error","event":"queue.dispatch_cycle_failed","fields":{"queueName":"all","service":"pipeline-worker"}}
{"timestamp":"2026-09-12T13:02:43.533Z","level":"error","event":"queue.lease_sweep_failed","fields":{"queueName":"all","service":"pipeline-worker"}}
{"timestamp":"2026-09-12T13:02:47.879Z","level":"error","event":"worker.consumer_failed","fields":{"queueName":"pipeline","service":"pipeline-worker"}}
{"timestamp":"2026-09-12T13:02:47.976Z","level":"error","event":"queue.dispatch_cycle_failed","fields":{"queueName":"all","service":"pipeline-worker"}}
{"timestamp":"2026-09-12T13:02:49.029Z","level":"error","event":"queue.dispatch_cycle_failed","fields":{"queueName":"all","service":"pipeline-worker"}}
{"timestamp":"2026-09-12T13:02:50.060Z","level":"error","event":"queue.dispatch_cycle_failed","fields":{"queueName":"all","service":"pipeline-worker"}}
{"timestamp":"2026-09-12T13:02:51.095Z","level":"error","event":"queue.dispatch_cycle_failed","fields":{"queueName":"all","service":"pipeline-worker"}}
{"timestamp":"2026-09-12T13:02:52.126Z","level":"error","event":"queue.dispatch_cycle_failed","fields":{"queueName":"all","service":"pipeline-worker"}}
{"timestamp":"2026-09-12T13:02:58.277Z","level":"error","event":"queue.dispatch_cycle_failed","fields":{"queueName":"all","service":"pipeline-worker"}}
{"timestamp":"2026-09-12T13:02:58.579Z","level":"error","event":"queue.lease_sweep_failed","fields":{"queueName":"all","service":"pipeline-worker"}}
{"timestamp":"2026-09-12T13:02:59.309Z","level":"error","event":"queue.dispatch_cycle_failed","fields":{"queueName":"all","service":"pipeline-worker"}}
{"timestamp":"2026-09-12T13:03:00.341Z","level":"error","event":"queue.dispatch_cycle_failed","fields":{"queueName":"all","service":"pipeline-worker"}}
{"timestamp":"2026-09-12T13:03:01.375Z","level":"error","event":"queue.dispatch_cycle_failed","fields":{"queueName":"all","service":"pipeline-worker"}}
{"timestamp":"2026-09-12T13:03:01.710Z","level":"error","event":"worker.consumer_failed","fields":{"queueName":"pipeline","service":"pipeline-worker"}}
{"timestamp":"2026-09-12T13:03:04.008Z","level":"error","event":"queue.dispatch_cycle_failed","fields":{"queueName":"all","service":"pipeline-worker"}}
{"timestamp":"2026-09-12T13:03:05.045Z","level":"error","event":"queue.dispatch_cycle_failed","fields":{"queueName":"all","service":"pipeline-worker"}}
{"timestamp":"2026-09-12T13:03:06.076Z","level":"error","event":"queue.dispatch_cycle_failed","fields":{"queueName":"all","service":"pipeline-worker"}}
{"timestamp":"2026-09-12T13:03:07.103Z","level":"error","event":"queue.dispatch_cycle_failed","fields":{"queueName":"all","service":"pipeline-worker"}}
{"timestamp":"2026-09-12T13:03:07.914Z","level":"error","event":"worker.consumer_failed","fields":{"queueName":"pipeline","service":"pipeline-worker"}}
{"timestamp":"2026-09-12T13:03:08.263Z","level":"error","event":"queue.dispatch_cycle_failed","fields":{"queueName":"all","service":"pipeline-worker"}}
{"timestamp":"2026-09-12T13:03:11.378Z","level":"error","event":"queue.dispatch_cycle_failed","fields":{"queueName":"all","service":"pipeline-worker"}}
{"timestamp":"2026-09-12T13:03:12.412Z","level":"error","event":"queue.dispatch_cycle_failed","fields":{"queueName":"all","service":"pipeline-worker"}}
{"timestamp":"2026-09-12T13:03:13.606Z","level":"error","event":"queue.lease_sweep_failed","fields":{"queueName":"all","service":"pipeline-worker"}}
{"timestamp":"2026-09-12T13:03:13.810Z","level":"error","event":"queue.dispatch_cycle_failed","fields":{"queueName":"all","service":"pipeline-worker"}}
{"timestamp":"2026-09-12T13:03:17.340Z","level":"error","event":"queue.dispatch_cycle_failed","fields":{"queueName":"all","service":"pipeline-worker"}}
{"timestamp":"2026-09-12T13:03:21.088Z","level":"error","event":"queue.dispatch_cycle_failed","fields":{"queueName":"all","service":"pipeline-worker"}}
{"timestamp":"2026-09-12T13:03:21.728Z","level":"error","event":"worker.consumer_failed","fields":{"queueName":"pipeline","service":"pipeline-worker"}}
{"timestamp":"2026-09-12T13:03:22.122Z","level":"error","event":"queue.dispatch_cycle_failed","fields":{"queueName":"all","service":"pipeline-worker"}}
{"timestamp":"2026-09-12T13:03:23.156Z","level":"error","event":"queue.dispatch_cycle_failed","fields":{"queueName":"all","service":"pipeline-worker"}}
{"timestamp":"2026-09-12T13:03:26.889Z","level":"error","event":"queue.dispatch_cycle_failed","fields":{"queueName":"all","service":"pipeline-worker"}}
{"timestamp":"2026-09-12T13:03:27.925Z","level":"error","event":"worker.consumer_failed","fields":{"queueName":"pipeline","service":"pipeline-worker"}}
{"timestamp":"2026-09-12T13:03:27.928Z","level":"error","event":"queue.dispatch_cycle_failed","fields":{"queueName":"all","service":"pipeline-worker"}}
{"timestamp":"2026-09-12T13:03:30.632Z","level":"error","event":"queue.lease_sweep_failed","fields":{"queueName":"all","service":"pipeline-worker"}}
{"timestamp":"2026-09-12T13:03:31.720Z","level":"error","event":"queue.dispatch_cycle_failed","fields":{"queueName":"all","service":"pipeline-worker"}}
{"timestamp":"2026-09-12T13:03:32.748Z","level":"error","event":"queue.dispatch_cycle_failed","fields":{"queueName":"all","service":"pipeline-worker"}}
{"timestamp":"2026-09-12T13:03:33.769Z","level":"error","event":"queue.dispatch_cycle_failed","fields":{"queueName":"all","service":"pipeline-worker"}}
{"timestamp":"2026-09-12T13:03:34.807Z","level":"error","event":"queue.dispatch_cycle_failed","fields":{"queueName":"all","service":"pipeline-worker"}}
{"timestamp":"2026-09-12T13:03:36.622Z","level":"error","event":"queue.dispatch_cycle_failed","fields":{"queueName":"all","service":"pipeline-worker"}}
{"timestamp":"2026-09-12T13:03:38.526Z","level":"error","event":"queue.dispatch_cycle_failed","fields":{"queueName":"all","service":"pipeline-worker"}}
{"timestamp":"2026-09-12T13:03:39.555Z","level":"error","event":"queue.dispatch_cycle_failed","fields":{"queueName":"all","service":"pipeline-worker"}}
{"timestamp":"2026-09-12T13:03:41.750Z","level":"error","event":"worker.consumer_failed","fields":{"queueName":"pipeline","service":"pipeline-worker"}}
{"timestamp":"2026-09-12T13:03:45.661Z","level":"error","event":"queue.lease_sweep_failed","fields":{"queueName":"all","service":"pipeline-worker"}}
{"timestamp":"2026-09-12T13:03:46.483Z","level":"error","event":"queue.dispatch_cycle_failed","fields":{"queueName":"all","service":"pipeline-worker"}}
{"timestamp":"2026-09-12T13:03:47.520Z","level":"error","event":"queue.dispatch_cycle_failed","fields":{"queueName":"all","service":"pipeline-worker"}}
{"timestamp":"2026-09-12T13:03:47.945Z","level":"error","event":"worker.consumer_failed","fields":{"queueName":"pipeline","service":"pipeline-worker"}}
{"timestamp":"2026-09-12T13:03:49.655Z","level":"error","event":"queue.dispatch_cycle_failed","fields":{"queueName":"all","service":"pipeline-worker"}}
{"timestamp":"2026-09-12T13:03:50.685Z","level":"error","event":"queue.dispatch_cycle_failed","fields":{"queueName":"all","service":"pipeline-worker"}}
{"timestamp":"2026-09-12T13:03:51.730Z","level":"error","event":"queue.dispatch_cycle_failed","fields":{"queueName":"all","service":"pipeline-worker"}}
{"timestamp":"2026-09-12T13:03:52.759Z","level":"error","event":"queue.dispatch_cycle_failed","fields":{"queueName":"all","service":"pipeline-worker"}}
{"timestamp":"2026-09-12T13:03:55.431Z","level":"error","event":"queue.dispatch_cycle_failed","fields":{"queueName":"all","service":"pipeline-worker"}}
{"timestamp":"2026-09-12T13:03:56.472Z","level":"error","event":"queue.dispatch_cycle_failed","fields":{"queueName":"all","service":"pipeline-worker"}}
{"timestamp":"2026-09-12T13:03:57.508Z","level":"error","event":"queue.dispatch_cycle_failed","fields":{"queueName":"all","service":"pipeline-worker"}}
{"timestamp":"2026-09-12T13:04:00.597Z","level":"error","event":"queue.dispatch_cycle_failed","fields":{"queueName":"all","service":"pipeline-worker"}}
{"timestamp":"2026-09-12T13:04:00.692Z","level":"error","event":"queue.lease_sweep_failed","fields":{"queueName":"all","service":"pipeline-worker"}}
{"timestamp":"2026-09-12T13:04:01.772Z","level":"error","event":"worker.consumer_failed","fields":{"queueName":"pipeline","service":"pipeline-worker"}}
{"timestamp":"2026-09-12T13:04:02.160Z","level":"error","event":"queue.dispatch_cycle_failed","fields":{"queueName":"all","service":"pipeline-worker"}}
{"timestamp":"2026-09-12T13:04:03.191Z","level":"error","event":"queue.dispatch_cycle_failed","fields":{"queueName":"all","service":"pipeline-worker"}}
{"timestamp":"2026-09-12T13:04:04.228Z","level":"error","event":"queue.dispatch_cycle_failed","fields":{"queueName":"all","service":"pipeline-worker"}}
{"timestamp":"2026-09-12T13:04:07.953Z","level":"error","event":"worker.consumer_failed","fields":{"queueName":"pipeline","service":"pipeline-worker"}}
{"timestamp":"2026-09-12T13:04:08.208Z","level":"error","event":"queue.dispatch_cycle_failed","fields":{"queueName":"all","service":"pipeline-worker"}}
{"timestamp":"2026-09-12T13:04:09.239Z","level":"error","event":"queue.dispatch_cycle_failed","fields":{"queueName":"all","service":"pipeline-worker"}}
{"timestamp":"2026-09-12T13:04:10.254Z","level":"error","event":"queue.dispatch_cycle_failed","fields":{"queueName":"all","service":"pipeline-worker"}}
{"timestamp":"2026-09-12T13:04:15.731Z","level":"error","event":"queue.lease_sweep_failed","fields":{"queueName":"all","service":"pipeline-worker"}}
{"timestamp":"2026-09-12T13:04:16.178Z","level":"error","event":"queue.dispatch_cycle_failed","fields":{"queueName":"all","service":"pipeline-worker"}}
{"timestamp":"2026-09-12T13:04:17.202Z","level":"error","event":"queue.dispatch_cycle_failed","fields":{"queueName":"all","service":"pipeline-worker"}}
{"timestamp":"2026-09-12T13:04:20.245Z","level":"error","event":"queue.dispatch_cycle_failed","fields":{"queueName":"all","service":"pipeline-worker"}}
{"timestamp":"2026-09-12T13:04:21.270Z","level":"error","event":"queue.dispatch_cycle_failed","fields":{"queueName":"all","service":"pipeline-worker"}}
{"timestamp":"2026-09-12T13:04:21.783Z","level":"error","event":"worker.consumer_failed","fields":{"queueName":"pipeline","service":"pipeline-worker"}}
{"timestamp":"2026-09-12T13:04:22.298Z","level":"error","event":"queue.dispatch_cycle_failed","fields":{"queueName":"all","service":"pipeline-worker"}}
{"timestamp":"2026-09-12T13:04:23.304Z","level":"error","event":"queue.dispatch_cycle_failed","fields":{"queueName":"all","service":"pipeline-worker"}}
{"timestamp":"2026-09-12T13:04:27.225Z","level":"error","event":"queue.dispatch_cycle_failed","fields":{"queueName":"all","service":"pipeline-worker"}}
{"timestamp":"2026-09-12T13:04:27.969Z","level":"error","event":"worker.consumer_failed","fields":{"queueName":"pipeline","service":"pipeline-worker"}}
{"timestamp":"2026-09-12T13:04:28.258Z","level":"error","event":"queue.dispatch_cycle_failed","fields":{"queueName":"all","service":"pipeline-worker"}}
{"timestamp":"2026-09-12T13:04:29.277Z","level":"error","event":"queue.dispatch_cycle_failed","fields":{"queueName":"all","service":"pipeline-worker"}}
{"timestamp":"2026-09-12T13:04:30.314Z","level":"error","event":"queue.dispatch_cycle_failed","fields":{"queueName":"all","service":"pipeline-worker"}}
{"timestamp":"2026-09-12T13:04:33.198Z","level":"error","event":"queue.lease_sweep_failed","fields":{"queueName":"all","service":"pipeline-worker"}}
{"timestamp":"2026-09-12T13:04:34.316Z","level":"error","event":"queue.dispatch_cycle_failed","fields":{"queueName":"all","service":"pipeline-worker"}}
{"timestamp":"2026-09-12T13:04:35.345Z","level":"error","event":"queue.dispatch_cycle_failed","fields":{"queueName":"all","service":"pipeline-worker"}}
{"timestamp":"2026-09-12T13:04:36.381Z","level":"error","event":"queue.dispatch_cycle_failed","fields":{"queueName":"all","service":"pipeline-worker"}}
{"timestamp":"2026-09-12T13:04:40.068Z","level":"error","event":"queue.dispatch_cycle_failed","fields":{"queueName":"all","service":"pipeline-worker"}}
{"timestamp":"2026-09-12T13:04:41.102Z","level":"error","event":"queue.dispatch_cycle_failed","fields":{"queueName":"all","service":"pipeline-worker"}}
{"timestamp":"2026-09-12T13:04:41.809Z","level":"error","event":"worker.consumer_failed","fields":{"queueName":"pipeline","service":"pipeline-worker"}}
{"timestamp":"2026-09-12T13:04:42.138Z","level":"error","event":"queue.dispatch_cycle_failed","fields":{"queueName":"all","service":"pipeline-worker"}}
{"timestamp":"2026-09-12T13:04:45.902Z","level":"error","event":"queue.dispatch_cycle_failed","fields":{"queueName":"all","service":"pipeline-worker"}}
{"timestamp":"2026-09-12T13:04:46.935Z","level":"error","event":"queue.dispatch_cycle_failed","fields":{"queueName":"all","service":"pipeline-worker"}}
{"timestamp":"2026-09-12T13:04:47.969Z","level":"error","event":"queue.dispatch_cycle_failed","fields":{"queueName":"all","service":"pipeline-worker"}}
{"timestamp":"2026-09-12T13:04:47.979Z","level":"error","event":"worker.consumer_failed","fields":{"queueName":"pipeline","service":"pipeline-worker"}}
{"timestamp":"2026-09-12T13:04:51.494Z","level":"error","event":"queue.lease_sweep_failed","fields":{"queueName":"all","service":"pipeline-worker"}}
{"timestamp":"2026-09-12T13:04:51.890Z","level":"error","event":"queue.dispatch_cycle_failed","fields":{"queueName":"all","service":"pipeline-worker"}}
{"timestamp":"2026-09-12T13:04:52.933Z","level":"error","event":"queue.dispatch_cycle_failed","fields":{"queueName":"all","service":"pipeline-worker"}}
{"timestamp":"2026-09-12T13:04:56.278Z","level":"error","event":"queue.dispatch_cycle_failed","fields":{"queueName":"all","service":"pipeline-worker"}}
{"timestamp":"2026-09-12T13:04:57.303Z","level":"error","event":"queue.dispatch_cycle_failed","fields":{"queueName":"all","service":"pipeline-worker"}}
{"timestamp":"2026-09-12T13:04:58.338Z","level":"error","event":"queue.dispatch_cycle_failed","fields":{"queueName":"all","service":"pipeline-worker"}}
{"timestamp":"2026-09-12T13:04:59.359Z","level":"error","event":"queue.dispatch_cycle_failed","fields":{"queueName":"all","service":"pipeline-worker"}}
{"timestamp":"2026-09-12T13:05:00.389Z","level":"error","event":"queue.dispatch_cycle_failed","fields":{"queueName":"all","service":"pipeline-worker"}}
{"timestamp":"2026-09-12T13:05:01.416Z","level":"error","event":"queue.dispatch_cycle_failed","fields":{"queueName":"all","service":"pipeline-worker"}}
{"timestamp":"2026-09-12T13:05:01.847Z","level":"error","event":"worker.consumer_failed","fields":{"queueName":"pipeline","service":"pipeline-worker"}}
{"timestamp":"2026-09-12T13:05:02.445Z","level":"error","event":"queue.dispatch_cycle_failed","fields":{"queueName":"all","service":"pipeline-worker"}}
{"timestamp":"2026-09-12T13:05:04.018Z","level":"error","event":"queue.dispatch_cycle_failed","fields":{"queueName":"all","service":"pipeline-worker"}}
{"timestamp":"2026-09-12T13:05:06.058Z","level":"error","event":"queue.dispatch_cycle_failed","fields":{"queueName":"all","service":"pipeline-worker"}}
{"timestamp":"2026-09-12T13:05:07.636Z","level":"error","event":"queue.dispatch_cycle_failed","fields":{"queueName":"all","service":"pipeline-worker"}}
{"timestamp":"2026-09-12T13:05:08.330Z","level":"error","event":"worker.consumer_failed","fields":{"queueName":"pipeline","service":"pipeline-worker"}}
{"timestamp":"2026-09-12T13:05:08.907Z","level":"error","event":"queue.lease_sweep_failed","fields":{"queueName":"all","service":"pipeline-worker"}}
{"timestamp":"2026-09-12T13:05:11.524Z","level":"error","event":"queue.dispatch_cycle_failed","fields":{"queueName":"all","service":"pipeline-worker"}}
{"timestamp":"2026-09-12T13:05:13.285Z","level":"error","event":"queue.dispatch_cycle_failed","fields":{"queueName":"all","service":"pipeline-worker"}}
{"timestamp":"2026-09-12T13:05:14.950Z","level":"error","event":"queue.dispatch_cycle_failed","fields":{"queueName":"all","service":"pipeline-worker"}}
{"timestamp":"2026-09-12T13:05:15.991Z","level":"error","event":"queue.dispatch_cycle_failed","fields":{"queueName":"all","service":"pipeline-worker"}}
{"timestamp":"2026-09-12T13:05:17.026Z","level":"error","event":"queue.dispatch_cycle_failed","fields":{"queueName":"all","service":"pipeline-worker"}}
{"timestamp":"2026-09-12T13:05:18.062Z","level":"error","event":"queue.dispatch_cycle_failed","fields":{"queueName":"all","service":"pipeline-worker"}}
{"timestamp":"2026-09-12T13:05:19.802Z","level":"error","event":"queue.dispatch_cycle_failed","fields":{"queueName":"all","service":"pipeline-worker"}}
{"timestamp":"2026-09-12T13:05:21.869Z","level":"error","event":"worker.consumer_failed","fields":{"queueName":"pipeline","service":"pipeline-worker"}}
{"timestamp":"2026-09-12T13:05:22.265Z","level":"error","event":"queue.dispatch_cycle_failed","fields":{"queueName":"all","service":"pipeline-worker"}}
{"timestamp":"2026-09-12T13:05:23.288Z","level":"error","event":"queue.dispatch_cycle_failed","fields":{"queueName":"all","service":"pipeline-worker"}}
{"timestamp":"2026-09-12T13:05:24.320Z","level":"error","event":"queue.dispatch_cycle_failed","fields":{"queueName":"all","service":"pipeline-worker"}}
{"timestamp":"2026-09-12T13:05:27.043Z","level":"error","event":"queue.dispatch_cycle_failed","fields":{"queueName":"all","service":"pipeline-worker"}}
{"timestamp":"2026-09-12T13:05:28.910Z","level":"error","event":"worker.consumer_failed","fields":{"queueName":"pipeline","service":"pipeline-worker"}}
{"timestamp":"2026-09-12T13:05:30.017Z","level":"error","event":"queue.lease_sweep_failed","fields":{"queueName":"all","service":"pipeline-worker"}}
{"timestamp":"2026-09-12T13:05:32.654Z","level":"error","event":"queue.dispatch_cycle_failed","fields":{"queueName":"all","service":"pipeline-worker"}}
{"timestamp":"2026-09-12T13:05:33.694Z","level":"error","event":"queue.dispatch_cycle_failed","fields":{"queueName":"all","service":"pipeline-worker"}}
{"timestamp":"2026-09-12T13:05:34.723Z","level":"error","event":"queue.dispatch_cycle_failed","fields":{"queueName":"all","service":"pipeline-worker"}}
{"timestamp":"2026-09-12T13:05:35.747Z","level":"error","event":"queue.dispatch_cycle_failed","fields":{"queueName":"all","service":"pipeline-worker"}}
{"timestamp":"2026-09-12T13:05:36.781Z","level":"error","event":"queue.dispatch_cycle_failed","fields":{"queueName":"all","service":"pipeline-worker"}}
{"timestamp":"2026-09-12T13:05:37.816Z","level":"error","event":"queue.dispatch_cycle_failed","fields":{"queueName":"all","service":"pipeline-worker"}}
{"timestamp":"2026-09-12T13:05:40.416Z","level":"error","event":"queue.dispatch_cycle_failed","fields":{"queueName":"all","service":"pipeline-worker"}}
{"timestamp":"2026-09-12T13:05:41.890Z","level":"error","event":"worker.consumer_failed","fields":{"queueName":"pipeline","service":"pipeline-worker"}}
{"timestamp":"2026-09-12T13:05:42.328Z","level":"error","event":"queue.dispatch_cycle_failed","fields":{"queueName":"all","service":"pipeline-worker"}}
{"timestamp":"2026-09-12T13:05:45.050Z","level":"error","event":"queue.lease_sweep_failed","fields":{"queueName":"all","service":"pipeline-worker"}}
{"timestamp":"2026-09-12T13:05:46.185Z","level":"error","event":"queue.dispatch_cycle_failed","fields":{"queueName":"all","service":"pipeline-worker"}}
{"timestamp":"2026-09-12T13:05:48.938Z","level":"error","event":"worker.consumer_failed","fields":{"queueName":"pipeline","service":"pipeline-worker"}}
{"timestamp":"2026-09-12T13:05:51.424Z","level":"error","event":"queue.dispatch_cycle_failed","fields":{"queueName":"all","service":"pipeline-worker"}}
{"timestamp":"2026-09-12T13:05:52.447Z","level":"error","event":"queue.dispatch_cycle_failed","fields":{"queueName":"all","service":"pipeline-worker"}}
{"timestamp":"2026-09-12T13:05:53.489Z","level":"error","event":"queue.dispatch_cycle_failed","fields":{"queueName":"all","service":"pipeline-worker"}}
{"timestamp":"2026-09-12T13:05:54.624Z","level":"error","event":"queue.dispatch_cycle_failed","fields":{"queueName":"all","service":"pipeline-worker"}}
{"timestamp":"2026-09-12T13:05:55.660Z","level":"error","event":"queue.dispatch_cycle_failed","fields":{"queueName":"all","service":"pipeline-worker"}}
{"timestamp":"2026-09-12T13:05:56.693Z","level":"error","event":"queue.dispatch_cycle_failed","fields":{"queueName":"all","service":"pipeline-worker"}}
{"timestamp":"2026-09-12T13:05:57.739Z","level":"error","event":"queue.dispatch_cycle_failed","fields":{"queueName":"all","service":"pipeline-worker"}}
{"timestamp":"2026-09-12T13:05:58.770Z","level":"error","event":"queue.dispatch_cycle_failed","fields":{"queueName":"all","service":"pipeline-worker"}}
{"timestamp":"2026-09-12T13:05:59.808Z","level":"error","event":"queue.dispatch_cycle_failed","fields":{"queueName":"all","service":"pipeline-worker"}}
{"timestamp":"2026-09-12T13:06:01.924Z","level":"error","event":"worker.consumer_failed","fields":{"queueName":"pipeline","service":"pipeline-worker"}}
{"timestamp":"2026-09-12T13:06:02.283Z","level":"error","event":"queue.lease_sweep_failed","fields":{"queueName":"all","service":"pipeline-worker"}}
{"timestamp":"2026-09-12T13:06:08.954Z","level":"error","event":"worker.consumer_failed","fields":{"queueName":"pipeline","service":"pipeline-worker"}}
{"timestamp":"2026-09-12T13:06:10.468Z","level":"error","event":"queue.dispatch_cycle_failed","fields":{"queueName":"all","service":"pipeline-worker"}}
{"timestamp":"2026-09-12T13:06:11.502Z","level":"error","event":"queue.dispatch_cycle_failed","fields":{"queueName":"all","service":"pipeline-worker"}}
{"timestamp":"2026-09-12T13:06:12.532Z","level":"error","event":"queue.dispatch_cycle_failed","fields":{"queueName":"all","service":"pipeline-worker"}}
{"timestamp":"2026-09-12T13:06:13.574Z","level":"error","event":"queue.dispatch_cycle_failed","fields":{"queueName":"all","service":"pipeline-worker"}}
{"timestamp":"2026-09-12T13:06:14.856Z","level":"error","event":"queue.dispatch_cycle_failed","fields":{"queueName":"all","service":"pipeline-worker"}}
{"timestamp":"2026-09-12T13:06:15.890Z","level":"error","event":"queue.dispatch_cycle_failed","fields":{"queueName":"all","service":"pipeline-worker"}}
{"timestamp":"2026-09-12T13:06:16.922Z","level":"error","event":"queue.dispatch_cycle_failed","fields":{"queueName":"all","service":"pipeline-worker"}}
{"timestamp":"2026-09-12T13:06:17.313Z","level":"error","event":"queue.lease_sweep_failed","fields":{"queueName":"all","service":"pipeline-worker"}}
{"timestamp":"2026-09-12T13:06:17.955Z","level":"error","event":"queue.dispatch_cycle_failed","fields":{"queueName":"all","service":"pipeline-worker"}}
{"timestamp":"2026-09-12T13:06:18.991Z","level":"error","event":"queue.dispatch_cycle_failed","fields":{"queueName":"all","service":"pipeline-worker"}}
{"timestamp":"2026-09-12T13:06:21.939Z","level":"error","event":"worker.consumer_failed","fields":{"queueName":"pipeline","service":"pipeline-worker"}}
{"timestamp":"2026-09-12T13:06:24.292Z","level":"error","event":"queue.dispatch_cycle_failed","fields":{"queueName":"all","service":"pipeline-worker"}}
{"timestamp":"2026-09-12T13:06:28.972Z","level":"error","event":"worker.consumer_failed","fields":{"queueName":"pipeline","service":"pipeline-worker"}}
{"timestamp":"2026-09-12T13:06:29.654Z","level":"error","event":"queue.dispatch_cycle_failed","fields":{"queueName":"all","service":"pipeline-worker"}}
{"timestamp":"2026-09-12T13:06:30.674Z","level":"error","event":"queue.dispatch_cycle_failed","fields":{"queueName":"all","service":"pipeline-worker"}}
{"timestamp":"2026-09-12T13:06:31.710Z","level":"error","event":"queue.dispatch_cycle_failed","fields":{"queueName":"all","service":"pipeline-worker"}}
{"timestamp":"2026-09-12T13:06:32.354Z","level":"error","event":"queue.lease_sweep_failed","fields":{"queueName":"all","service":"pipeline-worker"}}
{"timestamp":"2026-09-12T13:06:32.751Z","level":"error","event":"queue.dispatch_cycle_failed","fields":{"queueName":"all","service":"pipeline-worker"}}
{"timestamp":"2026-09-12T13:06:33.780Z","level":"error","event":"queue.dispatch_cycle_failed","fields":{"queueName":"all","service":"pipeline-worker"}}
{"timestamp":"2026-09-12T13:06:37.167Z","level":"error","event":"queue.dispatch_cycle_failed","fields":{"queueName":"all","service":"pipeline-worker"}}
{"timestamp":"2026-09-12T13:06:38.203Z","level":"error","event":"queue.dispatch_cycle_failed","fields":{"queueName":"all","service":"pipeline-worker"}}
{"timestamp":"2026-09-12T13:06:39.238Z","level":"error","event":"queue.dispatch_cycle_failed","fields":{"queueName":"all","service":"pipeline-worker"}}
{"timestamp":"2026-09-12T13:06:40.255Z","level":"error","event":"queue.dispatch_cycle_failed","fields":{"queueName":"all","service":"pipeline-worker"}}
{"timestamp":"2026-09-12T13:06:41.949Z","level":"error","event":"worker.consumer_failed","fields":{"queueName":"pipeline","service":"pipeline-worker"}}
{"timestamp":"2026-09-12T13:06:44.094Z","level":"error","event":"queue.dispatch_cycle_failed","fields":{"queueName":"all","service":"pipeline-worker"}}
{"timestamp":"2026-09-12T13:06:47.392Z","level":"error","event":"queue.lease_sweep_failed","fields":{"queueName":"all","service":"pipeline-worker"}}
{"timestamp":"2026-09-12T13:06:48.988Z","level":"error","event":"worker.consumer_failed","fields":{"queueName":"pipeline","service":"pipeline-worker"}}
{"timestamp":"2026-09-12T13:06:49.851Z","level":"error","event":"queue.dispatch_cycle_failed","fields":{"queueName":"all","service":"pipeline-worker"}}
{"timestamp":"2026-09-12T13:06:52.161Z","level":"error","event":"queue.dispatch_cycle_failed","fields":{"queueName":"all","service":"pipeline-worker"}}
{"timestamp":"2026-09-12T13:06:53.176Z","level":"error","event":"queue.dispatch_cycle_failed","fields":{"queueName":"all","service":"pipeline-worker"}}
{"timestamp":"2026-09-12T13:06:54.200Z","level":"error","event":"queue.dispatch_cycle_failed","fields":{"queueName":"all","service":"pipeline-worker"}}
{"timestamp":"2026-09-12T13:06:55.250Z","level":"error","event":"queue.dispatch_cycle_failed","fields":{"queueName":"all","service":"pipeline-worker"}}
{"timestamp":"2026-09-12T13:06:56.278Z","level":"error","event":"queue.dispatch_cycle_failed","fields":{"queueName":"all","service":"pipeline-worker"}}
{"timestamp":"2026-09-12T13:06:57.304Z","level":"error","event":"queue.dispatch_cycle_failed","fields":{"queueName":"all","service":"pipeline-worker"}}
{"timestamp":"2026-09-12T13:06:58.335Z","level":"error","event":"queue.dispatch_cycle_failed","fields":{"queueName":"all","service":"pipeline-worker"}}
{"timestamp":"2026-09-12T13:07:00.772Z","level":"error","event":"queue.dispatch_cycle_failed","fields":{"queueName":"all","service":"pipeline-worker"}}
{"timestamp":"2026-09-12T13:07:01.976Z","level":"error","event":"worker.consumer_failed","fields":{"queueName":"pipeline","service":"pipeline-worker"}}
{"timestamp":"2026-09-12T13:07:04.093Z","level":"error","event":"queue.dispatch_cycle_failed","fields":{"queueName":"all","service":"pipeline-worker"}}
{"timestamp":"2026-09-12T13:07:05.123Z","level":"error","event":"queue.dispatch_cycle_failed","fields":{"queueName":"all","service":"pipeline-worker"}}
{"timestamp":"2026-09-12T13:07:05.234Z","level":"error","event":"queue.lease_sweep_failed","fields":{"queueName":"all","service":"pipeline-worker"}}
{"timestamp":"2026-09-12T13:07:07.888Z","level":"error","event":"queue.dispatch_cycle_failed","fields":{"queueName":"all","service":"pipeline-worker"}}
{"timestamp":"2026-09-12T13:07:08.905Z","level":"error","event":"queue.dispatch_cycle_failed","fields":{"queueName":"all","service":"pipeline-worker"}}
{"timestamp":"2026-09-12T13:07:09.018Z","level":"error","event":"worker.consumer_failed","fields":{"queueName":"pipeline","service":"pipeline-worker"}}
{"timestamp":"2026-09-12T13:07:09.926Z","level":"error","event":"queue.dispatch_cycle_failed","fields":{"queueName":"all","service":"pipeline-worker"}}
{"timestamp":"2026-09-12T13:07:10.943Z","level":"error","event":"queue.dispatch_cycle_failed","fields":{"queueName":"all","service":"pipeline-worker"}}
{"timestamp":"2026-09-12T13:07:16.729Z","level":"error","event":"queue.dispatch_cycle_failed","fields":{"queueName":"all","service":"pipeline-worker"}}
{"timestamp":"2026-09-12T13:07:17.755Z","level":"error","event":"queue.dispatch_cycle_failed","fields":{"queueName":"all","service":"pipeline-worker"}}
{"timestamp":"2026-09-12T13:07:18.788Z","level":"error","event":"queue.dispatch_cycle_failed","fields":{"queueName":"all","service":"pipeline-worker"}}
{"timestamp":"2026-09-12T13:07:19.822Z","level":"error","event":"queue.dispatch_cycle_failed","fields":{"queueName":"all","service":"pipeline-worker"}}
{"timestamp":"2026-09-12T13:07:20.255Z","level":"error","event":"queue.lease_sweep_failed","fields":{"queueName":"all","service":"pipeline-worker"}}
{"timestamp":"2026-09-12T13:07:21.988Z","level":"error","event":"worker.consumer_failed","fields":{"queueName":"pipeline","service":"pipeline-worker"}}
{"timestamp":"2026-09-12T13:07:22.338Z","level":"error","event":"queue.dispatch_cycle_failed","fields":{"queueName":"all","service":"pipeline-worker"}}
{"timestamp":"2026-09-12T13:07:25.068Z","level":"error","event":"queue.dispatch_cycle_failed","fields":{"queueName":"all","service":"pipeline-worker"}}
{"timestamp":"2026-09-12T13:07:26.080Z","level":"error","event":"queue.dispatch_cycle_failed","fields":{"queueName":"all","service":"pipeline-worker"}}
{"timestamp":"2026-09-12T13:07:27.093Z","level":"error","event":"queue.dispatch_cycle_failed","fields":{"queueName":"all","service":"pipeline-worker"}}
{"timestamp":"2026-09-12T13:07:28.125Z","level":"error","event":"queue.dispatch_cycle_failed","fields":{"queueName":"all","service":"pipeline-worker"}}
{"timestamp":"2026-09-12T13:07:29.031Z","level":"error","event":"worker.consumer_failed","fields":{"queueName":"pipeline","service":"pipeline-worker"}}
{"timestamp":"2026-09-12T13:07:31.495Z","level":"error","event":"queue.dispatch_cycle_failed","fields":{"queueName":"all","service":"pipeline-worker"}}
{"timestamp":"2026-09-12T13:07:35.197Z","level":"error","event":"queue.dispatch_cycle_failed","fields":{"queueName":"all","service":"pipeline-worker"}}
{"timestamp":"2026-09-12T13:07:36.238Z","level":"error","event":"queue.dispatch_cycle_failed","fields":{"queueName":"all","service":"pipeline-worker"}}
{"timestamp":"2026-09-12T13:07:36.723Z","level":"error","event":"queue.lease_sweep_failed","fields":{"queueName":"all","service":"pipeline-worker"}}
{"timestamp":"2026-09-12T13:07:37.259Z","level":"error","event":"queue.dispatch_cycle_failed","fields":{"queueName":"all","service":"pipeline-worker"}}
{"timestamp":"2026-09-12T13:07:38.276Z","level":"error","event":"queue.dispatch_cycle_failed","fields":{"queueName":"all","service":"pipeline-worker"}}
{"timestamp":"2026-09-12T13:07:39.290Z","level":"error","event":"queue.dispatch_cycle_failed","fields":{"queueName":"all","service":"pipeline-worker"}}
{"timestamp":"2026-09-12T13:07:42.005Z","level":"error","event":"worker.consumer_failed","fields":{"queueName":"pipeline","service":"pipeline-worker"}}
{"timestamp":"2026-09-12T13:07:45.576Z","level":"error","event":"queue.dispatch_cycle_failed","fields":{"queueName":"all","service":"pipeline-worker"}}
{"timestamp":"2026-09-12T13:07:46.610Z","level":"error","event":"queue.dispatch_cycle_failed","fields":{"queueName":"all","service":"pipeline-worker"}}
{"timestamp":"2026-09-12T13:07:47.645Z","level":"error","event":"queue.dispatch_cycle_failed","fields":{"queueName":"all","service":"pipeline-worker"}}
{"timestamp":"2026-09-12T13:07:48.871Z","level":"error","event":"queue.dispatch_cycle_failed","fields":{"queueName":"all","service":"pipeline-worker"}}
{"timestamp":"2026-09-12T13:07:49.037Z","level":"error","event":"worker.consumer_failed","fields":{"queueName":"pipeline","service":"pipeline-worker"}}
{"timestamp":"2026-09-12T13:07:49.878Z","level":"error","event":"queue.dispatch_cycle_failed","fields":{"queueName":"all","service":"pipeline-worker"}}
{"timestamp":"2026-09-12T13:07:52.694Z","level":"error","event":"queue.lease_sweep_failed","fields":{"queueName":"all","service":"pipeline-worker"}}
{"timestamp":"2026-09-12T13:07:54.658Z","level":"error","event":"queue.dispatch_cycle_failed","fields":{"queueName":"all","service":"pipeline-worker"}}
{"timestamp":"2026-09-12T13:07:55.863Z","level":"error","event":"queue.dispatch_cycle_failed","fields":{"queueName":"all","service":"pipeline-worker"}}
{"timestamp":"2026-09-12T13:07:56.886Z","level":"error","event":"queue.dispatch_cycle_failed","fields":{"queueName":"all","service":"pipeline-worker"}}
{"timestamp":"2026-09-12T13:07:57.912Z","level":"error","event":"queue.dispatch_cycle_failed","fields":{"queueName":"all","service":"pipeline-worker"}}
{"timestamp":"2026-09-12T13:08:02.017Z","level":"error","event":"worker.consumer_failed","fields":{"queueName":"pipeline","service":"pipeline-worker"}}
{"timestamp":"2026-09-12T13:08:02.128Z","level":"error","event":"queue.dispatch_cycle_failed","fields":{"queueName":"all","service":"pipeline-worker"}}
{"timestamp":"2026-09-12T13:08:03.206Z","level":"error","event":"queue.dispatch_cycle_failed","fields":{"queueName":"all","service":"pipeline-worker"}}
{"timestamp":"2026-09-12T13:08:06.322Z","level":"error","event":"queue.dispatch_cycle_failed","fields":{"queueName":"all","service":"pipeline-worker"}}
{"timestamp":"2026-09-12T13:08:07.358Z","level":"error","event":"queue.dispatch_cycle_failed","fields":{"queueName":"all","service":"pipeline-worker"}}
{"timestamp":"2026-09-12T13:08:07.723Z","level":"error","event":"queue.lease_sweep_failed","fields":{"queueName":"all","service":"pipeline-worker"}}
{"timestamp":"2026-09-12T13:08:08.402Z","level":"error","event":"queue.dispatch_cycle_failed","fields":{"queueName":"all","service":"pipeline-worker"}}
{"timestamp":"2026-09-12T13:08:09.056Z","level":"error","event":"worker.consumer_failed","fields":{"queueName":"pipeline","service":"pipeline-worker"}}
{"timestamp":"2026-09-12T13:08:09.439Z","level":"error","event":"queue.dispatch_cycle_failed","fields":{"queueName":"all","service":"pipeline-worker"}}
{"timestamp":"2026-09-12T13:08:10.466Z","level":"error","event":"queue.dispatch_cycle_failed","fields":{"queueName":"all","service":"pipeline-worker"}}
{"timestamp":"2026-09-12T13:08:16.267Z","level":"error","event":"queue.dispatch_cycle_failed","fields":{"queueName":"all","service":"pipeline-worker"}}
{"timestamp":"2026-09-12T13:08:17.301Z","level":"error","event":"queue.dispatch_cycle_failed","fields":{"queueName":"all","service":"pipeline-worker"}}
{"timestamp":"2026-09-12T13:08:18.341Z","level":"error","event":"queue.dispatch_cycle_failed","fields":{"queueName":"all","service":"pipeline-worker"}}
{"timestamp":"2026-09-12T13:08:19.362Z","level":"error","event":"queue.dispatch_cycle_failed","fields":{"queueName":"all","service":"pipeline-worker"}}
{"timestamp":"2026-09-12T13:08:22.031Z","level":"error","event":"worker.consumer_failed","fields":{"queueName":"pipeline","service":"pipeline-worker"}}
{"timestamp":"2026-09-12T13:08:24.838Z","level":"error","event":"queue.dispatch_cycle_failed","fields":{"queueName":"all","service":"pipeline-worker"}}
{"timestamp":"2026-09-12T13:08:25.250Z","level":"error","event":"queue.lease_sweep_failed","fields":{"queueName":"all","service":"pipeline-worker"}}
{"timestamp":"2026-09-12T13:08:26.089Z","level":"error","event":"queue.dispatch_cycle_failed","fields":{"queueName":"all","service":"pipeline-worker"}}
{"timestamp":"2026-09-12T13:08:27.109Z","level":"error","event":"queue.dispatch_cycle_failed","fields":{"queueName":"all","service":"pipeline-worker"}}
{"timestamp":"2026-09-12T13:08:29.072Z","level":"error","event":"worker.consumer_failed","fields":{"queueName":"pipeline","service":"pipeline-worker"}}
{"timestamp":"2026-09-12T13:08:29.215Z","level":"error","event":"queue.dispatch_cycle_failed","fields":{"queueName":"all","service":"pipeline-worker"}}
{"timestamp":"2026-09-12T13:08:30.248Z","level":"error","event":"queue.dispatch_cycle_failed","fields":{"queueName":"all","service":"pipeline-worker"}}
{"timestamp":"2026-09-12T13:08:31.287Z","level":"error","event":"queue.dispatch_cycle_failed","fields":{"queueName":"all","service":"pipeline-worker"}}
{"timestamp":"2026-09-12T13:08:32.325Z","level":"error","event":"queue.dispatch_cycle_failed","fields":{"queueName":"all","service":"pipeline-worker"}}
{"timestamp":"2026-09-12T13:08:37.299Z","level":"error","event":"queue.dispatch_cycle_failed","fields":{"queueName":"all","service":"pipeline-worker"}}
{"timestamp":"2026-09-12T13:08:38.327Z","level":"error","event":"queue.dispatch_cycle_failed","fields":{"queueName":"all","service":"pipeline-worker"}}
{"timestamp":"2026-09-12T13:08:40.261Z","level":"error","event":"queue.lease_sweep_failed","fields":{"queueName":"all","service":"pipeline-worker"}}
{"timestamp":"2026-09-12T13:08:42.052Z","level":"error","event":"worker.consumer_failed","fields":{"queueName":"pipeline","service":"pipeline-worker"}}
{"timestamp":"2026-09-12T13:08:43.071Z","level":"error","event":"queue.dispatch_cycle_failed","fields":{"queueName":"all","service":"pipeline-worker"}}
{"timestamp":"2026-09-12T13:08:44.104Z","level":"error","event":"queue.dispatch_cycle_failed","fields":{"queueName":"all","service":"pipeline-worker"}}
{"timestamp":"2026-09-12T13:08:45.140Z","level":"error","event":"queue.dispatch_cycle_failed","fields":{"queueName":"all","service":"pipeline-worker"}}
{"timestamp":"2026-09-12T13:08:46.180Z","level":"error","event":"queue.dispatch_cycle_failed","fields":{"queueName":"all","service":"pipeline-worker"}}
{"timestamp":"2026-09-12T13:08:47.204Z","level":"error","event":"queue.dispatch_cycle_failed","fields":{"queueName":"all","service":"pipeline-worker"}}
{"timestamp":"2026-09-12T13:08:48.245Z","level":"error","event":"queue.dispatch_cycle_failed","fields":{"queueName":"all","service":"pipeline-worker"}}
{"timestamp":"2026-09-12T13:08:49.086Z","level":"error","event":"worker.consumer_failed","fields":{"queueName":"pipeline","service":"pipeline-worker"}}
{"timestamp":"2026-09-12T13:08:49.273Z","level":"error","event":"queue.dispatch_cycle_failed","fields":{"queueName":"all","service":"pipeline-worker"}}
{"timestamp":"2026-09-12T13:08:50.295Z","level":"error","event":"queue.dispatch_cycle_failed","fields":{"queueName":"all","service":"pipeline-worker"}}
{"timestamp":"2026-09-12T13:08:55.307Z","level":"error","event":"queue.lease_sweep_failed","fields":{"queueName":"all","service":"pipeline-worker"}}
{"timestamp":"2026-09-12T13:08:56.062Z","level":"error","event":"queue.dispatch_cycle_failed","fields":{"queueName":"all","service":"pipeline-worker"}}
{"timestamp":"2026-09-12T13:08:57.077Z","level":"error","event":"queue.dispatch_cycle_failed","fields":{"queueName":"all","service":"pipeline-worker"}}
{"timestamp":"2026-09-12T13:08:59.726Z","level":"error","event":"queue.dispatch_cycle_failed","fields":{"queueName":"all","service":"pipeline-worker"}}
{"timestamp":"2026-09-12T13:09:02.073Z","level":"error","event":"worker.consumer_failed","fields":{"queueName":"pipeline","service":"pipeline-worker"}}
{"timestamp":"2026-09-12T13:09:05.092Z","level":"error","event":"queue.dispatch_cycle_failed","fields":{"queueName":"all","service":"pipeline-worker"}}
{"timestamp":"2026-09-12T13:09:06.121Z","level":"error","event":"queue.dispatch_cycle_failed","fields":{"queueName":"all","service":"pipeline-worker"}}
{"timestamp":"2026-09-12T13:09:07.154Z","level":"error","event":"queue.dispatch_cycle_failed","fields":{"queueName":"all","service":"pipeline-worker"}}
{"timestamp":"2026-09-12T13:09:08.193Z","level":"error","event":"queue.dispatch_cycle_failed","fields":{"queueName":"all","service":"pipeline-worker"}}
{"timestamp":"2026-09-12T13:09:09.114Z","level":"error","event":"worker.consumer_failed","fields":{"queueName":"pipeline","service":"pipeline-worker"}}
{"timestamp":"2026-09-12T13:09:09.204Z","level":"error","event":"queue.dispatch_cycle_failed","fields":{"queueName":"all","service":"pipeline-worker"}}
{"timestamp":"2026-09-12T13:09:10.230Z","level":"error","event":"queue.dispatch_cycle_failed","fields":{"queueName":"all","service":"pipeline-worker"}}
{"timestamp":"2026-09-12T13:09:11.245Z","level":"error","event":"queue.dispatch_cycle_failed","fields":{"queueName":"all","service":"pipeline-worker"}}
{"timestamp":"2026-09-12T13:09:13.408Z","level":"error","event":"queue.dispatch_cycle_failed","fields":{"queueName":"all","service":"pipeline-worker"}}
{"timestamp":"2026-09-12T13:09:14.993Z","level":"error","event":"queue.lease_sweep_failed","fields":{"queueName":"all","service":"pipeline-worker"}}
{"timestamp":"2026-09-12T13:09:18.821Z","level":"error","event":"queue.dispatch_cycle_failed","fields":{"queueName":"all","service":"pipeline-worker"}}
{"timestamp":"2026-09-12T13:09:22.087Z","level":"error","event":"worker.consumer_failed","fields":{"queueName":"pipeline","service":"pipeline-worker"}}
{"timestamp":"2026-09-12T13:09:23.286Z","level":"error","event":"queue.dispatch_cycle_failed","fields":{"queueName":"all","service":"pipeline-worker"}}
{"timestamp":"2026-09-12T13:09:24.309Z","level":"error","event":"queue.dispatch_cycle_failed","fields":{"queueName":"all","service":"pipeline-worker"}}
{"timestamp":"2026-09-12T13:09:26.625Z","level":"error","event":"queue.dispatch_cycle_failed","fields":{"queueName":"all","service":"pipeline-worker"}}
{"timestamp":"2026-09-12T13:09:27.660Z","level":"error","event":"queue.dispatch_cycle_failed","fields":{"queueName":"all","service":"pipeline-worker"}}
{"timestamp":"2026-09-12T13:09:28.690Z","level":"error","event":"queue.dispatch_cycle_failed","fields":{"queueName":"all","service":"pipeline-worker"}}
{"timestamp":"2026-09-12T13:09:29.128Z","level":"error","event":"worker.consumer_failed","fields":{"queueName":"pipeline","service":"pipeline-worker"}}
{"timestamp":"2026-09-12T13:09:29.725Z","level":"error","event":"queue.dispatch_cycle_failed","fields":{"queueName":"all","service":"pipeline-worker"}}
{"timestamp":"2026-09-12T13:09:30.015Z","level":"error","event":"queue.lease_sweep_failed","fields":{"queueName":"all","service":"pipeline-worker"}}
{"timestamp":"2026-09-12T13:09:33.091Z","level":"error","event":"queue.dispatch_cycle_failed","fields":{"queueName":"all","service":"pipeline-worker"}}
{"timestamp":"2026-09-12T13:09:34.104Z","level":"error","event":"queue.dispatch_cycle_failed","fields":{"queueName":"all","service":"pipeline-worker"}}
{"timestamp":"2026-09-12T13:09:35.120Z","level":"error","event":"queue.dispatch_cycle_failed","fields":{"queueName":"all","service":"pipeline-worker"}}
{"timestamp":"2026-09-12T13:09:36.891Z","level":"error","event":"queue.dispatch_cycle_failed","fields":{"queueName":"all","service":"pipeline-worker"}}
{"timestamp":"2026-09-12T13:09:37.932Z","level":"error","event":"queue.dispatch_cycle_failed","fields":{"queueName":"all","service":"pipeline-worker"}}
{"timestamp":"2026-09-12T13:09:38.952Z","level":"error","event":"queue.dispatch_cycle_failed","fields":{"queueName":"all","service":"pipeline-worker"}}
{"timestamp":"2026-09-12T13:09:39.989Z","level":"error","event":"queue.dispatch_cycle_failed","fields":{"queueName":"all","service":"pipeline-worker"}}
{"timestamp":"2026-09-12T13:09:41.014Z","level":"error","event":"queue.dispatch_cycle_failed","fields":{"queueName":"all","service":"pipeline-worker"}}
{"timestamp":"2026-09-12T13:09:42.108Z","level":"error","event":"worker.consumer_failed","fields":{"queueName":"pipeline","service":"pipeline-worker"}}
{"timestamp":"2026-09-12T13:09:48.015Z","level":"error","event":"queue.lease_sweep_failed","fields":{"queueName":"all","service":"pipeline-worker"}}
{"timestamp":"2026-09-12T13:09:49.155Z","level":"error","event":"worker.consumer_failed","fields":{"queueName":"pipeline","service":"pipeline-worker"}}
{"timestamp":"2026-09-12T13:09:49.186Z","level":"error","event":"queue.dispatch_cycle_failed","fields":{"queueName":"all","service":"pipeline-worker"}}
{"timestamp":"2026-09-12T13:09:50.229Z","level":"error","event":"queue.dispatch_cycle_failed","fields":{"queueName":"all","service":"pipeline-worker"}}
{"timestamp":"2026-09-12T13:09:51.264Z","level":"error","event":"queue.dispatch_cycle_failed","fields":{"queueName":"all","service":"pipeline-worker"}}
{"timestamp":"2026-09-12T13:09:52.304Z","level":"error","event":"queue.dispatch_cycle_failed","fields":{"queueName":"all","service":"pipeline-worker"}}
{"timestamp":"2026-09-12T13:09:53.327Z","level":"error","event":"queue.dispatch_cycle_failed","fields":{"queueName":"all","service":"pipeline-worker"}}
{"timestamp":"2026-09-12T13:09:54.358Z","level":"error","event":"queue.dispatch_cycle_failed","fields":{"queueName":"all","service":"pipeline-worker"}}
{"timestamp":"2026-09-12T13:09:56.907Z","level":"error","event":"queue.dispatch_cycle_failed","fields":{"queueName":"all","service":"pipeline-worker"}}
{"timestamp":"2026-09-12T13:09:57.937Z","level":"error","event":"queue.dispatch_cycle_failed","fields":{"queueName":"all","service":"pipeline-worker"}}
{"timestamp":"2026-09-12T13:09:58.967Z","level":"error","event":"queue.dispatch_cycle_failed","fields":{"queueName":"all","service":"pipeline-worker"}}
{"timestamp":"2026-09-12T13:10:02.127Z","level":"error","event":"worker.consumer_failed","fields":{"queueName":"pipeline","service":"pipeline-worker"}}
{"timestamp":"2026-09-12T13:10:03.040Z","level":"error","event":"queue.dispatch_cycle_failed","fields":{"queueName":"all","service":"pipeline-worker"}}
{"timestamp":"2026-09-12T13:10:05.449Z","level":"error","event":"queue.lease_sweep_failed","fields":{"queueName":"all","service":"pipeline-worker"}}
{"timestamp":"2026-09-12T13:10:09.180Z","level":"error","event":"worker.consumer_failed","fields":{"queueName":"pipeline","service":"pipeline-worker"}}
{"timestamp":"2026-09-12T13:10:09.321Z","level":"error","event":"queue.dispatch_cycle_failed","fields":{"queueName":"all","service":"pipeline-worker"}}
{"timestamp":"2026-09-12T13:10:10.705Z","level":"error","event":"queue.dispatch_cycle_failed","fields":{"queueName":"all","service":"pipeline-worker"}}
{"timestamp":"2026-09-12T13:10:11.724Z","level":"error","event":"queue.dispatch_cycle_failed","fields":{"queueName":"all","service":"pipeline-worker"}}
{"timestamp":"2026-09-12T13:10:12.754Z","level":"error","event":"queue.dispatch_cycle_failed","fields":{"queueName":"all","service":"pipeline-worker"}}
{"timestamp":"2026-09-12T13:10:13.796Z","level":"error","event":"queue.dispatch_cycle_failed","fields":{"queueName":"all","service":"pipeline-worker"}}
{"timestamp":"2026-09-12T13:10:14.818Z","level":"error","event":"queue.dispatch_cycle_failed","fields":{"queueName":"all","service":"pipeline-worker"}}
{"timestamp":"2026-09-12T13:10:15.841Z","level":"error","event":"queue.dispatch_cycle_failed","fields":{"queueName":"all","service":"pipeline-worker"}}
{"timestamp":"2026-09-12T13:10:18.575Z","level":"error","event":"queue.dispatch_cycle_failed","fields":{"queueName":"all","service":"pipeline-worker"}}
{"timestamp":"2026-09-12T13:10:19.612Z","level":"error","event":"queue.dispatch_cycle_failed","fields":{"queueName":"all","service":"pipeline-worker"}}
{"timestamp":"2026-09-12T13:10:22.138Z","level":"error","event":"worker.consumer_failed","fields":{"queueName":"pipeline","service":"pipeline-worker"}}
{"timestamp":"2026-09-12T13:10:24.603Z","level":"error","event":"queue.lease_sweep_failed","fields":{"queueName":"all","service":"pipeline-worker"}}
{"timestamp":"2026-09-12T13:10:26.303Z","level":"error","event":"queue.dispatch_cycle_failed","fields":{"queueName":"all","service":"pipeline-worker"}}
{"timestamp":"2026-09-12T13:10:27.324Z","level":"error","event":"queue.dispatch_cycle_failed","fields":{"queueName":"all","service":"pipeline-worker"}}
{"timestamp":"2026-09-12T13:10:28.350Z","level":"error","event":"queue.dispatch_cycle_failed","fields":{"queueName":"all","service":"pipeline-worker"}}
{"timestamp":"2026-09-12T13:10:29.205Z","level":"error","event":"worker.consumer_failed","fields":{"queueName":"pipeline","service":"pipeline-worker"}}
{"timestamp":"2026-09-12T13:10:30.883Z","level":"error","event":"queue.dispatch_cycle_failed","fields":{"queueName":"all","service":"pipeline-worker"}}
{"timestamp":"2026-09-12T13:10:31.900Z","level":"error","event":"queue.dispatch_cycle_failed","fields":{"queueName":"all","service":"pipeline-worker"}}
{"timestamp":"2026-09-12T13:10:32.953Z","level":"error","event":"queue.dispatch_cycle_failed","fields":{"queueName":"all","service":"pipeline-worker"}}
{"timestamp":"2026-09-12T13:10:33.988Z","level":"error","event":"queue.dispatch_cycle_failed","fields":{"queueName":"all","service":"pipeline-worker"}}
{"timestamp":"2026-09-12T13:10:35.017Z","level":"error","event":"queue.dispatch_cycle_failed","fields":{"queueName":"all","service":"pipeline-worker"}}
{"timestamp":"2026-09-12T13:10:36.302Z","level":"error","event":"queue.dispatch_cycle_failed","fields":{"queueName":"all","service":"pipeline-worker"}}
{"timestamp":"2026-09-12T13:10:37.338Z","level":"error","event":"queue.dispatch_cycle_failed","fields":{"queueName":"all","service":"pipeline-worker"}}
{"timestamp":"2026-09-12T13:10:42.156Z","level":"error","event":"worker.consumer_failed","fields":{"queueName":"pipeline","service":"pipeline-worker"}}
{"timestamp":"2026-09-12T13:10:43.105Z","level":"error","event":"queue.dispatch_cycle_failed","fields":{"queueName":"all","service":"pipeline-worker"}}
{"timestamp":"2026-09-12T13:10:44.168Z","level":"error","event":"queue.dispatch_cycle_failed","fields":{"queueName":"all","service":"pipeline-worker"}}
{"timestamp":"2026-09-12T13:10:46.363Z","level":"error","event":"queue.lease_sweep_failed","fields":{"queueName":"all","service":"pipeline-worker"}}
{"timestamp":"2026-09-12T13:10:48.708Z","level":"error","event":"queue.dispatch_cycle_failed","fields":{"queueName":"all","service":"pipeline-worker"}}
{"timestamp":"2026-09-12T13:10:49.214Z","level":"error","event":"worker.consumer_failed","fields":{"queueName":"pipeline","service":"pipeline-worker"}}
{"timestamp":"2026-09-12T13:10:49.737Z","level":"error","event":"queue.dispatch_cycle_failed","fields":{"queueName":"all","service":"pipeline-worker"}}
{"timestamp":"2026-09-12T13:10:50.783Z","level":"error","event":"queue.dispatch_cycle_failed","fields":{"queueName":"all","service":"pipeline-worker"}}
{"timestamp":"2026-09-12T13:10:51.809Z","level":"error","event":"queue.dispatch_cycle_failed","fields":{"queueName":"all","service":"pipeline-worker"}}
{"timestamp":"2026-09-12T13:10:52.839Z","level":"error","event":"queue.dispatch_cycle_failed","fields":{"queueName":"all","service":"pipeline-worker"}}
{"timestamp":"2026-09-12T13:10:53.869Z","level":"error","event":"queue.dispatch_cycle_failed","fields":{"queueName":"all","service":"pipeline-worker"}}
{"timestamp":"2026-09-12T13:10:54.889Z","level":"error","event":"queue.dispatch_cycle_failed","fields":{"queueName":"all","service":"pipeline-worker"}}
{"timestamp":"2026-09-12T13:11:01.273Z","level":"error","event":"queue.dispatch_cycle_failed","fields":{"queueName":"all","service":"pipeline-worker"}}
{"timestamp":"2026-09-12T13:11:01.505Z","level":"error","event":"queue.lease_sweep_failed","fields":{"queueName":"all","service":"pipeline-worker"}}
{"timestamp":"2026-09-12T13:11:02.163Z","level":"error","event":"worker.consumer_failed","fields":{"queueName":"pipeline","service":"pipeline-worker"}}
{"timestamp":"2026-09-12T13:11:02.305Z","level":"error","event":"queue.dispatch_cycle_failed","fields":{"queueName":"all","service":"pipeline-worker"}}
{"timestamp":"2026-09-12T13:11:03.331Z","level":"error","event":"queue.dispatch_cycle_failed","fields":{"queueName":"all","service":"pipeline-worker"}}
{"timestamp":"2026-09-12T13:11:04.820Z","level":"error","event":"queue.dispatch_cycle_failed","fields":{"queueName":"all","service":"pipeline-worker"}}
{"timestamp":"2026-09-12T13:11:09.236Z","level":"error","event":"worker.consumer_failed","fields":{"queueName":"pipeline","service":"pipeline-worker"}}
{"timestamp":"2026-09-12T13:11:10.250Z","level":"error","event":"queue.dispatch_cycle_failed","fields":{"queueName":"all","service":"pipeline-worker"}}
{"timestamp":"2026-09-12T13:11:11.284Z","level":"error","event":"queue.dispatch_cycle_failed","fields":{"queueName":"all","service":"pipeline-worker"}}
{"timestamp":"2026-09-12T13:11:12.307Z","level":"error","event":"queue.dispatch_cycle_failed","fields":{"queueName":"all","service":"pipeline-worker"}}
{"timestamp":"2026-09-12T13:11:13.345Z","level":"error","event":"queue.dispatch_cycle_failed","fields":{"queueName":"all","service":"pipeline-worker"}}
{"timestamp":"2026-09-12T13:11:14.374Z","level":"error","event":"queue.dispatch_cycle_failed","fields":{"queueName":"all","service":"pipeline-worker"}}
{"timestamp":"2026-09-12T13:11:16.517Z","level":"error","event":"queue.lease_sweep_failed","fields":{"queueName":"all","service":"pipeline-worker"}}
{"timestamp":"2026-09-12T13:11:17.988Z","level":"error","event":"queue.dispatch_cycle_failed","fields":{"queueName":"all","service":"pipeline-worker"}}
{"timestamp":"2026-09-12T13:11:19.021Z","level":"error","event":"queue.dispatch_cycle_failed","fields":{"queueName":"all","service":"pipeline-worker"}}
{"timestamp":"2026-09-12T13:11:20.054Z","level":"error","event":"queue.dispatch_cycle_failed","fields":{"queueName":"all","service":"pipeline-worker"}}
{"timestamp":"2026-09-12T13:11:21.088Z","level":"error","event":"queue.dispatch_cycle_failed","fields":{"queueName":"all","service":"pipeline-worker"}}
{"timestamp":"2026-09-12T13:11:22.172Z","level":"error","event":"worker.consumer_failed","fields":{"queueName":"pipeline","service":"pipeline-worker"}}
{"timestamp":"2026-09-12T13:11:25.458Z","level":"error","event":"queue.dispatch_cycle_failed","fields":{"queueName":"all","service":"pipeline-worker"}}
{"timestamp":"2026-09-12T13:11:27.245Z","level":"error","event":"queue.dispatch_cycle_failed","fields":{"queueName":"all","service":"pipeline-worker"}}
{"timestamp":"2026-09-12T13:11:28.275Z","level":"error","event":"queue.dispatch_cycle_failed","fields":{"queueName":"all","service":"pipeline-worker"}}
{"timestamp":"2026-09-12T13:11:29.253Z","level":"error","event":"worker.consumer_failed","fields":{"queueName":"pipeline","service":"pipeline-worker"}}
{"timestamp":"2026-09-12T13:11:29.309Z","level":"error","event":"queue.dispatch_cycle_failed","fields":{"queueName":"all","service":"pipeline-worker"}}
{"timestamp":"2026-09-12T13:11:31.550Z","level":"error","event":"queue.lease_sweep_failed","fields":{"queueName":"all","service":"pipeline-worker"}}
{"timestamp":"2026-09-12T13:11:33.798Z","level":"error","event":"queue.dispatch_cycle_failed","fields":{"queueName":"all","service":"pipeline-worker"}}
{"timestamp":"2026-09-12T13:11:35.557Z","level":"error","event":"queue.dispatch_cycle_failed","fields":{"queueName":"all","service":"pipeline-worker"}}
{"timestamp":"2026-09-12T13:11:38.829Z","level":"error","event":"queue.dispatch_cycle_failed","fields":{"queueName":"all","service":"pipeline-worker"}}
{"timestamp":"2026-09-12T13:11:39.854Z","level":"error","event":"queue.dispatch_cycle_failed","fields":{"queueName":"all","service":"pipeline-worker"}}
{"timestamp":"2026-09-12T13:11:40.888Z","level":"error","event":"queue.dispatch_cycle_failed","fields":{"queueName":"all","service":"pipeline-worker"}}
{"timestamp":"2026-09-12T13:11:41.910Z","level":"error","event":"queue.dispatch_cycle_failed","fields":{"queueName":"all","service":"pipeline-worker"}}
{"timestamp":"2026-09-12T13:11:42.203Z","level":"error","event":"worker.consumer_failed","fields":{"queueName":"pipeline","service":"pipeline-worker"}}
{"timestamp":"2026-09-12T13:11:45.854Z","level":"error","event":"queue.dispatch_cycle_failed","fields":{"queueName":"all","service":"pipeline-worker"}}
{"timestamp":"2026-09-12T13:11:46.571Z","level":"error","event":"queue.lease_sweep_failed","fields":{"queueName":"all","service":"pipeline-worker"}}
{"timestamp":"2026-09-12T13:11:46.971Z","level":"error","event":"queue.dispatch_cycle_failed","fields":{"queueName":"all","service":"pipeline-worker"}}
{"timestamp":"2026-09-12T13:11:47.986Z","level":"error","event":"queue.dispatch_cycle_failed","fields":{"queueName":"all","service":"pipeline-worker"}}
{"timestamp":"2026-09-12T13:11:49.010Z","level":"error","event":"queue.dispatch_cycle_failed","fields":{"queueName":"all","service":"pipeline-worker"}}
{"timestamp":"2026-09-12T13:11:49.263Z","level":"error","event":"worker.consumer_failed","fields":{"queueName":"pipeline","service":"pipeline-worker"}}
{"timestamp":"2026-09-12T13:11:50.048Z","level":"error","event":"queue.dispatch_cycle_failed","fields":{"queueName":"all","service":"pipeline-worker"}}
{"timestamp":"2026-09-12T13:11:54.421Z","level":"error","event":"queue.dispatch_cycle_failed","fields":{"queueName":"all","service":"pipeline-worker"}}
{"timestamp":"2026-09-12T13:11:55.461Z","level":"error","event":"queue.dispatch_cycle_failed","fields":{"queueName":"all","service":"pipeline-worker"}}
{"timestamp":"2026-09-12T13:11:58.782Z","level":"error","event":"queue.dispatch_cycle_failed","fields":{"queueName":"all","service":"pipeline-worker"}}
{"timestamp":"2026-09-12T13:12:00.215Z","level":"error","event":"queue.dispatch_cycle_failed","fields":{"queueName":"all","service":"pipeline-worker"}}
{"timestamp":"2026-09-12T13:12:01.702Z","level":"error","event":"queue.lease_sweep_failed","fields":{"queueName":"all","service":"pipeline-worker"}}
{"timestamp":"2026-09-12T13:12:02.214Z","level":"error","event":"worker.consumer_failed","fields":{"queueName":"pipeline","service":"pipeline-worker"}}
{"timestamp":"2026-09-12T13:12:05.488Z","level":"error","event":"queue.dispatch_cycle_failed","fields":{"queueName":"all","service":"pipeline-worker"}}
{"timestamp":"2026-09-12T13:12:06.516Z","level":"error","event":"queue.dispatch_cycle_failed","fields":{"queueName":"all","service":"pipeline-worker"}}
{"timestamp":"2026-09-12T13:12:07.538Z","level":"error","event":"queue.dispatch_cycle_failed","fields":{"queueName":"all","service":"pipeline-worker"}}
{"timestamp":"2026-09-12T13:12:08.566Z","level":"error","event":"queue.dispatch_cycle_failed","fields":{"queueName":"all","service":"pipeline-worker"}}
{"timestamp":"2026-09-12T13:12:09.283Z","level":"error","event":"worker.consumer_failed","fields":{"queueName":"pipeline","service":"pipeline-worker"}}
{"timestamp":"2026-09-12T13:12:09.603Z","level":"error","event":"queue.dispatch_cycle_failed","fields":{"queueName":"all","service":"pipeline-worker"}}
{"timestamp":"2026-09-12T13:12:12.735Z","level":"error","event":"queue.dispatch_cycle_failed","fields":{"queueName":"all","service":"pipeline-worker"}}
{"timestamp":"2026-09-12T13:12:15.103Z","level":"error","event":"queue.dispatch_cycle_failed","fields":{"queueName":"all","service":"pipeline-worker"}}
{"timestamp":"2026-09-12T13:12:16.117Z","level":"error","event":"queue.dispatch_cycle_failed","fields":{"queueName":"all","service":"pipeline-worker"}}
{"timestamp":"2026-09-12T13:12:18.753Z","level":"error","event":"queue.lease_sweep_failed","fields":{"queueName":"all","service":"pipeline-worker"}}
{"timestamp":"2026-09-12T13:12:20.583Z","level":"error","event":"queue.dispatch_cycle_failed","fields":{"queueName":"all","service":"pipeline-worker"}}
{"timestamp":"2026-09-12T13:12:22.232Z","level":"error","event":"worker.consumer_failed","fields":{"queueName":"pipeline","service":"pipeline-worker"}}
{"timestamp":"2026-09-12T13:12:24.235Z","level":"error","event":"queue.dispatch_cycle_failed","fields":{"queueName":"all","service":"pipeline-worker"}}
{"timestamp":"2026-09-12T13:12:25.267Z","level":"error","event":"queue.dispatch_cycle_failed","fields":{"queueName":"all","service":"pipeline-worker"}}
{"timestamp":"2026-09-12T13:12:26.301Z","level":"error","event":"queue.dispatch_cycle_failed","fields":{"queueName":"all","service":"pipeline-worker"}}
{"timestamp":"2026-09-12T13:12:27.329Z","level":"error","event":"queue.dispatch_cycle_failed","fields":{"queueName":"all","service":"pipeline-worker"}}
{"timestamp":"2026-09-12T13:12:29.148Z","level":"error","event":"queue.dispatch_cycle_failed","fields":{"queueName":"all","service":"pipeline-worker"}}
{"timestamp":"2026-09-12T13:12:29.297Z","level":"error","event":"worker.consumer_failed","fields":{"queueName":"pipeline","service":"pipeline-worker"}}
{"timestamp":"2026-09-12T13:12:30.180Z","level":"error","event":"queue.dispatch_cycle_failed","fields":{"queueName":"all","service":"pipeline-worker"}}
{"timestamp":"2026-09-12T13:12:31.648Z","level":"error","event":"queue.dispatch_cycle_failed","fields":{"queueName":"all","service":"pipeline-worker"}}
{"timestamp":"2026-09-12T13:12:34.732Z","level":"error","event":"queue.dispatch_cycle_failed","fields":{"queueName":"all","service":"pipeline-worker"}}
{"timestamp":"2026-09-12T13:12:35.767Z","level":"error","event":"queue.dispatch_cycle_failed","fields":{"queueName":"all","service":"pipeline-worker"}}
{"timestamp":"2026-09-12T13:12:35.964Z","level":"error","event":"queue.lease_sweep_failed","fields":{"queueName":"all","service":"pipeline-worker"}}
{"timestamp":"2026-09-12T13:12:40.831Z","level":"error","event":"queue.dispatch_cycle_failed","fields":{"queueName":"all","service":"pipeline-worker"}}
{"timestamp":"2026-09-12T13:12:41.866Z","level":"error","event":"queue.dispatch_cycle_failed","fields":{"queueName":"all","service":"pipeline-worker"}}
{"timestamp":"2026-09-12T13:12:42.252Z","level":"error","event":"worker.consumer_failed","fields":{"queueName":"pipeline","service":"pipeline-worker"}}
{"timestamp":"2026-09-12T13:12:44.381Z","level":"error","event":"queue.dispatch_cycle_failed","fields":{"queueName":"all","service":"pipeline-worker"}}
{"timestamp":"2026-09-12T13:12:45.410Z","level":"error","event":"queue.dispatch_cycle_failed","fields":{"queueName":"all","service":"pipeline-worker"}}
{"timestamp":"2026-09-12T13:12:46.585Z","level":"error","event":"queue.dispatch_cycle_failed","fields":{"queueName":"all","service":"pipeline-worker"}}
{"timestamp":"2026-09-12T13:12:47.604Z","level":"error","event":"queue.dispatch_cycle_failed","fields":{"queueName":"all","service":"pipeline-worker"}}
{"timestamp":"2026-09-12T13:12:48.652Z","level":"error","event":"queue.dispatch_cycle_failed","fields":{"queueName":"all","service":"pipeline-worker"}}
{"timestamp":"2026-09-12T13:12:49.318Z","level":"error","event":"worker.consumer_failed","fields":{"queueName":"pipeline","service":"pipeline-worker"}}
{"timestamp":"2026-09-12T13:12:52.633Z","level":"error","event":"queue.lease_sweep_failed","fields":{"queueName":"all","service":"pipeline-worker"}}
{"timestamp":"2026-09-12T13:12:53.851Z","level":"error","event":"queue.dispatch_cycle_failed","fields":{"queueName":"all","service":"pipeline-worker"}}
{"timestamp":"2026-09-12T13:12:54.881Z","level":"error","event":"queue.dispatch_cycle_failed","fields":{"queueName":"all","service":"pipeline-worker"}}
{"timestamp":"2026-09-12T13:12:56.086Z","level":"error","event":"queue.dispatch_cycle_failed","fields":{"queueName":"all","service":"pipeline-worker"}}
{"timestamp":"2026-09-12T13:12:57.245Z","level":"error","event":"queue.dispatch_cycle_failed","fields":{"queueName":"all","service":"pipeline-worker"}}
{"timestamp":"2026-09-12T13:13:00.817Z","level":"error","event":"queue.dispatch_cycle_failed","fields":{"queueName":"all","service":"pipeline-worker"}}
{"timestamp":"2026-09-12T13:13:02.264Z","level":"error","event":"worker.consumer_failed","fields":{"queueName":"pipeline","service":"pipeline-worker"}}
{"timestamp":"2026-09-12T13:13:02.732Z","level":"error","event":"queue.dispatch_cycle_failed","fields":{"queueName":"all","service":"pipeline-worker"}}
{"timestamp":"2026-09-12T13:13:03.751Z","level":"error","event":"queue.dispatch_cycle_failed","fields":{"queueName":"all","service":"pipeline-worker"}}
{"timestamp":"2026-09-12T13:13:04.768Z","level":"error","event":"queue.dispatch_cycle_failed","fields":{"queueName":"all","service":"pipeline-worker"}}
{"timestamp":"2026-09-12T13:13:07.654Z","level":"error","event":"queue.lease_sweep_failed","fields":{"queueName":"all","service":"pipeline-worker"}}
{"timestamp":"2026-09-12T13:13:08.116Z","level":"error","event":"queue.dispatch_cycle_failed","fields":{"queueName":"all","service":"pipeline-worker"}}
{"timestamp":"2026-09-12T13:13:09.132Z","level":"error","event":"queue.dispatch_cycle_failed","fields":{"queueName":"all","service":"pipeline-worker"}}
{"timestamp":"2026-09-12T13:13:09.329Z","level":"error","event":"worker.consumer_failed","fields":{"queueName":"pipeline","service":"pipeline-worker"}}
{"timestamp":"2026-09-12T13:13:10.154Z","level":"error","event":"queue.dispatch_cycle_failed","fields":{"queueName":"all","service":"pipeline-worker"}}
{"timestamp":"2026-09-12T13:13:13.349Z","level":"error","event":"queue.dispatch_cycle_failed","fields":{"queueName":"all","service":"pipeline-worker"}}
{"timestamp":"2026-09-12T13:13:15.391Z","level":"error","event":"queue.dispatch_cycle_failed","fields":{"queueName":"all","service":"pipeline-worker"}}
{"timestamp":"2026-09-12T13:13:19.711Z","level":"error","event":"queue.dispatch_cycle_failed","fields":{"queueName":"all","service":"pipeline-worker"}}
{"timestamp":"2026-09-12T13:13:20.740Z","level":"error","event":"queue.dispatch_cycle_failed","fields":{"queueName":"all","service":"pipeline-worker"}}
{"timestamp":"2026-09-12T13:13:21.762Z","level":"error","event":"queue.dispatch_cycle_failed","fields":{"queueName":"all","service":"pipeline-worker"}}
{"timestamp":"2026-09-12T13:13:22.275Z","level":"error","event":"worker.consumer_failed","fields":{"queueName":"pipeline","service":"pipeline-worker"}}
{"timestamp":"2026-09-12T13:13:22.681Z","level":"error","event":"queue.lease_sweep_failed","fields":{"queueName":"all","service":"pipeline-worker"}}
{"timestamp":"2026-09-12T13:13:25.030Z","level":"error","event":"queue.dispatch_cycle_failed","fields":{"queueName":"all","service":"pipeline-worker"}}
{"timestamp":"2026-09-12T13:13:26.069Z","level":"error","event":"queue.dispatch_cycle_failed","fields":{"queueName":"all","service":"pipeline-worker"}}
{"timestamp":"2026-09-12T13:13:27.098Z","level":"error","event":"queue.dispatch_cycle_failed","fields":{"queueName":"all","service":"pipeline-worker"}}
{"timestamp":"2026-09-12T13:13:28.132Z","level":"error","event":"queue.dispatch_cycle_failed","fields":{"queueName":"all","service":"pipeline-worker"}}
{"timestamp":"2026-09-12T13:13:29.163Z","level":"error","event":"queue.dispatch_cycle_failed","fields":{"queueName":"all","service":"pipeline-worker"}}
{"timestamp":"2026-09-12T13:13:29.345Z","level":"error","event":"worker.consumer_failed","fields":{"queueName":"pipeline","service":"pipeline-worker"}}
{"timestamp":"2026-09-12T13:13:30.195Z","level":"error","event":"queue.dispatch_cycle_failed","fields":{"queueName":"all","service":"pipeline-worker"}}
{"timestamp":"2026-09-12T13:13:37.716Z","level":"error","event":"queue.lease_sweep_failed","fields":{"queueName":"all","service":"pipeline-worker"}}
{"timestamp":"2026-09-12T13:13:37.948Z","level":"error","event":"queue.dispatch_cycle_failed","fields":{"queueName":"all","service":"pipeline-worker"}}
{"timestamp":"2026-09-12T13:13:40.045Z","level":"error","event":"queue.dispatch_cycle_failed","fields":{"queueName":"all","service":"pipeline-worker"}}
{"timestamp":"2026-09-12T13:13:41.064Z","level":"error","event":"queue.dispatch_cycle_failed","fields":{"queueName":"all","service":"pipeline-worker"}}
{"timestamp":"2026-09-12T13:13:42.285Z","level":"error","event":"worker.consumer_failed","fields":{"queueName":"pipeline","service":"pipeline-worker"}}
{"timestamp":"2026-09-12T13:13:43.266Z","level":"error","event":"queue.dispatch_cycle_failed","fields":{"queueName":"all","service":"pipeline-worker"}}
{"timestamp":"2026-09-12T13:13:44.300Z","level":"error","event":"queue.dispatch_cycle_failed","fields":{"queueName":"all","service":"pipeline-worker"}}
{"timestamp":"2026-09-12T13:13:45.331Z","level":"error","event":"queue.dispatch_cycle_failed","fields":{"queueName":"all","service":"pipeline-worker"}}
{"timestamp":"2026-09-12T13:13:46.349Z","level":"error","event":"queue.dispatch_cycle_failed","fields":{"queueName":"all","service":"pipeline-worker"}}
{"timestamp":"2026-09-12T13:13:47.381Z","level":"error","event":"queue.dispatch_cycle_failed","fields":{"queueName":"all","service":"pipeline-worker"}}
{"timestamp":"2026-09-12T13:13:48.404Z","level":"error","event":"queue.dispatch_cycle_failed","fields":{"queueName":"all","service":"pipeline-worker"}}
{"timestamp":"2026-09-12T13:13:49.364Z","level":"error","event":"worker.consumer_failed","fields":{"queueName":"pipeline","service":"pipeline-worker"}}
{"timestamp":"2026-09-12T13:13:52.751Z","level":"error","event":"queue.lease_sweep_failed","fields":{"queueName":"all","service":"pipeline-worker"}}
{"timestamp":"2026-09-12T13:13:53.432Z","level":"error","event":"queue.dispatch_cycle_failed","fields":{"queueName":"all","service":"pipeline-worker"}}
{"timestamp":"2026-09-12T13:13:57.604Z","level":"error","event":"queue.dispatch_cycle_failed","fields":{"queueName":"all","service":"pipeline-worker"}}
{"timestamp":"2026-09-12T13:13:58.635Z","level":"error","event":"queue.dispatch_cycle_failed","fields":{"queueName":"all","service":"pipeline-worker"}}
{"timestamp":"2026-09-12T13:13:59.966Z","level":"error","event":"queue.dispatch_cycle_failed","fields":{"queueName":"all","service":"pipeline-worker"}}
{"timestamp":"2026-09-12T13:14:00.992Z","level":"error","event":"queue.dispatch_cycle_failed","fields":{"queueName":"all","service":"pipeline-worker"}}
{"timestamp":"2026-09-12T13:14:02.295Z","level":"error","event":"worker.consumer_failed","fields":{"queueName":"pipeline","service":"pipeline-worker"}}
{"timestamp":"2026-09-12T13:14:02.832Z","level":"error","event":"queue.dispatch_cycle_failed","fields":{"queueName":"all","service":"pipeline-worker"}}
{"timestamp":"2026-09-12T13:14:03.865Z","level":"error","event":"queue.dispatch_cycle_failed","fields":{"queueName":"all","service":"pipeline-worker"}}
{"timestamp":"2026-09-12T13:14:04.898Z","level":"error","event":"queue.dispatch_cycle_failed","fields":{"queueName":"all","service":"pipeline-worker"}}
{"timestamp":"2026-09-12T13:14:05.919Z","level":"error","event":"queue.dispatch_cycle_failed","fields":{"queueName":"all","service":"pipeline-worker"}}
{"timestamp":"2026-09-12T13:14:06.933Z","level":"error","event":"queue.dispatch_cycle_failed","fields":{"queueName":"all","service":"pipeline-worker"}}
{"timestamp":"2026-09-12T13:14:07.786Z","level":"error","event":"queue.lease_sweep_failed","fields":{"queueName":"all","service":"pipeline-worker"}}
{"timestamp":"2026-09-12T13:14:09.384Z","level":"error","event":"worker.consumer_failed","fields":{"queueName":"pipeline","service":"pipeline-worker"}}
{"timestamp":"2026-09-12T13:14:17.478Z","level":"error","event":"queue.dispatch_cycle_failed","fields":{"queueName":"all","service":"pipeline-worker"}}
{"timestamp":"2026-09-12T13:14:18.513Z","level":"error","event":"queue.dispatch_cycle_failed","fields":{"queueName":"all","service":"pipeline-worker"}}
{"timestamp":"2026-09-12T13:14:19.546Z","level":"error","event":"queue.dispatch_cycle_failed","fields":{"queueName":"all","service":"pipeline-worker"}}
{"timestamp":"2026-09-12T13:14:20.586Z","level":"error","event":"queue.dispatch_cycle_failed","fields":{"queueName":"all","service":"pipeline-worker"}}
{"timestamp":"2026-09-12T13:14:21.613Z","level":"error","event":"queue.dispatch_cycle_failed","fields":{"queueName":"all","service":"pipeline-worker"}}
{"timestamp":"2026-09-12T13:14:22.313Z","level":"error","event":"worker.consumer_failed","fields":{"queueName":"pipeline","service":"pipeline-worker"}}
{"timestamp":"2026-09-12T13:14:22.642Z","level":"error","event":"queue.dispatch_cycle_failed","fields":{"queueName":"all","service":"pipeline-worker"}}
{"timestamp":"2026-09-12T13:14:22.823Z","level":"error","event":"queue.lease_sweep_failed","fields":{"queueName":"all","service":"pipeline-worker"}}
{"timestamp":"2026-09-12T13:14:23.686Z","level":"error","event":"queue.dispatch_cycle_failed","fields":{"queueName":"all","service":"pipeline-worker"}}
{"timestamp":"2026-09-12T13:14:24.710Z","level":"error","event":"queue.dispatch_cycle_failed","fields":{"queueName":"all","service":"pipeline-worker"}}
{"timestamp":"2026-09-12T13:14:25.739Z","level":"error","event":"queue.dispatch_cycle_failed","fields":{"queueName":"all","service":"pipeline-worker"}}
{"timestamp":"2026-09-12T13:14:29.415Z","level":"error","event":"worker.consumer_failed","fields":{"queueName":"pipeline","service":"pipeline-worker"}}
{"timestamp":"2026-09-12T13:14:30.613Z","level":"error","event":"queue.dispatch_cycle_failed","fields":{"queueName":"all","service":"pipeline-worker"}}
{"timestamp":"2026-09-12T13:14:31.640Z","level":"error","event":"queue.dispatch_cycle_failed","fields":{"queueName":"all","service":"pipeline-worker"}}
{"timestamp":"2026-09-12T13:14:36.263Z","level":"error","event":"queue.dispatch_cycle_failed","fields":{"queueName":"all","service":"pipeline-worker"}}
{"timestamp":"2026-09-12T13:14:37.280Z","level":"error","event":"queue.dispatch_cycle_failed","fields":{"queueName":"all","service":"pipeline-worker"}}
{"timestamp":"2026-09-12T13:14:38.317Z","level":"error","event":"queue.dispatch_cycle_failed","fields":{"queueName":"all","service":"pipeline-worker"}}
{"timestamp":"2026-09-12T13:14:39.016Z","level":"error","event":"queue.lease_sweep_failed","fields":{"queueName":"all","service":"pipeline-worker"}}
{"timestamp":"2026-09-12T13:14:39.345Z","level":"error","event":"queue.dispatch_cycle_failed","fields":{"queueName":"all","service":"pipeline-worker"}}
{"timestamp":"2026-09-12T13:14:40.372Z","level":"error","event":"queue.dispatch_cycle_failed","fields":{"queueName":"all","service":"pipeline-worker"}}
{"timestamp":"2026-09-12T13:14:41.384Z","level":"error","event":"queue.dispatch_cycle_failed","fields":{"queueName":"all","service":"pipeline-worker"}}
{"timestamp":"2026-09-12T13:14:42.329Z","level":"error","event":"worker.consumer_failed","fields":{"queueName":"pipeline","service":"pipeline-worker"}}
{"timestamp":"2026-09-12T13:14:42.412Z","level":"error","event":"queue.dispatch_cycle_failed","fields":{"queueName":"all","service":"pipeline-worker"}}
{"timestamp":"2026-09-12T13:14:49.444Z","level":"error","event":"worker.consumer_failed","fields":{"queueName":"pipeline","service":"pipeline-worker"}}
{"timestamp":"2026-09-12T13:14:50.000Z","level":"error","event":"queue.dispatch_cycle_failed","fields":{"queueName":"all","service":"pipeline-worker"}}
{"timestamp":"2026-09-12T13:14:51.013Z","level":"error","event":"queue.dispatch_cycle_failed","fields":{"queueName":"all","service":"pipeline-worker"}}
{"timestamp":"2026-09-12T13:14:55.330Z","level":"error","event":"queue.lease_sweep_failed","fields":{"queueName":"all","service":"pipeline-worker"}}
{"timestamp":"2026-09-12T13:14:55.765Z","level":"error","event":"queue.dispatch_cycle_failed","fields":{"queueName":"all","service":"pipeline-worker"}}
{"timestamp":"2026-09-12T13:14:56.790Z","level":"error","event":"queue.dispatch_cycle_failed","fields":{"queueName":"all","service":"pipeline-worker"}}
{"timestamp":"2026-09-12T13:14:58.690Z","level":"error","event":"queue.dispatch_cycle_failed","fields":{"queueName":"all","service":"pipeline-worker"}}
{"timestamp":"2026-09-12T13:14:59.716Z","level":"error","event":"queue.dispatch_cycle_failed","fields":{"queueName":"all","service":"pipeline-worker"}}
{"timestamp":"2026-09-12T13:15:00.743Z","level":"error","event":"queue.dispatch_cycle_failed","fields":{"queueName":"all","service":"pipeline-worker"}}
{"timestamp":"2026-09-12T13:15:01.763Z","level":"error","event":"queue.dispatch_cycle_failed","fields":{"queueName":"all","service":"pipeline-worker"}}
{"timestamp":"2026-09-12T13:15:02.341Z","level":"error","event":"worker.consumer_failed","fields":{"queueName":"pipeline","service":"pipeline-worker"}}
{"timestamp":"2026-09-12T13:15:02.799Z","level":"error","event":"queue.dispatch_cycle_failed","fields":{"queueName":"all","service":"pipeline-worker"}}
{"timestamp":"2026-09-12T13:15:03.831Z","level":"error","event":"queue.dispatch_cycle_failed","fields":{"queueName":"all","service":"pipeline-worker"}}
{"timestamp":"2026-09-12T13:15:04.858Z","level":"error","event":"queue.dispatch_cycle_failed","fields":{"queueName":"all","service":"pipeline-worker"}}
{"timestamp":"2026-09-12T13:15:09.465Z","level":"error","event":"worker.consumer_failed","fields":{"queueName":"pipeline","service":"pipeline-worker"}}
{"timestamp":"2026-09-12T13:15:10.344Z","level":"error","event":"queue.lease_sweep_failed","fields":{"queueName":"all","service":"pipeline-worker"}}
{"timestamp":"2026-09-12T13:15:14.956Z","level":"error","event":"queue.dispatch_cycle_failed","fields":{"queueName":"all","service":"pipeline-worker"}}
{"timestamp":"2026-09-12T13:15:15.997Z","level":"error","event":"queue.dispatch_cycle_failed","fields":{"queueName":"all","service":"pipeline-worker"}}
{"timestamp":"2026-09-12T13:15:17.018Z","level":"error","event":"queue.dispatch_cycle_failed","fields":{"queueName":"all","service":"pipeline-worker"}}
{"timestamp":"2026-09-12T13:15:18.046Z","level":"error","event":"queue.dispatch_cycle_failed","fields":{"queueName":"all","service":"pipeline-worker"}}
{"timestamp":"2026-09-12T13:15:19.077Z","level":"error","event":"queue.dispatch_cycle_failed","fields":{"queueName":"all","service":"pipeline-worker"}}
{"timestamp":"2026-09-12T13:15:20.096Z","level":"error","event":"queue.dispatch_cycle_failed","fields":{"queueName":"all","service":"pipeline-worker"}}
{"timestamp":"2026-09-12T13:15:21.134Z","level":"error","event":"queue.dispatch_cycle_failed","fields":{"queueName":"all","service":"pipeline-worker"}}
{"timestamp":"2026-09-12T13:15:22.345Z","level":"error","event":"worker.consumer_failed","fields":{"queueName":"pipeline","service":"pipeline-worker"}}
{"timestamp":"2026-09-12T13:15:23.362Z","level":"error","event":"queue.dispatch_cycle_failed","fields":{"queueName":"all","service":"pipeline-worker"}}
{"timestamp":"2026-09-12T13:15:24.394Z","level":"error","event":"queue.dispatch_cycle_failed","fields":{"queueName":"all","service":"pipeline-worker"}}
{"timestamp":"2026-09-12T13:15:25.367Z","level":"error","event":"queue.lease_sweep_failed","fields":{"queueName":"all","service":"pipeline-worker"}}
{"timestamp":"2026-09-12T13:15:28.659Z","level":"error","event":"queue.dispatch_cycle_failed","fields":{"queueName":"all","service":"pipeline-worker"}}
{"timestamp":"2026-09-12T13:15:29.484Z","level":"error","event":"worker.consumer_failed","fields":{"queueName":"pipeline","service":"pipeline-worker"}}
{"timestamp":"2026-09-12T13:15:29.697Z","level":"error","event":"queue.dispatch_cycle_failed","fields":{"queueName":"all","service":"pipeline-worker"}}
{"timestamp":"2026-09-12T13:15:31.650Z","level":"error","event":"queue.dispatch_cycle_failed","fields":{"queueName":"all","service":"pipeline-worker"}}
{"timestamp":"2026-09-12T13:15:32.679Z","level":"error","event":"queue.dispatch_cycle_failed","fields":{"queueName":"all","service":"pipeline-worker"}}
{"timestamp":"2026-09-12T13:15:33.699Z","level":"error","event":"queue.dispatch_cycle_failed","fields":{"queueName":"all","service":"pipeline-worker"}}
{"timestamp":"2026-09-12T13:15:34.726Z","level":"error","event":"queue.dispatch_cycle_failed","fields":{"queueName":"all","service":"pipeline-worker"}}
{"timestamp":"2026-09-12T13:15:35.764Z","level":"error","event":"queue.dispatch_cycle_failed","fields":{"queueName":"all","service":"pipeline-worker"}}
{"timestamp":"2026-09-12T13:15:36.796Z","level":"error","event":"queue.dispatch_cycle_failed","fields":{"queueName":"all","service":"pipeline-worker"}}
{"timestamp":"2026-09-12T13:15:37.823Z","level":"error","event":"queue.dispatch_cycle_failed","fields":{"queueName":"all","service":"pipeline-worker"}}
{"timestamp":"2026-09-12T13:15:38.860Z","level":"error","event":"queue.dispatch_cycle_failed","fields":{"queueName":"all","service":"pipeline-worker"}}
{"timestamp":"2026-09-12T13:15:40.097Z","level":"error","event":"queue.dispatch_cycle_failed","fields":{"queueName":"all","service":"pipeline-worker"}}
{"timestamp":"2026-09-12T13:15:42.373Z","level":"error","event":"worker.consumer_failed","fields":{"queueName":"pipeline","service":"pipeline-worker"}}
{"timestamp":"2026-09-12T13:15:48.587Z","level":"error","event":"queue.lease_sweep_failed","fields":{"queueName":"all","service":"pipeline-worker"}}
{"timestamp":"2026-09-12T13:15:48.859Z","level":"error","event":"queue.dispatch_cycle_failed","fields":{"queueName":"all","service":"pipeline-worker"}}
{"timestamp":"2026-09-12T13:15:49.488Z","level":"error","event":"worker.consumer_failed","fields":{"queueName":"pipeline","service":"pipeline-worker"}}
{"timestamp":"2026-09-12T13:15:49.892Z","level":"error","event":"queue.dispatch_cycle_failed","fields":{"queueName":"all","service":"pipeline-worker"}}
{"timestamp":"2026-09-12T13:15:50.914Z","level":"error","event":"queue.dispatch_cycle_failed","fields":{"queueName":"all","service":"pipeline-worker"}}
{"timestamp":"2026-09-12T13:15:51.944Z","level":"error","event":"queue.dispatch_cycle_failed","fields":{"queueName":"all","service":"pipeline-worker"}}
{"timestamp":"2026-09-12T13:15:52.952Z","level":"error","event":"queue.dispatch_cycle_failed","fields":{"queueName":"all","service":"pipeline-worker"}}
{"timestamp":"2026-09-12T13:15:53.979Z","level":"error","event":"queue.dispatch_cycle_failed","fields":{"queueName":"all","service":"pipeline-worker"}}
{"timestamp":"2026-09-12T13:15:54.989Z","level":"error","event":"queue.dispatch_cycle_failed","fields":{"queueName":"all","service":"pipeline-worker"}}
{"timestamp":"2026-09-12T13:15:57.877Z","level":"error","event":"queue.dispatch_cycle_failed","fields":{"queueName":"all","service":"pipeline-worker"}}
{"timestamp":"2026-09-12T13:15:58.910Z","level":"error","event":"queue.dispatch_cycle_failed","fields":{"queueName":"all","service":"pipeline-worker"}}
{"timestamp":"2026-09-12T13:15:59.927Z","level":"error","event":"queue.dispatch_cycle_failed","fields":{"queueName":"all","service":"pipeline-worker"}}
{"timestamp":"2026-09-12T13:16:02.379Z","level":"error","event":"worker.consumer_failed","fields":{"queueName":"pipeline","service":"pipeline-worker"}}
{"timestamp":"2026-09-12T13:16:06.818Z","level":"error","event":"queue.dispatch_cycle_failed","fields":{"queueName":"all","service":"pipeline-worker"}}
{"timestamp":"2026-09-12T13:16:07.847Z","level":"error","event":"queue.dispatch_cycle_failed","fields":{"queueName":"all","service":"pipeline-worker"}}
{"timestamp":"2026-09-12T13:16:08.927Z","level":"error","event":"queue.dispatch_cycle_failed","fields":{"queueName":"all","service":"pipeline-worker"}}
{"timestamp":"2026-09-12T13:16:09.247Z","level":"error","event":"queue.lease_sweep_failed","fields":{"queueName":"all","service":"pipeline-worker"}}
{"timestamp":"2026-09-12T13:16:09.844Z","level":"error","event":"worker.consumer_failed","fields":{"queueName":"pipeline","service":"pipeline-worker"}}
{"timestamp":"2026-09-12T13:16:12.794Z","level":"error","event":"queue.dispatch_cycle_failed","fields":{"queueName":"all","service":"pipeline-worker"}}
{"timestamp":"2026-09-12T13:16:14.180Z","level":"error","event":"queue.dispatch_cycle_failed","fields":{"queueName":"all","service":"pipeline-worker"}}
{"timestamp":"2026-09-12T13:16:16.008Z","level":"error","event":"queue.dispatch_cycle_failed","fields":{"queueName":"all","service":"pipeline-worker"}}
{"timestamp":"2026-09-12T13:16:17.663Z","level":"error","event":"queue.dispatch_cycle_failed","fields":{"queueName":"all","service":"pipeline-worker"}}
{"timestamp":"2026-09-12T13:16:18.729Z","level":"error","event":"queue.dispatch_cycle_failed","fields":{"queueName":"all","service":"pipeline-worker"}}
{"timestamp":"2026-09-12T13:16:19.852Z","level":"error","event":"queue.dispatch_cycle_failed","fields":{"queueName":"all","service":"pipeline-worker"}}
{"timestamp":"2026-09-12T13:16:21.457Z","level":"error","event":"queue.dispatch_cycle_failed","fields":{"queueName":"all","service":"pipeline-worker"}}
{"timestamp":"2026-09-12T13:16:22.383Z","level":"error","event":"worker.consumer_failed","fields":{"queueName":"pipeline","service":"pipeline-worker"}}
{"timestamp":"2026-09-12T13:16:24.860Z","level":"error","event":"queue.lease_sweep_failed","fields":{"queueName":"all","service":"pipeline-worker"}}
{"timestamp":"2026-09-12T13:16:27.259Z","level":"error","event":"queue.dispatch_cycle_failed","fields":{"queueName":"all","service":"pipeline-worker"}}
{"timestamp":"2026-09-12T13:16:28.862Z","level":"error","event":"queue.dispatch_cycle_failed","fields":{"queueName":"all","service":"pipeline-worker"}}
{"timestamp":"2026-09-12T13:16:30.272Z","level":"error","event":"worker.consumer_failed","fields":{"queueName":"pipeline","service":"pipeline-worker"}}
{"timestamp":"2026-09-12T13:16:30.347Z","level":"error","event":"queue.dispatch_cycle_failed","fields":{"queueName":"all","service":"pipeline-worker"}}
{"timestamp":"2026-09-12T13:16:31.364Z","level":"error","event":"queue.dispatch_cycle_failed","fields":{"queueName":"all","service":"pipeline-worker"}}
{"timestamp":"2026-09-12T13:16:32.386Z","level":"error","event":"queue.dispatch_cycle_failed","fields":{"queueName":"all","service":"pipeline-worker"}}
{"timestamp":"2026-09-12T13:16:37.191Z","level":"error","event":"queue.dispatch_cycle_failed","fields":{"queueName":"all","service":"pipeline-worker"}}
{"timestamp":"2026-09-12T13:16:38.530Z","level":"error","event":"queue.dispatch_cycle_failed","fields":{"queueName":"all","service":"pipeline-worker"}}
{"timestamp":"2026-09-12T13:16:39.665Z","level":"error","event":"queue.dispatch_cycle_failed","fields":{"queueName":"all","service":"pipeline-worker"}}
{"timestamp":"2026-09-12T13:16:40.716Z","level":"error","event":"queue.dispatch_cycle_failed","fields":{"queueName":"all","service":"pipeline-worker"}}
{"timestamp":"2026-09-12T13:16:41.378Z","level":"error","event":"queue.lease_sweep_failed","fields":{"queueName":"all","service":"pipeline-worker"}}
{"timestamp":"2026-09-12T13:16:42.394Z","level":"error","event":"worker.consumer_failed","fields":{"queueName":"pipeline","service":"pipeline-worker"}}
{"timestamp":"2026-09-12T13:16:44.342Z","level":"error","event":"queue.dispatch_cycle_failed","fields":{"queueName":"all","service":"pipeline-worker"}}
{"timestamp":"2026-09-12T13:16:46.261Z","level":"error","event":"queue.dispatch_cycle_failed","fields":{"queueName":"all","service":"pipeline-worker"}}
{"timestamp":"2026-09-12T13:16:49.747Z","level":"error","event":"queue.dispatch_cycle_failed","fields":{"queueName":"all","service":"pipeline-worker"}}
{"timestamp":"2026-09-12T13:16:51.834Z","level":"error","event":"worker.consumer_failed","fields":{"queueName":"pipeline","service":"pipeline-worker"}}
{"timestamp":"2026-09-12T13:16:53.883Z","level":"error","event":"queue.dispatch_cycle_failed","fields":{"queueName":"all","service":"pipeline-worker"}}
{"timestamp":"2026-09-12T13:16:55.397Z","level":"error","event":"queue.dispatch_cycle_failed","fields":{"queueName":"all","service":"pipeline-worker"}}
{"timestamp":"2026-09-12T13:16:57.264Z","level":"error","event":"queue.dispatch_cycle_failed","fields":{"queueName":"all","service":"pipeline-worker"}}
{"timestamp":"2026-09-12T13:16:58.737Z","level":"error","event":"queue.lease_sweep_failed","fields":{"queueName":"all","service":"pipeline-worker"}}
{"timestamp":"2026-09-12T13:16:59.759Z","level":"error","event":"queue.dispatch_cycle_failed","fields":{"queueName":"all","service":"pipeline-worker"}}
{"timestamp":"2026-09-12T13:17:01.224Z","level":"error","event":"queue.dispatch_cycle_failed","fields":{"queueName":"all","service":"pipeline-worker"}}
{"timestamp":"2026-09-12T13:17:02.405Z","level":"error","event":"worker.consumer_failed","fields":{"queueName":"pipeline","service":"pipeline-worker"}}
{"timestamp":"2026-09-12T13:17:03.035Z","level":"error","event":"queue.dispatch_cycle_failed","fields":{"queueName":"all","service":"pipeline-worker"}}
{"timestamp":"2026-09-12T13:17:05.314Z","level":"error","event":"queue.dispatch_cycle_failed","fields":{"queueName":"all","service":"pipeline-worker"}}
{"timestamp":"2026-09-12T13:17:07.210Z","level":"error","event":"queue.dispatch_cycle_failed","fields":{"queueName":"all","service":"pipeline-worker"}}
{"timestamp":"2026-09-12T13:17:08.853Z","level":"error","event":"queue.dispatch_cycle_failed","fields":{"queueName":"all","service":"pipeline-worker"}}
{"timestamp":"2026-09-12T13:17:12.929Z","level":"error","event":"worker.consumer_failed","fields":{"queueName":"pipeline","service":"pipeline-worker"}}
{"timestamp":"2026-09-12T13:17:14.243Z","level":"error","event":"queue.dispatch_cycle_failed","fields":{"queueName":"all","service":"pipeline-worker"}}
{"timestamp":"2026-09-12T13:17:15.148Z","level":"error","event":"queue.lease_sweep_failed","fields":{"queueName":"all","service":"pipeline-worker"}}
{"timestamp":"2026-09-12T13:17:18.196Z","level":"error","event":"queue.dispatch_cycle_failed","fields":{"queueName":"all","service":"pipeline-worker"}}
{"timestamp":"2026-09-12T13:17:19.776Z","level":"error","event":"queue.dispatch_cycle_failed","fields":{"queueName":"all","service":"pipeline-worker"}}
{"timestamp":"2026-09-12T13:17:20.875Z","level":"error","event":"queue.dispatch_cycle_failed","fields":{"queueName":"all","service":"pipeline-worker"}}
{"timestamp":"2026-09-12T13:17:21.928Z","level":"error","event":"queue.dispatch_cycle_failed","fields":{"queueName":"all","service":"pipeline-worker"}}
{"timestamp":"2026-09-12T13:17:22.947Z","level":"error","event":"queue.dispatch_cycle_failed","fields":{"queueName":"all","service":"pipeline-worker"}}
{"timestamp":"2026-09-12T13:17:23.047Z","level":"error","event":"worker.consumer_failed","fields":{"queueName":"pipeline","service":"pipeline-worker"}}
{"timestamp":"2026-09-12T13:17:24.047Z","level":"error","event":"queue.dispatch_cycle_failed","fields":{"queueName":"all","service":"pipeline-worker"}}
{"timestamp":"2026-09-12T13:17:27.573Z","level":"error","event":"queue.dispatch_cycle_failed","fields":{"queueName":"all","service":"pipeline-worker"}}
{"timestamp":"2026-09-12T13:17:28.605Z","level":"error","event":"queue.dispatch_cycle_failed","fields":{"queueName":"all","service":"pipeline-worker"}}
{"timestamp":"2026-09-12T13:17:29.663Z","level":"error","event":"queue.dispatch_cycle_failed","fields":{"queueName":"all","service":"pipeline-worker"}}
{"timestamp":"2026-09-12T13:17:33.692Z","level":"error","event":"worker.consumer_failed","fields":{"queueName":"pipeline","service":"pipeline-worker"}}
{"timestamp":"2026-09-12T13:17:34.949Z","level":"error","event":"queue.dispatch_cycle_failed","fields":{"queueName":"all","service":"pipeline-worker"}}
{"timestamp":"2026-09-12T13:17:36.461Z","level":"error","event":"queue.dispatch_cycle_failed","fields":{"queueName":"all","service":"pipeline-worker"}}
{"timestamp":"2026-09-12T13:17:37.519Z","level":"error","event":"queue.lease_sweep_failed","fields":{"queueName":"all","service":"pipeline-worker"}}
{"timestamp":"2026-09-12T13:17:38.009Z","level":"error","event":"queue.dispatch_cycle_failed","fields":{"queueName":"all","service":"pipeline-worker"}}
{"timestamp":"2026-09-12T13:17:39.437Z","level":"error","event":"queue.dispatch_cycle_failed","fields":{"queueName":"all","service":"pipeline-worker"}}
{"timestamp":"2026-09-12T13:17:42.958Z","level":"error","event":"queue.dispatch_cycle_failed","fields":{"queueName":"all","service":"pipeline-worker"}}
{"timestamp":"2026-09-12T13:17:43.754Z","level":"error","event":"worker.consumer_failed","fields":{"queueName":"pipeline","service":"pipeline-worker"}}
{"timestamp":"2026-09-12T13:17:45.850Z","level":"error","event":"queue.dispatch_cycle_failed","fields":{"queueName":"all","service":"pipeline-worker"}}
{"timestamp":"2026-09-12T13:17:47.403Z","level":"error","event":"queue.dispatch_cycle_failed","fields":{"queueName":"all","service":"pipeline-worker"}}
{"timestamp":"2026-09-12T13:17:48.430Z","level":"error","event":"queue.dispatch_cycle_failed","fields":{"queueName":"all","service":"pipeline-worker"}}
{"timestamp":"2026-09-12T13:17:49.728Z","level":"error","event":"queue.dispatch_cycle_failed","fields":{"queueName":"all","service":"pipeline-worker"}}
{"timestamp":"2026-09-12T13:17:51.388Z","level":"error","event":"queue.dispatch_cycle_failed","fields":{"queueName":"all","service":"pipeline-worker"}}
{"timestamp":"2026-09-12T13:17:54.014Z","level":"error","event":"worker.consumer_failed","fields":{"queueName":"pipeline","service":"pipeline-worker"}}
{"timestamp":"2026-09-12T13:17:54.793Z","level":"error","event":"queue.dispatch_cycle_failed","fields":{"queueName":"all","service":"pipeline-worker"}}
{"timestamp":"2026-09-12T13:17:57.854Z","level":"error","event":"queue.lease_sweep_failed","fields":{"queueName":"all","service":"pipeline-worker"}}
{"timestamp":"2026-09-12T13:18:01.666Z","level":"error","event":"queue.dispatch_cycle_failed","fields":{"queueName":"all","service":"pipeline-worker"}}
{"timestamp":"2026-09-12T13:18:04.301Z","level":"error","event":"queue.dispatch_cycle_failed","fields":{"queueName":"all","service":"pipeline-worker"}}
{"timestamp":"2026-09-12T13:18:05.550Z","level":"error","event":"worker.consumer_failed","fields":{"queueName":"pipeline","service":"pipeline-worker"}}
{"timestamp":"2026-09-12T13:18:06.801Z","level":"error","event":"queue.dispatch_cycle_failed","fields":{"queueName":"all","service":"pipeline-worker"}}
{"timestamp":"2026-09-12T13:18:08.659Z","level":"error","event":"queue.dispatch_cycle_failed","fields":{"queueName":"all","service":"pipeline-worker"}}
{"timestamp":"2026-09-12T13:18:09.807Z","level":"error","event":"queue.dispatch_cycle_failed","fields":{"queueName":"all","service":"pipeline-worker"}}
{"timestamp":"2026-09-12T13:18:10.875Z","level":"error","event":"queue.dispatch_cycle_failed","fields":{"queueName":"all","service":"pipeline-worker"}}
{"timestamp":"2026-09-12T13:18:11.948Z","level":"error","event":"queue.dispatch_cycle_failed","fields":{"queueName":"all","service":"pipeline-worker"}}
{"timestamp":"2026-09-12T13:18:13.126Z","level":"error","event":"queue.dispatch_cycle_failed","fields":{"queueName":"all","service":"pipeline-worker"}}
{"timestamp":"2026-09-12T13:18:14.095Z","level":"error","event":"worker.consumer_failed","fields":{"queueName":"pipeline","service":"pipeline-worker"}}
{"timestamp":"2026-09-12T13:18:14.226Z","level":"error","event":"queue.dispatch_cycle_failed","fields":{"queueName":"all","service":"pipeline-worker"}}
{"timestamp":"2026-09-12T13:18:16.695Z","level":"error","event":"queue.lease_sweep_failed","fields":{"queueName":"all","service":"pipeline-worker"}}
{"timestamp":"2026-09-12T13:18:19.296Z","level":"error","event":"queue.dispatch_cycle_failed","fields":{"queueName":"all","service":"pipeline-worker"}}
{"timestamp":"2026-09-12T13:18:21.495Z","level":"error","event":"queue.dispatch_cycle_failed","fields":{"queueName":"all","service":"pipeline-worker"}}
{"timestamp":"2026-09-12T13:18:22.518Z","level":"error","event":"queue.dispatch_cycle_failed","fields":{"queueName":"all","service":"pipeline-worker"}}
{"timestamp":"2026-09-12T13:18:26.766Z","level":"error","event":"queue.dispatch_cycle_failed","fields":{"queueName":"all","service":"pipeline-worker"}}
{"timestamp":"2026-09-12T13:18:26.809Z","level":"error","event":"worker.consumer_failed","fields":{"queueName":"pipeline","service":"pipeline-worker"}}
{"timestamp":"2026-09-12T13:18:29.346Z","level":"error","event":"queue.dispatch_cycle_failed","fields":{"queueName":"all","service":"pipeline-worker"}}
{"timestamp":"2026-09-12T13:18:30.501Z","level":"error","event":"queue.dispatch_cycle_failed","fields":{"queueName":"all","service":"pipeline-worker"}}
{"timestamp":"2026-09-12T13:18:31.723Z","level":"error","event":"queue.lease_sweep_failed","fields":{"queueName":"all","service":"pipeline-worker"}}
{"timestamp":"2026-09-12T13:18:32.252Z","level":"error","event":"queue.dispatch_cycle_failed","fields":{"queueName":"all","service":"pipeline-worker"}}
{"timestamp":"2026-09-12T13:18:33.603Z","level":"error","event":"queue.dispatch_cycle_failed","fields":{"queueName":"all","service":"pipeline-worker"}}
{"timestamp":"2026-09-12T13:18:34.124Z","level":"error","event":"worker.consumer_failed","fields":{"queueName":"pipeline","service":"pipeline-worker"}}
{"timestamp":"2026-09-12T13:18:34.629Z","level":"error","event":"queue.dispatch_cycle_failed","fields":{"queueName":"all","service":"pipeline-worker"}}
{"timestamp":"2026-09-12T13:18:35.667Z","level":"error","event":"queue.dispatch_cycle_failed","fields":{"queueName":"all","service":"pipeline-worker"}}
{"timestamp":"2026-09-12T13:18:37.333Z","level":"error","event":"queue.dispatch_cycle_failed","fields":{"queueName":"all","service":"pipeline-worker"}}
{"timestamp":"2026-09-12T13:18:38.360Z","level":"error","event":"queue.dispatch_cycle_failed","fields":{"queueName":"all","service":"pipeline-worker"}}
{"timestamp":"2026-09-12T13:18:46.394Z","level":"error","event":"queue.dispatch_cycle_failed","fields":{"queueName":"all","service":"pipeline-worker"}}
{"timestamp":"2026-09-12T13:18:46.818Z","level":"error","event":"worker.consumer_failed","fields":{"queueName":"pipeline","service":"pipeline-worker"}}
{"timestamp":"2026-09-12T13:18:47.464Z","level":"error","event":"queue.dispatch_cycle_failed","fields":{"queueName":"all","service":"pipeline-worker"}}
{"timestamp":"2026-09-12T13:18:47.778Z","level":"error","event":"queue.lease_sweep_failed","fields":{"queueName":"all","service":"pipeline-worker"}}
{"timestamp":"2026-09-12T13:18:48.498Z","level":"error","event":"queue.dispatch_cycle_failed","fields":{"queueName":"all","service":"pipeline-worker"}}
{"timestamp":"2026-09-12T13:18:49.601Z","level":"error","event":"queue.dispatch_cycle_failed","fields":{"queueName":"all","service":"pipeline-worker"}}
{"timestamp":"2026-09-12T13:18:52.720Z","level":"error","event":"queue.dispatch_cycle_failed","fields":{"queueName":"all","service":"pipeline-worker"}}
{"timestamp":"2026-09-12T13:18:53.741Z","level":"error","event":"queue.dispatch_cycle_failed","fields":{"queueName":"all","service":"pipeline-worker"}}
{"timestamp":"2026-09-12T13:18:54.271Z","level":"error","event":"worker.consumer_failed","fields":{"queueName":"pipeline","service":"pipeline-worker"}}
{"timestamp":"2026-09-12T13:18:54.775Z","level":"error","event":"queue.dispatch_cycle_failed","fields":{"queueName":"all","service":"pipeline-worker"}}
{"timestamp":"2026-09-12T13:18:56.162Z","level":"error","event":"queue.dispatch_cycle_failed","fields":{"queueName":"all","service":"pipeline-worker"}}
{"timestamp":"2026-09-12T13:18:57.318Z","level":"error","event":"queue.dispatch_cycle_failed","fields":{"queueName":"all","service":"pipeline-worker"}}
{"timestamp":"2026-09-12T13:19:03.008Z","level":"error","event":"queue.lease_sweep_failed","fields":{"queueName":"all","service":"pipeline-worker"}}
{"timestamp":"2026-09-12T13:19:04.132Z","level":"error","event":"queue.dispatch_cycle_failed","fields":{"queueName":"all","service":"pipeline-worker"}}
{"timestamp":"2026-09-12T13:19:05.714Z","level":"error","event":"queue.dispatch_cycle_failed","fields":{"queueName":"all","service":"pipeline-worker"}}
{"timestamp":"2026-09-12T13:19:06.874Z","level":"error","event":"worker.consumer_failed","fields":{"queueName":"pipeline","service":"pipeline-worker"}}
{"timestamp":"2026-09-12T13:19:07.393Z","level":"error","event":"queue.dispatch_cycle_failed","fields":{"queueName":"all","service":"pipeline-worker"}}
{"timestamp":"2026-09-12T13:19:09.120Z","level":"error","event":"queue.dispatch_cycle_failed","fields":{"queueName":"all","service":"pipeline-worker"}}
{"timestamp":"2026-09-12T13:19:10.751Z","level":"error","event":"queue.dispatch_cycle_failed","fields":{"queueName":"all","service":"pipeline-worker"}}
{"timestamp":"2026-09-12T13:19:11.773Z","level":"error","event":"queue.dispatch_cycle_failed","fields":{"queueName":"all","service":"pipeline-worker"}}
{"timestamp":"2026-09-12T13:19:14.380Z","level":"error","event":"worker.consumer_failed","fields":{"queueName":"pipeline","service":"pipeline-worker"}}
{"timestamp":"2026-09-12T13:19:14.585Z","level":"error","event":"queue.dispatch_cycle_failed","fields":{"queueName":"all","service":"pipeline-worker"}}
{"timestamp":"2026-09-12T13:19:15.610Z","level":"error","event":"queue.dispatch_cycle_failed","fields":{"queueName":"all","service":"pipeline-worker"}}
{"timestamp":"2026-09-12T13:19:16.641Z","level":"error","event":"queue.dispatch_cycle_failed","fields":{"queueName":"all","service":"pipeline-worker"}}
{"timestamp":"2026-09-12T13:19:17.695Z","level":"error","event":"queue.dispatch_cycle_failed","fields":{"queueName":"all","service":"pipeline-worker"}}
{"timestamp":"2026-09-12T13:19:19.028Z","level":"error","event":"queue.dispatch_cycle_failed","fields":{"queueName":"all","service":"pipeline-worker"}}
{"timestamp":"2026-09-12T13:19:20.331Z","level":"error","event":"queue.lease_sweep_failed","fields":{"queueName":"all","service":"pipeline-worker"}}
{"timestamp":"2026-09-12T13:19:21.714Z","level":"error","event":"queue.dispatch_cycle_failed","fields":{"queueName":"all","service":"pipeline-worker"}}
{"timestamp":"2026-09-12T13:19:23.333Z","level":"error","event":"queue.dispatch_cycle_failed","fields":{"queueName":"all","service":"pipeline-worker"}}
{"timestamp":"2026-09-12T13:19:24.352Z","level":"error","event":"queue.dispatch_cycle_failed","fields":{"queueName":"all","service":"pipeline-worker"}}
{"timestamp":"2026-09-12T13:19:26.822Z","level":"error","event":"queue.dispatch_cycle_failed","fields":{"queueName":"all","service":"pipeline-worker"}}
{"timestamp":"2026-09-12T13:19:27.202Z","level":"error","event":"worker.consumer_failed","fields":{"queueName":"pipeline","service":"pipeline-worker"}}
{"timestamp":"2026-09-12T13:19:33.678Z","level":"error","event":"queue.dispatch_cycle_failed","fields":{"queueName":"all","service":"pipeline-worker"}}
{"timestamp":"2026-09-12T13:19:35.371Z","level":"error","event":"worker.consumer_failed","fields":{"queueName":"pipeline","service":"pipeline-worker"}}
{"timestamp":"2026-09-12T13:19:36.053Z","level":"error","event":"queue.lease_sweep_failed","fields":{"queueName":"all","service":"pipeline-worker"}}
{"timestamp":"2026-09-12T13:19:36.651Z","level":"error","event":"queue.dispatch_cycle_failed","fields":{"queueName":"all","service":"pipeline-worker"}}
{"timestamp":"2026-09-12T13:19:38.303Z","level":"error","event":"queue.dispatch_cycle_failed","fields":{"queueName":"all","service":"pipeline-worker"}}
{"timestamp":"2026-09-12T13:19:40.051Z","level":"error","event":"queue.dispatch_cycle_failed","fields":{"queueName":"all","service":"pipeline-worker"}}
{"timestamp":"2026-09-12T13:19:41.907Z","level":"error","event":"queue.dispatch_cycle_failed","fields":{"queueName":"all","service":"pipeline-worker"}}
{"timestamp":"2026-09-12T13:19:57.277Z","level":"error","event":"queue.dispatch_cycle_failed","fields":{"queueName":"all","service":"pipeline-worker"}}
{"timestamp":"2026-09-12T13:19:57.281Z","level":"error","event":"worker.consumer_failed","fields":{"queueName":"pipeline","service":"pipeline-worker"}}
{"timestamp":"2026-09-12T13:19:57.282Z","level":"error","event":"worker.consumer_failed","fields":{"queueName":"pipeline","service":"pipeline-worker"}}
{"timestamp":"2026-09-12T13:19:57.284Z","level":"error","event":"queue.lease_sweep_failed","fields":{"queueName":"all","service":"pipeline-worker"}}
{"timestamp":"2026-09-12T13:19:58.304Z","level":"error","event":"queue.dispatch_cycle_failed","fields":{"queueName":"all","service":"pipeline-worker"}}
{"timestamp":"2026-09-12T13:19:59.325Z","level":"error","event":"queue.dispatch_cycle_failed","fields":{"queueName":"all","service":"pipeline-worker"}}
{"timestamp":"2026-09-12T13:20:00.359Z","level":"error","event":"queue.dispatch_cycle_failed","fields":{"queueName":"all","service":"pipeline-worker"}}
{"timestamp":"2026-09-12T13:20:01.381Z","level":"error","event":"queue.dispatch_cycle_failed","fields":{"queueName":"all","service":"pipeline-worker"}}
{"timestamp":"2026-09-12T13:20:02.404Z","level":"error","event":"queue.dispatch_cycle_failed","fields":{"queueName":"all","service":"pipeline-worker"}}
{"timestamp":"2026-09-12T13:20:03.427Z","level":"error","event":"queue.dispatch_cycle_failed","fields":{"queueName":"all","service":"pipeline-worker"}}
{"timestamp":"2026-09-12T13:20:04.470Z","level":"error","event":"queue.dispatch_cycle_failed","fields":{"queueName":"all","service":"pipeline-worker"}}
{"timestamp":"2026-09-12T13:20:05.564Z","level":"error","event":"queue.dispatch_cycle_failed","fields":{"queueName":"all","service":"pipeline-worker"}}
{"timestamp":"2026-09-12T13:20:12.309Z","level":"error","event":"queue.lease_sweep_failed","fields":{"queueName":"all","service":"pipeline-worker"}}
{"timestamp":"2026-09-12T13:20:12.468Z","level":"error","event":"queue.dispatch_cycle_failed","fields":{"queueName":"all","service":"pipeline-worker"}}
{"timestamp":"2026-09-12T13:20:13.569Z","level":"error","event":"queue.dispatch_cycle_failed","fields":{"queueName":"all","service":"pipeline-worker"}}
{"timestamp":"2026-09-12T13:20:17.288Z","level":"error","event":"worker.consumer_failed","fields":{"queueName":"pipeline","service":"pipeline-worker"}}
{"timestamp":"2026-09-12T13:20:17.362Z","level":"error","event":"worker.consumer_failed","fields":{"queueName":"pipeline","service":"pipeline-worker"}}
{"timestamp":"2026-09-12T13:20:18.958Z","level":"error","event":"queue.dispatch_cycle_failed","fields":{"queueName":"all","service":"pipeline-worker"}}
{"timestamp":"2026-09-12T13:20:20.066Z","level":"error","event":"queue.dispatch_cycle_failed","fields":{"queueName":"all","service":"pipeline-worker"}}
{"timestamp":"2026-09-12T13:20:21.150Z","level":"error","event":"queue.dispatch_cycle_failed","fields":{"queueName":"all","service":"pipeline-worker"}}
{"timestamp":"2026-09-12T13:20:22.273Z","level":"error","event":"queue.dispatch_cycle_failed","fields":{"queueName":"all","service":"pipeline-worker"}}
{"timestamp":"2026-09-12T13:20:23.361Z","level":"error","event":"queue.dispatch_cycle_failed","fields":{"queueName":"all","service":"pipeline-worker"}}
{"timestamp":"2026-09-12T13:20:24.442Z","level":"error","event":"queue.dispatch_cycle_failed","fields":{"queueName":"all","service":"pipeline-worker"}}
{"timestamp":"2026-09-12T13:20:25.553Z","level":"error","event":"queue.dispatch_cycle_failed","fields":{"queueName":"all","service":"pipeline-worker"}}
{"timestamp":"2026-09-12T13:20:26.588Z","level":"error","event":"queue.dispatch_cycle_failed","fields":{"queueName":"all","service":"pipeline-worker"}}
{"timestamp":"2026-09-12T13:20:27.382Z","level":"error","event":"queue.lease_sweep_failed","fields":{"queueName":"all","service":"pipeline-worker"}}
{"timestamp":"2026-09-12T13:20:30.497Z","level":"error","event":"queue.dispatch_cycle_failed","fields":{"queueName":"all","service":"pipeline-worker"}}
{"timestamp":"2026-09-12T13:20:33.347Z","level":"error","event":"queue.dispatch_cycle_failed","fields":{"queueName":"all","service":"pipeline-worker"}}
{"timestamp":"2026-09-12T13:20:37.368Z","level":"error","event":"worker.consumer_failed","fields":{"queueName":"pipeline","service":"pipeline-worker"}}
{"timestamp":"2026-09-12T13:20:37.483Z","level":"error","event":"worker.consumer_failed","fields":{"queueName":"pipeline","service":"pipeline-worker"}}
{"timestamp":"2026-09-12T13:20:39.007Z","level":"error","event":"queue.dispatch_cycle_failed","fields":{"queueName":"all","service":"pipeline-worker"}}
{"timestamp":"2026-09-12T13:20:40.165Z","level":"error","event":"queue.dispatch_cycle_failed","fields":{"queueName":"all","service":"pipeline-worker"}}
{"timestamp":"2026-09-12T13:20:41.199Z","level":"error","event":"queue.dispatch_cycle_failed","fields":{"queueName":"all","service":"pipeline-worker"}}
{"timestamp":"2026-09-12T13:20:42.269Z","level":"error","event":"queue.dispatch_cycle_failed","fields":{"queueName":"all","service":"pipeline-worker"}}
{"timestamp":"2026-09-12T13:20:42.496Z","level":"error","event":"queue.lease_sweep_failed","fields":{"queueName":"all","service":"pipeline-worker"}}
{"timestamp":"2026-09-12T13:20:43.504Z","level":"error","event":"queue.dispatch_cycle_failed","fields":{"queueName":"all","service":"pipeline-worker"}}
{"timestamp":"2026-09-12T13:20:44.618Z","level":"error","event":"queue.dispatch_cycle_failed","fields":{"queueName":"all","service":"pipeline-worker"}}
{"timestamp":"2026-09-12T13:20:45.648Z","level":"error","event":"queue.dispatch_cycle_failed","fields":{"queueName":"all","service":"pipeline-worker"}}
{"timestamp":"2026-09-12T13:20:48.293Z","level":"error","event":"queue.dispatch_cycle_failed","fields":{"queueName":"all","service":"pipeline-worker"}}
{"timestamp":"2026-09-12T13:20:49.396Z","level":"error","event":"queue.dispatch_cycle_failed","fields":{"queueName":"all","service":"pipeline-worker"}}
{"timestamp":"2026-09-12T13:20:50.432Z","level":"error","event":"queue.dispatch_cycle_failed","fields":{"queueName":"all","service":"pipeline-worker"}}
{"timestamp":"2026-09-12T13:20:51.720Z","level":"error","event":"queue.dispatch_cycle_failed","fields":{"queueName":"all","service":"pipeline-worker"}}
{"timestamp":"2026-09-12T13:20:56.912Z","level":"error","event":"queue.dispatch_cycle_failed","fields":{"queueName":"all","service":"pipeline-worker"}}
{"timestamp":"2026-09-12T13:20:57.494Z","level":"error","event":"worker.consumer_failed","fields":{"queueName":"pipeline","service":"pipeline-worker"}}
{"timestamp":"2026-09-12T13:20:57.509Z","level":"error","event":"worker.consumer_failed","fields":{"queueName":"pipeline","service":"pipeline-worker"}}
{"timestamp":"2026-09-12T13:20:57.633Z","level":"error","event":"queue.lease_sweep_failed","fields":{"queueName":"all","service":"pipeline-worker"}}
{"timestamp":"2026-09-12T13:20:57.940Z","level":"error","event":"queue.dispatch_cycle_failed","fields":{"queueName":"all","service":"pipeline-worker"}}
{"timestamp":"2026-09-12T13:20:59.005Z","level":"error","event":"queue.dispatch_cycle_failed","fields":{"queueName":"all","service":"pipeline-worker"}}
{"timestamp":"2026-09-12T13:21:02.670Z","level":"error","event":"queue.dispatch_cycle_failed","fields":{"queueName":"all","service":"pipeline-worker"}}
{"timestamp":"2026-09-12T13:21:04.539Z","level":"error","event":"queue.dispatch_cycle_failed","fields":{"queueName":"all","service":"pipeline-worker"}}
{"timestamp":"2026-09-12T13:21:05.745Z","level":"error","event":"queue.dispatch_cycle_failed","fields":{"queueName":"all","service":"pipeline-worker"}}
{"timestamp":"2026-09-12T13:21:09.307Z","level":"error","event":"queue.dispatch_cycle_failed","fields":{"queueName":"all","service":"pipeline-worker"}}
{"timestamp":"2026-09-12T13:21:10.334Z","level":"error","event":"queue.dispatch_cycle_failed","fields":{"queueName":"all","service":"pipeline-worker"}}
{"timestamp":"2026-09-12T13:21:11.362Z","level":"error","event":"queue.dispatch_cycle_failed","fields":{"queueName":"all","service":"pipeline-worker"}}
{"timestamp":"2026-09-12T13:21:12.828Z","level":"error","event":"queue.dispatch_cycle_failed","fields":{"queueName":"all","service":"pipeline-worker"}}
{"timestamp":"2026-09-12T13:21:13.475Z","level":"error","event":"queue.lease_sweep_failed","fields":{"queueName":"all","service":"pipeline-worker"}}
{"timestamp":"2026-09-12T13:21:13.851Z","level":"error","event":"queue.dispatch_cycle_failed","fields":{"queueName":"all","service":"pipeline-worker"}}
{"timestamp":"2026-09-12T13:21:17.529Z","level":"error","event":"worker.consumer_failed","fields":{"queueName":"pipeline","service":"pipeline-worker"}}
{"timestamp":"2026-09-12T13:21:17.532Z","level":"error","event":"worker.consumer_failed","fields":{"queueName":"pipeline","service":"pipeline-worker"}}
{"timestamp":"2026-09-12T13:21:18.846Z","level":"error","event":"queue.dispatch_cycle_failed","fields":{"queueName":"all","service":"pipeline-worker"}}
{"timestamp":"2026-09-12T13:21:20.774Z","level":"error","event":"queue.dispatch_cycle_failed","fields":{"queueName":"all","service":"pipeline-worker"}}
{"timestamp":"2026-09-12T13:21:21.884Z","level":"error","event":"queue.dispatch_cycle_failed","fields":{"queueName":"all","service":"pipeline-worker"}}
{"timestamp":"2026-09-12T13:21:22.938Z","level":"error","event":"queue.dispatch_cycle_failed","fields":{"queueName":"all","service":"pipeline-worker"}}
{"timestamp":"2026-09-12T13:21:25.750Z","level":"error","event":"queue.dispatch_cycle_failed","fields":{"queueName":"all","service":"pipeline-worker"}}
{"timestamp":"2026-09-12T13:21:28.498Z","level":"error","event":"queue.lease_sweep_failed","fields":{"queueName":"all","service":"pipeline-worker"}}
{"timestamp":"2026-09-12T13:21:28.499Z","level":"error","event":"queue.dispatch_cycle_failed","fields":{"queueName":"all","service":"pipeline-worker"}}
{"timestamp":"2026-09-12T13:21:29.531Z","level":"error","event":"queue.dispatch_cycle_failed","fields":{"queueName":"all","service":"pipeline-worker"}}
{"timestamp":"2026-09-12T13:21:30.566Z","level":"error","event":"queue.dispatch_cycle_failed","fields":{"queueName":"all","service":"pipeline-worker"}}
{"timestamp":"2026-09-12T13:21:31.588Z","level":"error","event":"queue.dispatch_cycle_failed","fields":{"queueName":"all","service":"pipeline-worker"}}
{"timestamp":"2026-09-12T13:21:37.550Z","level":"error","event":"worker.consumer_failed","fields":{"queueName":"pipeline","service":"pipeline-worker"}}
{"timestamp":"2026-09-12T13:21:37.552Z","level":"error","event":"worker.consumer_failed","fields":{"queueName":"pipeline","service":"pipeline-worker"}}
{"timestamp":"2026-09-12T13:21:38.754Z","level":"error","event":"queue.dispatch_cycle_failed","fields":{"queueName":"all","service":"pipeline-worker"}}
{"timestamp":"2026-09-12T13:21:39.786Z","level":"error","event":"queue.dispatch_cycle_failed","fields":{"queueName":"all","service":"pipeline-worker"}}
{"timestamp":"2026-09-12T13:21:40.819Z","level":"error","event":"queue.dispatch_cycle_failed","fields":{"queueName":"all","service":"pipeline-worker"}}
{"timestamp":"2026-09-12T13:21:41.866Z","level":"error","event":"queue.dispatch_cycle_failed","fields":{"queueName":"all","service":"pipeline-worker"}}
{"timestamp":"2026-09-12T13:21:42.892Z","level":"error","event":"queue.dispatch_cycle_failed","fields":{"queueName":"all","service":"pipeline-worker"}}
{"timestamp":"2026-09-12T13:21:44.320Z","level":"error","event":"queue.lease_sweep_failed","fields":{"queueName":"all","service":"pipeline-worker"}}
{"timestamp":"2026-09-12T13:21:46.989Z","level":"error","event":"queue.dispatch_cycle_failed","fields":{"queueName":"all","service":"pipeline-worker"}}
{"timestamp":"2026-09-12T13:21:48.013Z","level":"error","event":"queue.dispatch_cycle_failed","fields":{"queueName":"all","service":"pipeline-worker"}}
{"timestamp":"2026-09-12T13:21:49.053Z","level":"error","event":"queue.dispatch_cycle_failed","fields":{"queueName":"all","service":"pipeline-worker"}}
{"timestamp":"2026-09-12T13:21:50.081Z","level":"error","event":"queue.dispatch_cycle_failed","fields":{"queueName":"all","service":"pipeline-worker"}}
{"timestamp":"2026-09-12T13:21:55.163Z","level":"error","event":"queue.dispatch_cycle_failed","fields":{"queueName":"all","service":"pipeline-worker"}}
{"timestamp":"2026-09-12T13:21:56.190Z","level":"error","event":"queue.dispatch_cycle_failed","fields":{"queueName":"all","service":"pipeline-worker"}}
{"timestamp":"2026-09-12T13:21:57.545Z","level":"error","event":"queue.dispatch_cycle_failed","fields":{"queueName":"all","service":"pipeline-worker"}}
{"timestamp":"2026-09-12T13:21:57.560Z","level":"error","event":"worker.consumer_failed","fields":{"queueName":"pipeline","service":"pipeline-worker"}}
{"timestamp":"2026-09-12T13:21:57.568Z","level":"error","event":"worker.consumer_failed","fields":{"queueName":"pipeline","service":"pipeline-worker"}}
{"timestamp":"2026-09-12T13:21:59.858Z","level":"error","event":"queue.dispatch_cycle_failed","fields":{"queueName":"all","service":"pipeline-worker"}}
{"timestamp":"2026-09-12T13:22:00.893Z","level":"error","event":"queue.dispatch_cycle_failed","fields":{"queueName":"all","service":"pipeline-worker"}}
{"timestamp":"2026-09-12T13:22:01.714Z","level":"error","event":"queue.lease_sweep_failed","fields":{"queueName":"all","service":"pipeline-worker"}}
{"timestamp":"2026-09-12T13:22:04.222Z","level":"error","event":"queue.dispatch_cycle_failed","fields":{"queueName":"all","service":"pipeline-worker"}}
{"timestamp":"2026-09-12T13:22:05.266Z","level":"error","event":"queue.dispatch_cycle_failed","fields":{"queueName":"all","service":"pipeline-worker"}}
{"timestamp":"2026-09-12T13:22:06.307Z","level":"error","event":"queue.dispatch_cycle_failed","fields":{"queueName":"all","service":"pipeline-worker"}}
{"timestamp":"2026-09-12T13:22:07.333Z","level":"error","event":"queue.dispatch_cycle_failed","fields":{"queueName":"all","service":"pipeline-worker"}}
{"timestamp":"2026-09-12T13:22:11.965Z","level":"error","event":"queue.dispatch_cycle_failed","fields":{"queueName":"all","service":"pipeline-worker"}}
{"timestamp":"2026-09-12T13:22:12.997Z","level":"error","event":"queue.dispatch_cycle_failed","fields":{"queueName":"all","service":"pipeline-worker"}}
{"timestamp":"2026-09-12T13:22:14.023Z","level":"error","event":"queue.dispatch_cycle_failed","fields":{"queueName":"all","service":"pipeline-worker"}}
{"timestamp":"2026-09-12T13:22:16.767Z","level":"error","event":"queue.lease_sweep_failed","fields":{"queueName":"all","service":"pipeline-worker"}}
{"timestamp":"2026-09-12T13:22:17.586Z","level":"error","event":"worker.consumer_failed","fields":{"queueName":"pipeline","service":"pipeline-worker"}}
{"timestamp":"2026-09-12T13:22:17.600Z","level":"error","event":"worker.consumer_failed","fields":{"queueName":"pipeline","service":"pipeline-worker"}}
{"timestamp":"2026-09-12T13:22:19.762Z","level":"error","event":"queue.dispatch_cycle_failed","fields":{"queueName":"all","service":"pipeline-worker"}}
{"timestamp":"2026-09-12T13:22:20.792Z","level":"error","event":"queue.dispatch_cycle_failed","fields":{"queueName":"all","service":"pipeline-worker"}}
{"timestamp":"2026-09-12T13:22:21.820Z","level":"error","event":"queue.dispatch_cycle_failed","fields":{"queueName":"all","service":"pipeline-worker"}}
{"timestamp":"2026-09-12T13:22:24.854Z","level":"error","event":"queue.dispatch_cycle_failed","fields":{"queueName":"all","service":"pipeline-worker"}}
{"timestamp":"2026-09-12T13:22:25.889Z","level":"error","event":"queue.dispatch_cycle_failed","fields":{"queueName":"all","service":"pipeline-worker"}}
{"timestamp":"2026-09-12T13:22:26.915Z","level":"error","event":"queue.dispatch_cycle_failed","fields":{"queueName":"all","service":"pipeline-worker"}}
{"timestamp":"2026-09-12T13:22:31.035Z","level":"error","event":"queue.dispatch_cycle_failed","fields":{"queueName":"all","service":"pipeline-worker"}}
{"timestamp":"2026-09-12T13:22:31.797Z","level":"error","event":"queue.lease_sweep_failed","fields":{"queueName":"all","service":"pipeline-worker"}}
{"timestamp":"2026-09-12T13:22:32.385Z","level":"error","event":"queue.dispatch_cycle_failed","fields":{"queueName":"all","service":"pipeline-worker"}}
{"timestamp":"2026-09-12T13:22:33.416Z","level":"error","event":"queue.dispatch_cycle_failed","fields":{"queueName":"all","service":"pipeline-worker"}}
{"timestamp":"2026-09-12T13:22:37.610Z","level":"error","event":"worker.consumer_failed","fields":{"queueName":"pipeline","service":"pipeline-worker"}}
{"timestamp":"2026-09-12T13:22:37.620Z","level":"error","event":"worker.consumer_failed","fields":{"queueName":"pipeline","service":"pipeline-worker"}}
{"timestamp":"2026-09-12T13:22:38.426Z","level":"error","event":"queue.dispatch_cycle_failed","fields":{"queueName":"all","service":"pipeline-worker"}}
{"timestamp":"2026-09-12T13:22:39.453Z","level":"error","event":"queue.dispatch_cycle_failed","fields":{"queueName":"all","service":"pipeline-worker"}}
{"timestamp":"2026-09-12T13:22:40.488Z","level":"error","event":"queue.dispatch_cycle_failed","fields":{"queueName":"all","service":"pipeline-worker"}}
{"timestamp":"2026-09-12T13:22:42.382Z","level":"error","event":"queue.dispatch_cycle_failed","fields":{"queueName":"all","service":"pipeline-worker"}}
{"timestamp":"2026-09-12T13:22:43.427Z","level":"error","event":"queue.dispatch_cycle_failed","fields":{"queueName":"all","service":"pipeline-worker"}}
{"timestamp":"2026-09-12T13:22:45.615Z","level":"error","event":"queue.dispatch_cycle_failed","fields":{"queueName":"all","service":"pipeline-worker"}}
{"timestamp":"2026-09-12T13:22:47.878Z","level":"error","event":"queue.dispatch_cycle_failed","fields":{"queueName":"all","service":"pipeline-worker"}}
{"timestamp":"2026-09-12T13:22:47.942Z","level":"error","event":"queue.lease_sweep_failed","fields":{"queueName":"all","service":"pipeline-worker"}}
{"timestamp":"2026-09-12T13:22:51.250Z","level":"error","event":"queue.dispatch_cycle_failed","fields":{"queueName":"all","service":"pipeline-worker"}}
{"timestamp":"2026-09-12T13:22:52.277Z","level":"error","event":"queue.dispatch_cycle_failed","fields":{"queueName":"all","service":"pipeline-worker"}}
{"timestamp":"2026-09-12T13:22:56.848Z","level":"error","event":"queue.dispatch_cycle_failed","fields":{"queueName":"all","service":"pipeline-worker"}}
{"timestamp":"2026-09-12T13:22:57.623Z","level":"error","event":"worker.consumer_failed","fields":{"queueName":"pipeline","service":"pipeline-worker"}}
{"timestamp":"2026-09-12T13:22:57.641Z","level":"error","event":"worker.consumer_failed","fields":{"queueName":"pipeline","service":"pipeline-worker"}}
{"timestamp":"2026-09-12T13:22:58.232Z","level":"error","event":"queue.dispatch_cycle_failed","fields":{"queueName":"all","service":"pipeline-worker"}}
{"timestamp":"2026-09-12T13:22:59.280Z","level":"error","event":"queue.dispatch_cycle_failed","fields":{"queueName":"all","service":"pipeline-worker"}}
{"timestamp":"2026-09-12T13:23:00.315Z","level":"error","event":"queue.dispatch_cycle_failed","fields":{"queueName":"all","service":"pipeline-worker"}}
{"timestamp":"2026-09-12T13:23:01.357Z","level":"error","event":"queue.dispatch_cycle_failed","fields":{"queueName":"all","service":"pipeline-worker"}}
{"timestamp":"2026-09-12T13:23:02.402Z","level":"error","event":"queue.dispatch_cycle_failed","fields":{"queueName":"all","service":"pipeline-worker"}}
{"timestamp":"2026-09-12T13:23:02.974Z","level":"error","event":"queue.lease_sweep_failed","fields":{"queueName":"all","service":"pipeline-worker"}}
{"timestamp":"2026-09-12T13:23:04.714Z","level":"error","event":"queue.dispatch_cycle_failed","fields":{"queueName":"all","service":"pipeline-worker"}}
{"timestamp":"2026-09-12T13:23:10.903Z","level":"error","event":"queue.dispatch_cycle_failed","fields":{"queueName":"all","service":"pipeline-worker"}}
{"timestamp":"2026-09-12T13:23:11.937Z","level":"error","event":"queue.dispatch_cycle_failed","fields":{"queueName":"all","service":"pipeline-worker"}}
{"timestamp":"2026-09-12T13:23:16.124Z","level":"error","event":"queue.dispatch_cycle_failed","fields":{"queueName":"all","service":"pipeline-worker"}}
{"timestamp":"2026-09-12T13:23:17.161Z","level":"error","event":"queue.dispatch_cycle_failed","fields":{"queueName":"all","service":"pipeline-worker"}}
{"timestamp":"2026-09-12T13:23:17.640Z","level":"error","event":"worker.consumer_failed","fields":{"queueName":"pipeline","service":"pipeline-worker"}}
{"timestamp":"2026-09-12T13:23:17.653Z","level":"error","event":"worker.consumer_failed","fields":{"queueName":"pipeline","service":"pipeline-worker"}}
{"timestamp":"2026-09-12T13:23:18.006Z","level":"error","event":"queue.lease_sweep_failed","fields":{"queueName":"all","service":"pipeline-worker"}}
{"timestamp":"2026-09-12T13:23:18.190Z","level":"error","event":"queue.dispatch_cycle_failed","fields":{"queueName":"all","service":"pipeline-worker"}}
{"timestamp":"2026-09-12T13:23:19.237Z","level":"error","event":"queue.dispatch_cycle_failed","fields":{"queueName":"all","service":"pipeline-worker"}}
{"timestamp":"2026-09-12T13:23:20.268Z","level":"error","event":"queue.dispatch_cycle_failed","fields":{"queueName":"all","service":"pipeline-worker"}}
{"timestamp":"2026-09-12T13:23:22.628Z","level":"error","event":"queue.dispatch_cycle_failed","fields":{"queueName":"all","service":"pipeline-worker"}}
{"timestamp":"2026-09-12T13:23:23.655Z","level":"error","event":"queue.dispatch_cycle_failed","fields":{"queueName":"all","service":"pipeline-worker"}}
{"timestamp":"2026-09-12T13:23:29.373Z","level":"error","event":"queue.dispatch_cycle_failed","fields":{"queueName":"all","service":"pipeline-worker"}}
{"timestamp":"2026-09-12T13:23:30.397Z","level":"error","event":"queue.dispatch_cycle_failed","fields":{"queueName":"all","service":"pipeline-worker"}}
{"timestamp":"2026-09-12T13:23:33.217Z","level":"error","event":"queue.dispatch_cycle_failed","fields":{"queueName":"all","service":"pipeline-worker"}}
{"timestamp":"2026-09-12T13:23:34.236Z","level":"error","event":"queue.dispatch_cycle_failed","fields":{"queueName":"all","service":"pipeline-worker"}}
{"timestamp":"2026-09-12T13:23:34.596Z","level":"error","event":"queue.lease_sweep_failed","fields":{"queueName":"all","service":"pipeline-worker"}}
{"timestamp":"2026-09-12T13:23:35.253Z","level":"error","event":"queue.dispatch_cycle_failed","fields":{"queueName":"all","service":"pipeline-worker"}}
{"timestamp":"2026-09-12T13:23:36.280Z","level":"error","event":"queue.dispatch_cycle_failed","fields":{"queueName":"all","service":"pipeline-worker"}}
{"timestamp":"2026-09-12T13:23:37.297Z","level":"error","event":"queue.dispatch_cycle_failed","fields":{"queueName":"all","service":"pipeline-worker"}}
{"timestamp":"2026-09-12T13:23:37.653Z","level":"error","event":"worker.consumer_failed","fields":{"queueName":"pipeline","service":"pipeline-worker"}}
{"timestamp":"2026-09-12T13:23:37.659Z","level":"error","event":"worker.consumer_failed","fields":{"queueName":"pipeline","service":"pipeline-worker"}}
{"timestamp":"2026-09-12T13:23:38.319Z","level":"error","event":"queue.dispatch_cycle_failed","fields":{"queueName":"all","service":"pipeline-worker"}}
{"timestamp":"2026-09-12T13:23:39.767Z","level":"error","event":"queue.dispatch_cycle_failed","fields":{"queueName":"all","service":"pipeline-worker"}}
{"timestamp":"2026-09-12T13:23:41.674Z","level":"error","event":"queue.dispatch_cycle_failed","fields":{"queueName":"all","service":"pipeline-worker"}}
{"timestamp":"2026-09-12T13:23:43.863Z","level":"error","event":"queue.dispatch_cycle_failed","fields":{"queueName":"all","service":"pipeline-worker"}}
{"timestamp":"2026-09-12T13:23:49.624Z","level":"error","event":"queue.lease_sweep_failed","fields":{"queueName":"all","service":"pipeline-worker"}}
{"timestamp":"2026-09-12T13:23:50.452Z","level":"error","event":"queue.dispatch_cycle_failed","fields":{"queueName":"all","service":"pipeline-worker"}}
{"timestamp":"2026-09-12T13:23:51.469Z","level":"error","event":"queue.dispatch_cycle_failed","fields":{"queueName":"all","service":"pipeline-worker"}}
{"timestamp":"2026-09-12T13:23:52.502Z","level":"error","event":"queue.dispatch_cycle_failed","fields":{"queueName":"all","service":"pipeline-worker"}}
{"timestamp":"2026-09-12T13:23:53.542Z","level":"error","event":"queue.dispatch_cycle_failed","fields":{"queueName":"all","service":"pipeline-worker"}}
{"timestamp":"2026-09-12T13:23:54.575Z","level":"error","event":"queue.dispatch_cycle_failed","fields":{"queueName":"all","service":"pipeline-worker"}}
{"timestamp":"2026-09-12T13:23:55.608Z","level":"error","event":"queue.dispatch_cycle_failed","fields":{"queueName":"all","service":"pipeline-worker"}}
{"timestamp":"2026-09-12T13:23:57.669Z","level":"error","event":"worker.consumer_failed","fields":{"queueName":"pipeline","service":"pipeline-worker"}}
{"timestamp":"2026-09-12T13:23:57.670Z","level":"error","event":"worker.consumer_failed","fields":{"queueName":"pipeline","service":"pipeline-worker"}}
{"timestamp":"2026-09-12T13:23:57.700Z","level":"error","event":"queue.dispatch_cycle_failed","fields":{"queueName":"all","service":"pipeline-worker"}}
{"timestamp":"2026-09-12T13:23:58.722Z","level":"error","event":"queue.dispatch_cycle_failed","fields":{"queueName":"all","service":"pipeline-worker"}}
{"timestamp":"2026-09-12T13:23:59.758Z","level":"error","event":"queue.dispatch_cycle_failed","fields":{"queueName":"all","service":"pipeline-worker"}}
{"timestamp":"2026-09-12T13:24:04.640Z","level":"error","event":"queue.lease_sweep_failed","fields":{"queueName":"all","service":"pipeline-worker"}}
{"timestamp":"2026-09-12T13:24:05.769Z","level":"error","event":"queue.dispatch_cycle_failed","fields":{"queueName":"all","service":"pipeline-worker"}}
{"timestamp":"2026-09-12T13:24:06.808Z","level":"error","event":"queue.dispatch_cycle_failed","fields":{"queueName":"all","service":"pipeline-worker"}}
{"timestamp":"2026-09-12T13:24:08.036Z","level":"error","event":"queue.dispatch_cycle_failed","fields":{"queueName":"all","service":"pipeline-worker"}}
{"timestamp":"2026-09-12T13:24:09.074Z","level":"error","event":"queue.dispatch_cycle_failed","fields":{"queueName":"all","service":"pipeline-worker"}}
{"timestamp":"2026-09-12T13:24:10.103Z","level":"error","event":"queue.dispatch_cycle_failed","fields":{"queueName":"all","service":"pipeline-worker"}}
{"timestamp":"2026-09-12T13:24:15.275Z","level":"error","event":"queue.dispatch_cycle_failed","fields":{"queueName":"all","service":"pipeline-worker"}}
{"timestamp":"2026-09-12T13:24:16.286Z","level":"error","event":"queue.dispatch_cycle_failed","fields":{"queueName":"all","service":"pipeline-worker"}}
{"timestamp":"2026-09-12T13:24:17.311Z","level":"error","event":"queue.dispatch_cycle_failed","fields":{"queueName":"all","service":"pipeline-worker"}}
{"timestamp":"2026-09-12T13:24:17.692Z","level":"error","event":"worker.consumer_failed","fields":{"queueName":"pipeline","service":"pipeline-worker"}}
{"timestamp":"2026-09-12T13:24:17.694Z","level":"error","event":"worker.consumer_failed","fields":{"queueName":"pipeline","service":"pipeline-worker"}}
{"timestamp":"2026-09-12T13:24:18.348Z","level":"error","event":"queue.dispatch_cycle_failed","fields":{"queueName":"all","service":"pipeline-worker"}}
{"timestamp":"2026-09-12T13:24:19.362Z","level":"error","event":"queue.dispatch_cycle_failed","fields":{"queueName":"all","service":"pipeline-worker"}}
{"timestamp":"2026-09-12T13:24:21.961Z","level":"error","event":"queue.lease_sweep_failed","fields":{"queueName":"all","service":"pipeline-worker"}}
{"timestamp":"2026-09-12T13:24:23.647Z","level":"error","event":"queue.dispatch_cycle_failed","fields":{"queueName":"all","service":"pipeline-worker"}}
{"timestamp":"2026-09-12T13:24:24.678Z","level":"error","event":"queue.dispatch_cycle_failed","fields":{"queueName":"all","service":"pipeline-worker"}}
{"timestamp":"2026-09-12T13:24:25.696Z","level":"error","event":"queue.dispatch_cycle_failed","fields":{"queueName":"all","service":"pipeline-worker"}}
{"timestamp":"2026-09-12T13:24:27.674Z","level":"error","event":"queue.dispatch_cycle_failed","fields":{"queueName":"all","service":"pipeline-worker"}}
{"timestamp":"2026-09-12T13:24:28.706Z","level":"error","event":"queue.dispatch_cycle_failed","fields":{"queueName":"all","service":"pipeline-worker"}}
{"timestamp":"2026-09-12T13:24:29.726Z","level":"error","event":"queue.dispatch_cycle_failed","fields":{"queueName":"all","service":"pipeline-worker"}}
{"timestamp":"2026-09-12T13:24:31.709Z","level":"error","event":"queue.dispatch_cycle_failed","fields":{"queueName":"all","service":"pipeline-worker"}}
{"timestamp":"2026-09-12T13:24:32.734Z","level":"error","event":"queue.dispatch_cycle_failed","fields":{"queueName":"all","service":"pipeline-worker"}}
{"timestamp":"2026-09-12T13:24:35.839Z","level":"error","event":"queue.dispatch_cycle_failed","fields":{"queueName":"all","service":"pipeline-worker"}}
{"timestamp":"2026-09-12T13:24:36.988Z","level":"error","event":"queue.lease_sweep_failed","fields":{"queueName":"all","service":"pipeline-worker"}}
{"timestamp":"2026-09-12T13:24:37.712Z","level":"error","event":"worker.consumer_failed","fields":{"queueName":"pipeline","service":"pipeline-worker"}}
{"timestamp":"2026-09-12T13:24:37.714Z","level":"error","event":"worker.consumer_failed","fields":{"queueName":"pipeline","service":"pipeline-worker"}}
{"timestamp":"2026-09-12T13:24:39.356Z","level":"error","event":"queue.dispatch_cycle_failed","fields":{"queueName":"all","service":"pipeline-worker"}}
{"timestamp":"2026-09-12T13:24:40.382Z","level":"error","event":"queue.dispatch_cycle_failed","fields":{"queueName":"all","service":"pipeline-worker"}}
{"timestamp":"2026-09-12T13:24:44.325Z","level":"error","event":"queue.dispatch_cycle_failed","fields":{"queueName":"all","service":"pipeline-worker"}}
{"timestamp":"2026-09-12T13:24:45.354Z","level":"error","event":"queue.dispatch_cycle_failed","fields":{"queueName":"all","service":"pipeline-worker"}}
{"timestamp":"2026-09-12T13:24:46.381Z","level":"error","event":"queue.dispatch_cycle_failed","fields":{"queueName":"all","service":"pipeline-worker"}}
{"timestamp":"2026-09-12T13:24:47.424Z","level":"error","event":"queue.dispatch_cycle_failed","fields":{"queueName":"all","service":"pipeline-worker"}}
{"timestamp":"2026-09-12T13:24:48.456Z","level":"error","event":"queue.dispatch_cycle_failed","fields":{"queueName":"all","service":"pipeline-worker"}}
{"timestamp":"2026-09-12T13:24:51.725Z","level":"error","event":"queue.dispatch_cycle_failed","fields":{"queueName":"all","service":"pipeline-worker"}}
{"timestamp":"2026-09-12T13:24:52.026Z","level":"error","event":"queue.lease_sweep_failed","fields":{"queueName":"all","service":"pipeline-worker"}}
{"timestamp":"2026-09-12T13:24:52.758Z","level":"error","event":"queue.dispatch_cycle_failed","fields":{"queueName":"all","service":"pipeline-worker"}}
{"timestamp":"2026-09-12T13:24:55.574Z","level":"error","event":"queue.dispatch_cycle_failed","fields":{"queueName":"all","service":"pipeline-worker"}}
{"timestamp":"2026-09-12T13:24:56.609Z","level":"error","event":"queue.dispatch_cycle_failed","fields":{"queueName":"all","service":"pipeline-worker"}}
{"timestamp":"2026-09-12T13:24:57.727Z","level":"error","event":"worker.consumer_failed","fields":{"queueName":"pipeline","service":"pipeline-worker"}}
{"timestamp":"2026-09-12T13:24:57.728Z","level":"error","event":"worker.consumer_failed","fields":{"queueName":"pipeline","service":"pipeline-worker"}}
{"timestamp":"2026-09-12T13:25:02.572Z","level":"error","event":"queue.dispatch_cycle_failed","fields":{"queueName":"all","service":"pipeline-worker"}}
{"timestamp":"2026-09-12T13:25:03.602Z","level":"error","event":"queue.dispatch_cycle_failed","fields":{"queueName":"all","service":"pipeline-worker"}}
{"timestamp":"2026-09-12T13:25:04.639Z","level":"error","event":"queue.dispatch_cycle_failed","fields":{"queueName":"all","service":"pipeline-worker"}}
{"timestamp":"2026-09-12T13:25:05.683Z","level":"error","event":"queue.dispatch_cycle_failed","fields":{"queueName":"all","service":"pipeline-worker"}}
{"timestamp":"2026-09-12T13:25:06.705Z","level":"error","event":"queue.dispatch_cycle_failed","fields":{"queueName":"all","service":"pipeline-worker"}}
{"timestamp":"2026-09-12T13:25:07.729Z","level":"error","event":"queue.dispatch_cycle_failed","fields":{"queueName":"all","service":"pipeline-worker"}}
{"timestamp":"2026-09-12T13:25:09.986Z","level":"error","event":"queue.dispatch_cycle_failed","fields":{"queueName":"all","service":"pipeline-worker"}}
{"timestamp":"2026-09-12T13:25:11.751Z","level":"error","event":"queue.lease_sweep_failed","fields":{"queueName":"all","service":"pipeline-worker"}}
{"timestamp":"2026-09-12T13:25:15.243Z","level":"error","event":"queue.dispatch_cycle_failed","fields":{"queueName":"all","service":"pipeline-worker"}}
{"timestamp":"2026-09-12T13:25:16.257Z","level":"error","event":"queue.dispatch_cycle_failed","fields":{"queueName":"all","service":"pipeline-worker"}}
{"timestamp":"2026-09-12T13:25:17.306Z","level":"error","event":"queue.dispatch_cycle_failed","fields":{"queueName":"all","service":"pipeline-worker"}}
{"timestamp":"2026-09-12T13:25:17.744Z","level":"error","event":"worker.consumer_failed","fields":{"queueName":"pipeline","service":"pipeline-worker"}}
{"timestamp":"2026-09-12T13:25:17.752Z","level":"error","event":"worker.consumer_failed","fields":{"queueName":"pipeline","service":"pipeline-worker"}}
{"timestamp":"2026-09-12T13:25:18.347Z","level":"error","event":"queue.dispatch_cycle_failed","fields":{"queueName":"all","service":"pipeline-worker"}}
{"timestamp":"2026-09-12T13:25:19.385Z","level":"error","event":"queue.dispatch_cycle_failed","fields":{"queueName":"all","service":"pipeline-worker"}}
{"timestamp":"2026-09-12T13:25:20.405Z","level":"error","event":"queue.dispatch_cycle_failed","fields":{"queueName":"all","service":"pipeline-worker"}}
{"timestamp":"2026-09-12T13:25:21.438Z","level":"error","event":"queue.dispatch_cycle_failed","fields":{"queueName":"all","service":"pipeline-worker"}}
{"timestamp":"2026-09-12T13:25:22.485Z","level":"error","event":"queue.dispatch_cycle_failed","fields":{"queueName":"all","service":"pipeline-worker"}}
{"timestamp":"2026-09-12T13:25:23.518Z","level":"error","event":"queue.dispatch_cycle_failed","fields":{"queueName":"all","service":"pipeline-worker"}}
{"timestamp":"2026-09-12T13:25:28.767Z","level":"error","event":"queue.dispatch_cycle_failed","fields":{"queueName":"all","service":"pipeline-worker"}}
{"timestamp":"2026-09-12T13:25:30.088Z","level":"error","event":"queue.lease_sweep_failed","fields":{"queueName":"all","service":"pipeline-worker"}}
{"timestamp":"2026-09-12T13:25:31.720Z","level":"error","event":"queue.dispatch_cycle_failed","fields":{"queueName":"all","service":"pipeline-worker"}}
{"timestamp":"2026-09-12T13:25:35.134Z","level":"error","event":"queue.dispatch_cycle_failed","fields":{"queueName":"all","service":"pipeline-worker"}}
{"timestamp":"2026-09-12T13:25:36.160Z","level":"error","event":"queue.dispatch_cycle_failed","fields":{"queueName":"all","service":"pipeline-worker"}}
{"timestamp":"2026-09-12T13:25:37.760Z","level":"error","event":"worker.consumer_failed","fields":{"queueName":"pipeline","service":"pipeline-worker"}}
{"timestamp":"2026-09-12T13:25:37.763Z","level":"error","event":"worker.consumer_failed","fields":{"queueName":"pipeline","service":"pipeline-worker"}}
{"timestamp":"2026-09-12T13:25:39.325Z","level":"error","event":"queue.dispatch_cycle_failed","fields":{"queueName":"all","service":"pipeline-worker"}}
{"timestamp":"2026-09-12T13:25:40.364Z","level":"error","event":"queue.dispatch_cycle_failed","fields":{"queueName":"all","service":"pipeline-worker"}}
{"timestamp":"2026-09-12T13:25:41.397Z","level":"error","event":"queue.dispatch_cycle_failed","fields":{"queueName":"all","service":"pipeline-worker"}}
{"timestamp":"2026-09-12T13:25:42.433Z","level":"error","event":"queue.dispatch_cycle_failed","fields":{"queueName":"all","service":"pipeline-worker"}}
{"timestamp":"2026-09-12T13:25:43.470Z","level":"error","event":"queue.dispatch_cycle_failed","fields":{"queueName":"all","service":"pipeline-worker"}}
{"timestamp":"2026-09-12T13:25:47.233Z","level":"error","event":"queue.lease_sweep_failed","fields":{"queueName":"all","service":"pipeline-worker"}}
{"timestamp":"2026-09-12T13:25:48.257Z","level":"error","event":"queue.dispatch_cycle_failed","fields":{"queueName":"all","service":"pipeline-worker"}}
{"timestamp":"2026-09-12T13:25:49.287Z","level":"error","event":"queue.dispatch_cycle_failed","fields":{"queueName":"all","service":"pipeline-worker"}}
{"timestamp":"2026-09-12T13:25:52.438Z","level":"error","event":"queue.dispatch_cycle_failed","fields":{"queueName":"all","service":"pipeline-worker"}}
{"timestamp":"2026-09-12T13:25:55.150Z","level":"error","event":"queue.dispatch_cycle_failed","fields":{"queueName":"all","service":"pipeline-worker"}}
{"timestamp":"2026-09-12T13:25:56.857Z","level":"error","event":"queue.dispatch_cycle_failed","fields":{"queueName":"all","service":"pipeline-worker"}}
{"timestamp":"2026-09-12T13:25:57.778Z","level":"error","event":"worker.consumer_failed","fields":{"queueName":"pipeline","service":"pipeline-worker"}}
{"timestamp":"2026-09-12T13:25:57.779Z","level":"error","event":"worker.consumer_failed","fields":{"queueName":"pipeline","service":"pipeline-worker"}}
{"timestamp":"2026-09-12T13:25:57.910Z","level":"error","event":"queue.dispatch_cycle_failed","fields":{"queueName":"all","service":"pipeline-worker"}}
{"timestamp":"2026-09-12T13:25:58.948Z","level":"error","event":"queue.dispatch_cycle_failed","fields":{"queueName":"all","service":"pipeline-worker"}}
{"timestamp":"2026-09-12T13:26:00.934Z","level":"error","event":"queue.dispatch_cycle_failed","fields":{"queueName":"all","service":"pipeline-worker"}}
{"timestamp":"2026-09-12T13:26:01.957Z","level":"error","event":"queue.dispatch_cycle_failed","fields":{"queueName":"all","service":"pipeline-worker"}}
{"timestamp":"2026-09-12T13:26:02.267Z","level":"error","event":"queue.lease_sweep_failed","fields":{"queueName":"all","service":"pipeline-worker"}}
{"timestamp":"2026-09-12T13:26:03.806Z","level":"error","event":"queue.dispatch_cycle_failed","fields":{"queueName":"all","service":"pipeline-worker"}}
{"timestamp":"2026-09-12T13:26:04.839Z","level":"error","event":"queue.dispatch_cycle_failed","fields":{"queueName":"all","service":"pipeline-worker"}}
{"timestamp":"2026-09-12T13:26:05.867Z","level":"error","event":"queue.dispatch_cycle_failed","fields":{"queueName":"all","service":"pipeline-worker"}}
{"timestamp":"2026-09-12T13:26:11.537Z","level":"error","event":"queue.dispatch_cycle_failed","fields":{"queueName":"all","service":"pipeline-worker"}}
{"timestamp":"2026-09-12T13:26:14.689Z","level":"error","event":"queue.dispatch_cycle_failed","fields":{"queueName":"all","service":"pipeline-worker"}}
{"timestamp":"2026-09-12T13:26:15.710Z","level":"error","event":"queue.dispatch_cycle_failed","fields":{"queueName":"all","service":"pipeline-worker"}}
{"timestamp":"2026-09-12T13:26:16.738Z","level":"error","event":"queue.dispatch_cycle_failed","fields":{"queueName":"all","service":"pipeline-worker"}}
{"timestamp":"2026-09-12T13:26:17.306Z","level":"error","event":"queue.lease_sweep_failed","fields":{"queueName":"all","service":"pipeline-worker"}}
{"timestamp":"2026-09-12T13:26:17.758Z","level":"error","event":"queue.dispatch_cycle_failed","fields":{"queueName":"all","service":"pipeline-worker"}}
{"timestamp":"2026-09-12T13:26:17.795Z","level":"error","event":"worker.consumer_failed","fields":{"queueName":"pipeline","service":"pipeline-worker"}}
{"timestamp":"2026-09-12T13:26:17.797Z","level":"error","event":"worker.consumer_failed","fields":{"queueName":"pipeline","service":"pipeline-worker"}}
{"timestamp":"2026-09-12T13:26:20.217Z","level":"error","event":"queue.dispatch_cycle_failed","fields":{"queueName":"all","service":"pipeline-worker"}}
{"timestamp":"2026-09-12T13:26:21.249Z","level":"error","event":"queue.dispatch_cycle_failed","fields":{"queueName":"all","service":"pipeline-worker"}}
{"timestamp":"2026-09-12T13:26:22.275Z","level":"error","event":"queue.dispatch_cycle_failed","fields":{"queueName":"all","service":"pipeline-worker"}}
{"timestamp":"2026-09-12T13:26:23.310Z","level":"error","event":"queue.dispatch_cycle_failed","fields":{"queueName":"all","service":"pipeline-worker"}}
{"timestamp":"2026-09-12T13:26:25.729Z","level":"error","event":"queue.dispatch_cycle_failed","fields":{"queueName":"all","service":"pipeline-worker"}}
{"timestamp":"2026-09-12T13:26:26.752Z","level":"error","event":"queue.dispatch_cycle_failed","fields":{"queueName":"all","service":"pipeline-worker"}}
{"timestamp":"2026-09-12T13:26:28.749Z","level":"error","event":"queue.dispatch_cycle_failed","fields":{"queueName":"all","service":"pipeline-worker"}}
{"timestamp":"2026-09-12T13:26:29.772Z","level":"error","event":"queue.dispatch_cycle_failed","fields":{"queueName":"all","service":"pipeline-worker"}}
{"timestamp":"2026-09-12T13:26:34.342Z","level":"error","event":"queue.dispatch_cycle_failed","fields":{"queueName":"all","service":"pipeline-worker"}}
{"timestamp":"2026-09-12T13:26:34.556Z","level":"error","event":"queue.lease_sweep_failed","fields":{"queueName":"all","service":"pipeline-worker"}}
{"timestamp":"2026-09-12T13:26:36.135Z","level":"error","event":"queue.dispatch_cycle_failed","fields":{"queueName":"all","service":"pipeline-worker"}}
{"timestamp":"2026-09-12T13:26:37.811Z","level":"error","event":"worker.consumer_failed","fields":{"queueName":"pipeline","service":"pipeline-worker"}}
{"timestamp":"2026-09-12T13:26:37.812Z","level":"error","event":"worker.consumer_failed","fields":{"queueName":"pipeline","service":"pipeline-worker"}}
{"timestamp":"2026-09-12T13:26:39.608Z","level":"error","event":"queue.dispatch_cycle_failed","fields":{"queueName":"all","service":"pipeline-worker"}}
{"timestamp":"2026-09-12T13:26:40.628Z","level":"error","event":"queue.dispatch_cycle_failed","fields":{"queueName":"all","service":"pipeline-worker"}}
{"timestamp":"2026-09-12T13:26:41.683Z","level":"error","event":"queue.dispatch_cycle_failed","fields":{"queueName":"all","service":"pipeline-worker"}}
{"timestamp":"2026-09-12T13:26:42.724Z","level":"error","event":"queue.dispatch_cycle_failed","fields":{"queueName":"all","service":"pipeline-worker"}}
{"timestamp":"2026-09-12T13:26:45.870Z","level":"error","event":"queue.dispatch_cycle_failed","fields":{"queueName":"all","service":"pipeline-worker"}}
{"timestamp":"2026-09-12T13:26:47.335Z","level":"error","event":"queue.dispatch_cycle_failed","fields":{"queueName":"all","service":"pipeline-worker"}}
{"timestamp":"2026-09-12T13:26:49.582Z","level":"error","event":"queue.dispatch_cycle_failed","fields":{"queueName":"all","service":"pipeline-worker"}}
C:\Users\eoaikhina\Documents\repos\product-app\apps\pipeline-worker:
 ERR_PNPM_RECURSIVE_RUN_FIRST_FAIL  @avlp/pipeline-worker@0.0.0 dev: `tsx watch --env-file=../../.env src/main.ts`
Exit status 4294967295
